Timestamp,Solar_MW,Wind_MW,Hydro_MW,Thermal_MW,Total_Generation_MW
2024-01-01 00:00:00,0.0,410.19,706.79,1283.78,2400.77
2024-01-01 01:00:00,0.0,420.97,765.3,1733.05,2919.32
2024-01-01 02:00:00,0.0,513.17,739.16,1559.58,2811.91
2024-01-01 03:00:00,0.0,579.05,770.66,1605.45,2955.17
2024-01-01 04:00:00,0.0,545.65,755.58,1200.86,2502.09
2024-01-01 05:00:00,0.0,660.87,735.99,1585.74,2982.59
2024-01-01 06:00:00,0.0,612.67,733.34,1535.63,2881.64
2024-01-01 07:00:00,240.45,392.35,797.48,1405.26,2835.55
2024-01-01 08:00:00,487.07,762.5,655.82,1936.96,3842.35
2024-01-01 09:00:00,668.81,478.93,841.97,1446.35,3436.06
2024-01-01 10:00:00,688.27,708.36,745.66,1752.81,3895.1
2024-01-01 11:00:00,829.35,455.3,742.1,1496.33,3523.08
2024-01-01 12:00:00,822.86,695.33,838.54,1608.55,3965.28
2024-01-01 13:00:00,907.77,419.49,759.15,1857.4,3943.81
2024-01-01 14:00:00,703.79,640.38,765.41,2206.6,4316.19
2024-01-01 15:00:00,616.57,460.27,922.46,1181.51,3180.81
2024-01-01 16:00:00,380.02,679.6,784.19,1596.24,3440.04
2024-01-01 17:00:00,179.51,353.3,740.34,1744.95,3018.1
2024-01-01 18:00:00,0.0,532.51,678.3,1939.06,3149.86
2024-01-01 19:00:00,0.0,625.13,786.88,1692.7,3104.71
2024-01-01 20:00:00,0.0,357.28,653.1,1839.91,2850.29
2024-01-01 21:00:00,0.0,505.99,828.02,1656.8,2990.81
2024-01-01 22:00:00,0.0,463.42,818.2,1885.81,3167.43
2024-01-01 23:00:00,0.0,269.31,710.35,1858.63,2838.29
2024-01-02 00:00:00,0.0,571.18,802.4,1291.41,2665.0
2024-01-02 01:00:00,0.0,477.2,727.28,1605.9,2810.38
2024-01-02 02:00:00,0.0,553.6,735.1,1866.17,3154.87
2024-01-02 03:00:00,0.0,633.71,671.13,1767.43,3072.26
2024-01-02 04:00:00,0.0,619.19,730.47,1810.16,3159.82
2024-01-02 05:00:00,0.0,530.81,727.28,1598.9,2856.99
2024-01-02 06:00:00,0.0,441.7,604.3,2015.39,3061.39
2024-01-02 07:00:00,258.59,544.87,718.46,1532.87,3054.79
2024-01-02 08:00:00,463.39,373.4,670.63,1436.47,2943.9
2024-01-02 09:00:00,562.86,506.85,827.77,1466.72,3364.2
2024-01-02 10:00:00,709.29,370.35,784.83,1842.7,3707.17
2024-01-02 11:00:00,1102.88,392.19,737.26,1070.89,3303.22
2024-01-02 12:00:00,751.34,427.79,745.61,1437.04,3361.79
2024-01-02 13:00:00,555.55,565.54,767.93,1468.27,3357.29
2024-01-02 14:00:00,700.89,508.44,724.69,1760.94,3694.97
2024-01-02 15:00:00,478.13,433.91,691.61,1099.31,2702.96
2024-01-02 16:00:00,369.01,407.39,776.23,1235.57,2788.2
2024-01-02 17:00:00,263.93,729.88,711.51,1929.29,3634.61
2024-01-02 18:00:00,0.0,521.21,751.75,1418.34,2691.3
2024-01-02 19:00:00,0.0,299.57,862.21,1856.78,3018.56
2024-01-02 20:00:00,0.0,537.64,711.21,1318.45,2567.29
2024-01-02 21:00:00,0.0,203.44,655.25,1184.23,2042.92
2024-01-02 22:00:00,0.0,440.63,799.26,2057.6,3297.49
2024-01-02 23:00:00,0.0,583.72,938.28,1585.46,3107.45
2024-01-03 00:00:00,0.0,550.94,725.28,2241.58,3517.8
2024-01-03 01:00:00,0.0,703.25,764.87,1601.57,3069.69
2024-01-03 02:00:00,0.0,443.47,703.49,1308.13,2455.09
2024-01-03 03:00:00,0.0,536.07,769.33,1557.73,2863.13
2024-01-03 04:00:00,0.0,406.85,668.02,1622.68,2697.56
2024-01-03 05:00:00,0.0,603.74,834.18,1773.04,3210.97
2024-01-03 06:00:00,0.0,473.15,732.83,1630.19,2836.17
2024-01-03 07:00:00,213.2,708.52,766.53,1354.83,3043.09
2024-01-03 08:00:00,405.7,518.31,720.0,1626.96,3270.96
2024-01-03 09:00:00,724.81,548.88,721.89,1608.54,3604.12
2024-01-03 10:00:00,645.55,550.24,688.99,1910.02,3794.8
2024-01-03 11:00:00,1018.02,524.45,808.89,1617.59,3968.95
2024-01-03 12:00:00,613.11,475.15,744.78,1384.96,3217.99
2024-01-03 13:00:00,800.82,572.51,851.29,1558.15,3782.77
2024-01-03 14:00:00,888.46,383.62,722.65,1572.15,3566.88
2024-01-03 15:00:00,668.05,518.63,801.51,1340.09,3328.28
2024-01-03 16:00:00,387.71,357.39,646.15,1736.95,3128.21
2024-01-03 17:00:00,242.56,475.5,741.26,985.16,2444.48
2024-01-03 18:00:00,0.0,289.06,672.37,1393.08,2354.51
2024-01-03 19:00:00,0.0,442.3,770.36,2157.49,3370.15
2024-01-03 20:00:00,0.0,389.77,723.95,1324.17,2437.9
2024-01-03 21:00:00,0.0,706.14,751.37,1623.6,3081.11
2024-01-03 22:00:00,0.0,316.11,801.46,1832.6,2950.16
2024-01-03 23:00:00,0.0,421.25,781.6,1528.91,2731.76
2024-01-04 00:00:00,0.0,653.96,711.95,1264.32,2630.23
2024-01-04 01:00:00,0.0,455.92,723.15,1471.7,2650.77
2024-01-04 02:00:00,0.0,422.57,804.34,1673.11,2900.02
2024-01-04 03:00:00,0.0,499.55,696.8,1972.16,3168.51
2024-01-04 04:00:00,0.0,557.82,789.14,2147.0,3493.96
2024-01-04 05:00:00,0.0,566.32,693.51,1586.42,2846.24
2024-01-04 06:00:00,0.0,374.64,769.88,1691.48,2835.99
2024-01-04 07:00:00,243.07,628.73,589.97,1131.21,2592.97
2024-01-04 08:00:00,316.75,526.39,731.62,1744.54,3319.31
2024-01-04 09:00:00,594.9,417.38,838.29,1657.21,3507.78
2024-01-04 10:00:00,691.89,459.37,732.56,1359.69,3243.51
2024-01-04 11:00:00,823.62,611.03,678.32,1610.1,3723.07
2024-01-04 12:00:00,943.74,636.12,808.34,1343.45,3731.64
2024-01-04 13:00:00,1054.47,398.9,790.48,1427.51,3671.35
2024-01-04 14:00:00,714.85,459.85,726.26,1919.46,3820.42
2024-01-04 15:00:00,660.45,561.0,735.24,1614.31,3571.01
2024-01-04 16:00:00,421.92,538.69,751.59,1201.0,2913.2
2024-01-04 17:00:00,241.57,579.65,750.98,1998.07,3570.26
2024-01-04 18:00:00,0.0,496.92,778.09,1571.28,2846.28
2024-01-04 19:00:00,0.0,563.06,728.67,1994.11,3285.85
2024-01-04 20:00:00,0.0,629.48,706.18,1431.93,2767.59
2024-01-04 21:00:00,0.0,668.01,717.68,1129.71,2515.4
2024-01-04 22:00:00,0.0,609.2,583.55,1610.57,2803.31
2024-01-04 23:00:00,0.0,514.17,763.09,1640.5,2917.76
2024-01-05 00:00:00,0.0,334.77,789.1,1873.75,2997.62
2024-01-05 01:00:00,0.0,510.09,809.11,1328.55,2647.76
2024-01-05 02:00:00,0.0,538.78,777.05,1493.2,2809.02
2024-01-05 03:00:00,0.0,502.59,730.1,1473.24,2705.92
2024-01-05 04:00:00,0.0,572.88,721.0,1082.99,2376.87
2024-01-05 05:00:00,0.0,643.65,801.03,959.35,2404.03
2024-01-05 06:00:00,0.0,467.41,798.64,1551.35,2817.4
2024-01-05 07:00:00,281.11,449.2,772.62,1422.9,2925.84
2024-01-05 08:00:00,441.48,462.9,773.88,1593.85,3272.12
2024-01-05 09:00:00,515.12,430.99,814.27,1288.25,3048.64
2024-01-05 10:00:00,686.02,419.92,756.2,1460.63,3322.77
2024-01-05 11:00:00,835.28,770.32,688.7,1894.9,4189.2
2024-01-05 12:00:00,728.59,441.57,757.91,1806.84,3734.91
2024-01-05 13:00:00,941.09,503.51,725.21,1933.01,4102.81
2024-01-05 14:00:00,767.9,588.05,717.86,1982.23,4056.03
2024-01-05 15:00:00,744.4,569.04,811.42,1469.81,3594.67
2024-01-05 16:00:00,317.09,462.1,639.68,2093.63,3512.5
2024-01-05 17:00:00,199.1,400.61,750.31,1768.44,3118.45
2024-01-05 18:00:00,0.0,420.76,677.77,1520.59,2619.12
2024-01-05 19:00:00,0.0,479.98,736.47,1172.1,2388.55
2024-01-05 20:00:00,0.0,560.57,621.05,1436.4,2618.03
2024-01-05 21:00:00,0.0,508.3,750.53,1711.03,2969.86
2024-01-05 22:00:00,0.0,458.57,754.94,2118.84,3332.35
2024-01-05 23:00:00,0.0,511.02,704.27,1531.47,2746.76
2024-01-06 00:00:00,0.0,609.94,734.34,1810.85,3155.14
2024-01-06 01:00:00,0.0,364.88,773.65,1714.33,2852.86
2024-01-06 02:00:00,0.0,553.66,830.86,1556.5,2941.03
2024-01-06 03:00:00,0.0,362.01,794.83,1600.56,2757.41
2024-01-06 04:00:00,0.0,431.71,791.9,1315.77,2539.39
2024-01-06 05:00:00,0.0,634.42,634.4,1665.81,2934.62
2024-01-06 06:00:00,0.0,467.41,782.14,1560.06,2809.61
2024-01-06 07:00:00,254.09,623.09,784.39,1468.37,3129.94
2024-01-06 08:00:00,369.64,485.68,793.78,1549.74,3198.83
2024-01-06 09:00:00,536.84,528.04,793.21,1566.08,3424.17
2024-01-06 10:00:00,660.81,322.84,690.43,2014.78,3688.86
2024-01-06 11:00:00,834.65,298.07,869.69,1725.56,3727.97
2024-01-06 12:00:00,816.51,441.02,752.41,1754.15,3764.09
2024-01-06 13:00:00,751.76,572.23,751.33,1797.88,3873.2
2024-01-06 14:00:00,739.37,537.06,838.36,1680.53,3795.31
2024-01-06 15:00:00,687.05,433.67,737.61,2073.1,3931.42
2024-01-06 16:00:00,481.28,426.86,675.47,1511.07,3094.68
2024-01-06 17:00:00,225.11,668.39,822.0,1464.15,3179.65
2024-01-06 18:00:00,0.0,526.7,752.24,1503.85,2782.79
2024-01-06 19:00:00,0.0,360.96,853.71,1867.33,3082.0
2024-01-06 20:00:00,0.0,553.17,773.18,2038.67,3365.03
2024-01-06 21:00:00,0.0,562.77,748.78,1638.52,2950.07
2024-01-06 22:00:00,0.0,622.51,783.75,1667.33,3073.59
2024-01-06 23:00:00,0.0,528.84,673.52,1534.44,2736.81
2024-01-07 00:00:00,0.0,409.18,711.88,1195.36,2316.42
2024-01-07 01:00:00,0.0,662.28,729.41,1414.73,2806.43
2024-01-07 02:00:00,0.0,747.04,816.21,1495.52,3058.77
2024-01-07 03:00:00,0.0,424.41,736.88,1727.87,2889.16
2024-01-07 04:00:00,0.0,778.54,783.67,1393.73,2955.94
2024-01-07 05:00:00,0.0,467.63,672.41,1991.07,3131.11
2024-01-07 06:00:00,0.0,501.02,753.69,1885.4,3140.11
2024-01-07 07:00:00,272.42,355.89,709.32,1410.91,2748.54
2024-01-07 08:00:00,446.53,638.89,804.82,1381.52,3271.76
2024-01-07 09:00:00,517.35,577.89,814.72,1453.24,3363.2
2024-01-07 10:00:00,686.59,448.3,762.61,1468.72,3366.22
2024-01-07 11:00:00,767.52,433.07,738.37,1240.95,3179.92
2024-01-07 12:00:00,717.25,326.15,730.23,1481.24,3254.87
2024-01-07 13:00:00,772.35,466.02,741.27,1279.24,3258.88
2024-01-07 14:00:00,515.87,564.25,737.09,1706.36,3523.57
2024-01-07 15:00:00,369.25,544.59,784.39,1611.31,3309.54
2024-01-07 16:00:00,373.07,477.15,806.18,1715.8,3372.2
2024-01-07 17:00:00,251.7,660.85,648.13,1432.94,2993.62
2024-01-07 18:00:00,0.0,232.39,657.12,1576.41,2465.92
2024-01-07 19:00:00,0.0,397.46,839.92,1348.63,2586.01
2024-01-07 20:00:00,0.0,569.5,791.16,1696.93,3057.59
2024-01-07 21:00:00,0.0,528.28,809.47,2006.24,3344.0
2024-01-07 22:00:00,0.0,421.04,737.15,1649.41,2807.6
2024-01-07 23:00:00,0.0,734.61,786.35,1554.2,3075.15
2024-01-08 00:00:00,0.0,630.88,701.68,1520.88,2853.44
2024-01-08 01:00:00,0.0,415.53,769.1,1438.29,2622.92
2024-01-08 02:00:00,0.0,579.37,744.64,1717.63,3041.64
2024-01-08 03:00:00,0.0,674.79,750.69,2057.88,3483.37
2024-01-08 04:00:00,0.0,310.27,724.53,1379.34,2414.13
2024-01-08 05:00:00,0.0,639.15,754.69,1505.7,2899.55
2024-01-08 06:00:00,0.0,550.99,869.46,1667.87,3088.32
2024-01-08 07:00:00,143.55,477.88,696.57,1425.66,2743.66
2024-01-08 08:00:00,276.02,469.06,812.57,2340.39,3898.04
2024-01-08 09:00:00,671.79,562.3,770.59,1576.95,3581.62
2024-01-08 10:00:00,646.02,486.33,836.3,1935.53,3904.19
2024-01-08 11:00:00,764.61,707.91,744.7,1520.54,3737.76
2024-01-08 12:00:00,921.6,600.63,721.14,1528.86,3772.24
2024-01-08 13:00:00,714.18,545.52,811.21,1841.1,3912.0
2024-01-08 14:00:00,751.32,553.37,701.44,1398.02,3404.15
2024-01-08 15:00:00,580.57,513.3,741.86,1086.41,2922.15
2024-01-08 16:00:00,392.12,464.56,721.09,1689.99,3267.76
2024-01-08 17:00:00,251.1,478.99,728.11,1084.43,2542.62
2024-01-08 18:00:00,0.0,669.01,711.52,1821.86,3202.38
2024-01-08 19:00:00,0.0,368.62,645.35,1493.63,2507.6
2024-01-08 20:00:00,0.0,575.0,788.74,2115.18,3478.92
2024-01-08 21:00:00,0.0,557.98,613.59,1307.61,2479.18
2024-01-08 22:00:00,0.0,591.65,755.79,1735.03,3082.48
2024-01-08 23:00:00,0.0,338.5,703.51,1644.12,2686.13
2024-01-09 00:00:00,0.0,408.99,749.39,1479.31,2637.69
2024-01-09 01:00:00,0.0,613.79,691.69,1904.55,3210.02
2024-01-09 02:00:00,0.0,685.16,768.11,1576.22,3029.49
2024-01-09 03:00:00,0.0,627.66,792.93,2132.49,3553.07
2024-01-09 04:00:00,0.0,620.33,796.5,1621.66,3038.49
2024-01-09 05:00:00,0.0,549.73,662.68,1615.31,2827.72
2024-01-09 06:00:00,0.0,493.06,807.56,2051.0,3351.61
2024-01-09 07:00:00,238.53,384.54,738.17,1648.02,3009.26
2024-01-09 08:00:00,493.3,373.5,730.78,1520.72,3118.31
2024-01-09 09:00:00,659.25,449.3,724.42,1869.17,3702.14
2024-01-09 10:00:00,773.12,454.0,791.76,1533.26,3552.14
2024-01-09 11:00:00,657.63,576.0,730.35,1587.02,3551.0
2024-01-09 12:00:00,919.3,588.74,796.79,1467.54,3772.37
2024-01-09 13:00:00,1002.95,358.64,857.19,1560.2,3778.98
2024-01-09 14:00:00,638.46,503.44,691.01,1544.01,3376.92
2024-01-09 15:00:00,404.02,490.33,693.41,1672.67,3260.43
2024-01-09 16:00:00,514.8,710.54,817.51,1620.2,3663.05
2024-01-09 17:00:00,175.24,470.77,816.44,2342.57,3805.03
2024-01-09 18:00:00,0.0,668.25,714.26,1634.71,3017.21
2024-01-09 19:00:00,0.0,545.25,844.78,1897.45,3287.48
2024-01-09 20:00:00,0.0,340.98,802.9,1766.51,2910.39
2024-01-09 21:00:00,0.0,488.6,798.87,1611.67,2899.15
2024-01-09 22:00:00,0.0,469.33,742.99,1908.61,3120.92
2024-01-09 23:00:00,0.0,264.14,808.47,1483.39,2556.0
2024-01-10 00:00:00,0.0,589.03,653.46,1854.89,3097.38
2024-01-10 01:00:00,0.0,653.85,781.86,1724.08,3159.78
2024-01-10 02:00:00,0.0,374.67,792.71,1773.95,2941.34
2024-01-10 03:00:00,0.0,590.84,816.81,1843.7,3251.36
2024-01-10 04:00:00,0.0,563.8,752.01,1358.14,2673.96
2024-01-10 05:00:00,0.0,552.94,728.31,1509.4,2790.65
2024-01-10 06:00:00,0.0,666.13,711.36,1659.65,3037.14
2024-01-10 07:00:00,205.25,596.7,736.53,1528.78,3067.25
2024-01-10 08:00:00,448.04,541.53,733.01,1515.3,3237.89
2024-01-10 09:00:00,609.0,586.95,770.37,1335.56,3301.89
2024-01-10 10:00:00,648.04,566.29,786.44,1440.89,3441.66
2024-01-10 11:00:00,864.32,262.84,617.58,1518.36,3263.09
2024-01-10 12:00:00,811.26,469.06,707.59,1432.55,3420.45
2024-01-10 13:00:00,781.59,328.74,714.86,1441.17,3266.36
2024-01-10 14:00:00,740.52,574.65,767.28,1589.1,3671.54
2024-01-10 15:00:00,676.14,529.24,768.81,1617.87,3592.06
2024-01-10 16:00:00,434.96,401.92,791.62,1551.87,3180.37
2024-01-10 17:00:00,226.05,452.21,802.46,1236.59,2717.31
2024-01-10 18:00:00,0.0,458.91,763.88,1425.61,2648.4
2024-01-10 19:00:00,0.0,511.06,805.04,1153.75,2469.85
2024-01-10 20:00:00,0.0,397.08,671.32,905.75,1974.15
2024-01-10 21:00:00,0.0,576.72,730.98,1630.9,2938.59
2024-01-10 22:00:00,0.0,667.48,705.47,1541.34,2914.28
2024-01-10 23:00:00,0.0,493.57,912.84,1753.43,3159.83
2024-01-11 00:00:00,0.0,440.54,735.07,1495.56,2671.17
2024-01-11 01:00:00,0.0,595.35,723.91,1546.74,2866.0
2024-01-11 02:00:00,0.0,322.33,735.76,1675.45,2733.54
2024-01-11 03:00:00,0.0,231.9,769.8,1802.87,2804.57
2024-01-11 04:00:00,0.0,525.3,776.4,1633.25,2934.95
2024-01-11 05:00:00,0.0,554.98,813.62,1484.74,2853.34
2024-01-11 06:00:00,0.0,412.26,690.2,1557.62,2660.08
2024-01-11 07:00:00,182.84,492.85,764.93,2148.1,3588.73
2024-01-11 08:00:00,470.24,451.21,752.91,1725.86,3400.22
2024-01-11 09:00:00,540.88,262.62,800.01,1630.35,3233.86
2024-01-11 10:00:00,656.71,409.38,781.73,1948.48,3796.3
2024-01-11 11:00:00,996.5,442.33,765.52,1378.52,3582.86
2024-01-11 12:00:00,708.38,454.56,786.35,1568.95,3518.25
2024-01-11 13:00:00,586.45,540.93,823.17,1943.8,3894.35
2024-01-11 14:00:00,888.52,524.76,757.83,1849.02,4020.12
2024-01-11 15:00:00,572.39,547.08,749.01,1708.71,3577.19
2024-01-11 16:00:00,432.91,533.41,798.67,1659.31,3424.3
2024-01-11 17:00:00,201.14,324.67,757.07,1806.29,3089.18
2024-01-11 18:00:00,0.0,422.85,737.18,1703.0,2863.03
2024-01-11 19:00:00,0.0,639.07,790.17,1246.11,2675.35
2024-01-11 20:00:00,0.0,799.75,661.65,1604.24,3065.65
2024-01-11 21:00:00,0.0,395.0,732.8,1548.34,2676.15
2024-01-11 22:00:00,0.0,471.9,770.37,1973.73,3215.99
2024-01-11 23:00:00,0.0,424.89,881.79,1385.15,2691.83
2024-01-12 00:00:00,0.0,669.09,707.54,1626.17,3002.81
2024-01-12 01:00:00,0.0,540.06,682.3,1628.16,2850.52
2024-01-12 02:00:00,0.0,577.88,638.97,1355.43,2572.28
2024-01-12 03:00:00,0.0,567.98,777.22,1666.14,3011.34
2024-01-12 04:00:00,0.0,625.5,678.72,1428.68,2732.91
2024-01-12 05:00:00,0.0,319.68,716.26,1198.29,2234.22
2024-01-12 06:00:00,0.0,338.98,709.68,1517.01,2565.68
2024-01-12 07:00:00,207.86,484.31,768.99,1563.67,3024.83
2024-01-12 08:00:00,448.68,635.33,733.31,1684.52,3501.84
2024-01-12 09:00:00,572.6,535.09,792.74,1601.45,3501.87
2024-01-12 10:00:00,848.13,662.96,778.95,1769.16,4059.2
2024-01-12 11:00:00,698.31,599.6,668.31,1721.35,3687.57
2024-01-12 12:00:00,1024.53,537.92,748.61,1496.2,3807.25
2024-01-12 13:00:00,733.2,624.62,643.81,1182.58,3184.21
2024-01-12 14:00:00,801.14,446.33,829.99,2147.12,4224.57
2024-01-12 15:00:00,730.03,537.05,823.24,1636.77,3727.09
2024-01-12 16:00:00,407.58,359.77,694.33,1497.43,2959.1
2024-01-12 17:00:00,211.85,416.9,671.12,1965.06,3264.93
2024-01-12 18:00:00,0.0,383.86,696.35,1948.97,3029.19
2024-01-12 19:00:00,0.0,460.93,738.68,1255.79,2455.4
2024-01-12 20:00:00,0.0,507.88,727.53,1505.8,2741.2
2024-01-12 21:00:00,0.0,496.45,831.14,1790.33,3117.92
2024-01-12 22:00:00,0.0,587.78,687.38,1654.29,2929.45
2024-01-12 23:00:00,0.0,488.06,696.34,1636.05,2820.45
2024-01-13 00:00:00,0.0,486.5,784.49,1409.77,2680.76
2024-01-13 01:00:00,0.0,465.32,678.46,1280.51,2424.28
2024-01-13 02:00:00,0.0,697.19,836.14,1574.78,3108.11
2024-01-13 03:00:00,0.0,573.46,791.96,1558.01,2923.43
2024-01-13 04:00:00,0.0,419.02,686.37,1346.73,2452.12
2024-01-13 05:00:00,0.0,418.96,741.75,1411.15,2571.86
2024-01-13 06:00:00,0.0,634.25,841.74,2129.01,3605.0
2024-01-13 07:00:00,251.97,299.33,696.93,2090.8,3339.03
2024-01-13 08:00:00,499.41,395.96,771.79,1264.04,2931.19
2024-01-13 09:00:00,638.11,554.84,661.64,1722.11,3576.7
2024-01-13 10:00:00,693.12,479.73,754.55,1690.98,3618.38
2024-01-13 11:00:00,717.58,407.92,716.2,1363.67,3205.37
2024-01-13 12:00:00,789.11,452.22,711.9,1584.58,3537.81
2024-01-13 13:00:00,885.46,588.35,841.6,1519.43,3834.83
2024-01-13 14:00:00,699.03,666.72,796.77,1543.89,3706.41
2024-01-13 15:00:00,661.47,719.58,809.34,1398.63,3589.02
2024-01-13 16:00:00,472.8,438.8,883.36,1943.12,3738.08
2024-01-13 17:00:00,237.44,579.77,806.3,1639.21,3262.72
2024-01-13 18:00:00,0.0,793.39,700.31,1249.6,2743.3
2024-01-13 19:00:00,0.0,508.89,796.12,1897.49,3202.49
2024-01-13 20:00:00,0.0,445.3,667.4,1406.68,2519.37
2024-01-13 21:00:00,0.0,442.06,708.56,1388.36,2538.99
2024-01-13 22:00:00,0.0,465.07,696.26,1578.05,2739.38
2024-01-13 23:00:00,0.0,475.75,795.9,1449.82,2721.46
2024-01-14 00:00:00,0.0,391.96,775.55,1635.02,2802.53
2024-01-14 01:00:00,0.0,763.99,891.12,1996.94,3652.05
2024-01-14 02:00:00,0.0,607.44,738.68,1120.36,2466.48
2024-01-14 03:00:00,0.0,487.97,668.24,1591.2,2747.41
2024-01-14 04:00:00,0.0,599.43,806.7,1491.48,2897.61
2024-01-14 05:00:00,0.0,482.92,855.88,1856.44,3195.24
2024-01-14 06:00:00,0.0,335.36,742.71,1579.62,2657.69
2024-01-14 07:00:00,206.96,484.8,831.54,1466.09,2989.38
2024-01-14 08:00:00,340.93,405.55,725.95,1485.17,2957.61
2024-01-14 09:00:00,622.87,664.45,861.19,1410.55,3559.06
2024-01-14 10:00:00,849.5,313.81,844.95,1484.6,3492.86
2024-01-14 11:00:00,872.38,614.59,744.19,1388.6,3619.77
2024-01-14 12:00:00,889.55,595.6,650.57,1646.2,3781.92
2024-01-14 13:00:00,931.7,675.85,760.75,1915.85,4284.15
2024-01-14 14:00:00,800.2,518.37,682.45,1593.34,3594.36
2024-01-14 15:00:00,615.07,571.59,747.39,1421.63,3355.67
2024-01-14 16:00:00,447.74,609.86,765.51,1785.76,3608.87
2024-01-14 17:00:00,194.18,400.23,693.45,1281.47,2569.33
2024-01-14 18:00:00,0.0,563.08,702.91,1495.92,2761.91
2024-01-14 19:00:00,0.0,501.21,727.11,1567.67,2796.0
2024-01-14 20:00:00,0.0,547.6,765.92,2279.31,3592.83
2024-01-14 21:00:00,0.0,462.36,655.52,1233.98,2351.87
2024-01-14 22:00:00,0.0,778.66,761.6,1816.1,3356.36
2024-01-14 23:00:00,0.0,346.56,843.98,1352.66,2543.2
2024-01-15 00:00:00,0.0,499.91,751.77,1486.57,2738.25
2024-01-15 01:00:00,0.0,678.61,722.92,1064.2,2465.73
2024-01-15 02:00:00,0.0,571.73,849.38,1729.12,3150.23
2024-01-15 03:00:00,0.0,420.64,759.51,1940.4,3120.55
2024-01-15 04:00:00,0.0,431.55,814.63,1329.54,2575.72
2024-01-15 05:00:00,0.0,399.93,756.6,1630.38,2786.91
2024-01-15 06:00:00,0.0,293.59,672.71,1336.21,2302.51
2024-01-15 07:00:00,261.18,498.07,752.58,1433.5,2945.32
2024-01-15 08:00:00,556.33,391.41,713.82,1721.45,3383.01
2024-01-15 09:00:00,500.98,547.43,701.4,1815.37,3565.18
2024-01-15 10:00:00,698.58,535.98,772.92,1710.5,3717.98
2024-01-15 11:00:00,989.05,605.28,916.24,1436.03,3946.6
2024-01-15 12:00:00,740.02,339.46,762.63,2126.47,3968.58
2024-01-15 13:00:00,934.25,518.69,830.47,1344.29,3627.7
2024-01-15 14:00:00,829.97,611.21,719.98,2134.44,4295.6
2024-01-15 15:00:00,540.89,348.47,752.06,1879.19,3520.61
2024-01-15 16:00:00,493.4,617.3,798.29,1687.6,3596.59
2024-01-15 17:00:00,225.89,339.39,805.34,1561.08,2931.69
2024-01-15 18:00:00,0.0,276.1,805.06,1231.04,2312.2
2024-01-15 19:00:00,0.0,295.42,643.3,1907.33,2846.04
2024-01-15 20:00:00,0.0,639.32,778.13,1437.68,2855.13
2024-01-15 21:00:00,0.0,574.04,744.17,1865.92,3184.13
2024-01-15 22:00:00,0.0,348.17,821.68,1759.22,2929.07
2024-01-15 23:00:00,0.0,572.9,691.3,1893.57,3157.78
2024-01-16 00:00:00,0.0,611.47,871.18,1545.04,3027.68
2024-01-16 01:00:00,0.0,632.95,744.64,1113.66,2491.24
2024-01-16 02:00:00,0.0,528.61,691.8,1299.09,2519.51
2024-01-16 03:00:00,0.0,487.26,769.81,1632.61,2889.67
2024-01-16 04:00:00,0.0,672.02,732.79,1633.31,3038.12
2024-01-16 05:00:00,0.0,549.71,751.48,1544.94,2846.13
2024-01-16 06:00:00,0.0,440.36,769.11,1615.98,2825.46
2024-01-16 07:00:00,228.35,632.77,741.9,1462.98,3066.0
2024-01-16 08:00:00,416.79,639.55,751.93,1080.71,2888.97
2024-01-16 09:00:00,450.62,515.54,690.91,1585.39,3242.45
2024-01-16 10:00:00,723.69,657.76,760.83,1563.8,3706.06
2024-01-16 11:00:00,761.65,535.65,713.34,1657.93,3668.56
2024-01-16 12:00:00,1008.56,469.1,740.88,1375.03,3593.57
2024-01-16 13:00:00,888.91,505.19,752.67,1637.06,3783.83
2024-01-16 14:00:00,920.46,606.49,769.0,1703.7,3999.65
2024-01-16 15:00:00,626.81,473.24,679.08,1713.27,3492.39
2024-01-16 16:00:00,485.9,532.38,834.78,1468.42,3321.48
2024-01-16 17:00:00,145.58,419.91,803.88,1831.54,3200.92
2024-01-16 18:00:00,0.0,561.29,747.17,1499.16,2807.62
2024-01-16 19:00:00,0.0,761.65,677.4,1672.59,3111.65
2024-01-16 20:00:00,0.0,540.04,704.22,1493.54,2737.8
2024-01-16 21:00:00,0.0,648.26,724.75,1568.26,2941.27
2024-01-16 22:00:00,0.0,303.99,750.74,1784.21,2838.93
2024-01-16 23:00:00,0.0,761.96,711.4,1929.68,3403.04
2024-01-17 00:00:00,0.0,639.6,766.94,1721.94,3128.48
2024-01-17 01:00:00,0.0,366.72,774.4,1317.11,2458.23
2024-01-17 02:00:00,0.0,232.47,742.04,1957.41,2931.93
2024-01-17 03:00:00,0.0,740.08,748.56,1976.64,3465.28
2024-01-17 04:00:00,0.0,333.47,701.8,1504.02,2539.29
2024-01-17 05:00:00,0.0,311.8,758.65,1928.21,2998.67
2024-01-17 06:00:00,0.0,553.55,780.79,1433.44,2767.78
2024-01-17 07:00:00,276.05,473.99,731.56,1723.29,3204.9
2024-01-17 08:00:00,467.96,441.28,725.34,1682.79,3317.37
2024-01-17 09:00:00,561.44,324.7,708.34,1912.14,3506.63
2024-01-17 10:00:00,916.71,826.84,734.69,1238.78,3717.01
2024-01-17 11:00:00,928.97,322.67,805.25,1702.29,3759.18
2024-01-17 12:00:00,898.92,448.5,767.24,1223.12,3337.78
2024-01-17 13:00:00,863.57,377.72,778.4,1668.29,3687.98
2024-01-17 14:00:00,728.83,342.35,813.33,1715.5,3600.01
2024-01-17 15:00:00,431.28,303.12,726.89,1186.17,2647.45
2024-01-17 16:00:00,508.26,268.21,725.8,1182.8,2685.06
2024-01-17 17:00:00,169.79,616.26,779.04,1362.61,2927.7
2024-01-17 18:00:00,0.0,377.67,659.85,1589.86,2627.38
2024-01-17 19:00:00,0.0,473.84,804.1,1592.55,2870.5
2024-01-17 20:00:00,0.0,580.87,587.86,2038.05,3206.78
2024-01-17 21:00:00,0.0,481.48,813.57,1545.15,2840.2
2024-01-17 22:00:00,0.0,386.26,734.88,1316.45,2437.59
2024-01-17 23:00:00,0.0,471.54,723.08,1894.67,3089.28
2024-01-18 00:00:00,0.0,380.38,776.42,1600.25,2757.04
2024-01-18 01:00:00,0.0,335.65,811.03,1203.58,2350.26
2024-01-18 02:00:00,0.0,536.68,653.34,1725.19,2915.21
2024-01-18 03:00:00,0.0,399.23,791.56,1534.3,2725.09
2024-01-18 04:00:00,0.0,415.24,760.84,1215.21,2391.3
2024-01-18 05:00:00,0.0,549.99,741.19,1711.18,3002.36
2024-01-18 06:00:00,0.0,610.13,779.79,1932.06,3321.99
2024-01-18 07:00:00,268.8,690.35,725.51,1991.34,3676.01
2024-01-18 08:00:00,412.92,540.11,671.7,1027.91,2652.64
2024-01-18 09:00:00,617.25,483.87,767.57,1672.35,3541.04
2024-01-18 10:00:00,770.6,641.01,797.94,1266.47,3476.02
2024-01-18 11:00:00,925.63,308.74,834.46,1762.79,3831.61
2024-01-18 12:00:00,899.88,515.19,665.74,1650.68,3731.49
2024-01-18 13:00:00,817.94,582.64,739.67,1744.89,3885.15
2024-01-18 14:00:00,764.62,398.77,812.92,1604.55,3580.86
2024-01-18 15:00:00,666.67,410.46,804.06,1415.53,3296.73
2024-01-18 16:00:00,464.66,415.14,688.98,1408.39,2977.17
2024-01-18 17:00:00,229.37,588.68,741.13,1516.15,3075.31
2024-01-18 18:00:00,0.0,379.01,685.97,1728.59,2793.57
2024-01-18 19:00:00,0.0,688.88,709.01,1673.13,3071.03
2024-01-18 20:00:00,0.0,558.08,855.0,1649.37,3062.44
2024-01-18 21:00:00,0.0,508.92,777.44,1633.53,2919.89
2024-01-18 22:00:00,0.0,554.62,727.67,1307.81,2590.1
2024-01-18 23:00:00,0.0,400.2,709.57,1646.79,2756.56
2024-01-19 00:00:00,0.0,628.66,781.7,1498.1,2908.46
2024-01-19 01:00:00,0.0,330.67,746.01,1687.96,2764.63
2024-01-19 02:00:00,0.0,546.21,733.02,1547.74,2826.97
2024-01-19 03:00:00,0.0,649.7,861.46,1802.98,3314.13
2024-01-19 04:00:00,0.0,294.14,875.08,1837.87,3007.08
2024-01-19 05:00:00,0.0,576.2,719.89,1078.31,2374.39
2024-01-19 06:00:00,0.0,266.75,732.17,1539.13,2538.05
2024-01-19 07:00:00,172.72,461.74,652.21,1477.95,2764.62
2024-01-19 08:00:00,425.67,432.74,844.6,1322.68,3025.69
2024-01-19 09:00:00,551.63,501.81,772.1,1896.6,3722.14
2024-01-19 10:00:00,804.9,717.12,774.48,1008.66,3305.17
2024-01-19 11:00:00,1060.23,467.0,804.25,1288.6,3620.07
2024-01-19 12:00:00,934.74,452.06,801.83,1461.74,3650.36
2024-01-19 13:00:00,914.95,570.26,759.48,1705.14,3949.83
2024-01-19 14:00:00,553.99,671.12,782.0,1903.35,3910.45
2024-01-19 15:00:00,625.15,487.6,875.76,1502.47,3490.98
2024-01-19 16:00:00,462.65,485.61,809.57,1463.95,3221.78
2024-01-19 17:00:00,256.84,588.34,777.76,1176.12,2799.05
2024-01-19 18:00:00,0.0,538.26,670.39,1465.23,2673.88
2024-01-19 19:00:00,0.0,366.62,783.82,1841.41,2991.85
2024-01-19 20:00:00,0.0,492.03,651.97,1240.71,2384.71
2024-01-19 21:00:00,0.0,417.81,712.59,1919.77,3050.17
2024-01-19 22:00:00,0.0,423.47,694.64,1560.83,2678.95
2024-01-19 23:00:00,0.0,388.15,701.43,2123.16,3212.74
2024-01-20 00:00:00,0.0,369.68,632.72,1355.29,2357.7
2024-01-20 01:00:00,0.0,561.3,746.03,1924.6,3231.93
2024-01-20 02:00:00,0.0,266.3,836.1,1646.39,2748.79
2024-01-20 03:00:00,0.0,557.86,695.71,1641.94,2895.52
2024-01-20 04:00:00,0.0,455.3,756.56,2089.47,3301.32
2024-01-20 05:00:00,0.0,414.65,691.71,1698.49,2804.85
2024-01-20 06:00:00,0.0,533.96,876.75,1436.07,2846.77
2024-01-20 07:00:00,261.39,482.63,593.62,1204.31,2541.96
2024-01-20 08:00:00,386.85,426.24,712.04,1640.05,3165.18
2024-01-20 09:00:00,506.87,724.07,803.22,1861.02,3895.18
2024-01-20 10:00:00,939.03,384.49,783.69,1670.85,3778.05
2024-01-20 11:00:00,1006.38,550.27,701.25,1438.96,3696.87
2024-01-20 12:00:00,821.43,502.61,749.88,1642.04,3715.95
2024-01-20 13:00:00,923.41,440.23,763.69,1623.73,3751.06
2024-01-20 14:00:00,721.72,496.63,602.32,1392.31,3212.98
2024-01-20 15:00:00,653.06,507.58,747.18,1358.37,3266.19
2024-01-20 16:00:00,476.25,360.93,738.14,1877.06,3452.38
2024-01-20 17:00:00,165.23,454.68,719.57,1863.71,3203.18
2024-01-20 18:00:00,0.0,542.23,750.31,1840.36,3132.9
2024-01-20 19:00:00,0.0,497.69,877.53,1605.05,2980.27
2024-01-20 20:00:00,0.0,447.96,834.74,1290.6,2573.29
2024-01-20 21:00:00,0.0,712.02,869.76,1366.78,2948.56
2024-01-20 22:00:00,0.0,387.1,737.75,1855.62,2980.46
2024-01-20 23:00:00,0.0,444.4,752.74,1558.58,2755.72
2024-01-21 00:00:00,0.0,534.59,852.27,1449.57,2836.43
2024-01-21 01:00:00,0.0,612.64,801.67,1658.31,3072.63
2024-01-21 02:00:00,0.0,536.01,738.12,2130.92,3405.05
2024-01-21 03:00:00,0.0,668.51,748.94,1781.98,3199.44
2024-01-21 04:00:00,0.0,496.49,695.49,1426.71,2618.69
2024-01-21 05:00:00,0.0,499.96,728.23,1294.53,2522.73
2024-01-21 06:00:00,0.0,649.81,747.99,1593.82,2991.62
2024-01-21 07:00:00,217.27,572.67,767.25,1415.77,2972.97
2024-01-21 08:00:00,351.67,417.14,765.69,1250.96,2785.47
2024-01-21 09:00:00,539.08,472.76,717.85,1712.44,3442.13
2024-01-21 10:00:00,830.13,390.47,695.69,1486.22,3402.51
2024-01-21 11:00:00,955.43,667.62,714.91,1759.63,4097.59
2024-01-21 12:00:00,729.64,443.83,731.98,1673.19,3578.64
2024-01-21 13:00:00,781.52,484.39,777.49,1817.93,3861.33
2024-01-21 14:00:00,811.72,589.32,659.14,1634.19,3694.38
2024-01-21 15:00:00,714.06,494.71,708.96,1711.03,3628.77
2024-01-21 16:00:00,507.92,457.74,788.26,1132.02,2885.93
2024-01-21 17:00:00,235.17,258.67,673.9,1467.02,2634.76
2024-01-21 18:00:00,0.0,441.62,885.46,1646.51,2973.59
2024-01-21 19:00:00,0.0,351.17,720.08,1298.47,2369.71
2024-01-21 20:00:00,0.0,443.56,820.01,1616.92,2880.49
2024-01-21 21:00:00,0.0,477.29,685.77,1882.2,3045.27
2024-01-21 22:00:00,0.0,563.03,716.08,1687.32,2966.43
2024-01-21 23:00:00,0.0,437.05,828.45,1692.9,2958.4
2024-01-22 00:00:00,0.0,426.02,693.69,1189.49,2309.21
2024-01-22 01:00:00,0.0,755.31,728.79,1428.75,2912.85
2024-01-22 02:00:00,0.0,274.7,825.34,1427.29,2527.33
2024-01-22 03:00:00,0.0,494.63,693.98,1460.41,2649.02
2024-01-22 04:00:00,0.0,367.15,795.71,1479.14,2641.99
2024-01-22 05:00:00,0.0,474.25,813.03,1940.41,3227.69
2024-01-22 06:00:00,0.0,552.35,810.87,2027.59,3390.81
2024-01-22 07:00:00,183.42,436.83,695.67,1603.56,2919.49
2024-01-22 08:00:00,399.03,501.42,806.99,2143.84,3851.28
2024-01-22 09:00:00,734.68,476.46,812.42,1497.53,3521.1
2024-01-22 10:00:00,818.77,630.75,821.32,1508.75,3779.6
2024-01-22 11:00:00,707.96,488.04,741.02,1618.22,3555.24
2024-01-22 12:00:00,816.29,707.45,757.01,1654.85,3935.6
2024-01-22 13:00:00,866.89,750.9,744.86,1562.99,3925.65
2024-01-22 14:00:00,693.2,473.09,809.14,1496.54,3471.97
2024-01-22 15:00:00,586.39,332.24,745.21,1387.27,3051.12
2024-01-22 16:00:00,416.91,398.68,706.14,2040.18,3561.91
2024-01-22 17:00:00,283.08,390.28,628.02,2027.66,3329.04
2024-01-22 18:00:00,0.0,585.54,748.12,1469.27,2802.93
2024-01-22 19:00:00,0.0,567.86,709.74,1574.15,2851.75
2024-01-22 20:00:00,0.0,486.3,734.61,1733.38,2954.3
2024-01-22 21:00:00,0.0,662.26,815.19,1811.38,3288.83
2024-01-22 22:00:00,0.0,488.89,690.76,1442.09,2621.74
2024-01-22 23:00:00,0.0,403.08,776.15,1759.72,2938.95
2024-01-23 00:00:00,0.0,179.08,740.81,1584.16,2504.05
2024-01-23 01:00:00,0.0,631.83,724.67,1815.53,3172.03
2024-01-23 02:00:00,0.0,614.3,836.9,1357.78,2808.97
2024-01-23 03:00:00,0.0,543.06,674.42,1766.87,2984.35
2024-01-23 04:00:00,0.0,428.41,738.49,1905.75,3072.64
2024-01-23 05:00:00,0.0,369.12,720.87,1789.72,2879.71
2024-01-23 06:00:00,0.0,706.75,553.43,1880.14,3140.32
2024-01-23 07:00:00,275.19,475.68,681.12,1629.43,3061.41
2024-01-23 08:00:00,485.85,644.38,817.5,1488.04,3435.78
2024-01-23 09:00:00,662.81,441.84,684.11,1462.47,3251.23
2024-01-23 10:00:00,642.15,505.0,707.31,1828.63,3683.1
2024-01-23 11:00:00,827.95,472.97,714.06,1570.5,3585.48
2024-01-23 12:00:00,805.02,508.42,746.88,1529.91,3590.22
2024-01-23 13:00:00,897.03,450.72,733.35,1944.75,4025.85
2024-01-23 14:00:00,802.95,543.62,729.04,1279.72,3355.33
2024-01-23 15:00:00,676.68,427.26,697.85,1567.48,3369.28
2024-01-23 16:00:00,469.26,443.2,758.07,1706.13,3376.67
2024-01-23 17:00:00,220.99,665.39,766.37,1379.83,3032.58
2024-01-23 18:00:00,0.0,604.96,823.87,1374.21,2803.04
2024-01-23 19:00:00,0.0,572.37,764.52,1561.49,2898.38
2024-01-23 20:00:00,0.0,316.79,844.82,1294.42,2456.03
2024-01-23 21:00:00,0.0,341.38,695.14,1655.68,2692.2
2024-01-23 22:00:00,0.0,870.63,706.8,1109.13,2686.56
2024-01-23 23:00:00,0.0,518.44,618.01,1336.62,2473.08
2024-01-24 00:00:00,0.0,515.87,709.24,1284.17,2509.28
2024-01-24 01:00:00,0.0,415.95,605.62,1044.15,2065.72
2024-01-24 02:00:00,0.0,511.49,736.67,1428.98,2677.13
2024-01-24 03:00:00,0.0,563.53,758.66,1651.04,2973.23
2024-01-24 04:00:00,0.0,502.99,781.24,1426.26,2710.49
2024-01-24 05:00:00,0.0,701.67,773.71,1784.21,3259.58
2024-01-24 06:00:00,0.0,471.68,729.38,1526.99,2728.05
2024-01-24 07:00:00,214.14,524.31,681.14,1782.64,3202.24
2024-01-24 08:00:00,413.89,578.46,715.82,1634.92,3343.08
2024-01-24 09:00:00,675.78,647.32,816.91,1803.66,3943.66
2024-01-24 10:00:00,686.51,546.31,700.72,2088.65,4022.18
2024-01-24 11:00:00,705.57,442.69,687.47,1736.99,3572.71
2024-01-24 12:00:00,961.14,760.09,749.05,1487.91,3958.2
2024-01-24 13:00:00,857.9,443.41,773.85,1909.95,3985.11
2024-01-24 14:00:00,652.01,543.24,714.45,1494.92,3404.62
2024-01-24 15:00:00,609.62,470.3,752.4,1828.23,3660.54
2024-01-24 16:00:00,488.07,518.89,689.07,1395.08,3091.12
2024-01-24 17:00:00,224.0,641.59,611.35,1535.76,3012.71
2024-01-24 18:00:00,0.0,522.77,752.95,1582.93,2858.66
2024-01-24 19:00:00,0.0,532.44,809.42,1978.84,3320.71
2024-01-24 20:00:00,0.0,644.6,610.86,1806.15,3061.61
2024-01-24 21:00:00,0.0,432.84,766.83,1844.56,3044.22
2024-01-24 22:00:00,0.0,458.93,795.03,1639.27,2893.23
2024-01-24 23:00:00,0.0,547.65,842.14,1920.77,3310.56
2024-01-25 00:00:00,0.0,361.1,802.7,1568.76,2732.55
2024-01-25 01:00:00,0.0,557.05,632.07,1508.03,2697.16
2024-01-25 02:00:00,0.0,497.13,664.87,1145.58,2307.58
2024-01-25 03:00:00,0.0,539.29,587.16,1390.6,2517.05
2024-01-25 04:00:00,0.0,626.47,823.31,1599.19,3048.97
2024-01-25 05:00:00,0.0,446.37,697.16,1686.07,2829.59
2024-01-25 06:00:00,0.0,483.02,604.25,1597.37,2684.64
2024-01-25 07:00:00,246.93,415.57,788.18,1847.81,3298.49
2024-01-25 08:00:00,368.39,756.75,644.65,1650.33,3420.12
2024-01-25 09:00:00,567.93,378.96,778.36,1593.61,3318.86
2024-01-25 10:00:00,793.67,570.8,649.61,1758.17,3772.25
2024-01-25 11:00:00,801.89,451.77,753.88,1448.38,3455.92
2024-01-25 12:00:00,891.39,672.02,686.81,1537.69,3787.91
2024-01-25 13:00:00,1060.16,543.32,708.14,1501.42,3813.04
2024-01-25 14:00:00,880.78,638.78,804.14,1399.58,3723.29
2024-01-25 15:00:00,616.2,702.45,735.34,1938.51,3992.5
2024-01-25 16:00:00,493.97,528.77,790.21,1501.83,3314.79
2024-01-25 17:00:00,248.53,636.68,791.23,1410.77,3087.21
2024-01-25 18:00:00,0.0,544.06,687.36,1544.67,2776.09
2024-01-25 19:00:00,0.0,469.85,824.75,1534.11,2828.71
2024-01-25 20:00:00,0.0,582.54,712.38,1888.39,3183.31
2024-01-25 21:00:00,0.0,446.25,855.33,1740.76,3042.34
2024-01-25 22:00:00,0.0,615.3,721.02,998.91,2335.23
2024-01-25 23:00:00,0.0,348.94,780.69,1528.86,2658.5
2024-01-26 00:00:00,0.0,257.32,707.77,1512.0,2477.1
2024-01-26 01:00:00,0.0,434.01,759.59,1547.18,2740.77
2024-01-26 02:00:00,0.0,595.88,801.76,1168.59,2566.23
2024-01-26 03:00:00,0.0,711.45,738.53,1886.14,3336.12
2024-01-26 04:00:00,0.0,535.32,763.15,1201.87,2500.34
2024-01-26 05:00:00,0.0,466.91,777.37,2036.31,3280.58
2024-01-26 06:00:00,0.0,600.41,753.44,1601.38,2955.24
2024-01-26 07:00:00,218.54,295.63,782.15,1434.89,2731.21
2024-01-26 08:00:00,430.86,530.56,665.41,2094.89,3721.72
2024-01-26 09:00:00,667.16,559.0,708.63,1461.64,3396.43
2024-01-26 10:00:00,789.07,400.26,807.96,1679.78,3677.07
2024-01-26 11:00:00,724.57,520.9,693.72,1449.63,3388.83
2024-01-26 12:00:00,722.94,589.26,880.3,1301.11,3493.61
2024-01-26 13:00:00,686.02,681.11,659.95,1813.79,3840.87
2024-01-26 14:00:00,597.24,605.26,929.08,1625.69,3757.27
2024-01-26 15:00:00,527.46,372.22,798.25,1282.43,2980.35
2024-01-26 16:00:00,457.78,271.44,763.28,1379.35,2871.85
2024-01-26 17:00:00,179.5,711.46,798.73,1774.54,3464.22
2024-01-26 18:00:00,0.0,411.69,786.67,2100.86,3299.21
2024-01-26 19:00:00,0.0,510.96,714.73,1338.58,2564.27
2024-01-26 20:00:00,0.0,241.72,734.51,1646.54,2622.77
2024-01-26 21:00:00,0.0,405.16,733.44,1424.04,2562.65
2024-01-26 22:00:00,0.0,521.57,817.59,1576.61,2915.76
2024-01-26 23:00:00,0.0,496.08,810.63,2156.71,3463.42
2024-01-27 00:00:00,0.0,489.13,820.14,1774.25,3083.52
2024-01-27 01:00:00,0.0,466.68,783.11,1698.44,2948.24
2024-01-27 02:00:00,0.0,473.98,727.33,1819.87,3021.17
2024-01-27 03:00:00,0.0,353.09,778.29,1649.9,2781.28
2024-01-27 04:00:00,0.0,382.29,781.23,1723.6,2887.13
2024-01-27 05:00:00,0.0,667.11,870.35,1580.77,3118.23
2024-01-27 06:00:00,0.0,523.12,732.1,1237.3,2492.52
2024-01-27 07:00:00,219.79,577.13,664.86,1762.78,3224.57
2024-01-27 08:00:00,454.48,392.02,738.89,1894.5,3479.9
2024-01-27 09:00:00,587.79,473.15,801.7,1457.03,3319.66
2024-01-27 10:00:00,686.65,506.4,686.01,1770.41,3649.48
2024-01-27 11:00:00,788.51,330.2,799.39,2008.8,3926.9
2024-01-27 12:00:00,772.32,596.33,799.08,1549.75,3717.47
2024-01-27 13:00:00,835.49,387.39,764.52,1319.92,3307.32
2024-01-27 14:00:00,835.34,415.99,723.27,1253.22,3227.82
2024-01-27 15:00:00,597.71,542.4,659.76,1058.14,2858.01
2024-01-27 16:00:00,365.94,390.2,824.14,1610.83,3191.11
2024-01-27 17:00:00,169.47,238.53,689.74,1420.34,2518.09
2024-01-27 18:00:00,0.0,472.82,685.44,1678.48,2836.74
2024-01-27 19:00:00,0.0,465.77,841.35,1277.49,2584.61
2024-01-27 20:00:00,0.0,576.0,751.58,1523.43,2851.02
2024-01-27 21:00:00,0.0,411.52,728.57,1533.47,2673.56
2024-01-27 22:00:00,0.0,582.04,786.87,1546.97,2915.89
2024-01-27 23:00:00,0.0,333.68,705.45,1661.09,2700.22
2024-01-28 00:00:00,0.0,622.5,757.56,1736.23,3116.29
2024-01-28 01:00:00,0.0,330.63,814.12,1807.1,2951.85
2024-01-28 02:00:00,0.0,643.04,798.39,1335.94,2777.36
2024-01-28 03:00:00,0.0,432.67,760.62,1902.79,3096.08
2024-01-28 04:00:00,0.0,690.04,675.05,2157.32,3522.41
2024-01-28 05:00:00,0.0,389.62,716.54,1374.38,2480.54
2024-01-28 06:00:00,0.0,353.61,653.94,1695.91,2703.46
2024-01-28 07:00:00,235.67,488.77,736.55,1684.67,3145.66
2024-01-28 08:00:00,473.82,482.18,751.26,1911.59,3618.86
2024-01-28 09:00:00,711.2,451.6,817.89,2084.46,4065.16
2024-01-28 10:00:00,648.27,622.75,740.24,1919.93,3931.19
2024-01-28 11:00:00,888.09,583.58,696.73,1690.15,3858.55
2024-01-28 12:00:00,873.45,392.76,842.75,1585.81,3694.77
2024-01-28 13:00:00,918.7,564.97,847.27,1832.97,4163.91
2024-01-28 14:00:00,834.38,507.9,649.27,1187.79,3179.33
2024-01-28 15:00:00,513.46,683.12,717.52,2064.11,3978.2
2024-01-28 16:00:00,515.71,652.25,714.47,1722.6,3605.03
2024-01-28 17:00:00,235.25,369.3,710.6,1768.99,3084.14
2024-01-28 18:00:00,0.0,455.39,656.34,1768.09,2879.83
2024-01-28 19:00:00,0.0,580.65,818.97,1305.73,2705.34
2024-01-28 20:00:00,0.0,584.51,777.44,1363.74,2725.69
2024-01-28 21:00:00,0.0,527.85,886.24,1662.5,3076.59
2024-01-28 22:00:00,0.0,438.49,760.1,1590.01,2788.6
2024-01-28 23:00:00,0.0,542.02,737.97,1633.61,2913.6
2024-01-29 00:00:00,0.0,485.79,622.41,1764.83,2873.03
2024-01-29 01:00:00,0.0,667.63,801.82,1377.81,2847.26
2024-01-29 02:00:00,0.0,552.41,744.89,1712.96,3010.27
2024-01-29 03:00:00,0.0,556.18,740.0,1201.26,2497.45
2024-01-29 04:00:00,0.0,643.06,895.85,1891.02,3429.92
2024-01-29 05:00:00,0.0,535.62,709.68,1928.49,3173.79
2024-01-29 06:00:00,0.0,435.49,886.93,1524.2,2846.61
2024-01-29 07:00:00,236.67,481.42,688.01,1510.37,2916.47
2024-01-29 08:00:00,399.03,577.85,739.18,1534.06,3250.11
2024-01-29 09:00:00,580.16,430.77,670.78,1330.17,3011.88
2024-01-29 10:00:00,722.96,294.09,626.85,1295.37,2939.27
2024-01-29 11:00:00,628.75,414.37,681.79,1599.87,3324.79
2024-01-29 12:00:00,893.54,561.03,730.12,1291.35,3476.04
2024-01-29 13:00:00,750.96,704.75,766.3,1151.63,3373.65
2024-01-29 14:00:00,870.26,478.13,642.76,1959.08,3950.23
2024-01-29 15:00:00,666.9,552.73,757.64,1601.16,3578.43
2024-01-29 16:00:00,460.56,477.68,790.99,1546.12,3275.35
2024-01-29 17:00:00,136.56,445.19,791.23,1270.35,2643.33
2024-01-29 18:00:00,0.0,762.0,765.05,1384.7,2911.74
2024-01-29 19:00:00,0.0,454.75,744.37,1568.09,2767.21
2024-01-29 20:00:00,0.0,533.71,766.21,1129.78,2429.7
2024-01-29 21:00:00,0.0,362.65,796.24,1188.94,2347.84
2024-01-29 22:00:00,0.0,451.23,824.78,1779.58,3055.6
2024-01-29 23:00:00,0.0,511.99,692.66,2025.73,3230.39
2024-01-30 00:00:00,0.0,564.39,846.24,1715.75,3126.37
2024-01-30 01:00:00,0.0,547.55,832.52,1608.36,2988.43
2024-01-30 02:00:00,0.0,663.89,791.03,1718.12,3173.04
2024-01-30 03:00:00,0.0,496.41,781.74,1411.15,2689.29
2024-01-30 04:00:00,0.0,615.29,771.07,2038.82,3425.18
2024-01-30 05:00:00,0.0,572.28,772.06,1850.77,3195.11
2024-01-30 06:00:00,0.0,499.47,851.75,1380.42,2731.64
2024-01-30 07:00:00,220.55,418.22,727.7,1432.99,2799.46
2024-01-30 08:00:00,475.79,366.52,843.04,2184.21,3869.55
2024-01-30 09:00:00,463.91,646.69,723.61,1625.13,3459.34
2024-01-30 10:00:00,865.82,512.98,827.85,1878.2,4084.85
2024-01-30 11:00:00,785.64,517.22,623.77,1243.06,3169.69
2024-01-30 12:00:00,772.21,348.09,604.97,1745.51,3470.78
2024-01-30 13:00:00,726.62,319.75,656.89,1761.8,3465.07
2024-01-30 14:00:00,654.76,823.48,669.42,1846.09,3993.74
2024-01-30 15:00:00,680.05,531.2,740.0,1580.0,3531.26
2024-01-30 16:00:00,375.05,568.45,680.29,1670.14,3293.93
2024-01-30 17:00:00,220.66,562.45,721.78,1889.11,3394.01
2024-01-30 18:00:00,0.0,240.47,771.67,1647.15,2659.3
2024-01-30 19:00:00,0.0,233.22,700.9,1221.51,2155.63
2024-01-30 20:00:00,0.0,509.04,695.09,1498.42,2702.55
2024-01-30 21:00:00,0.0,551.75,741.0,1399.14,2691.9
2024-01-30 22:00:00,0.0,587.07,717.12,994.86,2299.05
2024-01-30 23:00:00,0.0,544.34,744.26,1431.28,2719.88
2024-01-31 00:00:00,0.0,374.17,808.75,1709.33,2892.25
2024-01-31 01:00:00,0.0,521.98,776.88,1918.39,3217.26
2024-01-31 02:00:00,0.0,523.87,676.01,1454.77,2654.64
2024-01-31 03:00:00,0.0,467.75,760.13,1704.61,2932.49
2024-01-31 04:00:00,0.0,235.02,747.52,1446.5,2429.04
2024-01-31 05:00:00,0.0,713.78,738.4,1467.51,2919.68
2024-01-31 06:00:00,0.0,671.77,738.55,1536.26,2946.58
2024-01-31 07:00:00,179.97,528.63,754.63,1524.52,2987.75
2024-01-31 08:00:00,378.82,458.7,789.24,1574.22,3200.97
2024-01-31 09:00:00,687.49,241.51,727.74,1776.3,3433.04
2024-01-31 10:00:00,774.76,486.9,667.33,2014.5,3943.5
2024-01-31 11:00:00,891.77,465.64,717.31,1781.86,3856.57
2024-01-31 12:00:00,933.71,511.91,814.19,1407.19,3667.0
2024-01-31 13:00:00,917.63,619.23,730.92,1307.04,3574.82
2024-01-31 14:00:00,701.38,458.23,697.28,1630.55,3487.44
2024-01-31 15:00:00,718.93,539.29,725.17,1854.2,3837.59
2024-01-31 16:00:00,406.72,488.93,667.0,1524.49,3087.15
2024-01-31 17:00:00,248.61,364.02,657.95,1424.17,2694.76
2024-01-31 18:00:00,0.0,441.5,792.04,1781.59,3015.12
2024-01-31 19:00:00,0.0,636.93,763.34,1084.94,2485.21
2024-01-31 20:00:00,0.0,412.14,794.44,1908.55,3115.14
2024-01-31 21:00:00,0.0,530.73,732.09,1504.08,2766.9
2024-01-31 22:00:00,0.0,490.82,864.25,1539.0,2894.07
2024-01-31 23:00:00,0.0,312.6,734.34,2054.37,3101.31
2024-02-01 00:00:00,0.0,537.31,829.38,1607.87,2974.56
2024-02-01 01:00:00,0.0,250.85,751.07,1650.81,2652.73
2024-02-01 02:00:00,0.0,401.89,893.86,1540.84,2836.59
2024-02-01 03:00:00,0.0,485.29,807.41,1660.33,2953.03
2024-02-01 04:00:00,0.0,547.8,804.49,1102.59,2454.89
2024-02-01 05:00:00,0.0,654.27,798.25,1744.61,3197.13
2024-02-01 06:00:00,0.0,677.66,770.7,1791.25,3239.61
2024-02-01 07:00:00,223.79,638.13,724.71,1896.86,3483.49
2024-02-01 08:00:00,434.09,460.26,704.68,1718.73,3317.76
2024-02-01 09:00:00,604.61,604.74,779.62,1537.3,3526.26
2024-02-01 10:00:00,780.28,509.06,764.9,1606.6,3660.84
2024-02-01 11:00:00,850.14,664.73,787.38,1457.82,3760.07
2024-02-01 12:00:00,675.66,549.72,766.81,2172.07,4164.25
2024-02-01 13:00:00,864.64,479.66,744.72,1626.93,3715.96
2024-02-01 14:00:00,767.7,617.46,820.3,1477.92,3683.38
2024-02-01 15:00:00,551.87,486.22,786.11,1927.25,3751.44
2024-02-01 16:00:00,402.49,667.18,823.66,1877.0,3770.33
2024-02-01 17:00:00,160.07,373.01,833.37,1349.36,2715.81
2024-02-01 18:00:00,0.0,340.0,849.64,1735.24,2924.88
2024-02-01 19:00:00,0.0,331.34,727.8,1730.94,2790.07
2024-02-01 20:00:00,0.0,770.8,708.6,1500.42,2979.82
2024-02-01 21:00:00,0.0,394.9,755.58,1506.4,2656.88
2024-02-01 22:00:00,0.0,353.26,743.98,1595.4,2692.64
2024-02-01 23:00:00,0.0,379.69,798.85,1809.95,2988.49
2024-02-02 00:00:00,0.0,113.32,848.29,1818.03,2779.63
2024-02-02 01:00:00,0.0,671.79,785.05,1530.78,2987.61
2024-02-02 02:00:00,0.0,339.47,831.51,1417.97,2588.95
2024-02-02 03:00:00,0.0,445.78,777.57,1755.45,2978.81
2024-02-02 04:00:00,0.0,349.82,793.43,1406.77,2550.02
2024-02-02 05:00:00,0.0,527.37,775.62,1808.69,3111.68
2024-02-02 06:00:00,0.0,469.95,817.17,1343.93,2631.05
2024-02-02 07:00:00,272.58,476.63,556.12,938.13,2243.46
2024-02-02 08:00:00,429.61,686.25,757.78,1018.83,2892.47
2024-02-02 09:00:00,579.24,671.36,789.28,1351.94,3391.82
2024-02-02 10:00:00,911.32,498.57,703.36,1584.99,3698.23
2024-02-02 11:00:00,970.06,594.18,800.44,1160.82,3525.49
2024-02-02 12:00:00,1074.44,533.25,790.81,1433.37,3831.86
2024-02-02 13:00:00,841.93,238.56,805.74,1738.94,3625.18
2024-02-02 14:00:00,803.36,584.76,716.11,1398.83,3503.05
2024-02-02 15:00:00,531.51,590.46,766.78,1559.18,3447.93
2024-02-02 16:00:00,423.97,429.46,645.54,1913.02,3412.0
2024-02-02 17:00:00,177.67,469.93,813.74,1753.4,3214.74
2024-02-02 18:00:00,0.0,517.78,823.04,1781.78,3122.6
2024-02-02 19:00:00,0.0,702.55,756.07,1710.95,3169.56
2024-02-02 20:00:00,0.0,524.99,671.48,1582.56,2779.03
2024-02-02 21:00:00,0.0,667.57,736.21,1283.76,2687.54
2024-02-02 22:00:00,0.0,407.14,805.18,1666.15,2878.47
2024-02-02 23:00:00,0.0,535.92,868.53,1402.48,2806.93
2024-02-03 00:00:00,0.0,668.37,812.2,1533.91,3014.48
2024-02-03 01:00:00,0.0,238.73,747.28,1355.69,2341.69
2024-02-03 02:00:00,0.0,583.07,758.14,1493.64,2834.85
2024-02-03 03:00:00,0.0,587.74,690.11,1548.41,2826.26
2024-02-03 04:00:00,0.0,566.58,930.77,1744.95,3242.3
2024-02-03 05:00:00,0.0,360.74,833.16,1786.16,2980.06
2024-02-03 06:00:00,0.0,339.87,828.4,1926.64,3094.91
2024-02-03 07:00:00,221.44,411.14,737.2,1733.2,3102.98
2024-02-03 08:00:00,448.58,398.46,861.01,1688.23,3396.28
2024-02-03 09:00:00,422.91,407.68,740.19,1135.67,2706.44
2024-02-03 10:00:00,629.85,547.88,730.98,1759.24,3667.96
2024-02-03 11:00:00,661.77,570.93,821.7,1811.63,3866.03
2024-02-03 12:00:00,985.7,414.26,884.49,1171.59,3456.03
2024-02-03 13:00:00,716.39,495.58,817.52,1240.9,3270.38
2024-02-03 14:00:00,533.9,504.61,790.1,1233.77,3062.38
2024-02-03 15:00:00,503.62,437.01,798.75,2329.2,4068.58
2024-02-03 16:00:00,435.66,255.16,726.76,1573.51,2991.09
2024-02-03 17:00:00,201.87,402.24,842.2,1998.29,3444.6
2024-02-03 18:00:00,0.0,410.69,784.13,1522.77,2717.59
2024-02-03 19:00:00,0.0,486.21,872.77,1889.9,3248.88
2024-02-03 20:00:00,0.0,499.48,765.45,1761.99,3026.92
2024-02-03 21:00:00,0.0,537.92,844.82,1736.05,3118.8
2024-02-03 22:00:00,0.0,415.51,848.29,1551.28,2815.08
2024-02-03 23:00:00,0.0,335.18,850.95,1266.97,2453.1
2024-02-04 00:00:00,0.0,476.87,811.77,1203.25,2491.9
2024-02-04 01:00:00,0.0,663.35,697.2,1871.66,3232.21
2024-02-04 02:00:00,0.0,488.12,827.62,1326.74,2642.47
2024-02-04 03:00:00,0.0,158.39,714.15,1528.86,2401.39
2024-02-04 04:00:00,0.0,371.2,712.0,1534.89,2618.09
2024-02-04 05:00:00,0.0,599.9,904.55,1461.1,2965.55
2024-02-04 06:00:00,0.0,580.43,754.83,1663.33,2998.58
2024-02-04 07:00:00,233.58,496.55,760.63,1545.99,3036.75
2024-02-04 08:00:00,375.01,510.68,922.61,1764.86,3573.15
2024-02-04 09:00:00,556.17,597.92,699.85,1469.66,3323.6
2024-02-04 10:00:00,615.51,524.3,779.89,1704.08,3623.78
2024-02-04 11:00:00,806.69,662.61,788.69,1364.2,3622.18
2024-02-04 12:00:00,957.02,711.38,800.24,1507.24,3975.88
2024-02-04 13:00:00,856.69,425.83,819.66,1680.16,3782.34
2024-02-04 14:00:00,391.8,477.38,782.05,1528.12,3179.34
2024-02-04 15:00:00,641.17,710.63,822.42,2002.7,4176.93
2024-02-04 16:00:00,462.77,546.04,708.65,1587.41,3304.86
2024-02-04 17:00:00,177.08,412.1,746.1,1359.4,2694.69
2024-02-04 18:00:00,0.0,596.27,682.61,1959.73,3238.61
2024-02-04 19:00:00,0.0,543.77,678.26,1594.04,2816.08
2024-02-04 20:00:00,0.0,528.47,729.1,1587.53,2845.09
2024-02-04 21:00:00,0.0,646.76,804.95,2038.61,3490.32
2024-02-04 22:00:00,0.0,448.42,735.72,1723.22,2907.36
2024-02-04 23:00:00,0.0,649.88,714.72,1560.75,2925.35
2024-02-05 00:00:00,0.0,580.24,824.31,1466.43,2870.98
2024-02-05 01:00:00,0.0,448.58,836.63,1920.65,3205.86
2024-02-05 02:00:00,0.0,700.51,945.86,1674.99,3321.35
2024-02-05 03:00:00,0.0,443.17,760.06,1665.61,2868.83
2024-02-05 04:00:00,0.0,408.15,832.1,1733.62,2973.87
2024-02-05 05:00:00,0.0,613.78,699.05,1676.97,2989.8
2024-02-05 06:00:00,0.0,759.78,702.89,1445.12,2907.78
2024-02-05 07:00:00,190.61,579.21,817.42,1612.2,3199.45
2024-02-05 08:00:00,341.98,558.01,713.26,1488.05,3101.31
2024-02-05 09:00:00,637.92,614.46,822.0,1873.53,3947.9
2024-02-05 10:00:00,731.17,482.7,712.37,1065.24,2991.48
2024-02-05 11:00:00,816.26,495.84,756.49,1364.46,3433.05
2024-02-05 12:00:00,950.16,332.9,834.73,1507.61,3625.39
2024-02-05 13:00:00,803.15,454.67,827.57,1103.7,3189.08
2024-02-05 14:00:00,740.05,557.35,721.56,2025.29,4044.25
2024-02-05 15:00:00,557.74,446.19,749.69,1491.85,3245.48
2024-02-05 16:00:00,398.98,516.96,800.79,1630.74,3347.48
2024-02-05 17:00:00,246.94,580.0,884.69,1031.74,2743.37
2024-02-05 18:00:00,0.0,540.18,738.6,1745.75,3024.52
2024-02-05 19:00:00,0.0,552.18,892.28,1433.02,2877.49
2024-02-05 20:00:00,0.0,493.08,788.29,1614.49,2895.86
2024-02-05 21:00:00,0.0,458.69,835.27,1649.73,2943.69
2024-02-05 22:00:00,0.0,316.51,766.55,1567.72,2650.78
2024-02-05 23:00:00,0.0,412.08,789.93,1581.99,2784.0
2024-02-06 00:00:00,0.0,440.91,699.77,1499.27,2639.95
2024-02-06 01:00:00,0.0,524.14,823.72,2192.59,3540.45
2024-02-06 02:00:00,0.0,421.64,804.55,1505.75,2731.94
2024-02-06 03:00:00,0.0,711.15,810.94,1248.89,2770.97
2024-02-06 04:00:00,0.0,613.83,870.2,1578.53,3062.57
2024-02-06 05:00:00,0.0,491.89,866.0,1729.06,3086.95
2024-02-06 06:00:00,0.0,504.88,882.47,1543.09,2930.44
2024-02-06 07:00:00,204.1,383.1,726.83,1593.63,2907.65
2024-02-06 08:00:00,438.01,484.33,889.86,1656.55,3468.75
2024-02-06 09:00:00,635.77,525.98,789.74,1507.98,3459.46
2024-02-06 10:00:00,668.45,326.9,740.51,1674.26,3410.13
2024-02-06 11:00:00,835.12,541.68,816.2,1732.55,3925.55
2024-02-06 12:00:00,830.78,539.38,786.77,1491.68,3648.62
2024-02-06 13:00:00,898.87,452.95,878.12,1093.18,3323.11
2024-02-06 14:00:00,592.83,561.23,716.01,1923.35,3793.42
2024-02-06 15:00:00,670.3,541.03,769.16,1534.84,3515.32
2024-02-06 16:00:00,291.63,464.58,762.98,1082.5,2601.69
2024-02-06 17:00:00,230.06,615.17,781.1,1396.94,3023.27
2024-02-06 18:00:00,0.0,507.86,814.3,1649.94,2972.1
2024-02-06 19:00:00,0.0,592.35,716.0,1600.42,2908.77
2024-02-06 20:00:00,0.0,680.55,696.37,1549.34,2926.27
2024-02-06 21:00:00,0.0,540.56,752.3,1593.38,2886.24
2024-02-06 22:00:00,0.0,405.93,687.78,1650.91,2744.63
2024-02-06 23:00:00,0.0,494.31,836.98,1697.99,3029.29
2024-02-07 00:00:00,0.0,480.67,740.1,1836.1,3056.87
2024-02-07 01:00:00,0.0,504.76,853.07,1428.16,2785.98
2024-02-07 02:00:00,0.0,706.6,700.65,1129.33,2536.58
2024-02-07 03:00:00,0.0,502.67,716.13,1150.35,2369.15
2024-02-07 04:00:00,0.0,506.34,830.58,1397.19,2734.11
2024-02-07 05:00:00,0.0,568.61,777.44,1471.34,2817.39
2024-02-07 06:00:00,0.0,520.26,748.01,1470.11,2738.38
2024-02-07 07:00:00,271.24,396.69,860.21,928.27,2456.42
2024-02-07 08:00:00,420.88,484.17,816.36,1598.25,3319.66
2024-02-07 09:00:00,501.97,302.16,772.78,1479.11,3056.02
2024-02-07 10:00:00,779.93,324.69,827.39,1381.71,3313.72
2024-02-07 11:00:00,620.45,417.29,707.21,1699.06,3444.01
2024-02-07 12:00:00,781.67,542.69,859.17,1502.3,3685.83
2024-02-07 13:00:00,845.85,657.95,856.97,1500.28,3861.05
2024-02-07 14:00:00,710.17,626.78,869.75,829.85,3036.55
2024-02-07 15:00:00,626.94,601.19,832.02,1606.09,3666.24
2024-02-07 16:00:00,351.0,659.16,792.69,1211.33,3014.17
2024-02-07 17:00:00,198.72,570.46,860.9,1654.01,3284.09
2024-02-07 18:00:00,0.0,393.75,786.16,1740.75,2920.66
2024-02-07 19:00:00,0.0,453.53,692.68,1936.35,3082.55
2024-02-07 20:00:00,0.0,557.78,824.9,1543.68,2926.37
2024-02-07 21:00:00,0.0,448.85,751.61,1613.22,2813.69
2024-02-07 22:00:00,0.0,482.2,756.06,1347.91,2586.17
2024-02-07 23:00:00,0.0,672.47,856.97,1673.24,3202.68
2024-02-08 00:00:00,0.0,566.41,872.45,1267.27,2706.13
2024-02-08 01:00:00,0.0,591.66,814.81,1490.1,2896.58
2024-02-08 02:00:00,0.0,555.86,667.2,1530.03,2753.09
2024-02-08 03:00:00,0.0,200.63,802.39,1657.01,2660.03
2024-02-08 04:00:00,0.0,494.83,867.46,1472.07,2834.36
2024-02-08 05:00:00,0.0,592.51,729.4,1455.73,2777.64
2024-02-08 06:00:00,0.0,332.5,741.8,1484.12,2558.42
2024-02-08 07:00:00,260.84,556.16,725.22,2049.95,3592.17
2024-02-08 08:00:00,438.55,506.24,688.73,1606.0,3239.53
2024-02-08 09:00:00,582.13,333.2,887.78,1643.15,3446.26
2024-02-08 10:00:00,846.14,332.82,742.31,2108.01,4029.28
2024-02-08 11:00:00,732.3,675.19,772.72,1656.27,3836.48
2024-02-08 12:00:00,658.95,318.47,751.7,1513.35,3242.47
2024-02-08 13:00:00,859.02,611.29,818.75,1505.88,3794.94
2024-02-08 14:00:00,682.36,505.09,809.76,1599.44,3596.65
2024-02-08 15:00:00,604.06,675.34,808.18,1395.64,3483.22
2024-02-08 16:00:00,389.03,585.32,802.08,2100.18,3876.6
2024-02-08 17:00:00,221.05,613.53,890.64,1354.58,3079.8
2024-02-08 18:00:00,0.0,241.83,820.22,1187.86,2249.91
2024-02-08 19:00:00,0.0,400.68,838.92,1752.85,2992.45
2024-02-08 20:00:00,0.0,452.74,777.85,1717.71,2948.3
2024-02-08 21:00:00,0.0,509.95,758.42,1962.51,3230.88
2024-02-08 22:00:00,0.0,408.11,737.39,1639.74,2785.24
2024-02-08 23:00:00,0.0,590.95,786.37,2060.23,3437.55
2024-02-09 00:00:00,0.0,401.32,847.77,1601.21,2850.3
2024-02-09 01:00:00,0.0,615.27,938.26,1730.06,3283.59
2024-02-09 02:00:00,0.0,578.32,717.87,1593.15,2889.34
2024-02-09 03:00:00,0.0,526.25,764.39,1594.94,2885.58
2024-02-09 04:00:00,0.0,526.11,805.56,1934.91,3266.58
2024-02-09 05:00:00,0.0,435.8,848.08,1468.38,2752.26
2024-02-09 06:00:00,0.0,651.19,844.36,1937.8,3433.35
2024-02-09 07:00:00,183.05,344.55,735.19,1630.38,2893.17
2024-02-09 08:00:00,526.07,576.39,868.48,1645.31,3616.25
2024-02-09 09:00:00,520.85,734.48,816.79,1379.05,3451.17
2024-02-09 10:00:00,727.33,476.47,720.41,1232.05,3156.26
2024-02-09 11:00:00,833.34,549.81,768.19,1891.7,4043.05
2024-02-09 12:00:00,927.02,400.54,845.52,1187.84,3360.92
2024-02-09 13:00:00,718.77,474.89,843.58,1886.76,3923.99
2024-02-09 14:00:00,821.87,321.23,805.22,1847.77,3796.09
2024-02-09 15:00:00,710.84,519.5,701.38,1679.64,3611.36
2024-02-09 16:00:00,365.13,626.31,743.18,1490.6,3225.22
2024-02-09 17:00:00,211.54,292.11,863.51,1402.95,2770.12
2024-02-09 18:00:00,0.0,518.71,758.49,1336.8,2614.0
2024-02-09 19:00:00,0.0,523.17,763.02,1655.34,2941.53
2024-02-09 20:00:00,0.0,410.12,815.11,1388.43,2613.67
2024-02-09 21:00:00,0.0,507.47,909.87,1304.66,2722.0
2024-02-09 22:00:00,0.0,280.1,888.41,1706.48,2874.99
2024-02-09 23:00:00,0.0,689.94,809.16,1783.18,3282.27
2024-02-10 00:00:00,0.0,512.8,764.36,1650.59,2927.75
2024-02-10 01:00:00,0.0,640.7,782.23,1534.73,2957.66
2024-02-10 02:00:00,0.0,643.23,816.09,1846.49,3305.81
2024-02-10 03:00:00,0.0,629.91,754.38,1402.06,2786.35
2024-02-10 04:00:00,0.0,290.14,859.88,1527.51,2677.54
2024-02-10 05:00:00,0.0,614.01,795.25,1882.74,3292.0
2024-02-10 06:00:00,0.0,573.15,762.33,1777.62,3113.1
2024-02-10 07:00:00,206.72,368.07,794.59,1835.87,3205.25
2024-02-10 08:00:00,377.3,641.5,960.25,1704.99,3684.04
2024-02-10 09:00:00,540.48,563.13,758.04,1776.64,3638.27
2024-02-10 10:00:00,595.91,299.93,767.15,1612.01,3275.0
2024-02-10 11:00:00,721.21,648.76,711.37,1666.52,3747.85
2024-02-10 12:00:00,812.99,431.66,839.65,1508.04,3592.34
2024-02-10 13:00:00,870.31,344.67,789.79,1574.49,3579.26
2024-02-10 14:00:00,790.9,458.19,835.71,1211.48,3296.27
2024-02-10 15:00:00,666.06,504.86,821.7,1962.96,3955.58
2024-02-10 16:00:00,470.24,584.68,849.99,1987.21,3892.12
2024-02-10 17:00:00,210.23,403.66,785.67,1472.47,2872.03
2024-02-10 18:00:00,0.0,437.86,802.12,2029.35,3269.33
2024-02-10 19:00:00,0.0,556.94,805.75,1941.05,3303.74
2024-02-10 20:00:00,0.0,419.08,782.89,2011.22,3213.2
2024-02-10 21:00:00,0.0,497.29,768.62,1612.07,2877.98
2024-02-10 22:00:00,0.0,415.19,779.42,1605.09,2799.7
2024-02-10 23:00:00,0.0,451.91,742.77,1577.75,2772.43
2024-02-11 00:00:00,0.0,402.08,741.6,1541.8,2685.48
2024-02-11 01:00:00,0.0,509.18,893.44,982.05,2384.66
2024-02-11 02:00:00,0.0,533.79,799.59,1011.81,2345.19
2024-02-11 03:00:00,0.0,376.27,772.98,1528.13,2677.38
2024-02-11 04:00:00,0.0,642.39,761.42,1536.99,2940.8
2024-02-11 05:00:00,0.0,557.27,781.21,1556.56,2895.05
2024-02-11 06:00:00,0.0,622.8,779.55,1617.36,3019.72
2024-02-11 07:00:00,204.71,711.93,790.33,1382.9,3089.87
2024-02-11 08:00:00,472.06,593.83,795.63,1035.92,2897.44
2024-02-11 09:00:00,587.55,577.42,820.33,1616.41,3601.71
2024-02-11 10:00:00,719.56,460.35,857.05,1450.21,3487.17
2024-02-11 11:00:00,772.43,222.79,912.73,1552.43,3460.37
2024-02-11 12:00:00,664.85,538.92,812.1,1796.08,3811.95
2024-02-11 13:00:00,756.32,258.93,706.3,1522.4,3243.95
2024-02-11 14:00:00,524.69,644.4,813.0,1171.46,3153.55
2024-02-11 15:00:00,553.45,512.53,878.25,1555.09,3499.32
2024-02-11 16:00:00,375.26,552.78,759.14,1445.69,3132.87
2024-02-11 17:00:00,289.88,630.44,972.01,1476.13,3368.47
2024-02-11 18:00:00,0.0,51.72,779.15,1448.62,2279.49
2024-02-11 19:00:00,0.0,429.24,817.61,907.02,2153.86
2024-02-11 20:00:00,0.0,623.69,681.45,1462.82,2767.96
2024-02-11 21:00:00,0.0,515.52,900.4,1328.38,2744.3
2024-02-11 22:00:00,0.0,327.02,648.62,1781.72,2757.36
2024-02-11 23:00:00,0.0,775.65,789.88,1478.23,3043.76
2024-02-12 00:00:00,0.0,307.56,744.81,1717.86,2770.22
2024-02-12 01:00:00,0.0,356.61,840.51,1574.02,2771.14
2024-02-12 02:00:00,0.0,503.02,836.37,1893.71,3233.1
2024-02-12 03:00:00,0.0,442.34,792.45,2028.46,3263.26
2024-02-12 04:00:00,0.0,390.04,840.3,1771.07,3001.41
2024-02-12 05:00:00,0.0,463.29,824.78,1581.88,2869.95
2024-02-12 06:00:00,0.0,597.82,790.49,1459.29,2847.59
2024-02-12 07:00:00,226.04,425.62,927.1,1419.0,2997.75
2024-02-12 08:00:00,438.76,689.54,836.81,1934.51,3899.63
2024-02-12 09:00:00,582.92,529.63,810.07,1596.28,3518.9
2024-02-12 10:00:00,1016.82,395.68,752.15,989.16,3153.8
2024-02-12 11:00:00,834.15,565.69,788.45,2029.98,4218.27
2024-02-12 12:00:00,787.84,167.71,822.8,1456.7,3235.06
2024-02-12 13:00:00,724.52,589.04,823.24,1531.63,3668.42
2024-02-12 14:00:00,549.28,499.01,887.6,1752.24,3688.12
2024-02-12 15:00:00,490.52,606.28,641.89,1486.34,3225.03
2024-02-12 16:00:00,384.72,510.43,797.37,1602.64,3295.16
2024-02-12 17:00:00,213.93,364.11,739.55,1995.02,3312.61
2024-02-12 18:00:00,0.0,317.31,759.85,1686.8,2763.96
2024-02-12 19:00:00,0.0,544.88,882.23,1903.15,3330.26
2024-02-12 20:00:00,0.0,505.56,773.74,1478.61,2757.91
2024-02-12 21:00:00,0.0,757.37,775.1,1672.9,3205.37
2024-02-12 22:00:00,0.0,574.04,824.13,1295.18,2693.36
2024-02-12 23:00:00,0.0,512.21,770.82,1508.78,2791.81
2024-02-13 00:00:00,0.0,480.6,761.86,1599.95,2842.41
2024-02-13 01:00:00,0.0,509.72,860.87,939.5,2310.09
2024-02-13 02:00:00,0.0,459.6,750.79,1640.33,2850.73
2024-02-13 03:00:00,0.0,571.61,767.44,1248.82,2587.87
2024-02-13 04:00:00,0.0,533.61,752.17,1468.59,2754.36
2024-02-13 05:00:00,0.0,350.23,790.52,1349.07,2489.82
2024-02-13 06:00:00,0.0,532.38,686.21,1423.23,2641.83
2024-02-13 07:00:00,253.55,612.34,720.44,1618.07,3204.39
2024-02-13 08:00:00,465.2,665.29,822.39,1746.77,3699.65
2024-02-13 09:00:00,680.13,565.6,820.72,1463.15,3529.59
2024-02-13 10:00:00,541.72,444.18,785.75,1741.88,3513.54
2024-02-13 11:00:00,978.27,374.71,689.84,1712.92,3755.75
2024-02-13 12:00:00,693.18,427.45,797.6,1357.52,3275.75
2024-02-13 13:00:00,837.23,411.23,792.86,1236.48,3277.79
2024-02-13 14:00:00,691.78,445.09,815.45,1421.53,3373.85
2024-02-13 15:00:00,571.82,526.37,777.63,1538.35,3414.17
2024-02-13 16:00:00,405.34,322.65,827.07,1663.61,3218.66
2024-02-13 17:00:00,207.45,606.61,803.98,1564.0,3182.04
2024-02-13 18:00:00,0.0,514.29,764.11,1890.3,3168.7
2024-02-13 19:00:00,0.0,435.07,857.53,1713.2,3005.81
2024-02-13 20:00:00,0.0,749.43,749.23,1942.38,3441.04
2024-02-13 21:00:00,0.0,594.11,772.5,1801.6,3168.21
2024-02-13 22:00:00,0.0,563.65,844.61,1214.35,2622.61
2024-02-13 23:00:00,0.0,642.91,847.64,1569.3,3059.85
2024-02-14 00:00:00,0.0,550.69,772.6,1213.07,2536.36
2024-02-14 01:00:00,0.0,537.03,722.93,1756.69,3016.65
2024-02-14 02:00:00,0.0,419.61,898.1,1473.74,2791.45
2024-02-14 03:00:00,0.0,429.72,933.68,1903.6,3267.0
2024-02-14 04:00:00,0.0,431.75,705.81,1714.49,2852.04
2024-02-14 05:00:00,0.0,478.49,792.08,1890.0,3160.58
2024-02-14 06:00:00,0.0,488.81,707.15,1729.53,2925.49
2024-02-14 07:00:00,146.6,530.97,781.22,1679.91,3138.71
2024-02-14 08:00:00,399.39,714.32,808.54,1445.57,3367.82
2024-02-14 09:00:00,483.01,454.12,877.6,1315.6,3130.33
2024-02-14 10:00:00,773.14,542.48,802.35,1591.51,3709.49
2024-02-14 11:00:00,957.74,409.1,793.79,1606.97,3767.59
2024-02-14 12:00:00,771.21,333.09,862.57,1433.14,3400.02
2024-02-14 13:00:00,758.46,457.01,669.19,1384.62,3269.28
2024-02-14 14:00:00,873.02,732.21,743.56,1485.91,3834.7
2024-02-14 15:00:00,515.92,683.75,812.08,1477.78,3489.54
2024-02-14 16:00:00,474.29,496.8,907.97,1587.63,3466.7
2024-02-14 17:00:00,135.97,556.24,832.03,1754.66,3278.9
2024-02-14 18:00:00,0.0,670.26,739.79,1624.51,3034.56
2024-02-14 19:00:00,0.0,587.06,827.33,1179.67,2594.06
2024-02-14 20:00:00,0.0,439.17,763.17,1619.94,2822.27
2024-02-14 21:00:00,0.0,385.8,728.28,1501.95,2616.03
2024-02-14 22:00:00,0.0,727.85,769.81,1534.75,3032.42
2024-02-14 23:00:00,0.0,518.25,747.12,1613.75,2879.12
2024-02-15 00:00:00,0.0,374.79,858.51,1378.95,2612.24
2024-02-15 01:00:00,0.0,572.45,775.7,1978.29,3326.44
2024-02-15 02:00:00,0.0,425.26,842.6,1771.36,3039.23
2024-02-15 03:00:00,0.0,567.8,915.72,1624.02,3107.54
2024-02-15 04:00:00,0.0,557.67,737.85,1645.53,2941.04
2024-02-15 05:00:00,0.0,560.47,846.07,1595.5,3002.05
2024-02-15 06:00:00,0.0,226.27,767.02,1814.07,2807.36
2024-02-15 07:00:00,208.04,335.21,789.08,1821.63,3153.96
2024-02-15 08:00:00,349.1,668.15,840.91,1804.46,3662.61
2024-02-15 09:00:00,597.54,406.22,834.56,1397.04,3235.36
2024-02-15 10:00:00,709.69,703.25,755.05,1878.25,4046.24
2024-02-15 11:00:00,981.11,347.89,855.09,1519.39,3703.48
2024-02-15 12:00:00,824.39,448.48,768.52,1512.8,3554.19
2024-02-15 13:00:00,798.53,534.97,759.45,2034.61,4127.56
2024-02-15 14:00:00,635.05,404.87,878.3,1934.76,3852.98
2024-02-15 15:00:00,594.99,433.58,669.55,1695.07,3393.19
2024-02-15 16:00:00,356.99,294.49,789.99,1174.02,2615.5
2024-02-15 17:00:00,158.22,534.28,616.82,1381.33,2690.65
2024-02-15 18:00:00,0.0,490.53,729.74,1379.38,2599.65
2024-02-15 19:00:00,0.0,511.53,773.38,1963.1,3248.01
2024-02-15 20:00:00,0.0,610.57,796.75,1392.96,2800.27
2024-02-15 21:00:00,0.0,768.59,789.42,1565.88,3123.89
2024-02-15 22:00:00,0.0,625.67,753.69,1732.63,3111.99
2024-02-15 23:00:00,0.0,494.71,651.37,1698.43,2844.5
2024-02-16 00:00:00,0.0,580.94,811.88,1676.56,3069.38
2024-02-16 01:00:00,0.0,278.28,757.22,1730.26,2765.76
2024-02-16 02:00:00,0.0,451.28,736.15,1420.05,2607.48
2024-02-16 03:00:00,0.0,568.45,792.22,1551.86,2912.53
2024-02-16 04:00:00,0.0,222.79,768.21,1575.38,2566.38
2024-02-16 05:00:00,0.0,669.46,674.85,1451.63,2795.93
2024-02-16 06:00:00,0.0,456.02,840.62,1844.55,3141.19
2024-02-16 07:00:00,267.64,616.59,743.1,1775.35,3402.68
2024-02-16 08:00:00,542.34,382.51,733.52,1758.38,3416.76
2024-02-16 09:00:00,686.19,583.58,754.94,1675.41,3700.12
2024-02-16 10:00:00,926.42,508.54,799.98,1415.32,3650.27
2024-02-16 11:00:00,673.75,580.64,691.56,1785.71,3731.65
2024-02-16 12:00:00,808.22,470.87,825.85,2126.79,4231.73
2024-02-16 13:00:00,695.39,505.42,727.11,1299.05,3226.96
2024-02-16 14:00:00,866.64,490.39,762.71,1844.54,3964.29
2024-02-16 15:00:00,621.86,378.62,860.76,1273.26,3134.51
2024-02-16 16:00:00,434.54,302.3,693.42,1681.08,3111.34
2024-02-16 17:00:00,236.08,364.16,800.92,1436.67,2837.82
2024-02-16 18:00:00,0.0,372.62,808.93,1453.83,2635.38
2024-02-16 19:00:00,0.0,721.98,817.1,1998.96,3538.04
2024-02-16 20:00:00,0.0,505.13,804.89,1431.3,2741.32
2024-02-16 21:00:00,0.0,450.05,869.85,1554.17,2874.07
2024-02-16 22:00:00,0.0,401.35,885.34,1510.58,2797.27
2024-02-16 23:00:00,0.0,658.73,677.57,1429.9,2766.2
2024-02-17 00:00:00,0.0,579.69,834.43,1377.46,2791.57
2024-02-17 01:00:00,0.0,586.03,783.4,1497.99,2867.42
2024-02-17 02:00:00,0.0,414.58,730.45,1283.11,2428.14
2024-02-17 03:00:00,0.0,357.79,634.67,1389.26,2381.72
2024-02-17 04:00:00,0.0,295.0,763.48,1339.63,2398.11
2024-02-17 05:00:00,0.0,481.03,893.74,1279.35,2654.11
2024-02-17 06:00:00,0.0,925.5,762.16,1341.29,3028.95
2024-02-17 07:00:00,220.33,477.95,763.04,1603.18,3064.5
2024-02-17 08:00:00,412.73,773.82,714.23,1312.46,3213.24
2024-02-17 09:00:00,725.73,413.67,727.97,1890.29,3757.66
2024-02-17 10:00:00,633.06,381.28,819.18,1411.74,3245.26
2024-02-17 11:00:00,840.66,515.27,819.98,1894.82,4070.73
2024-02-17 12:00:00,682.48,614.47,817.48,1428.56,3542.99
2024-02-17 13:00:00,678.92,491.6,772.22,1410.48,3353.22
2024-02-17 14:00:00,735.29,398.54,782.48,1536.72,3453.03
2024-02-17 15:00:00,682.51,566.88,691.73,1349.53,3290.66
2024-02-17 16:00:00,423.5,385.36,855.26,1603.12,3267.25
2024-02-17 17:00:00,224.24,198.74,779.34,1590.09,2792.42
2024-02-17 18:00:00,0.0,546.93,860.93,1552.57,2960.43
2024-02-17 19:00:00,0.0,518.71,777.94,1381.5,2678.15
2024-02-17 20:00:00,0.0,412.51,797.08,1700.18,2909.77
2024-02-17 21:00:00,0.0,313.71,811.58,1515.66,2640.95
2024-02-17 22:00:00,0.0,774.15,841.97,2011.98,3628.11
2024-02-17 23:00:00,0.0,296.58,848.64,2021.89,3167.11
2024-02-18 00:00:00,0.0,649.68,940.14,1922.4,3512.23
2024-02-18 01:00:00,0.0,458.91,833.03,1578.57,2870.51
2024-02-18 02:00:00,0.0,381.51,745.38,1701.33,2828.22
2024-02-18 03:00:00,0.0,469.71,778.75,1271.77,2520.22
2024-02-18 04:00:00,0.0,562.33,702.82,1416.0,2681.15
2024-02-18 05:00:00,0.0,474.75,703.12,1528.46,2706.33
2024-02-18 06:00:00,0.0,510.02,835.78,1598.51,2944.31
2024-02-18 07:00:00,249.2,588.91,779.17,1628.72,3246.0
2024-02-18 08:00:00,470.74,771.57,796.7,1027.79,3066.81
2024-02-18 09:00:00,503.25,535.52,779.51,1834.13,3652.42
2024-02-18 10:00:00,624.07,485.85,799.18,1566.6,3475.69
2024-02-18 11:00:00,728.75,711.02,810.21,1737.78,3987.77
2024-02-18 12:00:00,830.23,452.44,761.74,1799.01,3843.42
2024-02-18 13:00:00,875.42,439.18,778.72,1229.35,3322.67
2024-02-18 14:00:00,633.08,407.7,789.95,1533.61,3364.34
2024-02-18 15:00:00,509.49,682.15,794.51,1660.84,3647.0
2024-02-18 16:00:00,339.73,328.66,910.48,1258.85,2837.72
2024-02-18 17:00:00,211.06,503.87,824.9,2270.13,3809.96
2024-02-18 18:00:00,0.0,386.26,732.57,1518.57,2637.4
2024-02-18 19:00:00,0.0,407.01,810.65,1586.75,2804.41
2024-02-18 20:00:00,0.0,358.01,775.95,1434.49,2568.45
2024-02-18 21:00:00,0.0,632.61,753.39,1631.1,3017.1
2024-02-18 22:00:00,0.0,494.95,776.16,1710.0,2981.1
2024-02-18 23:00:00,0.0,304.63,701.66,1737.86,2744.16
2024-02-19 00:00:00,0.0,650.57,671.34,1423.26,2745.17
2024-02-19 01:00:00,0.0,418.36,727.46,1134.71,2280.53
2024-02-19 02:00:00,0.0,407.37,616.23,1476.18,2499.77
2024-02-19 03:00:00,0.0,371.78,694.45,1025.44,2091.68
2024-02-19 04:00:00,0.0,513.24,685.04,1309.69,2507.98
2024-02-19 05:00:00,0.0,571.11,877.6,1850.14,3298.85
2024-02-19 06:00:00,0.0,544.22,786.37,1780.99,3111.57
2024-02-19 07:00:00,185.53,602.43,897.49,1860.43,3545.88
2024-02-19 08:00:00,354.02,506.31,812.66,1361.97,3034.96
2024-02-19 09:00:00,670.8,524.25,762.53,1989.91,3947.49
2024-02-19 10:00:00,577.43,466.55,712.63,1334.21,3090.83
2024-02-19 11:00:00,691.86,381.03,842.52,2067.24,3982.64
2024-02-19 12:00:00,828.92,343.7,847.3,1591.72,3611.64
2024-02-19 13:00:00,841.78,706.22,942.5,1546.43,4036.92
2024-02-19 14:00:00,707.51,561.23,831.48,1758.12,3858.34
2024-02-19 15:00:00,664.05,515.15,718.74,1428.37,3326.31
2024-02-19 16:00:00,308.03,499.75,847.47,1382.89,3038.13
2024-02-19 17:00:00,193.99,730.21,764.98,2140.38,3829.57
2024-02-19 18:00:00,0.0,458.36,793.76,1761.41,3013.53
2024-02-19 19:00:00,0.0,631.25,848.76,1816.4,3296.4
2024-02-19 20:00:00,0.0,425.54,762.94,1463.87,2652.36
2024-02-19 21:00:00,0.0,563.8,762.09,1557.57,2883.46
2024-02-19 22:00:00,0.0,379.16,851.35,1419.61,2650.13
2024-02-19 23:00:00,0.0,292.29,787.34,1139.04,2218.66
2024-02-20 00:00:00,0.0,695.05,812.99,1530.15,3038.19
2024-02-20 01:00:00,0.0,472.8,647.38,1431.08,2551.26
2024-02-20 02:00:00,0.0,581.58,823.5,1817.77,3222.85
2024-02-20 03:00:00,0.0,590.95,747.28,1452.03,2790.25
2024-02-20 04:00:00,0.0,543.55,888.58,1800.64,3232.78
2024-02-20 05:00:00,0.0,716.05,790.02,1881.22,3387.29
2024-02-20 06:00:00,0.0,465.24,725.19,1368.1,2558.53
2024-02-20 07:00:00,301.78,466.92,757.27,1793.89,3319.86
2024-02-20 08:00:00,466.21,567.43,747.14,1693.56,3474.35
2024-02-20 09:00:00,586.41,429.84,717.65,1587.17,3321.08
2024-02-20 10:00:00,825.67,379.67,699.26,1679.18,3583.78
2024-02-20 11:00:00,861.92,529.23,891.6,992.28,3275.03
2024-02-20 12:00:00,789.21,617.09,887.45,1985.21,4278.97
2024-02-20 13:00:00,910.15,380.99,733.71,1589.4,3614.25
2024-02-20 14:00:00,817.76,547.14,801.94,1313.21,3480.06
2024-02-20 15:00:00,741.83,778.19,814.64,1986.89,4321.55
2024-02-20 16:00:00,378.47,586.35,721.77,1897.16,3583.74
2024-02-20 17:00:00,188.74,696.84,786.82,1366.35,3038.76
2024-02-20 18:00:00,0.0,398.49,706.84,1489.15,2594.48
2024-02-20 19:00:00,0.0,546.29,769.18,1328.62,2644.08
2024-02-20 20:00:00,0.0,486.28,803.78,1528.05,2818.11
2024-02-20 21:00:00,0.0,433.08,876.24,919.97,2229.3
2024-02-20 22:00:00,0.0,478.17,900.74,1599.41,2978.32
2024-02-20 23:00:00,0.0,437.96,798.91,1618.27,2855.14
2024-02-21 00:00:00,0.0,482.78,876.39,1418.01,2777.18
2024-02-21 01:00:00,0.0,324.22,753.38,1740.16,2817.76
2024-02-21 02:00:00,0.0,499.01,814.76,2086.17,3399.93
2024-02-21 03:00:00,0.0,393.77,826.23,923.68,2143.68
2024-02-21 04:00:00,0.0,598.19,803.08,1730.13,3131.41
2024-02-21 05:00:00,0.0,558.66,752.24,2163.15,3474.05
2024-02-21 06:00:00,0.0,512.86,727.18,2116.88,3356.92
2024-02-21 07:00:00,213.97,386.31,837.62,1682.5,3120.4
2024-02-21 08:00:00,337.82,512.74,714.69,1854.54,3419.79
2024-02-21 09:00:00,637.25,660.74,819.71,1511.97,3629.68
2024-02-21 10:00:00,692.58,538.62,764.61,1388.49,3384.29
2024-02-21 11:00:00,849.62,476.11,863.93,1497.52,3687.18
2024-02-21 12:00:00,806.68,487.71,770.19,1864.17,3928.74
2024-02-21 13:00:00,855.76,467.85,759.6,1332.98,3416.19
2024-02-21 14:00:00,733.51,422.21,779.31,1638.06,3573.09
2024-02-21 15:00:00,682.31,402.54,804.49,1392.67,3282.0
2024-02-21 16:00:00,373.33,525.89,859.65,1098.45,2857.32
2024-02-21 17:00:00,197.22,406.09,934.14,1807.72,3345.16
2024-02-21 18:00:00,0.0,676.73,654.97,1514.95,2846.65
2024-02-21 19:00:00,0.0,527.78,815.37,1253.74,2596.9
2024-02-21 20:00:00,0.0,541.0,730.78,1359.99,2631.77
2024-02-21 21:00:00,0.0,654.04,777.89,2170.86,3602.79
2024-02-21 22:00:00,0.0,405.96,807.28,1590.77,2804.0
2024-02-21 23:00:00,0.0,414.68,716.57,1861.89,2993.14
2024-02-22 00:00:00,0.0,659.3,708.22,1273.48,2641.0
2024-02-22 01:00:00,0.0,368.11,778.52,1816.15,2962.78
2024-02-22 02:00:00,0.0,578.52,803.83,1738.38,3120.73
2024-02-22 03:00:00,0.0,671.81,884.3,1568.94,3125.05
2024-02-22 04:00:00,0.0,593.83,659.17,2497.3,3750.3
2024-02-22 05:00:00,0.0,426.96,878.1,1897.28,3202.35
2024-02-22 06:00:00,0.0,136.14,754.77,1478.98,2369.9
2024-02-22 07:00:00,244.85,382.26,828.93,1484.56,2940.6
2024-02-22 08:00:00,263.6,576.89,771.62,1762.09,3374.2
2024-02-22 09:00:00,780.77,406.99,787.37,2119.37,4094.5
2024-02-22 10:00:00,772.15,621.94,805.65,1927.32,4127.06
2024-02-22 11:00:00,804.58,625.36,752.7,1677.58,3860.22
2024-02-22 12:00:00,876.51,569.51,788.41,1992.48,4226.91
2024-02-22 13:00:00,800.15,241.29,802.06,1759.6,3603.1
2024-02-22 14:00:00,538.54,573.67,937.49,1444.71,3494.42
2024-02-22 15:00:00,501.65,429.09,779.04,2130.9,3840.67
2024-02-22 16:00:00,457.8,507.84,803.96,1230.05,2999.65
2024-02-22 17:00:00,188.4,444.84,759.53,1409.36,2802.14
2024-02-22 18:00:00,0.0,419.14,823.94,1482.62,2725.69
2024-02-22 19:00:00,0.0,586.08,818.77,1732.07,3136.92
2024-02-22 20:00:00,0.0,439.68,862.23,1780.21,3082.12
2024-02-22 21:00:00,0.0,539.6,830.36,1246.53,2616.49
2024-02-22 22:00:00,0.0,550.43,792.0,1398.54,2740.97
2024-02-22 23:00:00,0.0,721.39,800.0,1585.41,3106.79
2024-02-23 00:00:00,0.0,566.61,832.79,1367.17,2766.57
2024-02-23 01:00:00,0.0,467.67,723.17,2051.73,3242.57
2024-02-23 02:00:00,0.0,479.71,826.89,1416.43,2723.03
2024-02-23 03:00:00,0.0,482.71,826.9,1217.82,2527.42
2024-02-23 04:00:00,0.0,338.32,785.95,1158.6,2282.87
2024-02-23 05:00:00,0.0,628.73,829.38,2019.99,3478.11
2024-02-23 06:00:00,0.0,348.03,816.55,1345.17,2509.76
2024-02-23 07:00:00,202.8,501.38,773.41,1917.08,3394.67
2024-02-23 08:00:00,357.5,497.31,734.83,1794.51,3384.14
2024-02-23 09:00:00,581.82,421.24,830.24,1794.53,3627.83
2024-02-23 10:00:00,894.74,605.88,662.57,1634.96,3798.15
2024-02-23 11:00:00,893.96,559.22,735.12,1657.06,3845.36
2024-02-23 12:00:00,864.93,322.86,805.77,980.01,2973.57
2024-02-23 13:00:00,668.18,404.1,776.96,1721.24,3570.48
2024-02-23 14:00:00,768.26,306.65,790.66,1406.34,3271.91
2024-02-23 15:00:00,502.94,360.43,735.19,1718.24,3316.8
2024-02-23 16:00:00,355.07,566.53,796.28,1646.46,3364.33
2024-02-23 17:00:00,241.28,548.87,819.59,1348.07,2957.82
2024-02-23 18:00:00,0.0,492.21,783.42,1903.51,3179.14
2024-02-23 19:00:00,0.0,618.95,865.53,1333.07,2817.55
2024-02-23 20:00:00,0.0,357.29,761.06,1510.9,2629.26
2024-02-23 21:00:00,0.0,548.84,700.81,1108.36,2358.02
2024-02-23 22:00:00,0.0,571.41,806.02,1457.75,2835.19
2024-02-23 23:00:00,0.0,572.9,744.95,1648.78,2966.62
2024-02-24 00:00:00,0.0,564.8,912.63,1758.21,3235.64
2024-02-24 01:00:00,0.0,348.45,797.95,2239.47,3385.88
2024-02-24 02:00:00,0.0,312.02,767.94,1655.86,2735.82
2024-02-24 03:00:00,0.0,402.07,762.49,1598.67,2763.24
2024-02-24 04:00:00,0.0,638.04,849.02,1951.85,3438.91
2024-02-24 05:00:00,0.0,566.62,786.7,1362.46,2715.79
2024-02-24 06:00:00,0.0,428.86,823.4,1706.52,2958.78
2024-02-24 07:00:00,274.93,574.02,798.24,1351.08,2998.27
2024-02-24 08:00:00,257.68,264.64,888.92,1481.22,2892.46
2024-02-24 09:00:00,739.83,514.61,805.35,1943.43,4003.21
2024-02-24 10:00:00,593.65,517.99,784.79,1691.74,3588.17
2024-02-24 11:00:00,702.23,517.37,825.19,1258.97,3303.76
2024-02-24 12:00:00,911.56,608.01,773.9,1593.08,3886.55
2024-02-24 13:00:00,762.31,490.91,840.4,1312.44,3406.07
2024-02-24 14:00:00,741.72,566.95,792.83,1372.4,3473.9
2024-02-24 15:00:00,589.82,479.47,773.63,1610.53,3453.45
2024-02-24 16:00:00,326.2,498.27,795.05,1639.21,3258.73
2024-02-24 17:00:00,253.46,486.19,807.8,1514.3,3061.75
2024-02-24 18:00:00,0.0,465.14,762.85,1604.57,2832.55
2024-02-24 19:00:00,0.0,262.56,714.94,1441.29,2418.79
2024-02-24 20:00:00,0.0,406.96,765.61,1747.78,2920.36
2024-02-24 21:00:00,0.0,355.81,796.37,1462.82,2615.0
2024-02-24 22:00:00,0.0,378.76,826.59,1737.28,2942.63
2024-02-24 23:00:00,0.0,618.45,792.31,930.41,2341.18
2024-02-25 00:00:00,0.0,439.34,658.02,1254.57,2351.92
2024-02-25 01:00:00,0.0,460.25,810.88,2030.55,3301.68
2024-02-25 02:00:00,0.0,510.56,755.85,1057.85,2324.26
2024-02-25 03:00:00,0.0,592.17,743.76,1700.73,3036.66
2024-02-25 04:00:00,0.0,294.15,802.48,1693.62,2790.24
2024-02-25 05:00:00,0.0,662.44,799.7,1529.42,2991.56
2024-02-25 06:00:00,0.0,642.42,871.68,1674.99,3189.09
2024-02-25 07:00:00,158.12,414.14,691.14,1503.13,2766.53
2024-02-25 08:00:00,418.11,299.03,775.47,1376.01,2868.61
2024-02-25 09:00:00,590.82,679.54,889.78,1793.45,3953.6
2024-02-25 10:00:00,726.73,618.61,832.39,1447.65,3625.38
2024-02-25 11:00:00,743.41,568.54,865.63,1404.44,3582.02
2024-02-25 12:00:00,1010.89,684.3,858.2,1616.59,4169.98
2024-02-25 13:00:00,781.46,503.09,770.1,1461.68,3516.34
2024-02-25 14:00:00,684.81,627.79,812.16,1842.94,3967.7
2024-02-25 15:00:00,599.12,663.5,792.86,1833.64,3889.12
2024-02-25 16:00:00,448.46,430.06,851.41,2021.29,3751.22
2024-02-25 17:00:00,209.64,442.31,706.37,1372.03,2730.35
2024-02-25 18:00:00,0.0,441.48,780.95,1579.45,2801.87
2024-02-25 19:00:00,0.0,378.84,802.76,1791.94,2973.54
2024-02-25 20:00:00,0.0,401.22,845.18,1896.22,3142.63
2024-02-25 21:00:00,0.0,417.2,788.07,2153.55,3358.83
2024-02-25 22:00:00,0.0,381.35,834.42,1817.62,3033.4
2024-02-25 23:00:00,0.0,372.36,835.4,1560.97,2768.72
2024-02-26 00:00:00,0.0,504.53,751.86,1490.41,2746.8
2024-02-26 01:00:00,0.0,516.78,726.71,1488.96,2732.45
2024-02-26 02:00:00,0.0,528.45,696.42,1752.91,2977.78
2024-02-26 03:00:00,0.0,535.02,789.12,1585.15,2909.28
2024-02-26 04:00:00,0.0,423.07,871.98,2077.4,3372.46
2024-02-26 05:00:00,0.0,463.02,936.71,2135.72,3535.44
2024-02-26 06:00:00,0.0,497.81,803.26,1889.05,3190.13
2024-02-26 07:00:00,245.95,577.61,876.44,1271.38,2971.39
2024-02-26 08:00:00,392.12,554.14,830.73,1675.03,3452.02
2024-02-26 09:00:00,659.28,377.07,801.9,1566.76,3405.01
2024-02-26 10:00:00,697.47,684.51,707.32,1518.65,3607.95
2024-02-26 11:00:00,565.64,659.03,805.7,1848.78,3879.15
2024-02-26 12:00:00,819.58,489.39,850.68,1569.53,3729.18
2024-02-26 13:00:00,942.29,634.1,775.68,1273.11,3625.19
2024-02-26 14:00:00,841.37,403.79,639.07,1886.56,3770.79
2024-02-26 15:00:00,581.28,456.04,893.43,1584.18,3514.93
2024-02-26 16:00:00,292.84,528.03,781.84,1664.25,3266.97
2024-02-26 17:00:00,209.81,420.96,796.57,1539.13,2966.46
2024-02-26 18:00:00,0.0,468.31,704.02,1875.75,3048.07
2024-02-26 19:00:00,0.0,465.59,771.53,1402.15,2639.26
2024-02-26 20:00:00,0.0,335.84,771.7,1707.06,2814.6
2024-02-26 21:00:00,0.0,463.27,729.25,1292.81,2485.33
2024-02-26 22:00:00,0.0,521.71,715.63,1794.9,3032.24
2024-02-26 23:00:00,0.0,539.91,870.64,1083.56,2494.11
2024-02-27 00:00:00,0.0,498.55,729.28,1483.64,2711.47
2024-02-27 01:00:00,0.0,515.09,931.37,1449.59,2896.05
2024-02-27 02:00:00,0.0,518.27,816.65,2040.97,3375.89
2024-02-27 03:00:00,0.0,471.94,819.67,1480.65,2772.27
2024-02-27 04:00:00,0.0,541.91,703.14,1726.52,2971.57
2024-02-27 05:00:00,0.0,410.33,769.12,1256.73,2436.18
2024-02-27 06:00:00,0.0,432.22,815.25,1543.58,2791.04
2024-02-27 07:00:00,303.14,615.72,781.61,1595.55,3296.03
2024-02-27 08:00:00,378.14,590.58,834.33,1917.71,3720.75
2024-02-27 09:00:00,529.62,502.46,877.49,1447.87,3357.43
2024-02-27 10:00:00,751.82,427.23,887.69,1994.41,4061.14
2024-02-27 11:00:00,998.97,478.69,833.41,1661.4,3972.47
2024-02-27 12:00:00,901.49,613.16,798.32,1884.6,4197.56
2024-02-27 13:00:00,956.34,518.86,884.96,1498.52,3858.68
2024-02-27 14:00:00,870.37,614.42,734.33,1475.67,3694.79
2024-02-27 15:00:00,640.79,506.73,837.95,1759.62,3745.08
2024-02-27 16:00:00,458.83,403.2,739.83,1496.35,3098.21
2024-02-27 17:00:00,210.99,386.32,809.43,1778.44,3185.18
2024-02-27 18:00:00,0.0,469.74,834.68,1171.79,2476.21
2024-02-27 19:00:00,0.0,516.02,649.85,1327.57,2493.44
2024-02-27 20:00:00,0.0,258.57,789.4,1769.98,2817.96
2024-02-27 21:00:00,0.0,318.77,798.71,2089.49,3206.96
2024-02-27 22:00:00,0.0,280.89,640.2,2012.61,2933.7
2024-02-27 23:00:00,0.0,679.4,777.1,1671.92,3128.43
2024-02-28 00:00:00,0.0,542.26,795.52,1189.66,2527.44
2024-02-28 01:00:00,0.0,377.94,811.47,1599.79,2789.21
2024-02-28 02:00:00,0.0,535.88,781.28,1431.21,2748.37
2024-02-28 03:00:00,0.0,356.75,740.53,1459.11,2556.4
2024-02-28 04:00:00,0.0,464.72,788.34,1635.48,2888.54
2024-02-28 05:00:00,0.0,478.59,775.52,1434.3,2688.41
2024-02-28 06:00:00,0.0,579.76,868.38,1717.88,3166.02
2024-02-28 07:00:00,231.19,543.24,687.15,1598.25,3059.84
2024-02-28 08:00:00,398.14,545.67,722.16,2027.31,3693.27
2024-02-28 09:00:00,694.66,486.23,733.46,1505.5,3419.85
2024-02-28 10:00:00,608.68,553.91,770.36,2175.36,4108.3
2024-02-28 11:00:00,681.37,660.46,734.62,1956.8,4033.25
2024-02-28 12:00:00,680.42,555.56,828.75,2109.08,4173.8
2024-02-28 13:00:00,836.67,422.66,790.09,1854.6,3904.01
2024-02-28 14:00:00,775.32,417.9,868.74,1550.11,3612.07
2024-02-28 15:00:00,628.86,513.69,815.84,1792.43,3750.83
2024-02-28 16:00:00,481.03,495.11,812.14,1002.65,2790.93
2024-02-28 17:00:00,181.39,265.02,894.88,1341.98,2683.28
2024-02-28 18:00:00,0.0,627.69,796.31,1219.65,2643.64
2024-02-28 19:00:00,0.0,530.12,831.53,1917.24,3278.88
2024-02-28 20:00:00,0.0,574.53,815.9,1419.42,2809.85
2024-02-28 21:00:00,0.0,522.01,683.49,1422.92,2628.42
2024-02-28 22:00:00,0.0,482.61,738.75,1880.14,3101.51
2024-02-28 23:00:00,0.0,494.17,845.64,1400.78,2740.59
2024-02-29 00:00:00,0.0,381.88,792.16,1355.19,2529.23
2024-02-29 01:00:00,0.0,418.93,741.14,1741.85,2901.92
2024-02-29 02:00:00,0.0,669.76,719.74,1463.19,2852.7
2024-02-29 03:00:00,0.0,244.16,708.37,1399.74,2352.27
2024-02-29 04:00:00,0.0,534.87,848.42,1556.75,2940.04
2024-02-29 05:00:00,0.0,454.01,853.61,1549.74,2857.37
2024-02-29 06:00:00,0.0,536.56,801.26,1667.18,3005.0
2024-02-29 07:00:00,215.12,481.99,889.84,1666.94,3253.89
2024-02-29 08:00:00,352.43,521.69,757.8,1807.81,3439.74
2024-02-29 09:00:00,739.83,414.66,778.26,1906.67,3839.43
2024-02-29 10:00:00,782.88,611.48,805.19,1545.39,3744.94
2024-02-29 11:00:00,702.29,496.52,708.79,1969.98,3877.57
2024-02-29 12:00:00,772.55,592.85,784.27,1359.38,3509.06
2024-02-29 13:00:00,760.58,541.61,745.37,1573.63,3621.18
2024-02-29 14:00:00,765.62,606.41,794.6,1514.49,3681.12
2024-02-29 15:00:00,518.83,415.46,827.03,1733.92,3495.24
2024-02-29 16:00:00,418.47,480.99,850.84,1512.06,3262.37
2024-02-29 17:00:00,275.29,225.31,774.54,1416.51,2691.65
2024-02-29 18:00:00,0.0,627.56,858.73,1874.14,3360.43
2024-02-29 19:00:00,0.0,459.7,895.66,2020.46,3375.82
2024-02-29 20:00:00,0.0,444.28,760.63,1389.77,2594.68
2024-02-29 21:00:00,0.0,228.39,701.56,1333.6,2263.55
2024-02-29 22:00:00,0.0,562.79,849.89,1318.0,2730.68
2024-02-29 23:00:00,0.0,470.21,705.54,1733.27,2909.02
2024-03-01 00:00:00,0.0,524.42,869.44,1532.41,2926.28
2024-03-01 01:00:00,0.0,634.95,711.91,1230.7,2577.57
2024-03-01 02:00:00,0.0,514.17,813.61,1652.71,2980.49
2024-03-01 03:00:00,0.0,300.42,714.48,1533.2,2548.11
2024-03-01 04:00:00,0.0,435.41,854.15,1917.81,3207.37
2024-03-01 05:00:00,0.0,385.44,826.08,779.35,1990.87
2024-03-01 06:00:00,0.0,731.35,787.5,1493.21,3012.06
2024-03-01 07:00:00,242.55,557.94,816.95,1488.71,3106.16
2024-03-01 08:00:00,482.11,420.26,844.27,1729.55,3476.19
2024-03-01 09:00:00,681.03,506.57,901.64,1494.16,3583.4
2024-03-01 10:00:00,757.79,507.05,723.07,2056.94,4044.85
2024-03-01 11:00:00,698.76,578.15,783.59,1565.36,3625.87
2024-03-01 12:00:00,1015.62,621.68,813.75,1898.89,4349.94
2024-03-01 13:00:00,945.46,387.59,882.71,1893.23,4108.99
2024-03-01 14:00:00,615.83,343.31,824.74,2052.1,3835.98
2024-03-01 15:00:00,665.99,532.27,858.97,1767.63,3824.85
2024-03-01 16:00:00,457.52,341.18,810.34,2215.83,3824.88
2024-03-01 17:00:00,251.53,684.25,820.36,1184.6,2940.74
2024-03-01 18:00:00,0.0,517.19,879.83,1493.56,2890.58
2024-03-01 19:00:00,0.0,640.94,754.76,1737.6,3133.3
2024-03-01 20:00:00,0.0,634.98,838.32,1733.99,3207.29
2024-03-01 21:00:00,0.0,687.5,774.61,1508.78,2970.89
2024-03-01 22:00:00,0.0,497.41,781.09,1525.08,2803.58
2024-03-01 23:00:00,0.0,462.08,838.06,1721.99,3022.13
2024-03-02 00:00:00,0.0,579.56,812.03,1304.9,2696.48
2024-03-02 01:00:00,0.0,519.06,862.65,1947.12,3328.82
2024-03-02 02:00:00,0.0,654.89,782.4,1173.17,2610.46
2024-03-02 03:00:00,0.0,518.42,842.49,1485.41,2846.32
2024-03-02 04:00:00,0.0,732.53,758.0,1396.48,2887.01
2024-03-02 05:00:00,0.0,697.27,695.13,1665.81,3058.21
2024-03-02 06:00:00,0.0,439.01,777.37,1529.77,2746.16
2024-03-02 07:00:00,132.97,473.51,732.41,1991.7,3330.58
2024-03-02 08:00:00,380.6,536.02,761.02,1650.09,3327.73
2024-03-02 09:00:00,543.46,481.53,679.7,1566.39,3271.09
2024-03-02 10:00:00,801.02,394.85,839.84,1622.07,3657.78
2024-03-02 11:00:00,811.34,495.51,841.85,1773.86,3922.57
2024-03-02 12:00:00,850.72,325.52,767.26,1421.04,3364.54
2024-03-02 13:00:00,810.77,639.83,836.33,1779.51,4066.45
2024-03-02 14:00:00,544.48,452.97,730.69,1929.14,3657.28
2024-03-02 15:00:00,568.2,633.56,883.45,1820.95,3906.16
2024-03-02 16:00:00,453.22,425.55,787.13,1854.68,3520.58
2024-03-02 17:00:00,241.04,522.79,894.22,1755.35,3413.4
2024-03-02 18:00:00,0.0,555.03,764.8,1460.67,2780.5
2024-03-02 19:00:00,0.0,437.89,773.77,2057.52,3269.18
2024-03-02 20:00:00,0.0,525.37,698.16,1705.91,2929.44
2024-03-02 21:00:00,0.0,638.48,770.23,1501.41,2910.12
2024-03-02 22:00:00,0.0,485.95,834.69,1249.92,2570.56
2024-03-02 23:00:00,0.0,339.51,762.28,1965.19,3066.98
2024-03-03 00:00:00,0.0,599.73,852.18,1418.11,2870.02
2024-03-03 01:00:00,0.0,406.53,720.19,1467.3,2594.03
2024-03-03 02:00:00,0.0,707.8,769.7,1483.24,2960.74
2024-03-03 03:00:00,0.0,284.83,733.79,1376.83,2395.45
2024-03-03 04:00:00,0.0,559.87,694.49,1494.24,2748.6
2024-03-03 05:00:00,0.0,503.72,902.55,1292.07,2698.34
2024-03-03 06:00:00,0.0,613.7,749.36,1603.04,2966.1
2024-03-03 07:00:00,238.59,513.91,752.11,1621.46,3126.06
2024-03-03 08:00:00,472.68,714.16,787.46,1450.7,3425.0
2024-03-03 09:00:00,567.58,684.1,769.58,1447.93,3469.18
2024-03-03 10:00:00,561.67,481.61,702.95,1968.26,3714.49
2024-03-03 11:00:00,792.55,769.38,916.57,1685.41,4163.91
2024-03-03 12:00:00,723.07,313.72,818.96,1761.37,3617.12
2024-03-03 13:00:00,680.93,541.66,785.05,1761.46,3769.11
2024-03-03 14:00:00,647.67,472.13,839.15,1750.05,3709.01
2024-03-03 15:00:00,539.85,436.32,821.51,1771.05,3568.73
2024-03-03 16:00:00,417.05,523.77,718.15,1370.91,3029.88
2024-03-03 17:00:00,228.54,721.09,804.43,1879.39,3633.45
2024-03-03 18:00:00,0.0,526.58,785.98,1167.72,2480.28
2024-03-03 19:00:00,0.0,473.85,716.1,1685.07,2875.02
2024-03-03 20:00:00,0.0,458.87,756.56,1633.59,2849.01
2024-03-03 21:00:00,0.0,577.4,850.18,1816.92,3244.5
2024-03-03 22:00:00,0.0,326.22,740.11,1627.09,2693.43
2024-03-03 23:00:00,0.0,619.12,886.04,1687.0,3192.15
2024-03-04 00:00:00,0.0,575.48,878.73,1896.66,3350.87
2024-03-04 01:00:00,0.0,418.32,736.31,1326.64,2481.26
2024-03-04 02:00:00,0.0,394.07,860.21,1947.29,3201.57
2024-03-04 03:00:00,0.0,512.99,845.24,1505.42,2863.64
2024-03-04 04:00:00,0.0,496.27,834.03,1668.66,2998.97
2024-03-04 05:00:00,0.0,408.52,773.99,1608.22,2790.74
2024-03-04 06:00:00,0.0,550.94,789.52,1403.15,2743.62
2024-03-04 07:00:00,209.77,624.04,777.83,1753.27,3364.91
2024-03-04 08:00:00,375.33,507.59,888.16,2019.76,3790.83
2024-03-04 09:00:00,666.68,441.98,786.38,1733.92,3628.96
2024-03-04 10:00:00,803.67,462.96,756.71,1740.9,3764.24
2024-03-04 11:00:00,902.27,451.16,770.21,1284.35,3407.99
2024-03-04 12:00:00,887.89,735.58,771.83,1553.72,3949.01
2024-03-04 13:00:00,1088.54,555.29,628.07,1517.13,3789.04
2024-03-04 14:00:00,836.04,841.74,939.57,2019.05,4636.4
2024-03-04 15:00:00,664.7,359.8,800.92,1525.61,3351.04
2024-03-04 16:00:00,499.25,641.26,749.75,2008.32,3898.58
2024-03-04 17:00:00,178.85,583.33,799.05,1609.41,3170.64
2024-03-04 18:00:00,0.0,466.83,853.9,1364.46,2685.19
2024-03-04 19:00:00,0.0,469.75,756.1,1753.64,2979.49
2024-03-04 20:00:00,0.0,567.62,700.0,1227.13,2494.74
2024-03-04 21:00:00,0.0,610.34,900.09,1864.2,3374.63
2024-03-04 22:00:00,0.0,461.82,809.93,1781.12,3052.88
2024-03-04 23:00:00,0.0,456.25,863.37,1549.6,2869.22
2024-03-05 00:00:00,0.0,458.89,794.09,1570.74,2823.73
2024-03-05 01:00:00,0.0,505.91,833.83,1297.74,2637.48
2024-03-05 02:00:00,0.0,422.78,810.95,1615.64,2849.38
2024-03-05 03:00:00,0.0,533.01,685.6,1507.4,2726.01
2024-03-05 04:00:00,0.0,631.31,737.97,1462.29,2831.58
2024-03-05 05:00:00,0.0,509.52,834.32,1591.04,2934.88
2024-03-05 06:00:00,0.0,543.34,840.93,1930.15,3314.42
2024-03-05 07:00:00,240.32,292.84,923.27,1921.6,3378.03
2024-03-05 08:00:00,467.28,566.8,751.65,1871.59,3657.32
2024-03-05 09:00:00,532.74,552.45,877.0,1634.43,3596.62
2024-03-05 10:00:00,681.36,435.6,761.37,1173.48,3051.8
2024-03-05 11:00:00,737.22,768.89,801.04,1603.34,3910.48
2024-03-05 12:00:00,921.83,393.57,764.48,1925.36,4005.24
2024-03-05 13:00:00,839.49,531.91,703.55,1640.32,3715.27
2024-03-05 14:00:00,537.88,561.74,815.27,1675.29,3590.18
2024-03-05 15:00:00,610.21,470.4,917.91,1356.91,3355.43
2024-03-05 16:00:00,432.59,439.83,797.85,1225.92,2896.2
2024-03-05 17:00:00,196.82,562.72,796.44,1509.07,3065.04
2024-03-05 18:00:00,0.0,564.44,837.26,1602.95,3004.66
2024-03-05 19:00:00,0.0,597.02,841.78,1370.66,2809.46
2024-03-05 20:00:00,0.0,571.06,934.12,1727.71,3232.88
2024-03-05 21:00:00,0.0,508.62,768.21,2021.74,3298.58
2024-03-05 22:00:00,0.0,399.32,788.74,1555.51,2743.58
2024-03-05 23:00:00,0.0,504.9,802.71,1684.01,2991.62
2024-03-06 00:00:00,0.0,450.5,852.66,1438.24,2741.41
2024-03-06 01:00:00,0.0,509.72,744.35,1723.68,2977.75
2024-03-06 02:00:00,0.0,313.05,793.72,2091.27,3198.05
2024-03-06 03:00:00,0.0,519.27,809.44,1543.77,2872.48
2024-03-06 04:00:00,0.0,356.53,748.21,1391.74,2496.48
2024-03-06 05:00:00,0.0,401.73,760.09,703.32,1865.14
2024-03-06 06:00:00,0.0,344.95,723.01,1107.6,2175.56
2024-03-06 07:00:00,211.18,455.92,866.15,1715.0,3248.26
2024-03-06 08:00:00,495.47,571.59,760.11,1960.87,3788.04
2024-03-06 09:00:00,584.35,266.9,900.07,1516.13,3267.45
2024-03-06 10:00:00,805.69,505.09,803.8,1231.8,3346.39
2024-03-06 11:00:00,769.49,551.07,834.3,1440.65,3595.52
2024-03-06 12:00:00,901.97,393.2,764.06,960.15,3019.39
2024-03-06 13:00:00,938.76,356.42,730.71,1822.54,3848.43
2024-03-06 14:00:00,914.14,401.88,815.53,1812.37,3943.92
2024-03-06 15:00:00,458.33,537.23,918.76,1668.36,3582.67
2024-03-06 16:00:00,415.55,516.57,716.81,2079.8,3728.72
2024-03-06 17:00:00,231.4,446.61,824.63,1424.35,2926.99
2024-03-06 18:00:00,0.0,675.15,778.36,1609.4,3062.9
2024-03-06 19:00:00,0.0,465.94,952.88,1489.26,2908.09
2024-03-06 20:00:00,0.0,473.83,885.87,1514.5,2874.19
2024-03-06 21:00:00,0.0,503.93,701.84,1628.88,2834.65
2024-03-06 22:00:00,0.0,587.76,796.63,1697.68,3082.07
2024-03-06 23:00:00,0.0,703.28,873.46,1477.89,3054.64
2024-03-07 00:00:00,0.0,552.71,793.25,1485.97,2831.94
2024-03-07 01:00:00,0.0,351.09,706.85,1399.94,2457.88
2024-03-07 02:00:00,0.0,563.25,661.43,1304.79,2529.47
2024-03-07 03:00:00,0.0,439.11,765.75,1405.32,2610.17
2024-03-07 04:00:00,0.0,659.1,741.4,1704.28,3104.78
2024-03-07 05:00:00,0.0,422.45,767.2,2004.35,3194.01
2024-03-07 06:00:00,0.0,318.14,786.36,1512.28,2616.79
2024-03-07 07:00:00,229.87,437.15,884.56,1315.05,2866.63
2024-03-07 08:00:00,298.46,467.98,760.52,1398.26,2925.22
2024-03-07 09:00:00,629.33,647.83,688.8,1299.03,3264.99
2024-03-07 10:00:00,704.51,309.65,782.82,1438.01,3234.99
2024-03-07 11:00:00,823.32,575.24,921.27,1851.73,4171.56
2024-03-07 12:00:00,798.74,295.71,694.15,1773.86,3562.46
2024-03-07 13:00:00,933.69,278.72,790.08,1354.38,3356.87
2024-03-07 14:00:00,795.94,569.4,790.28,1112.04,3267.65
2024-03-07 15:00:00,739.42,699.68,856.82,1703.75,3999.67
2024-03-07 16:00:00,398.86,498.82,810.44,1604.15,3312.27
2024-03-07 17:00:00,215.56,374.69,775.6,1345.01,2710.86
2024-03-07 18:00:00,0.0,539.76,718.21,1930.19,3188.15
2024-03-07 19:00:00,0.0,741.79,915.93,1287.03,2944.75
2024-03-07 20:00:00,0.0,429.7,772.92,2220.93,3423.55
2024-03-07 21:00:00,0.0,596.72,825.63,1968.38,3390.73
2024-03-07 22:00:00,0.0,451.31,779.84,1393.06,2624.21
2024-03-07 23:00:00,0.0,432.46,741.47,1568.44,2742.37
2024-03-08 00:00:00,0.0,388.31,829.78,1702.19,2920.28
2024-03-08 01:00:00,0.0,632.64,759.39,1444.17,2836.19
2024-03-08 02:00:00,0.0,281.05,817.5,1774.4,2872.95
2024-03-08 03:00:00,0.0,435.1,742.65,1535.15,2712.9
2024-03-08 04:00:00,0.0,454.71,822.43,1628.53,2905.67
2024-03-08 05:00:00,0.0,461.62,694.08,1766.64,2922.34
2024-03-08 06:00:00,0.0,511.0,797.42,1868.52,3176.94
2024-03-08 07:00:00,259.73,389.69,692.87,1280.2,2622.48
2024-03-08 08:00:00,463.3,301.21,874.09,1561.25,3199.86
2024-03-08 09:00:00,737.19,455.2,768.24,1980.77,3941.39
2024-03-08 10:00:00,512.69,363.03,710.55,1553.02,3139.3
2024-03-08 11:00:00,876.47,576.56,775.47,1506.81,3735.31
2024-03-08 12:00:00,708.18,394.67,764.61,1711.82,3579.27
2024-03-08 13:00:00,813.32,480.25,658.17,1635.32,3587.06
2024-03-08 14:00:00,690.05,680.39,871.48,2253.83,4495.74
2024-03-08 15:00:00,580.82,557.47,810.43,1351.89,3300.61
2024-03-08 16:00:00,487.69,547.07,709.65,1527.25,3271.67
2024-03-08 17:00:00,235.02,401.45,800.26,1391.12,2827.84
2024-03-08 18:00:00,0.0,612.41,887.84,1763.16,3263.41
2024-03-08 19:00:00,0.0,279.98,863.19,1512.96,2656.13
2024-03-08 20:00:00,0.0,401.31,762.82,1587.78,2751.91
2024-03-08 21:00:00,0.0,531.9,835.03,1419.12,2786.05
2024-03-08 22:00:00,0.0,382.07,851.07,1281.28,2514.41
2024-03-08 23:00:00,0.0,397.3,855.93,1452.67,2705.9
2024-03-09 00:00:00,0.0,483.36,801.92,1474.86,2760.14
2024-03-09 01:00:00,0.0,492.32,786.65,1762.96,3041.93
2024-03-09 02:00:00,0.0,372.89,871.08,1876.9,3120.87
2024-03-09 03:00:00,0.0,455.01,808.39,1723.43,2986.82
2024-03-09 04:00:00,0.0,434.9,770.92,1358.45,2564.27
2024-03-09 05:00:00,0.0,486.58,892.25,1780.67,3159.51
2024-03-09 06:00:00,0.0,512.86,801.7,1553.91,2868.47
2024-03-09 07:00:00,222.67,585.22,904.0,1209.28,2921.17
2024-03-09 08:00:00,448.23,624.37,773.2,1705.47,3551.27
2024-03-09 09:00:00,625.88,553.69,665.85,1820.89,3666.32
2024-03-09 10:00:00,830.87,662.61,672.44,1350.0,3515.92
2024-03-09 11:00:00,753.98,757.39,782.1,1172.31,3465.78
2024-03-09 12:00:00,772.05,512.08,824.06,1918.93,4027.11
2024-03-09 13:00:00,859.75,570.76,818.03,1461.92,3710.46
2024-03-09 14:00:00,791.78,264.78,825.52,1717.27,3599.36
2024-03-09 15:00:00,656.96,371.15,806.85,1653.39,3488.35
2024-03-09 16:00:00,439.48,563.12,783.06,1423.23,3208.9
2024-03-09 17:00:00,202.88,560.3,841.08,1815.98,3420.25
2024-03-09 18:00:00,0.0,612.55,743.04,1370.41,2726.01
2024-03-09 19:00:00,0.0,360.88,724.48,1773.61,2858.98
2024-03-09 20:00:00,0.0,259.79,849.53,1826.26,2935.59
2024-03-09 21:00:00,0.0,440.92,763.29,1988.83,3193.05
2024-03-09 22:00:00,0.0,464.33,894.22,1963.2,3321.74
2024-03-09 23:00:00,0.0,531.63,784.0,1487.46,2803.09
2024-03-10 00:00:00,0.0,536.55,734.82,1716.66,2988.02
2024-03-10 01:00:00,0.0,794.95,711.98,1817.99,3324.91
2024-03-10 02:00:00,0.0,531.99,756.32,1397.5,2685.81
2024-03-10 03:00:00,0.0,425.06,825.44,1780.5,3031.0
2024-03-10 04:00:00,0.0,486.02,752.45,2056.4,3294.88
2024-03-10 05:00:00,0.0,427.13,782.26,1549.54,2758.93
2024-03-10 06:00:00,0.0,300.79,865.63,1812.23,2978.65
2024-03-10 07:00:00,185.3,443.4,933.09,1823.78,3385.57
2024-03-10 08:00:00,368.83,454.44,866.17,1012.21,2701.66
2024-03-10 09:00:00,700.41,551.29,871.03,1717.26,3839.98
2024-03-10 10:00:00,545.47,473.26,682.45,1939.9,3641.08
2024-03-10 11:00:00,866.91,534.69,793.52,1374.9,3570.02
2024-03-10 12:00:00,851.89,474.33,880.73,1663.25,3870.2
2024-03-10 13:00:00,584.33,378.2,743.7,1678.15,3384.39
2024-03-10 14:00:00,683.18,693.39,746.76,1527.25,3650.58
2024-03-10 15:00:00,461.36,608.58,790.57,1780.29,3640.8
2024-03-10 16:00:00,338.84,389.22,855.53,1497.54,3081.14
2024-03-10 17:00:00,203.5,513.87,833.81,2055.14,3606.31
2024-03-10 18:00:00,0.0,472.18,757.25,2006.87,3236.3
2024-03-10 19:00:00,0.0,592.01,803.59,1241.82,2637.42
2024-03-10 20:00:00,0.0,662.62,809.49,1389.45,2861.57
2024-03-10 21:00:00,0.0,373.19,804.34,1825.84,3003.37
2024-03-10 22:00:00,0.0,530.42,901.44,1623.42,3055.28
2024-03-10 23:00:00,0.0,426.67,784.1,1452.55,2663.31
2024-03-11 00:00:00,0.0,506.97,789.85,1184.99,2481.8
2024-03-11 01:00:00,0.0,558.11,798.11,1611.3,2967.51
2024-03-11 02:00:00,0.0,482.51,767.11,1752.23,3001.85
2024-03-11 03:00:00,0.0,246.88,856.66,1725.95,2829.49
2024-03-11 04:00:00,0.0,419.42,819.05,1600.48,2838.95
2024-03-11 05:00:00,0.0,707.62,819.99,1536.72,3064.32
2024-03-11 06:00:00,0.0,476.69,769.73,1790.43,3036.85
2024-03-11 07:00:00,225.44,593.88,776.73,1145.75,2741.79
2024-03-11 08:00:00,291.19,514.27,763.58,1472.44,3041.47
2024-03-11 09:00:00,589.77,465.72,634.47,1522.8,3212.77
2024-03-11 10:00:00,580.62,741.97,768.25,1428.34,3519.18
2024-03-11 11:00:00,828.58,458.06,875.22,1727.2,3889.07
2024-03-11 12:00:00,914.01,410.06,798.72,1717.22,3840.01
2024-03-11 13:00:00,1051.46,385.49,729.58,1487.54,3654.07
2024-03-11 14:00:00,1024.53,504.39,800.65,1758.61,4088.19
2024-03-11 15:00:00,667.05,554.37,757.2,1954.3,3932.92
2024-03-11 16:00:00,427.18,474.33,763.23,1567.95,3232.69
2024-03-11 17:00:00,228.31,478.83,711.14,1280.96,2699.23
2024-03-11 18:00:00,0.0,681.4,914.85,1276.25,2872.5
2024-03-11 19:00:00,0.0,427.4,824.34,1301.39,2553.13
2024-03-11 20:00:00,0.0,412.7,759.9,1367.62,2540.23
2024-03-11 21:00:00,0.0,517.05,789.92,1778.86,3085.83
2024-03-11 22:00:00,0.0,571.17,860.52,1883.97,3315.66
2024-03-11 23:00:00,0.0,593.17,846.37,1832.93,3272.47
2024-03-12 00:00:00,0.0,647.51,843.35,1537.99,3028.85
2024-03-12 01:00:00,0.0,290.32,741.52,1680.27,2712.11
2024-03-12 02:00:00,0.0,361.99,875.43,1574.04,2811.47
2024-03-12 03:00:00,0.0,579.5,880.53,1549.35,3009.38
2024-03-12 04:00:00,0.0,490.49,793.95,1546.78,2831.21
2024-03-12 05:00:00,0.0,594.42,904.61,1576.14,3075.17
2024-03-12 06:00:00,0.0,662.22,902.77,1666.12,3231.12
2024-03-12 07:00:00,201.51,435.08,833.89,1635.0,3105.49
2024-03-12 08:00:00,412.4,422.14,759.1,1742.21,3335.85
2024-03-12 09:00:00,504.97,589.85,742.86,1500.44,3338.13
2024-03-12 10:00:00,889.72,542.11,732.07,1831.43,3995.32
2024-03-12 11:00:00,660.5,515.51,778.53,1764.91,3719.45
2024-03-12 12:00:00,746.53,376.65,772.96,1705.53,3601.67
2024-03-12 13:00:00,823.95,506.29,842.19,1761.7,3934.13
2024-03-12 14:00:00,704.82,580.93,806.22,1206.22,3298.19
2024-03-12 15:00:00,691.76,531.34,841.8,1548.44,3613.34
2024-03-12 16:00:00,364.39,522.92,720.8,1767.71,3375.82
2024-03-12 17:00:00,241.92,512.42,757.22,1189.23,2700.79
2024-03-12 18:00:00,0.0,420.1,709.43,1842.33,2971.86
2024-03-12 19:00:00,0.0,454.17,818.65,1170.83,2443.65
2024-03-12 20:00:00,0.0,633.65,775.68,1414.43,2823.76
2024-03-12 21:00:00,0.0,399.82,774.54,1826.23,3000.6
2024-03-12 22:00:00,0.0,448.55,782.04,1420.3,2650.89
2024-03-12 23:00:00,0.0,491.97,757.39,1660.64,2909.99
2024-03-13 00:00:00,0.0,468.32,743.4,1712.96,2924.68
2024-03-13 01:00:00,0.0,386.85,779.1,1583.71,2749.66
2024-03-13 02:00:00,0.0,419.06,791.05,1735.99,2946.1
2024-03-13 03:00:00,0.0,531.97,769.3,1482.78,2784.05
2024-03-13 04:00:00,0.0,425.97,731.96,1943.27,3101.2
2024-03-13 05:00:00,0.0,526.62,841.49,1586.65,2954.76
2024-03-13 06:00:00,0.0,683.02,683.19,1684.23,3050.44
2024-03-13 07:00:00,190.09,603.47,839.25,1629.13,3261.94
2024-03-13 08:00:00,421.76,496.03,774.23,1859.07,3551.1
2024-03-13 09:00:00,635.15,422.75,836.11,1738.25,3632.27
2024-03-13 10:00:00,750.36,661.32,841.26,1582.55,3835.49
2024-03-13 11:00:00,685.08,440.29,826.32,915.0,2866.69
2024-03-13 12:00:00,918.37,426.45,748.83,1804.66,3898.32
2024-03-13 13:00:00,898.49,429.0,727.01,1366.31,3420.81
2024-03-13 14:00:00,769.78,709.35,850.59,1355.71,3685.43
2024-03-13 15:00:00,525.23,378.06,813.1,1905.04,3621.42
2024-03-13 16:00:00,409.22,414.31,793.48,1995.54,3612.55
2024-03-13 17:00:00,256.55,282.96,750.17,1694.25,2983.93
2024-03-13 18:00:00,0.0,476.46,722.78,1391.99,2591.24
2024-03-13 19:00:00,0.0,469.77,850.8,1543.15,2863.72
2024-03-13 20:00:00,0.0,631.54,797.02,1235.92,2664.48
2024-03-13 21:00:00,0.0,415.06,832.46,1874.79,3122.31
2024-03-13 22:00:00,0.0,283.71,816.01,1747.59,2847.32
2024-03-13 23:00:00,0.0,745.24,771.14,1162.63,2679.0
2024-03-14 00:00:00,0.0,248.51,749.62,1537.88,2536.01
2024-03-14 01:00:00,0.0,571.67,866.27,2044.07,3482.01
2024-03-14 02:00:00,0.0,368.39,742.81,1118.98,2230.19
2024-03-14 03:00:00,0.0,545.2,835.9,1477.87,2858.96
2024-03-14 04:00:00,0.0,540.43,759.39,1343.58,2643.4
2024-03-14 05:00:00,0.0,378.34,739.49,1640.29,2758.11
2024-03-14 06:00:00,0.0,680.08,724.02,1731.37,3135.47
2024-03-14 07:00:00,213.55,473.82,887.76,1392.91,2968.05
2024-03-14 08:00:00,423.23,491.35,780.61,1540.04,3235.22
2024-03-14 09:00:00,501.28,535.3,908.71,1857.27,3802.58
2024-03-14 10:00:00,780.55,550.44,823.42,1609.82,3764.23
2024-03-14 11:00:00,869.93,475.33,772.1,1927.03,4044.4
2024-03-14 12:00:00,725.43,202.63,786.65,1711.84,3426.54
2024-03-14 13:00:00,762.57,530.27,925.35,1448.62,3666.81
2024-03-14 14:00:00,687.19,542.72,793.58,1905.06,3928.54
2024-03-14 15:00:00,588.2,532.55,811.56,2076.15,4008.47
2024-03-14 16:00:00,482.75,578.58,689.5,1151.07,2901.91
2024-03-14 17:00:00,219.05,385.65,822.67,1925.25,3352.62
2024-03-14 18:00:00,0.0,487.1,872.21,1926.21,3285.52
2024-03-14 19:00:00,0.0,425.92,915.04,1465.39,2806.35
2024-03-14 20:00:00,0.0,675.52,819.39,1518.41,3013.32
2024-03-14 21:00:00,0.0,614.85,861.85,1503.53,2980.24
2024-03-14 22:00:00,0.0,608.7,797.7,1952.26,3358.67
2024-03-14 23:00:00,0.0,652.39,746.32,1623.98,3022.69
2024-03-15 00:00:00,0.0,737.21,682.51,1383.62,2803.34
2024-03-15 01:00:00,0.0,335.62,855.53,1980.22,3171.38
2024-03-15 02:00:00,0.0,367.0,813.02,1386.81,2566.84
2024-03-15 03:00:00,0.0,625.59,811.63,1549.28,2986.5
2024-03-15 04:00:00,0.0,557.27,732.41,1685.85,2975.53
2024-03-15 05:00:00,0.0,423.44,827.51,1433.57,2684.52
2024-03-15 06:00:00,0.0,558.95,830.63,1968.88,3358.46
2024-03-15 07:00:00,212.92,559.97,818.61,959.58,2551.09
2024-03-15 08:00:00,352.77,452.7,769.94,1253.88,2829.3
2024-03-15 09:00:00,627.25,358.8,796.03,1499.44,3281.52
2024-03-15 10:00:00,865.72,485.55,841.95,1040.01,3233.22
2024-03-15 11:00:00,1039.67,489.93,848.76,1476.29,3854.65
2024-03-15 12:00:00,829.78,549.81,844.44,1959.41,4183.44
2024-03-15 13:00:00,756.58,607.02,909.27,1505.69,3778.56
2024-03-15 14:00:00,946.92,633.14,724.42,1753.35,4057.82
2024-03-15 15:00:00,601.58,504.09,753.76,1794.06,3653.49
2024-03-15 16:00:00,412.37,531.56,813.14,1487.34,3244.41
2024-03-15 17:00:00,248.64,649.64,775.29,1826.45,3500.02
2024-03-15 18:00:00,0.0,545.82,760.93,1522.22,2828.97
2024-03-15 19:00:00,0.0,531.72,750.91,1621.32,2903.95
2024-03-15 20:00:00,0.0,568.4,742.47,1848.71,3159.58
2024-03-15 21:00:00,0.0,631.58,799.94,1634.92,3066.44
2024-03-15 22:00:00,0.0,369.72,821.54,2050.62,3241.87
2024-03-15 23:00:00,0.0,513.67,785.95,1594.84,2894.45
2024-03-16 00:00:00,0.0,579.23,754.05,1701.52,3034.8
2024-03-16 01:00:00,0.0,687.15,809.19,1767.14,3263.48
2024-03-16 02:00:00,0.0,450.42,926.57,1785.29,3162.28
2024-03-16 03:00:00,0.0,569.31,726.27,1543.9,2839.48
2024-03-16 04:00:00,0.0,400.34,953.19,1646.17,2999.7
2024-03-16 05:00:00,0.0,499.98,847.63,1786.19,3133.8
2024-03-16 06:00:00,0.0,562.19,876.32,1794.1,3232.6
2024-03-16 07:00:00,315.1,443.69,771.39,1938.32,3468.49
2024-03-16 08:00:00,413.07,433.61,720.71,1744.39,3311.79
2024-03-16 09:00:00,478.25,399.58,657.02,1472.87,3007.72
2024-03-16 10:00:00,838.47,464.29,799.77,1363.0,3465.52
2024-03-16 11:00:00,845.17,467.17,785.42,2008.53,4106.3
2024-03-16 12:00:00,851.05,410.57,868.48,1593.85,3723.95
2024-03-16 13:00:00,875.49,700.86,669.39,1480.55,3726.29
2024-03-16 14:00:00,700.08,749.1,843.95,1362.31,3655.44
2024-03-16 15:00:00,525.51,540.96,846.72,1357.51,3270.69
2024-03-16 16:00:00,435.95,502.95,834.84,1345.03,3118.77
2024-03-16 17:00:00,205.9,556.09,760.79,1641.98,3164.76
2024-03-16 18:00:00,0.0,629.2,822.93,1716.98,3169.1
2024-03-16 19:00:00,0.0,434.9,747.27,1510.75,2692.92
2024-03-16 20:00:00,0.0,448.81,850.9,1860.9,3160.6
2024-03-16 21:00:00,0.0,518.55,831.77,1516.17,2866.49
2024-03-16 22:00:00,0.0,439.0,761.87,1774.66,2975.53
2024-03-16 23:00:00,0.0,562.05,845.11,1511.57,2918.72
2024-03-17 00:00:00,0.0,401.28,800.76,1807.23,3009.28
2024-03-17 01:00:00,0.0,539.15,731.44,1614.92,2885.51
2024-03-17 02:00:00,0.0,548.71,780.51,1221.76,2550.98
2024-03-17 03:00:00,0.0,569.97,827.85,1273.61,2671.43
2024-03-17 04:00:00,0.0,410.26,643.01,1449.32,2502.59
2024-03-17 05:00:00,0.0,590.44,767.34,1853.07,3210.85
2024-03-17 06:00:00,0.0,369.82,792.27,1839.25,3001.33
2024-03-17 07:00:00,189.09,437.1,839.72,1919.85,3385.76
2024-03-17 08:00:00,455.99,504.48,726.74,1308.43,2995.64
2024-03-17 09:00:00,439.6,598.11,741.21,1986.12,3765.04
2024-03-17 10:00:00,908.25,345.03,760.02,1270.71,3284.01
2024-03-17 11:00:00,670.56,528.47,813.26,1853.72,3866.01
2024-03-17 12:00:00,947.91,448.72,731.55,1909.78,4037.96
2024-03-17 13:00:00,655.69,443.06,846.15,1775.32,3720.23
2024-03-17 14:00:00,580.1,564.65,779.51,1871.91,3796.17
2024-03-17 15:00:00,558.82,721.9,819.55,1530.16,3630.44
2024-03-17 16:00:00,450.35,398.1,786.43,1687.07,3321.95
2024-03-17 17:00:00,185.17,381.54,824.58,1513.52,2904.82
2024-03-17 18:00:00,0.0,351.99,795.63,1806.96,2954.58
2024-03-17 19:00:00,0.0,527.88,777.76,1477.71,2783.35
2024-03-17 20:00:00,0.0,371.25,888.37,1282.55,2542.16
2024-03-17 21:00:00,0.0,441.27,679.98,1096.23,2217.48
2024-03-17 22:00:00,0.0,604.68,868.17,1538.61,3011.46
2024-03-17 23:00:00,0.0,494.61,770.78,1255.2,2520.59
2024-03-18 00:00:00,0.0,600.93,847.77,1674.43,3123.13
2024-03-18 01:00:00,0.0,711.36,770.07,1883.87,3365.29
2024-03-18 02:00:00,0.0,412.58,774.01,1590.93,2777.52
2024-03-18 03:00:00,0.0,579.47,832.96,1670.18,3082.61
2024-03-18 04:00:00,0.0,509.29,827.04,1742.13,3078.46
2024-03-18 05:00:00,0.0,309.48,762.42,1530.31,2602.2
2024-03-18 06:00:00,0.0,710.91,748.47,1234.55,2693.94
2024-03-18 07:00:00,226.33,495.59,787.4,1445.31,2954.64
2024-03-18 08:00:00,368.66,494.28,816.72,1518.46,3198.13
2024-03-18 09:00:00,704.41,577.14,861.67,1938.04,4081.26
2024-03-18 10:00:00,553.08,640.01,781.72,1393.09,3367.9
2024-03-18 11:00:00,800.71,684.23,759.47,1886.26,4130.67
2024-03-18 12:00:00,745.0,617.51,731.75,1698.67,3792.93
2024-03-18 13:00:00,885.88,499.2,805.36,1632.3,3822.74
2024-03-18 14:00:00,924.84,352.24,757.03,1591.38,3625.49
2024-03-18 15:00:00,627.7,577.99,853.97,1907.4,3967.05
2024-03-18 16:00:00,372.99,516.63,723.64,1484.13,3097.4
2024-03-18 17:00:00,250.59,539.33,874.29,1548.97,3213.18
2024-03-18 18:00:00,0.0,585.14,791.68,1833.03,3209.85
2024-03-18 19:00:00,0.0,691.31,894.46,1865.78,3451.55
2024-03-18 20:00:00,0.0,544.43,731.17,1651.57,2927.16
2024-03-18 21:00:00,0.0,523.57,817.35,1838.94,3179.86
2024-03-18 22:00:00,0.0,458.23,764.54,1511.79,2734.55
2024-03-18 23:00:00,0.0,550.92,800.18,1611.32,2962.42
2024-03-19 00:00:00,0.0,544.48,712.26,1688.46,2945.21
2024-03-19 01:00:00,0.0,332.85,759.98,1530.75,2623.57
2024-03-19 02:00:00,0.0,398.41,837.96,1324.17,2560.54
2024-03-19 03:00:00,0.0,523.18,797.85,1355.92,2676.95
2024-03-19 04:00:00,0.0,375.75,817.28,1736.44,2929.48
2024-03-19 05:00:00,0.0,337.72,793.29,2166.53,3297.55
2024-03-19 06:00:00,0.0,351.41,848.12,1729.5,2929.03
2024-03-19 07:00:00,198.85,450.17,787.8,1990.38,3427.19
2024-03-19 08:00:00,423.72,412.89,836.84,1538.04,3211.5
2024-03-19 09:00:00,512.72,423.29,809.21,1932.31,3677.54
2024-03-19 10:00:00,963.96,486.97,837.93,1890.45,4179.31
2024-03-19 11:00:00,747.05,391.99,821.4,1522.19,3482.63
2024-03-19 12:00:00,974.09,489.27,827.59,1659.94,3950.9
2024-03-19 13:00:00,800.56,327.82,744.48,1664.83,3537.69
2024-03-19 14:00:00,779.18,578.36,873.73,1591.94,3823.2
2024-03-19 15:00:00,388.71,668.67,996.22,1256.43,3310.03
2024-03-19 16:00:00,383.88,720.11,750.25,1432.37,3286.62
2024-03-19 17:00:00,229.94,378.73,882.42,1211.26,2702.35
2024-03-19 18:00:00,0.0,516.77,839.84,1479.44,2836.05
2024-03-19 19:00:00,0.0,612.7,844.23,1648.67,3105.6
2024-03-19 20:00:00,0.0,699.18,744.17,1663.24,3106.59
2024-03-19 21:00:00,0.0,544.25,824.23,1497.96,2866.43
2024-03-19 22:00:00,0.0,495.75,936.23,1285.77,2717.76
2024-03-19 23:00:00,0.0,540.7,929.35,1525.34,2995.38
2024-03-20 00:00:00,0.0,705.73,836.11,1725.69,3267.53
2024-03-20 01:00:00,0.0,583.54,743.18,1656.3,2983.01
2024-03-20 02:00:00,0.0,279.73,782.04,2169.69,3231.46
2024-03-20 03:00:00,0.0,456.75,710.82,1618.92,2786.49
2024-03-20 04:00:00,0.0,614.84,797.63,1871.42,3283.88
2024-03-20 05:00:00,0.0,587.31,713.38,1806.43,3107.12
2024-03-20 06:00:00,0.0,501.12,777.15,1258.14,2536.41
2024-03-20 07:00:00,247.15,429.99,878.23,2086.41,3641.76
2024-03-20 08:00:00,463.43,432.03,740.91,1530.34,3166.71
2024-03-20 09:00:00,644.9,477.66,846.89,1772.14,3741.59
2024-03-20 10:00:00,691.3,452.48,745.48,1669.0,3558.26
2024-03-20 11:00:00,815.12,582.48,838.88,1585.01,3821.5
2024-03-20 12:00:00,983.58,513.28,833.91,1554.96,3885.72
2024-03-20 13:00:00,754.54,464.86,781.02,2063.92,4064.34
2024-03-20 14:00:00,693.59,553.07,834.18,1462.49,3543.33
2024-03-20 15:00:00,727.95,417.13,804.46,1574.19,3523.73
2024-03-20 16:00:00,340.72,633.38,724.62,1457.66,3156.38
2024-03-20 17:00:00,183.57,413.64,880.28,1641.71,3119.2
2024-03-20 18:00:00,0.0,553.2,823.02,1678.52,3054.75
2024-03-20 19:00:00,0.0,569.18,751.23,1924.23,3244.63
2024-03-20 20:00:00,0.0,350.12,690.6,1503.95,2544.67
2024-03-20 21:00:00,0.0,458.43,821.49,1648.97,2928.89
2024-03-20 22:00:00,0.0,622.11,832.51,1847.48,3302.09
2024-03-20 23:00:00,0.0,617.26,893.68,1612.71,3123.65
2024-03-21 00:00:00,0.0,385.0,809.42,1792.81,2987.23
2024-03-21 01:00:00,0.0,503.2,770.68,1351.92,2625.79
2024-03-21 02:00:00,0.0,520.14,710.99,1656.89,2888.02
2024-03-21 03:00:00,0.0,433.88,716.69,1390.0,2540.58
2024-03-21 04:00:00,0.0,479.84,784.7,1150.98,2415.51
2024-03-21 05:00:00,0.0,415.95,704.56,1360.49,2481.01
2024-03-21 06:00:00,0.0,338.68,869.04,1382.54,2590.26
2024-03-21 07:00:00,202.75,539.49,632.39,1601.24,2975.87
2024-03-21 08:00:00,466.87,627.63,858.73,1862.73,3815.95
2024-03-21 09:00:00,753.25,595.26,837.94,1601.52,3787.97
2024-03-21 10:00:00,685.23,434.07,759.56,1368.68,3247.53
2024-03-21 11:00:00,776.95,564.38,775.0,1610.57,3726.9
2024-03-21 12:00:00,701.44,645.92,739.89,1966.91,4054.16
2024-03-21 13:00:00,788.36,631.45,818.76,1181.96,3420.53
2024-03-21 14:00:00,726.26,263.92,698.86,1609.7,3298.75
2024-03-21 15:00:00,535.6,298.56,822.66,1572.71,3229.53
2024-03-21 16:00:00,409.15,595.1,872.26,1802.36,3678.87
2024-03-21 17:00:00,202.61,462.47,770.14,1746.41,3181.63
2024-03-21 18:00:00,0.0,566.53,832.74,1839.44,3238.71
2024-03-21 19:00:00,0.0,391.13,771.65,1383.6,2546.38
2024-03-21 20:00:00,0.0,326.62,723.18,1692.22,2742.03
2024-03-21 21:00:00,0.0,460.9,787.84,1540.49,2789.23
2024-03-21 22:00:00,0.0,539.76,781.14,1459.4,2780.29
2024-03-21 23:00:00,0.0,428.14,853.88,1174.02,2456.03
2024-03-22 00:00:00,0.0,556.13,872.55,1513.99,2942.68
2024-03-22 01:00:00,0.0,491.61,809.08,1114.39,2415.08
2024-03-22 02:00:00,0.0,625.29,771.27,1310.95,2707.5
2024-03-22 03:00:00,0.0,653.96,873.05,1548.68,3075.69
2024-03-22 04:00:00,0.0,335.98,802.63,1771.24,2909.86
2024-03-22 05:00:00,0.0,424.2,676.71,1546.54,2647.44
2024-03-22 06:00:00,0.0,380.4,802.73,1419.48,2602.6
2024-03-22 07:00:00,172.88,472.22,917.24,1610.84,3173.19
2024-03-22 08:00:00,492.65,601.12,864.57,1287.0,3245.34
2024-03-22 09:00:00,587.39,549.06,793.93,1698.25,3628.63
2024-03-22 10:00:00,814.56,431.46,662.36,1850.96,3759.33
2024-03-22 11:00:00,1153.44,558.56,774.83,1579.04,4065.86
2024-03-22 12:00:00,816.1,533.09,821.2,947.0,3117.4
2024-03-22 13:00:00,641.47,468.06,758.96,1029.11,2897.59
2024-03-22 14:00:00,715.63,735.31,741.47,1673.73,3866.14
2024-03-22 15:00:00,732.43,330.63,688.49,2133.63,3885.19
2024-03-22 16:00:00,462.28,596.38,750.85,1794.29,3603.8
2024-03-22 17:00:00,249.53,696.27,698.87,1438.44,3083.11
2024-03-22 18:00:00,0.0,537.06,825.41,1409.99,2772.46
2024-03-22 19:00:00,0.0,360.92,893.05,1730.68,2984.65
2024-03-22 20:00:00,0.0,418.72,725.62,1379.26,2523.6
2024-03-22 21:00:00,0.0,608.97,837.76,1525.11,2971.84
2024-03-22 22:00:00,0.0,497.04,856.65,982.98,2336.68
2024-03-22 23:00:00,0.0,458.1,750.72,1477.78,2686.6
2024-03-23 00:00:00,0.0,482.05,911.89,1209.19,2603.13
2024-03-23 01:00:00,0.0,570.7,760.02,1948.14,3278.86
2024-03-23 02:00:00,0.0,592.72,818.88,1862.88,3274.48
2024-03-23 03:00:00,0.0,496.0,773.42,1529.07,2798.49
2024-03-23 04:00:00,0.0,572.5,807.23,1365.48,2745.21
2024-03-23 05:00:00,0.0,523.5,901.95,1423.27,2848.71
2024-03-23 06:00:00,0.0,495.81,756.07,1451.17,2703.05
2024-03-23 07:00:00,241.49,593.97,784.66,2094.81,3714.94
2024-03-23 08:00:00,347.45,387.1,649.23,1252.53,2636.31
2024-03-23 09:00:00,556.63,387.5,835.35,1294.64,3074.11
2024-03-23 10:00:00,851.98,579.69,803.03,1252.89,3487.59
2024-03-23 11:00:00,719.48,392.51,852.03,1730.36,3694.38
2024-03-23 12:00:00,783.5,640.96,723.86,1777.41,3925.73
2024-03-23 13:00:00,893.66,472.04,751.0,2213.58,4330.28
2024-03-23 14:00:00,948.96,524.75,675.86,1964.23,4113.79
2024-03-23 15:00:00,589.05,364.3,873.29,1094.93,2921.57
2024-03-23 16:00:00,389.35,442.03,803.58,1456.16,3091.12
2024-03-23 17:00:00,238.76,485.32,770.73,1298.66,2793.47
2024-03-23 18:00:00,0.0,592.61,788.87,1832.12,3213.61
2024-03-23 19:00:00,0.0,421.39,911.77,1473.29,2806.45
2024-03-23 20:00:00,0.0,623.02,704.14,1471.79,2798.96
2024-03-23 21:00:00,0.0,482.38,778.37,1468.92,2729.67
2024-03-23 22:00:00,0.0,434.05,799.22,1714.69,2947.96
2024-03-23 23:00:00,0.0,734.51,878.58,1413.07,3026.16
2024-03-24 00:00:00,0.0,511.87,804.46,1502.67,2819.01
2024-03-24 01:00:00,0.0,419.44,848.5,1593.59,2861.53
2024-03-24 02:00:00,0.0,563.74,720.44,2063.2,3347.38
2024-03-24 03:00:00,0.0,355.95,699.77,1807.08,2862.81
2024-03-24 04:00:00,0.0,497.97,863.93,1427.36,2789.26
2024-03-24 05:00:00,0.0,284.95,942.56,1566.46,2793.97
2024-03-24 06:00:00,0.0,507.33,769.07,1412.24,2688.63
2024-03-24 07:00:00,231.57,515.06,819.72,1450.12,3016.46
2024-03-24 08:00:00,448.13,657.49,778.54,1280.23,3164.39
2024-03-24 09:00:00,550.6,337.61,903.3,1739.36,3530.87
2024-03-24 10:00:00,887.39,455.04,732.13,1548.98,3623.54
2024-03-24 11:00:00,681.67,407.91,752.98,1805.76,3648.32
2024-03-24 12:00:00,792.07,570.53,834.07,1669.35,3866.02
2024-03-24 13:00:00,721.01,514.2,887.36,1549.94,3672.51
2024-03-24 14:00:00,845.88,486.69,782.49,1621.02,3736.09
2024-03-24 15:00:00,545.79,431.44,929.39,1803.96,3710.59
2024-03-24 16:00:00,487.69,504.12,800.85,1450.18,3242.85
2024-03-24 17:00:00,274.62,621.69,856.96,1430.97,3184.24
2024-03-24 18:00:00,0.0,495.13,886.69,1214.2,2596.02
2024-03-24 19:00:00,0.0,577.44,882.66,1527.22,2987.32
2024-03-24 20:00:00,0.0,644.01,732.79,1155.09,2531.88
2024-03-24 21:00:00,0.0,534.39,787.33,1573.88,2895.61
2024-03-24 22:00:00,0.0,553.97,735.78,1240.99,2530.74
2024-03-24 23:00:00,0.0,572.13,762.05,840.39,2174.56
2024-03-25 00:00:00,0.0,372.17,824.95,1913.72,3110.84
2024-03-25 01:00:00,0.0,495.58,628.16,1323.91,2447.65
2024-03-25 02:00:00,0.0,426.6,765.48,1413.15,2605.23
2024-03-25 03:00:00,0.0,756.48,899.3,2052.43,3708.21
2024-03-25 04:00:00,0.0,396.17,805.74,1783.65,2985.56
2024-03-25 05:00:00,0.0,455.94,833.4,1752.51,3041.85
2024-03-25 06:00:00,0.0,380.16,810.51,1160.17,2350.84
2024-03-25 07:00:00,169.26,690.84,792.58,1724.81,3377.49
2024-03-25 08:00:00,398.37,528.76,696.4,1354.55,2978.08
2024-03-25 09:00:00,607.9,604.72,625.37,1595.15,3433.14
2024-03-25 10:00:00,818.31,615.68,809.41,1739.6,3983.0
2024-03-25 11:00:00,790.06,491.59,646.6,1366.04,3294.29
2024-03-25 12:00:00,785.36,844.01,826.09,1856.96,4312.42
2024-03-25 13:00:00,859.6,384.26,634.96,1651.5,3530.32
2024-03-25 14:00:00,773.66,613.48,731.96,1117.12,3236.23
2024-03-25 15:00:00,771.19,569.95,880.64,1291.33,3513.11
2024-03-25 16:00:00,404.52,560.64,664.65,1669.53,3299.34
2024-03-25 17:00:00,234.91,528.9,748.11,1809.46,3321.38
2024-03-25 18:00:00,0.0,374.39,820.05,1855.77,3050.21
2024-03-25 19:00:00,0.0,404.82,821.07,1386.78,2612.67
2024-03-25 20:00:00,0.0,473.25,814.17,1526.8,2814.23
2024-03-25 21:00:00,0.0,538.41,795.68,1537.28,2871.37
2024-03-25 22:00:00,0.0,527.19,727.15,1627.82,2882.17
2024-03-25 23:00:00,0.0,588.21,769.94,1664.95,3023.1
2024-03-26 00:00:00,0.0,516.67,672.03,1722.0,2910.7
2024-03-26 01:00:00,0.0,590.37,710.04,1599.58,2899.99
2024-03-26 02:00:00,0.0,608.73,842.17,1567.16,3018.06
2024-03-26 03:00:00,0.0,392.33,792.03,1260.19,2444.55
2024-03-26 04:00:00,0.0,448.31,804.31,1683.11,2935.73
2024-03-26 05:00:00,0.0,532.12,767.54,1442.25,2741.9
2024-03-26 06:00:00,0.0,738.69,708.02,1569.78,3016.5
2024-03-26 07:00:00,218.0,502.48,820.51,1887.26,3428.25
2024-03-26 08:00:00,481.31,459.23,730.7,1537.18,3208.41
2024-03-26 09:00:00,514.48,406.66,757.52,1147.21,2825.86
2024-03-26 10:00:00,542.61,530.24,776.52,2080.72,3930.09
2024-03-26 11:00:00,1106.08,348.3,847.76,1825.09,4127.24
2024-03-26 12:00:00,876.09,510.54,905.72,1329.47,3621.82
2024-03-26 13:00:00,992.91,662.31,846.26,1593.2,4094.68
2024-03-26 14:00:00,832.48,554.32,883.83,1882.06,4152.69
2024-03-26 15:00:00,675.59,407.16,747.14,1627.51,3457.4
2024-03-26 16:00:00,467.51,388.13,873.42,2070.83,3799.9
2024-03-26 17:00:00,282.75,415.94,688.31,1382.62,2769.61
2024-03-26 18:00:00,0.0,662.58,869.73,1344.98,2877.28
2024-03-26 19:00:00,0.0,468.9,799.52,1382.07,2650.49
2024-03-26 20:00:00,0.0,278.01,860.06,1759.24,2897.31
2024-03-26 21:00:00,0.0,422.85,814.61,1533.52,2770.98
2024-03-26 22:00:00,0.0,302.3,756.53,1117.91,2176.75
2024-03-26 23:00:00,0.0,625.53,771.41,1700.09,3097.03
2024-03-27 00:00:00,0.0,531.46,806.18,1695.43,3033.07
2024-03-27 01:00:00,0.0,765.89,854.63,1523.26,3143.78
2024-03-27 02:00:00,0.0,612.99,904.7,1542.82,3060.51
2024-03-27 03:00:00,0.0,581.47,727.16,1802.76,3111.39
2024-03-27 04:00:00,0.0,675.7,818.14,1472.25,2966.09
2024-03-27 05:00:00,0.0,623.62,845.44,1850.67,3319.73
2024-03-27 06:00:00,0.0,489.37,930.97,1892.63,3312.97
2024-03-27 07:00:00,216.33,441.61,776.66,1898.49,3333.09
2024-03-27 08:00:00,502.71,455.96,731.44,1404.24,3094.35
2024-03-27 09:00:00,535.73,496.24,780.99,1697.53,3510.48
2024-03-27 10:00:00,768.17,367.05,734.74,1281.53,3151.49
2024-03-27 11:00:00,997.3,339.01,819.76,1849.96,4006.02
2024-03-27 12:00:00,660.73,402.7,859.56,1692.73,3615.72
2024-03-27 13:00:00,886.97,581.17,833.15,1308.42,3609.7
2024-03-27 14:00:00,656.31,635.55,827.5,1672.96,3792.32
2024-03-27 15:00:00,591.4,543.01,771.12,2030.73,3936.26
2024-03-27 16:00:00,366.9,387.25,786.67,907.07,2447.88
2024-03-27 17:00:00,158.29,315.99,795.9,1475.72,2745.9
2024-03-27 18:00:00,0.0,457.71,805.06,1627.91,2890.68
2024-03-27 19:00:00,0.0,459.21,748.14,1578.76,2786.12
2024-03-27 20:00:00,0.0,508.32,752.97,1638.96,2900.25
2024-03-27 21:00:00,0.0,483.79,822.65,1488.75,2795.19
2024-03-27 22:00:00,0.0,714.37,800.31,1409.54,2924.22
2024-03-27 23:00:00,0.0,327.68,810.51,1902.63,3040.81
2024-03-28 00:00:00,0.0,551.89,805.23,1401.73,2758.85
2024-03-28 01:00:00,0.0,660.97,821.77,1872.56,3355.31
2024-03-28 02:00:00,0.0,697.88,790.01,1662.81,3150.71
2024-03-28 03:00:00,0.0,441.45,886.14,1645.62,2973.21
2024-03-28 04:00:00,0.0,466.25,782.33,1183.75,2432.34
2024-03-28 05:00:00,0.0,667.28,785.71,1287.87,2740.87
2024-03-28 06:00:00,0.0,807.25,748.07,1677.38,3232.7
2024-03-28 07:00:00,251.26,523.05,702.69,1248.29,2725.29
2024-03-28 08:00:00,385.64,734.82,833.7,1753.43,3707.59
2024-03-28 09:00:00,519.61,554.72,873.88,1408.17,3356.38
2024-03-28 10:00:00,717.4,510.11,751.77,1588.44,3567.72
2024-03-28 11:00:00,638.58,581.85,886.27,1207.62,3314.31
2024-03-28 12:00:00,695.03,488.44,800.93,1541.36,3525.76
2024-03-28 13:00:00,835.41,515.45,803.53,1463.88,3618.26
2024-03-28 14:00:00,757.87,598.95,695.87,1615.75,3668.45
2024-03-28 15:00:00,768.94,505.61,804.99,1662.65,3742.19
2024-03-28 16:00:00,349.62,299.16,791.0,1512.98,2952.76
2024-03-28 17:00:00,212.16,397.7,873.97,1415.24,2899.06
2024-03-28 18:00:00,0.0,574.77,771.66,1608.21,2954.64
2024-03-28 19:00:00,0.0,284.71,781.85,1605.42,2671.98
2024-03-28 20:00:00,0.0,496.34,787.84,1651.5,2935.69
2024-03-28 21:00:00,0.0,398.87,846.83,1859.24,3104.94
2024-03-28 22:00:00,0.0,454.9,749.46,1744.49,2948.85
2024-03-28 23:00:00,0.0,502.04,762.22,1370.71,2634.96
2024-03-29 00:00:00,0.0,650.71,795.23,1787.96,3233.9
2024-03-29 01:00:00,0.0,583.04,758.13,1579.28,2920.45
2024-03-29 02:00:00,0.0,437.58,658.48,1571.16,2667.21
2024-03-29 03:00:00,0.0,485.84,821.11,1443.25,2750.2
2024-03-29 04:00:00,0.0,672.25,864.56,2037.42,3574.23
2024-03-29 05:00:00,0.0,566.48,814.55,1797.84,3178.87
2024-03-29 06:00:00,0.0,600.05,812.85,1534.57,2947.46
2024-03-29 07:00:00,257.94,552.53,857.26,1442.19,3109.92
2024-03-29 08:00:00,455.21,551.98,773.81,1329.42,3110.42
2024-03-29 09:00:00,473.62,544.78,732.23,1492.96,3243.59
2024-03-29 10:00:00,785.09,395.17,876.31,1854.74,3911.31
2024-03-29 11:00:00,552.44,803.91,771.06,1302.39,3429.8
2024-03-29 12:00:00,872.56,547.86,788.0,2078.0,4286.42
2024-03-29 13:00:00,695.8,448.73,843.66,1687.61,3675.8
2024-03-29 14:00:00,831.03,628.35,820.14,2199.2,4478.71
2024-03-29 15:00:00,669.02,485.38,792.72,1688.08,3635.21
2024-03-29 16:00:00,464.67,458.32,688.98,1622.46,3234.43
2024-03-29 17:00:00,237.03,594.96,755.26,1223.7,2810.94
2024-03-29 18:00:00,0.0,266.15,734.0,1764.91,2765.06
2024-03-29 19:00:00,0.0,434.35,767.03,1069.43,2270.81
2024-03-29 20:00:00,0.0,381.93,757.42,1349.53,2488.88
2024-03-29 21:00:00,0.0,378.31,757.8,1364.42,2500.53
2024-03-29 22:00:00,0.0,575.14,820.85,1705.01,3101.0
2024-03-29 23:00:00,0.0,499.26,679.94,1851.43,3030.63
2024-03-30 00:00:00,0.0,299.19,832.97,1476.74,2608.9
2024-03-30 01:00:00,0.0,400.96,767.6,1443.57,2612.14
2024-03-30 02:00:00,0.0,726.24,692.36,1550.31,2968.91
2024-03-30 03:00:00,0.0,440.16,724.82,1807.86,2972.84
2024-03-30 04:00:00,0.0,497.97,835.08,1762.08,3095.12
2024-03-30 05:00:00,0.0,363.27,857.24,1361.51,2582.02
2024-03-30 06:00:00,0.0,536.48,790.59,2222.61,3549.68
2024-03-30 07:00:00,206.25,430.6,795.37,1717.26,3149.48
2024-03-30 08:00:00,493.2,716.21,729.07,1174.51,3112.98
2024-03-30 09:00:00,613.75,568.91,807.95,1813.15,3803.76
2024-03-30 10:00:00,725.53,475.52,764.78,1234.98,3200.82
2024-03-30 11:00:00,952.14,397.05,709.79,1692.35,3751.33
2024-03-30 12:00:00,803.04,612.14,725.24,1531.28,3671.7
2024-03-30 13:00:00,927.49,467.99,741.61,1560.57,3697.66
2024-03-30 14:00:00,685.9,683.91,781.01,1139.01,3289.84
2024-03-30 15:00:00,611.58,549.0,770.72,1477.97,3409.26
2024-03-30 16:00:00,395.14,493.43,823.52,2020.09,3732.18
2024-03-30 17:00:00,248.83,551.57,852.5,1594.0,3246.91
2024-03-30 18:00:00,0.0,544.59,765.68,1744.48,3054.75
2024-03-30 19:00:00,0.0,451.24,849.1,1947.84,3248.18
2024-03-30 20:00:00,0.0,489.3,760.07,1540.22,2789.58
2024-03-30 21:00:00,0.0,400.75,837.38,1700.34,2938.46
2024-03-30 22:00:00,0.0,598.01,766.78,1893.06,3257.85
2024-03-30 23:00:00,0.0,598.82,780.03,1648.71,3027.56
2024-03-31 00:00:00,0.0,626.84,814.19,1995.17,3436.19
2024-03-31 01:00:00,0.0,484.85,831.9,2009.59,3326.35
2024-03-31 02:00:00,0.0,829.41,831.66,1572.79,3233.86
2024-03-31 03:00:00,0.0,373.33,867.37,1691.86,2932.55
2024-03-31 04:00:00,0.0,540.31,738.88,1778.44,3057.63
2024-03-31 05:00:00,0.0,501.87,791.89,1446.87,2740.63
2024-03-31 06:00:00,0.0,451.08,814.13,1919.72,3184.93
2024-03-31 07:00:00,199.72,282.22,785.07,1429.76,2696.76
2024-03-31 08:00:00,340.76,705.47,826.31,1582.35,3454.89
2024-03-31 09:00:00,636.7,415.08,752.01,1216.65,3020.43
2024-03-31 10:00:00,698.95,628.8,726.63,1524.76,3579.14
2024-03-31 11:00:00,921.51,290.54,823.48,1631.9,3667.43
2024-03-31 12:00:00,860.46,673.02,807.9,1266.89,3608.26
2024-03-31 13:00:00,759.47,359.76,825.3,1872.43,3816.97
2024-03-31 14:00:00,530.92,509.37,762.85,1797.75,3600.89
2024-03-31 15:00:00,583.29,323.83,828.35,911.72,2647.19
2024-03-31 16:00:00,454.97,452.37,889.1,1304.66,3101.09
2024-03-31 17:00:00,267.58,612.35,790.11,1666.44,3336.5
2024-03-31 18:00:00,0.0,614.54,791.18,1201.54,2607.26
2024-03-31 19:00:00,0.0,590.33,823.33,1201.33,2614.99
2024-03-31 20:00:00,0.0,281.53,860.85,1829.55,2971.93
2024-03-31 21:00:00,0.0,684.61,908.76,1654.42,3247.79
2024-03-31 22:00:00,0.0,609.67,791.56,1727.27,3128.5
2024-03-31 23:00:00,0.0,353.87,735.78,1418.44,2508.09
2024-04-01 00:00:00,0.0,552.81,815.65,1550.63,2919.09
2024-04-01 01:00:00,0.0,642.12,864.69,1378.77,2885.58
2024-04-01 02:00:00,0.0,418.93,745.02,1611.91,2775.86
2024-04-01 03:00:00,0.0,691.96,774.36,1442.48,2908.8
2024-04-01 04:00:00,0.0,494.97,759.14,1494.55,2748.67
2024-04-01 05:00:00,0.0,412.48,859.11,1347.16,2618.75
2024-04-01 06:00:00,0.0,436.41,863.65,1984.77,3284.84
2024-04-01 07:00:00,234.5,407.28,783.94,1874.07,3299.78
2024-04-01 08:00:00,431.51,498.87,764.69,1418.27,3113.35
2024-04-01 09:00:00,729.09,604.54,802.69,1157.2,3293.52
2024-04-01 10:00:00,915.53,574.33,845.38,1498.56,3833.8
2024-04-01 11:00:00,648.11,673.32,848.71,1520.49,3690.62
2024-04-01 12:00:00,713.43,347.74,661.75,1585.5,3308.42
2024-04-01 13:00:00,724.15,544.19,743.27,1639.49,3651.09
2024-04-01 14:00:00,875.8,447.14,724.74,1388.89,3436.56
2024-04-01 15:00:00,733.01,524.8,752.65,1905.76,3916.21
2024-04-01 16:00:00,422.88,309.94,844.21,1485.95,3062.99
2024-04-01 17:00:00,211.32,704.14,690.29,1284.3,2890.05
2024-04-01 18:00:00,0.0,585.86,825.68,1625.92,3037.46
2024-04-01 19:00:00,0.0,417.62,794.44,1316.84,2528.9
2024-04-01 20:00:00,0.0,426.7,708.94,1740.28,2875.91
2024-04-01 21:00:00,0.0,596.4,722.68,1579.92,2899.0
2024-04-01 22:00:00,0.0,624.73,783.18,1212.2,2620.11
2024-04-01 23:00:00,0.0,333.57,794.73,1355.35,2483.65
2024-04-02 00:00:00,0.0,373.74,732.47,1425.38,2531.58
2024-04-02 01:00:00,0.0,511.63,841.21,1738.38,3091.22
2024-04-02 02:00:00,0.0,539.64,817.14,1496.99,2853.76
2024-04-02 03:00:00,0.0,619.64,724.24,958.94,2302.82
2024-04-02 04:00:00,0.0,475.35,906.26,1937.64,3319.25
2024-04-02 05:00:00,0.0,458.05,698.16,1441.45,2597.65
2024-04-02 06:00:00,0.0,489.26,761.17,1438.14,2688.57
2024-04-02 07:00:00,185.4,668.71,748.95,1085.51,2688.57
2024-04-02 08:00:00,386.45,659.31,775.23,1528.56,3349.55
2024-04-02 09:00:00,582.56,666.79,737.37,1935.75,3922.48
2024-04-02 10:00:00,935.01,672.02,808.76,1991.94,4407.72
2024-04-02 11:00:00,789.42,484.87,814.01,1169.5,3257.8
2024-04-02 12:00:00,779.6,668.37,793.39,1763.42,4004.78
2024-04-02 13:00:00,970.71,543.79,769.48,1395.98,3679.96
2024-04-02 14:00:00,627.01,404.39,858.67,1887.31,3777.39
2024-04-02 15:00:00,551.2,373.77,787.34,1505.48,3217.79
2024-04-02 16:00:00,338.67,435.75,743.5,1676.43,3194.34
2024-04-02 17:00:00,239.21,427.04,798.98,1403.75,2868.99
2024-04-02 18:00:00,0.0,448.66,745.16,1728.75,2922.57
2024-04-02 19:00:00,0.0,513.69,815.85,1578.88,2908.42
2024-04-02 20:00:00,0.0,582.19,895.19,1625.51,3102.89
2024-04-02 21:00:00,0.0,581.61,748.79,1886.09,3216.49
2024-04-02 22:00:00,0.0,488.82,749.63,1375.05,2613.5
2024-04-02 23:00:00,0.0,409.18,739.71,2192.58,3341.47
2024-04-03 00:00:00,0.0,645.93,763.21,1587.45,2996.59
2024-04-03 01:00:00,0.0,213.07,846.09,1527.93,2587.09
2024-04-03 02:00:00,0.0,465.27,829.14,1519.63,2814.05
2024-04-03 03:00:00,0.0,319.09,934.51,1830.48,3084.08
2024-04-03 04:00:00,0.0,494.08,756.62,1150.6,2401.3
2024-04-03 05:00:00,0.0,647.54,830.32,1291.31,2769.17
2024-04-03 06:00:00,0.0,672.75,755.32,1301.96,2730.04
2024-04-03 07:00:00,258.78,310.84,747.2,1652.53,2969.36
2024-04-03 08:00:00,374.11,437.54,808.27,1076.07,2695.99
2024-04-03 09:00:00,630.58,519.51,782.75,1313.93,3246.78
2024-04-03 10:00:00,993.29,585.37,800.16,1726.19,4105.01
2024-04-03 11:00:00,907.18,398.56,774.14,2021.98,4101.85
2024-04-03 12:00:00,969.01,498.41,876.41,1851.86,4195.69
2024-04-03 13:00:00,850.61,685.27,884.13,1975.89,4395.89
2024-04-03 14:00:00,911.42,534.94,924.52,1560.71,3931.59
2024-04-03 15:00:00,656.04,378.58,805.5,1609.6,3449.72
2024-04-03 16:00:00,477.54,826.16,750.01,1777.0,3830.71
2024-04-03 17:00:00,261.1,580.1,805.08,1595.6,3241.89
2024-04-03 18:00:00,0.0,591.65,806.55,1011.69,2409.89
2024-04-03 19:00:00,0.0,672.03,692.35,1747.38,3111.77
2024-04-03 20:00:00,0.0,314.07,873.52,1188.03,2375.61
2024-04-03 21:00:00,0.0,500.56,764.49,1794.47,3059.52
2024-04-03 22:00:00,0.0,614.23,731.6,1423.22,2769.05
2024-04-03 23:00:00,0.0,347.49,882.7,1687.67,2917.87
2024-04-04 00:00:00,0.0,402.65,733.27,1256.63,2392.56
2024-04-04 01:00:00,0.0,439.7,879.96,1702.81,3022.48
2024-04-04 02:00:00,0.0,398.19,833.1,1907.82,3139.11
2024-04-04 03:00:00,0.0,399.89,790.95,1673.49,2864.32
2024-04-04 04:00:00,0.0,607.75,777.11,1685.61,3070.46
2024-04-04 05:00:00,0.0,449.13,810.04,1741.46,3000.62
2024-04-04 06:00:00,0.0,619.8,759.53,1563.59,2942.92
2024-04-04 07:00:00,251.79,355.6,852.95,1567.37,3027.71
2024-04-04 08:00:00,449.13,568.62,765.82,1535.74,3319.31
2024-04-04 09:00:00,676.44,308.01,679.5,1435.95,3099.9
2024-04-04 10:00:00,775.76,589.38,764.91,1633.07,3763.12
2024-04-04 11:00:00,723.16,730.7,835.42,1986.68,4275.96
2024-04-04 12:00:00,946.45,760.16,789.63,1593.66,4089.89
2024-04-04 13:00:00,792.49,390.74,784.92,1388.42,3356.57
2024-04-04 14:00:00,534.59,509.44,859.42,1778.82,3682.27
2024-04-04 15:00:00,913.89,734.63,862.6,1523.29,4034.42
2024-04-04 16:00:00,487.47,707.64,893.3,2078.94,4167.35
2024-04-04 17:00:00,223.78,393.31,799.06,1566.34,2982.49
2024-04-04 18:00:00,0.0,421.38,919.8,1476.94,2818.12
2024-04-04 19:00:00,0.0,369.07,765.71,1978.58,3113.37
2024-04-04 20:00:00,0.0,552.17,788.72,1698.72,3039.61
2024-04-04 21:00:00,0.0,546.86,833.9,1889.62,3270.38
2024-04-04 22:00:00,0.0,321.53,670.14,1685.12,2676.79
2024-04-04 23:00:00,0.0,597.76,786.58,1791.3,3175.63
2024-04-05 00:00:00,0.0,213.63,802.35,1709.33,2725.31
2024-04-05 01:00:00,0.0,583.69,846.85,1483.52,2914.06
2024-04-05 02:00:00,0.0,292.28,887.24,1342.2,2521.72
2024-04-05 03:00:00,0.0,591.15,772.53,1331.85,2695.53
2024-04-05 04:00:00,0.0,499.09,768.44,1722.17,2989.7
2024-04-05 05:00:00,0.0,263.3,791.47,2049.93,3104.7
2024-04-05 06:00:00,0.0,501.42,727.49,1521.95,2750.86
2024-04-05 07:00:00,207.46,791.93,721.41,1246.6,2967.4
2024-04-05 08:00:00,451.34,485.24,728.1,1917.01,3581.7
2024-04-05 09:00:00,598.77,434.16,727.35,1915.61,3675.89
2024-04-05 10:00:00,830.11,475.37,765.09,1425.03,3495.61
2024-04-05 11:00:00,955.57,538.19,774.51,1706.97,3975.24
2024-04-05 12:00:00,1021.73,376.85,927.65,1613.4,3939.63
2024-04-05 13:00:00,633.27,488.84,903.18,1759.96,3785.25
2024-04-05 14:00:00,705.51,327.6,866.5,1717.91,3617.52
2024-04-05 15:00:00,568.1,710.28,770.44,1472.84,3521.65
2024-04-05 16:00:00,362.64,407.87,825.28,1584.96,3180.75
2024-04-05 17:00:00,219.46,531.66,799.81,1526.46,3077.39
2024-04-05 18:00:00,0.0,496.47,766.95,1152.98,2416.41
2024-04-05 19:00:00,0.0,449.26,916.77,2100.78,3466.8
2024-04-05 20:00:00,0.0,558.17,713.27,797.15,2068.59
2024-04-05 21:00:00,0.0,420.54,850.2,1525.07,2795.8
2024-04-05 22:00:00,0.0,460.56,826.68,1646.71,2933.96
2024-04-05 23:00:00,0.0,525.36,830.95,1471.64,2827.95
2024-04-06 00:00:00,0.0,510.86,821.16,1440.21,2772.23
2024-04-06 01:00:00,0.0,438.81,729.55,1580.65,2749.01
2024-04-06 02:00:00,0.0,735.37,901.11,1269.58,2906.06
2024-04-06 03:00:00,0.0,429.59,715.14,1467.85,2612.58
2024-04-06 04:00:00,0.0,516.45,778.15,1645.17,2939.77
2024-04-06 05:00:00,0.0,498.77,781.72,1636.07,2916.55
2024-04-06 06:00:00,0.0,425.04,752.86,1586.46,2764.35
2024-04-06 07:00:00,183.43,477.05,811.96,1449.2,2921.64
2024-04-06 08:00:00,482.42,448.85,727.26,1859.8,3518.33
2024-04-06 09:00:00,724.71,492.62,776.71,1198.57,3192.6
2024-04-06 10:00:00,691.63,452.32,835.61,1852.82,3832.38
2024-04-06 11:00:00,809.95,489.2,805.35,1510.85,3615.35
2024-04-06 12:00:00,959.27,384.03,720.77,1580.35,3644.42
2024-04-06 13:00:00,864.37,461.86,818.34,1337.33,3481.9
2024-04-06 14:00:00,811.07,522.42,820.83,1373.03,3527.35
2024-04-06 15:00:00,449.56,663.21,760.22,1272.23,3145.23
2024-04-06 16:00:00,355.92,699.7,742.66,1450.47,3248.74
2024-04-06 17:00:00,220.73,607.93,755.33,1599.71,3183.71
2024-04-06 18:00:00,0.0,747.07,821.12,1753.21,3321.41
2024-04-06 19:00:00,0.0,400.53,739.08,1717.92,2857.52
2024-04-06 20:00:00,0.0,408.56,789.37,1107.61,2305.54
2024-04-06 21:00:00,0.0,345.71,853.18,1886.9,3085.79
2024-04-06 22:00:00,0.0,497.59,775.24,1614.47,2887.29
2024-04-06 23:00:00,0.0,534.16,797.16,1576.18,2907.51
2024-04-07 00:00:00,0.0,372.81,660.93,1565.48,2599.22
2024-04-07 01:00:00,0.0,701.38,847.67,1885.65,3434.71
2024-04-07 02:00:00,0.0,521.4,747.81,1329.97,2599.18
2024-04-07 03:00:00,0.0,472.92,709.43,1057.85,2240.2
2024-04-07 04:00:00,0.0,525.67,803.07,1551.97,2880.71
2024-04-07 05:00:00,0.0,461.31,690.39,2069.57,3221.27
2024-04-07 06:00:00,0.0,512.09,700.61,1220.23,2432.93
2024-04-07 07:00:00,169.59,522.04,707.27,1503.54,2902.44
2024-04-07 08:00:00,332.05,640.23,804.07,1474.76,3251.11
2024-04-07 09:00:00,449.76,351.96,890.2,1365.37,3057.28
2024-04-07 10:00:00,567.4,572.43,811.9,1417.84,3369.57
2024-04-07 11:00:00,878.05,486.98,782.35,1489.46,3636.84
2024-04-07 12:00:00,895.76,294.28,771.47,1594.47,3555.98
2024-04-07 13:00:00,794.84,600.69,794.85,1919.67,4110.05
2024-04-07 14:00:00,751.06,718.79,801.04,1477.32,3748.21
2024-04-07 15:00:00,643.92,603.76,801.52,1978.92,4028.12
2024-04-07 16:00:00,380.42,392.13,783.52,1696.01,3252.09
2024-04-07 17:00:00,236.34,637.0,780.82,1520.23,3174.4
2024-04-07 18:00:00,0.0,633.25,728.0,1855.21,3216.46
2024-04-07 19:00:00,0.0,287.57,763.27,1869.79,2920.63
2024-04-07 20:00:00,0.0,322.29,845.7,1261.63,2429.61
2024-04-07 21:00:00,0.0,366.11,808.54,1485.89,2660.54
2024-04-07 22:00:00,0.0,528.71,816.8,1321.65,2667.16
2024-04-07 23:00:00,0.0,274.62,711.82,1435.58,2422.02
2024-04-08 00:00:00,0.0,359.88,786.43,1363.63,2509.94
2024-04-08 01:00:00,0.0,533.75,889.17,2116.15,3539.07
2024-04-08 02:00:00,0.0,728.5,779.79,1869.85,3378.14
2024-04-08 03:00:00,0.0,250.9,721.07,1812.9,2784.87
2024-04-08 04:00:00,0.0,528.51,741.89,1711.1,2981.5
2024-04-08 05:00:00,0.0,426.51,870.31,2125.11,3421.93
2024-04-08 06:00:00,0.0,654.79,841.27,2120.22,3616.28
2024-04-08 07:00:00,216.82,582.68,740.6,1824.33,3364.43
2024-04-08 08:00:00,417.8,682.45,858.53,1465.12,3423.9
2024-04-08 09:00:00,530.76,314.75,816.4,1903.02,3564.93
2024-04-08 10:00:00,610.54,404.86,814.12,1667.53,3497.04
2024-04-08 11:00:00,822.31,598.5,855.0,1619.08,3894.9
2024-04-08 12:00:00,920.28,504.58,865.05,1964.37,4254.29
2024-04-08 13:00:00,815.9,468.15,820.99,1082.0,3187.04
2024-04-08 14:00:00,802.31,440.72,836.01,2010.37,4089.4
2024-04-08 15:00:00,551.14,712.19,768.22,1557.93,3589.48
2024-04-08 16:00:00,412.69,630.42,718.96,1573.74,3335.81
2024-04-08 17:00:00,234.43,303.74,803.32,1603.75,2945.23
2024-04-08 18:00:00,0.0,555.66,738.69,2035.58,3329.93
2024-04-08 19:00:00,0.0,519.19,734.05,1750.09,3003.33
2024-04-08 20:00:00,0.0,482.91,843.51,1366.04,2692.46
2024-04-08 21:00:00,0.0,298.87,716.43,1764.58,2779.88
2024-04-08 22:00:00,0.0,488.7,747.58,1863.74,3100.01
2024-04-08 23:00:00,0.0,598.66,907.94,1751.75,3258.35
2024-04-09 00:00:00,0.0,428.69,780.01,1412.33,2621.03
2024-04-09 01:00:00,0.0,389.26,711.36,1767.96,2868.58
2024-04-09 02:00:00,0.0,619.19,738.05,1315.77,2673.02
2024-04-09 03:00:00,0.0,448.44,869.57,1692.59,3010.6
2024-04-09 04:00:00,0.0,273.6,749.59,1513.23,2536.42
2024-04-09 05:00:00,0.0,461.16,849.84,1586.25,2897.25
2024-04-09 06:00:00,0.0,463.56,828.34,1410.57,2702.47
2024-04-09 07:00:00,232.21,346.79,851.48,1186.97,2617.45
2024-04-09 08:00:00,332.64,630.4,810.22,1644.49,3417.75
2024-04-09 09:00:00,602.22,735.04,813.16,1853.42,4003.84
2024-04-09 10:00:00,701.2,373.5,811.97,1513.41,3400.08
2024-04-09 11:00:00,797.31,571.67,673.8,1657.41,3700.19
2024-04-09 12:00:00,775.03,441.97,808.47,1098.19,3123.66
2024-04-09 13:00:00,966.53,484.06,846.07,1141.4,3438.06
2024-04-09 14:00:00,760.75,587.76,819.09,1702.99,3870.6
2024-04-09 15:00:00,561.26,656.62,791.47,1645.55,3654.9
2024-04-09 16:00:00,489.36,442.48,791.36,1948.09,3671.29
2024-04-09 17:00:00,154.29,503.29,895.02,1532.16,3084.76
2024-04-09 18:00:00,0.0,530.0,696.42,1889.29,3115.71
2024-04-09 19:00:00,0.0,450.57,739.57,1752.9,2943.05
2024-04-09 20:00:00,0.0,417.28,860.22,1891.67,3169.16
2024-04-09 21:00:00,0.0,547.81,711.9,2206.59,3466.3
2024-04-09 22:00:00,0.0,531.92,844.14,1537.46,2913.52
2024-04-09 23:00:00,0.0,376.32,739.98,1642.35,2758.65
2024-04-10 00:00:00,0.0,485.72,789.81,1632.18,2907.72
2024-04-10 01:00:00,0.0,622.37,844.77,1856.03,3323.17
2024-04-10 02:00:00,0.0,450.68,932.04,2034.33,3417.06
2024-04-10 03:00:00,0.0,495.03,808.71,1649.44,2953.18
2024-04-10 04:00:00,0.0,348.04,836.22,1497.42,2681.68
2024-04-10 05:00:00,0.0,613.42,828.78,2076.89,3519.09
2024-04-10 06:00:00,0.0,490.84,730.75,1587.39,2808.99
2024-04-10 07:00:00,253.49,697.08,747.68,1212.13,2910.37
2024-04-10 08:00:00,507.17,479.28,793.33,1539.22,3319.0
2024-04-10 09:00:00,579.21,525.6,806.39,1323.94,3235.14
2024-04-10 10:00:00,528.71,387.03,633.62,1436.72,2986.07
2024-04-10 11:00:00,864.77,341.3,751.84,1696.98,3654.89
2024-04-10 12:00:00,792.49,365.07,857.58,1566.63,3581.77
2024-04-10 13:00:00,924.36,675.83,785.1,1445.21,3830.5
2024-04-10 14:00:00,902.21,514.69,798.44,1969.39,4184.73
2024-04-10 15:00:00,562.32,660.49,837.79,1671.44,3732.03
2024-04-10 16:00:00,411.61,622.44,770.62,1626.86,3431.52
2024-04-10 17:00:00,202.4,421.94,825.39,1408.79,2858.52
2024-04-10 18:00:00,0.0,547.84,727.3,1917.99,3193.14
2024-04-10 19:00:00,0.0,546.26,806.47,1612.56,2965.29
2024-04-10 20:00:00,0.0,319.39,834.76,1381.69,2535.84
2024-04-10 21:00:00,0.0,519.77,835.71,1232.89,2588.37
2024-04-10 22:00:00,0.0,480.45,720.63,1499.93,2701.0
2024-04-10 23:00:00,0.0,374.05,786.03,1905.45,3065.53
2024-04-11 00:00:00,0.0,593.51,830.59,1546.16,2970.26
2024-04-11 01:00:00,0.0,664.12,818.57,1679.59,3162.27
2024-04-11 02:00:00,0.0,247.79,782.22,1234.4,2264.41
2024-04-11 03:00:00,0.0,313.99,801.71,1208.24,2323.94
2024-04-11 04:00:00,0.0,507.7,819.39,1710.12,3037.21
2024-04-11 05:00:00,0.0,566.65,805.87,1789.37,3161.89
2024-04-11 06:00:00,0.0,412.61,657.6,1747.65,2817.86
2024-04-11 07:00:00,240.06,631.51,864.04,872.76,2608.37
2024-04-11 08:00:00,397.26,490.96,805.78,1731.43,3425.43
2024-04-11 09:00:00,728.1,435.44,809.13,1598.72,3571.38
2024-04-11 10:00:00,669.84,445.82,800.96,1447.92,3364.53
2024-04-11 11:00:00,843.41,408.56,771.71,2145.63,4169.31
2024-04-11 12:00:00,965.71,414.45,706.99,1632.84,3719.99
2024-04-11 13:00:00,839.76,506.21,815.51,1387.44,3548.91
2024-04-11 14:00:00,822.59,358.03,877.33,1674.84,3732.79
2024-04-11 15:00:00,554.18,522.61,831.7,1275.5,3183.99
2024-04-11 16:00:00,384.09,601.61,730.22,1933.63,3649.55
2024-04-11 17:00:00,219.65,435.56,787.76,1785.69,3228.66
2024-04-11 18:00:00,0.0,527.46,698.6,1379.88,2605.95
2024-04-11 19:00:00,0.0,584.59,747.74,1820.28,3152.61
2024-04-11 20:00:00,0.0,673.2,817.71,1350.07,2840.97
2024-04-11 21:00:00,0.0,728.21,803.71,1965.36,3497.29
2024-04-11 22:00:00,0.0,469.3,801.53,1592.32,2863.15
2024-04-11 23:00:00,0.0,651.71,774.36,1384.64,2810.7
2024-04-12 00:00:00,0.0,622.29,823.79,1609.71,3055.79
2024-04-12 01:00:00,0.0,641.39,809.06,1883.35,3333.79
2024-04-12 02:00:00,0.0,460.02,849.35,1504.32,2813.69
2024-04-12 03:00:00,0.0,254.64,761.07,1989.93,3005.64
2024-04-12 04:00:00,0.0,397.12,799.73,1404.64,2601.5
2024-04-12 05:00:00,0.0,491.59,803.5,1699.48,2994.57
2024-04-12 06:00:00,0.0,601.21,733.86,1562.02,2897.09
2024-04-12 07:00:00,238.59,557.07,751.11,1308.39,2855.17
2024-04-12 08:00:00,360.01,488.78,756.96,1939.35,3545.1
2024-04-12 09:00:00,571.76,281.18,863.47,1638.27,3354.68
2024-04-12 10:00:00,961.91,461.23,840.13,1652.47,3915.74
2024-04-12 11:00:00,674.21,605.91,732.04,1759.0,3771.17
2024-04-12 12:00:00,965.67,541.28,819.5,1646.1,3972.56
2024-04-12 13:00:00,858.15,431.05,785.19,1353.34,3427.73
2024-04-12 14:00:00,666.07,712.8,773.89,1676.15,3828.92
2024-04-12 15:00:00,543.15,598.26,847.84,1569.15,3558.39
2024-04-12 16:00:00,548.61,508.04,634.51,1737.8,3428.97
2024-04-12 17:00:00,197.49,563.25,735.57,1397.08,2893.4
2024-04-12 18:00:00,0.0,373.95,760.21,2191.97,3326.14
2024-04-12 19:00:00,0.0,295.95,820.87,1876.14,2992.95
2024-04-12 20:00:00,0.0,539.75,807.32,1583.47,2930.55
2024-04-12 21:00:00,0.0,507.3,819.04,1817.42,3143.77
2024-04-12 22:00:00,0.0,442.69,847.11,1467.93,2757.73
2024-04-12 23:00:00,0.0,676.52,819.68,1976.68,3472.89
2024-04-13 00:00:00,0.0,602.0,768.52,1448.4,2818.93
2024-04-13 01:00:00,0.0,702.21,840.38,1565.08,3107.67
2024-04-13 02:00:00,0.0,494.18,744.01,1337.74,2575.92
2024-04-13 03:00:00,0.0,519.44,819.33,1407.34,2746.12
2024-04-13 04:00:00,0.0,820.76,870.68,1806.37,3497.8
2024-04-13 05:00:00,0.0,565.92,766.2,1708.07,3040.19
2024-04-13 06:00:00,0.0,402.52,702.41,1880.1,2985.03
2024-04-13 07:00:00,184.16,310.26,774.23,1118.32,2386.97
2024-04-13 08:00:00,386.17,652.98,729.26,1426.69,3195.1
2024-04-13 09:00:00,499.01,551.24,753.5,1359.29,3163.03
2024-04-13 10:00:00,821.38,626.44,752.35,1722.56,3922.72
2024-04-13 11:00:00,865.19,489.28,826.69,1374.85,3556.01
2024-04-13 12:00:00,818.56,406.99,906.59,1824.96,3957.1
2024-04-13 13:00:00,928.85,485.29,762.99,1737.42,3914.56
2024-04-13 14:00:00,804.91,623.81,734.48,1680.63,3843.82
2024-04-13 15:00:00,507.17,713.82,711.91,1761.35,3694.25
2024-04-13 16:00:00,406.55,655.24,840.09,1483.48,3385.35
2024-04-13 17:00:00,158.73,450.51,716.08,1693.69,3019.01
2024-04-13 18:00:00,0.0,462.43,798.89,1429.53,2690.85
2024-04-13 19:00:00,0.0,722.8,803.5,1750.89,3277.18
2024-04-13 20:00:00,0.0,642.25,739.03,1784.41,3165.69
2024-04-13 21:00:00,0.0,655.96,743.3,1638.92,3038.18
2024-04-13 22:00:00,0.0,612.87,824.03,1263.31,2700.21
2024-04-13 23:00:00,0.0,455.66,804.9,1618.95,2879.5
2024-04-14 00:00:00,0.0,540.95,792.66,989.47,2323.09
2024-04-14 01:00:00,0.0,485.46,650.63,1466.22,2602.31
2024-04-14 02:00:00,0.0,549.16,712.58,1897.8,3159.54
2024-04-14 03:00:00,0.0,538.83,769.7,1628.47,2937.0
2024-04-14 04:00:00,0.0,393.57,873.29,1283.44,2550.3
2024-04-14 05:00:00,0.0,396.79,787.56,1555.29,2739.64
2024-04-14 06:00:00,0.0,708.91,677.46,1533.68,2920.05
2024-04-14 07:00:00,284.42,472.77,829.29,1598.84,3185.32
2024-04-14 08:00:00,428.64,585.07,854.78,1434.81,3303.3
2024-04-14 09:00:00,553.03,470.19,830.89,1342.75,3196.87
2024-04-14 10:00:00,652.74,783.25,785.8,1566.7,3788.49
2024-04-14 11:00:00,942.8,707.72,843.68,1469.87,3964.07
2024-04-14 12:00:00,491.97,689.01,814.26,1917.56,3912.8
2024-04-14 13:00:00,861.3,689.29,920.18,1470.91,3941.69
2024-04-14 14:00:00,720.56,566.39,899.98,1500.1,3687.03
2024-04-14 15:00:00,533.05,306.61,770.32,1418.75,3028.73
2024-04-14 16:00:00,542.63,779.24,749.8,1737.2,3808.86
2024-04-14 17:00:00,279.21,478.01,826.0,2018.83,3602.06
2024-04-14 18:00:00,0.0,519.24,742.52,1778.17,3039.94
2024-04-14 19:00:00,0.0,321.33,800.09,1421.32,2542.73
2024-04-14 20:00:00,0.0,379.27,766.36,1995.25,3140.88
2024-04-14 21:00:00,0.0,629.68,738.44,1778.26,3146.38
2024-04-14 22:00:00,0.0,586.88,793.62,1604.11,2984.61
2024-04-14 23:00:00,0.0,529.0,793.84,1697.43,3020.27
2024-04-15 00:00:00,0.0,287.23,894.75,1736.22,2918.2
2024-04-15 01:00:00,0.0,213.37,760.0,1369.02,2342.39
2024-04-15 02:00:00,0.0,429.98,774.31,1347.54,2551.83
2024-04-15 03:00:00,0.0,313.79,894.68,1394.06,2602.53
2024-04-15 04:00:00,0.0,510.0,754.72,1960.77,3225.49
2024-04-15 05:00:00,0.0,573.13,704.14,1760.48,3037.75
2024-04-15 06:00:00,0.0,428.01,734.54,1277.7,2440.24
2024-04-15 07:00:00,280.01,723.23,766.42,1679.75,3449.41
2024-04-15 08:00:00,454.87,552.58,757.74,1576.14,3341.33
2024-04-15 09:00:00,550.96,657.47,763.55,1688.67,3660.65
2024-04-15 10:00:00,618.36,567.85,825.88,1378.1,3390.2
2024-04-15 11:00:00,813.05,398.18,798.26,1633.12,3642.62
2024-04-15 12:00:00,795.61,369.67,799.54,1749.32,3714.15
2024-04-15 13:00:00,810.17,619.75,760.7,1677.67,3868.29
2024-04-15 14:00:00,698.32,407.76,774.91,1452.84,3333.83
2024-04-15 15:00:00,477.16,300.88,755.07,1690.66,3223.77
2024-04-15 16:00:00,404.43,206.25,775.85,1021.59,2408.12
2024-04-15 17:00:00,207.41,402.17,749.21,926.06,2284.85
2024-04-15 18:00:00,0.0,543.66,879.54,1487.57,2910.77
2024-04-15 19:00:00,0.0,519.89,732.94,1230.07,2482.9
2024-04-15 20:00:00,0.0,486.37,813.96,1519.94,2820.26
2024-04-15 21:00:00,0.0,684.01,679.51,1559.76,2923.29
2024-04-15 22:00:00,0.0,502.39,730.5,2051.15,3284.04
2024-04-15 23:00:00,0.0,541.93,821.57,1812.95,3176.46
2024-04-16 00:00:00,0.0,512.82,681.83,1496.96,2691.61
2024-04-16 01:00:00,0.0,645.76,685.4,1596.68,2927.83
2024-04-16 02:00:00,0.0,540.92,851.06,1381.66,2773.65
2024-04-16 03:00:00,0.0,372.14,629.11,1553.95,2555.2
2024-04-16 04:00:00,0.0,599.65,758.16,1767.9,3125.71
2024-04-16 05:00:00,0.0,628.1,731.15,1496.9,2856.15
2024-04-16 06:00:00,0.0,608.72,862.67,1689.52,3160.91
2024-04-16 07:00:00,267.74,509.65,756.5,1382.89,2916.78
2024-04-16 08:00:00,398.08,605.47,841.56,1163.84,3008.95
2024-04-16 09:00:00,708.76,388.82,724.53,1805.3,3627.41
2024-04-16 10:00:00,633.57,539.08,680.6,1587.86,3441.11
2024-04-16 11:00:00,795.96,614.25,780.23,1186.17,3376.61
2024-04-16 12:00:00,776.79,488.33,743.68,1883.65,3892.44
2024-04-16 13:00:00,756.6,457.92,719.03,1481.79,3415.33
2024-04-16 14:00:00,785.67,462.04,857.1,1677.95,3782.77
2024-04-16 15:00:00,601.11,491.73,749.92,1434.0,3276.76
2024-04-16 16:00:00,387.9,333.56,773.53,1535.54,3030.53
2024-04-16 17:00:00,163.65,256.67,633.64,1767.66,2821.61
2024-04-16 18:00:00,0.0,613.55,782.67,1820.15,3216.38
2024-04-16 19:00:00,0.0,560.5,856.16,1386.02,2802.68
2024-04-16 20:00:00,0.0,375.03,875.95,1645.93,2896.9
2024-04-16 21:00:00,0.0,630.09,767.75,1572.01,2969.85
2024-04-16 22:00:00,0.0,507.38,813.35,1828.06,3148.8
2024-04-16 23:00:00,0.0,566.48,773.49,1434.0,2773.97
2024-04-17 00:00:00,0.0,660.62,754.97,1586.56,3002.15
2024-04-17 01:00:00,0.0,453.13,713.27,1583.63,2750.04
2024-04-17 02:00:00,0.0,445.69,813.01,1515.83,2774.53
2024-04-17 03:00:00,0.0,535.33,679.1,2270.0,3484.42
2024-04-17 04:00:00,0.0,353.1,804.5,1895.75,3053.34
2024-04-17 05:00:00,0.0,596.79,676.03,1703.92,2976.75
2024-04-17 06:00:00,0.0,485.48,839.83,1892.24,3217.54
2024-04-17 07:00:00,221.05,360.65,752.56,1641.27,2975.53
2024-04-17 08:00:00,408.92,480.01,812.3,1470.25,3171.48
2024-04-17 09:00:00,654.6,479.66,620.74,1973.82,3728.82
2024-04-17 10:00:00,823.8,662.08,851.8,1153.77,3491.46
2024-04-17 11:00:00,892.82,415.3,743.43,1852.14,3903.69
2024-04-17 12:00:00,1190.25,570.4,663.04,1918.72,4342.4
2024-04-17 13:00:00,693.24,594.87,729.41,1963.7,3981.23
2024-04-17 14:00:00,756.69,363.4,746.55,932.23,2798.87
2024-04-17 15:00:00,708.63,463.45,736.23,1984.8,3893.1
2024-04-17 16:00:00,399.55,514.79,845.41,1559.86,3319.61
2024-04-17 17:00:00,212.28,417.76,730.2,1564.24,2924.48
2024-04-17 18:00:00,0.0,471.96,768.99,1484.03,2724.98
2024-04-17 19:00:00,0.0,503.46,829.44,1506.54,2839.45
2024-04-17 20:00:00,0.0,279.36,766.37,1717.46,2763.19
2024-04-17 21:00:00,0.0,616.34,710.22,1195.02,2521.57
2024-04-17 22:00:00,0.0,445.75,772.0,2076.24,3293.98
2024-04-17 23:00:00,0.0,368.67,778.5,1473.65,2620.82
2024-04-18 00:00:00,0.0,494.51,776.88,1564.16,2835.55
2024-04-18 01:00:00,0.0,386.92,815.58,1697.46,2899.96
2024-04-18 02:00:00,0.0,505.89,738.83,824.36,2069.08
2024-04-18 03:00:00,0.0,420.54,855.42,1678.9,2954.86
2024-04-18 04:00:00,0.0,781.79,689.87,1498.06,2969.71
2024-04-18 05:00:00,0.0,605.94,879.74,1571.17,3056.85
2024-04-18 06:00:00,0.0,442.44,800.05,1649.8,2892.3
2024-04-18 07:00:00,208.18,492.13,764.47,1167.32,2632.1
2024-04-18 08:00:00,440.54,572.05,761.69,1829.3,3603.58
2024-04-18 09:00:00,462.42,550.35,742.74,1226.94,2982.45
2024-04-18 10:00:00,799.64,637.18,837.04,1600.77,3874.63
2024-04-18 11:00:00,785.43,665.53,727.06,1741.78,3919.79
2024-04-18 12:00:00,800.16,656.13,887.44,1393.96,3737.69
2024-04-18 13:00:00,953.65,457.05,847.62,2201.33,4459.64
2024-04-18 14:00:00,703.41,574.39,843.5,1776.56,3897.86
2024-04-18 15:00:00,555.5,530.29,755.09,2075.64,3916.52
2024-04-18 16:00:00,414.16,362.75,737.15,1591.25,3105.31
2024-04-18 17:00:00,272.62,550.01,723.55,1720.34,3266.52
2024-04-18 18:00:00,0.0,317.53,757.41,1438.18,2513.12
2024-04-18 19:00:00,0.0,540.32,864.83,1523.15,2928.31
2024-04-18 20:00:00,0.0,473.01,757.97,1663.25,2894.23
2024-04-18 21:00:00,0.0,364.29,944.53,1568.88,2877.71
2024-04-18 22:00:00,0.0,521.17,827.01,1870.31,3218.5
2024-04-18 23:00:00,0.0,662.86,797.47,1941.83,3402.17
2024-04-19 00:00:00,0.0,854.21,791.1,1742.24,3387.56
2024-04-19 01:00:00,0.0,437.08,855.86,1613.33,2906.27
2024-04-19 02:00:00,0.0,558.58,769.18,1597.86,2925.61
2024-04-19 03:00:00,0.0,423.64,800.07,1150.6,2374.3
2024-04-19 04:00:00,0.0,616.86,743.05,1224.45,2584.35
2024-04-19 05:00:00,0.0,426.09,808.1,1661.76,2895.95
2024-04-19 06:00:00,0.0,605.33,865.57,1318.25,2789.15
2024-04-19 07:00:00,224.66,599.63,692.3,1386.04,2902.63
2024-04-19 08:00:00,414.98,497.8,796.76,1156.51,2866.05
2024-04-19 09:00:00,518.89,735.67,864.79,1664.8,3784.16
2024-04-19 10:00:00,673.42,318.85,800.43,1656.98,3449.69
2024-04-19 11:00:00,976.5,314.11,734.78,1137.11,3162.5
2024-04-19 12:00:00,959.67,573.59,862.48,1255.58,3651.32
2024-04-19 13:00:00,993.72,581.26,754.46,1701.51,4030.96
2024-04-19 14:00:00,732.6,344.12,737.09,1567.91,3381.71
2024-04-19 15:00:00,757.0,462.1,824.54,1583.87,3627.51
2024-04-19 16:00:00,373.03,500.76,790.08,1222.54,2886.42
2024-04-19 17:00:00,171.1,514.96,817.6,1604.8,3108.45
2024-04-19 18:00:00,0.0,365.51,889.0,1495.8,2750.3
2024-04-19 19:00:00,0.0,521.25,906.51,1571.09,2998.85
2024-04-19 20:00:00,0.0,590.38,774.32,1239.36,2604.06
2024-04-19 21:00:00,0.0,547.81,749.49,1220.23,2517.54
2024-04-19 22:00:00,0.0,369.86,764.22,1869.18,3003.27
2024-04-19 23:00:00,0.0,393.25,803.07,1263.17,2459.48
2024-04-20 00:00:00,0.0,591.56,837.32,1440.19,2869.06
2024-04-20 01:00:00,0.0,628.2,856.95,1951.83,3436.98
2024-04-20 02:00:00,0.0,836.11,650.21,1912.36,3398.68
2024-04-20 03:00:00,0.0,302.11,930.49,1424.23,2656.83
2024-04-20 04:00:00,0.0,511.64,771.37,1270.96,2553.97
2024-04-20 05:00:00,0.0,618.16,752.3,1545.55,2916.02
2024-04-20 06:00:00,0.0,609.37,860.06,1794.51,3263.94
2024-04-20 07:00:00,239.87,202.54,806.42,1764.79,3013.61
2024-04-20 08:00:00,490.86,521.61,758.64,1776.47,3547.58
2024-04-20 09:00:00,652.92,500.07,820.04,1592.71,3565.73
2024-04-20 10:00:00,851.0,556.79,795.18,1635.92,3838.89
2024-04-20 11:00:00,737.12,525.73,774.52,1966.53,4003.9
2024-04-20 12:00:00,781.86,400.55,785.53,1701.43,3669.37
2024-04-20 13:00:00,775.49,493.91,867.28,1772.78,3909.46
2024-04-20 14:00:00,470.42,367.14,741.96,1544.73,3124.24
2024-04-20 15:00:00,700.91,467.94,837.07,1785.85,3791.77
2024-04-20 16:00:00,440.02,503.01,749.99,1721.93,3414.96
2024-04-20 17:00:00,203.84,589.59,778.74,1621.04,3193.21
2024-04-20 18:00:00,0.0,705.68,819.58,1313.01,2838.27
2024-04-20 19:00:00,0.0,588.62,894.84,1798.56,3282.01
2024-04-20 20:00:00,0.0,533.93,727.03,1490.06,2751.02
2024-04-20 21:00:00,0.0,230.74,749.33,1454.63,2434.71
2024-04-20 22:00:00,0.0,677.3,813.61,1480.31,2971.22
2024-04-20 23:00:00,0.0,452.58,819.45,2425.09,3697.11
2024-04-21 00:00:00,0.0,606.02,724.75,1883.95,3214.72
2024-04-21 01:00:00,0.0,687.9,694.61,1776.83,3159.33
2024-04-21 02:00:00,0.0,508.85,814.65,2227.43,3550.93
2024-04-21 03:00:00,0.0,413.11,722.97,1190.53,2326.61
2024-04-21 04:00:00,0.0,510.08,710.72,1652.88,2873.69
2024-04-21 05:00:00,0.0,561.68,755.7,1494.26,2811.63
2024-04-21 06:00:00,0.0,580.37,684.71,1518.41,2783.48
2024-04-21 07:00:00,252.66,649.12,788.8,1447.34,3137.91
2024-04-21 08:00:00,404.63,605.35,764.72,1598.45,3373.14
2024-04-21 09:00:00,671.56,685.78,747.49,1624.97,3729.8
2024-04-21 10:00:00,807.46,503.55,761.74,1568.69,3641.44
2024-04-21 11:00:00,684.56,620.88,788.62,1436.88,3530.94
2024-04-21 12:00:00,816.94,493.55,762.23,1753.68,3826.41
2024-04-21 13:00:00,886.9,579.67,786.11,1672.16,3924.84
2024-04-21 14:00:00,682.51,714.35,798.88,1508.56,3704.3
2024-04-21 15:00:00,697.14,469.44,662.61,1511.2,3340.4
2024-04-21 16:00:00,437.34,687.48,789.17,1697.93,3611.91
2024-04-21 17:00:00,218.44,444.67,792.29,1666.38,3121.78
2024-04-21 18:00:00,0.0,560.69,819.11,1952.53,3332.33
2024-04-21 19:00:00,0.0,479.72,674.62,1843.36,2997.7
2024-04-21 20:00:00,0.0,564.29,746.15,1401.25,2711.69
2024-04-21 21:00:00,0.0,549.74,635.96,1948.26,3133.96
2024-04-21 22:00:00,0.0,631.77,782.39,1367.07,2781.22
2024-04-21 23:00:00,0.0,632.35,880.07,1682.33,3194.76
2024-04-22 00:00:00,0.0,333.77,827.28,1585.16,2746.22
2024-04-22 01:00:00,0.0,577.58,708.78,1272.45,2558.82
2024-04-22 02:00:00,0.0,370.58,763.79,1678.05,2812.42
2024-04-22 03:00:00,0.0,341.25,824.83,1773.38,2939.46
2024-04-22 04:00:00,0.0,642.3,809.62,1772.67,3224.6
2024-04-22 05:00:00,0.0,437.3,736.92,1586.63,2760.85
2024-04-22 06:00:00,0.0,462.73,696.88,1215.25,2374.86
2024-04-22 07:00:00,190.64,502.7,874.37,2005.22,3572.93
2024-04-22 08:00:00,440.57,296.54,803.99,1490.25,3031.35
2024-04-22 09:00:00,476.99,418.86,765.0,1665.93,3326.78
2024-04-22 10:00:00,842.51,294.81,817.32,1403.17,3357.8
2024-04-22 11:00:00,859.87,433.36,800.25,1573.06,3666.55
2024-04-22 12:00:00,768.1,609.27,746.64,1927.9,4051.91
2024-04-22 13:00:00,510.09,530.02,816.59,1748.65,3605.35
2024-04-22 14:00:00,774.49,561.25,807.27,1546.11,3689.11
2024-04-22 15:00:00,599.73,457.57,835.23,1451.8,3344.33
2024-04-22 16:00:00,492.17,625.27,836.15,1316.37,3269.96
2024-04-22 17:00:00,210.67,422.67,741.43,1642.89,3017.66
2024-04-22 18:00:00,0.0,502.25,813.31,1677.62,2993.17
2024-04-22 19:00:00,0.0,408.17,839.72,1479.3,2727.19
2024-04-22 20:00:00,0.0,527.72,722.99,1639.92,2890.63
2024-04-22 21:00:00,0.0,507.94,752.54,1820.4,3080.88
2024-04-22 22:00:00,0.0,443.12,762.54,1397.17,2602.83
2024-04-22 23:00:00,0.0,286.22,838.9,1787.94,2913.06
2024-04-23 00:00:00,0.0,441.25,784.0,1773.5,2998.75
2024-04-23 01:00:00,0.0,393.78,791.87,1739.58,2925.23
2024-04-23 02:00:00,0.0,409.96,758.66,1509.2,2677.82
2024-04-23 03:00:00,0.0,530.12,798.16,1404.05,2732.33
2024-04-23 04:00:00,0.0,394.5,752.05,1302.31,2448.86
2024-04-23 05:00:00,0.0,419.63,860.35,2014.72,3294.7
2024-04-23 06:00:00,0.0,598.16,715.42,1302.28,2615.86
2024-04-23 07:00:00,206.35,519.16,708.89,1159.43,2593.84
2024-04-23 08:00:00,475.4,851.53,817.25,1262.8,3406.97
2024-04-23 09:00:00,440.19,721.44,730.35,1586.62,3478.6
2024-04-23 10:00:00,522.38,468.47,837.7,1452.71,3281.26
2024-04-23 11:00:00,625.79,591.71,794.35,1698.02,3709.87
2024-04-23 12:00:00,1063.14,367.45,790.24,1585.17,3806.01
2024-04-23 13:00:00,835.94,401.02,818.31,1316.4,3371.67
2024-04-23 14:00:00,525.21,585.41,808.02,1757.15,3675.79
2024-04-23 15:00:00,693.01,437.97,816.12,1777.82,3724.93
2024-04-23 16:00:00,330.57,417.2,798.06,1682.82,3228.65
2024-04-23 17:00:00,169.33,598.69,865.98,1652.97,3286.97
2024-04-23 18:00:00,0.0,363.43,881.18,1440.87,2685.48
2024-04-23 19:00:00,0.0,652.78,718.9,1605.19,2976.88
2024-04-23 20:00:00,0.0,463.12,772.78,1184.79,2420.69
2024-04-23 21:00:00,0.0,617.94,744.71,1454.4,2817.06
2024-04-23 22:00:00,0.0,468.91,771.19,1579.7,2819.8
2024-04-23 23:00:00,0.0,476.01,759.39,1629.21,2864.61
2024-04-24 00:00:00,0.0,482.62,742.57,1167.69,2392.88
2024-04-24 01:00:00,0.0,500.57,823.56,1692.96,3017.09
2024-04-24 02:00:00,0.0,498.75,721.85,1886.9,3107.5
2024-04-24 03:00:00,0.0,779.26,768.36,1548.95,3096.57
2024-04-24 04:00:00,0.0,711.33,773.48,1502.08,2986.89
2024-04-24 05:00:00,0.0,284.47,769.86,1463.52,2517.85
2024-04-24 06:00:00,0.0,540.21,764.55,1411.73,2716.48
2024-04-24 07:00:00,231.27,612.66,726.59,1404.96,2975.47
2024-04-24 08:00:00,472.04,702.14,697.23,1959.16,3830.57
2024-04-24 09:00:00,556.45,348.76,851.7,1564.41,3321.32
2024-04-24 10:00:00,597.1,387.75,938.73,1609.16,3532.74
2024-04-24 11:00:00,800.35,529.06,838.04,1396.67,3564.11
2024-04-24 12:00:00,974.16,545.37,804.78,1694.71,4019.02
2024-04-24 13:00:00,809.75,669.51,787.47,2021.98,4288.71
2024-04-24 14:00:00,798.11,355.54,751.07,1716.53,3621.25
2024-04-24 15:00:00,780.98,451.1,923.1,1976.46,4131.63
2024-04-24 16:00:00,381.86,463.13,805.36,1709.23,3359.58
2024-04-24 17:00:00,209.05,557.73,915.33,1878.03,3560.14
2024-04-24 18:00:00,0.0,437.12,844.32,1542.83,2824.27
2024-04-24 19:00:00,0.0,556.78,750.97,1499.05,2806.8
2024-04-24 20:00:00,0.0,542.76,770.82,1626.74,2940.32
2024-04-24 21:00:00,0.0,426.21,822.06,1482.75,2731.03
2024-04-24 22:00:00,0.0,594.08,765.19,1776.08,3135.35
2024-04-24 23:00:00,0.0,422.06,735.64,1614.16,2771.86
2024-04-25 00:00:00,0.0,552.04,834.36,1504.7,2891.1
2024-04-25 01:00:00,0.0,379.2,782.04,1332.57,2493.81
2024-04-25 02:00:00,0.0,550.57,706.27,2430.97,3687.81
2024-04-25 03:00:00,0.0,471.93,833.88,1826.65,3132.46
2024-04-25 04:00:00,0.0,415.39,805.76,1487.54,2708.7
2024-04-25 05:00:00,0.0,576.29,774.44,1451.35,2802.08
2024-04-25 06:00:00,0.0,686.73,868.88,1160.63,2716.25
2024-04-25 07:00:00,187.62,373.38,714.29,1754.14,3029.42
2024-04-25 08:00:00,460.16,632.02,820.97,1855.45,3768.6
2024-04-25 09:00:00,670.0,535.0,778.78,1406.08,3389.87
2024-04-25 10:00:00,734.25,602.45,794.05,1583.47,3714.22
2024-04-25 11:00:00,811.79,665.79,647.46,1321.6,3446.64
2024-04-25 12:00:00,704.44,590.37,672.82,1690.66,3658.29
2024-04-25 13:00:00,851.25,412.76,742.7,1986.23,3992.94
2024-04-25 14:00:00,707.13,337.3,751.5,1466.64,3262.57
2024-04-25 15:00:00,474.92,508.24,783.83,1757.89,3524.87
2024-04-25 16:00:00,389.04,583.73,784.32,1358.15,3115.23
2024-04-25 17:00:00,198.88,477.71,764.17,1386.62,2827.38
2024-04-25 18:00:00,0.0,531.98,702.61,1598.86,2833.45
2024-04-25 19:00:00,0.0,428.03,766.28,1584.67,2778.98
2024-04-25 20:00:00,0.0,570.67,758.09,1831.29,3160.05
2024-04-25 21:00:00,0.0,496.48,773.55,1620.63,2890.65
2024-04-25 22:00:00,0.0,586.65,777.93,1586.55,2951.13
2024-04-25 23:00:00,0.0,546.5,731.97,1519.67,2798.15
2024-04-26 00:00:00,0.0,371.89,750.75,1552.1,2674.74
2024-04-26 01:00:00,0.0,600.09,783.8,1410.42,2794.31
2024-04-26 02:00:00,0.0,475.62,747.8,1865.67,3089.09
2024-04-26 03:00:00,0.0,355.49,775.62,1847.89,2978.99
2024-04-26 04:00:00,0.0,650.57,784.91,1382.89,2818.37
2024-04-26 05:00:00,0.0,494.8,660.55,1472.34,2627.68
2024-04-26 06:00:00,0.0,540.39,811.92,1688.93,3041.24
2024-04-26 07:00:00,207.78,586.87,807.09,1964.7,3566.44
2024-04-26 08:00:00,411.89,567.44,821.43,1950.11,3750.87
2024-04-26 09:00:00,600.78,419.43,809.36,1565.34,3394.9
2024-04-26 10:00:00,832.76,325.22,786.5,1892.07,3836.55
2024-04-26 11:00:00,906.07,570.67,764.81,1868.69,4110.24
2024-04-26 12:00:00,905.02,366.84,807.24,1474.71,3553.81
2024-04-26 13:00:00,935.1,577.58,856.82,1815.23,4184.72
2024-04-26 14:00:00,791.95,727.89,765.12,2267.25,4552.2
2024-04-26 15:00:00,560.47,339.79,760.62,1975.28,3636.16
2024-04-26 16:00:00,532.94,568.6,854.81,1393.0,3349.35
2024-04-26 17:00:00,245.02,458.52,787.71,1590.4,3081.65
2024-04-26 18:00:00,0.0,724.63,771.49,1421.01,2917.13
2024-04-26 19:00:00,0.0,594.68,795.14,1423.09,2812.9
2024-04-26 20:00:00,0.0,445.35,711.85,1891.63,3048.82
2024-04-26 21:00:00,0.0,377.09,736.2,1861.54,2974.83
2024-04-26 22:00:00,0.0,480.76,939.73,1646.42,3066.91
2024-04-26 23:00:00,0.0,638.35,794.45,1352.16,2784.95
2024-04-27 00:00:00,0.0,541.96,842.44,1739.46,3123.86
2024-04-27 01:00:00,0.0,420.46,785.53,1906.22,3112.21
2024-04-27 02:00:00,0.0,171.13,739.9,1693.2,2604.24
2024-04-27 03:00:00,0.0,495.13,777.92,1860.23,3133.28
2024-04-27 04:00:00,0.0,410.93,822.96,989.08,2222.97
2024-04-27 05:00:00,0.0,459.89,815.15,2181.98,3457.02
2024-04-27 06:00:00,0.0,566.45,685.57,1429.3,2681.32
2024-04-27 07:00:00,253.9,601.76,758.25,1700.37,3314.27
2024-04-27 08:00:00,534.12,484.43,759.4,1288.97,3066.93
2024-04-27 09:00:00,596.99,374.5,780.32,2055.67,3807.48
2024-04-27 10:00:00,737.73,407.1,809.76,1348.98,3303.57
2024-04-27 11:00:00,1013.51,420.61,833.34,1295.78,3563.24
2024-04-27 12:00:00,845.3,458.97,751.04,1599.52,3654.84
2024-04-27 13:00:00,914.93,587.36,633.39,1736.58,3872.25
2024-04-27 14:00:00,510.01,800.13,685.13,1964.76,3960.02
2024-04-27 15:00:00,572.7,565.1,776.29,1457.22,3371.31
2024-04-27 16:00:00,436.54,404.18,849.29,1825.41,3515.42
2024-04-27 17:00:00,226.79,552.62,825.45,1599.38,3204.23
2024-04-27 18:00:00,0.0,397.56,743.32,1661.77,2802.65
2024-04-27 19:00:00,0.0,607.58,779.97,1006.9,2394.45
2024-04-27 20:00:00,0.0,500.15,811.18,1701.13,3012.46
2024-04-27 21:00:00,0.0,626.72,806.75,1455.34,2888.81
2024-04-27 22:00:00,0.0,435.87,742.85,1672.1,2850.82
2024-04-27 23:00:00,0.0,729.59,812.13,1412.2,2953.92
2024-04-28 00:00:00,0.0,486.08,777.8,1937.36,3201.24
2024-04-28 01:00:00,0.0,516.69,808.47,1635.1,2960.26
2024-04-28 02:00:00,0.0,566.08,767.52,1490.29,2823.89
2024-04-28 03:00:00,0.0,486.04,751.62,1880.05,3117.71
2024-04-28 04:00:00,0.0,569.38,720.98,1138.83,2429.2
2024-04-28 05:00:00,0.0,626.02,833.39,1395.86,2855.27
2024-04-28 06:00:00,0.0,392.54,802.42,1897.12,3092.09
2024-04-28 07:00:00,212.66,467.56,777.27,1741.11,3198.59
2024-04-28 08:00:00,419.54,331.32,891.21,1791.29,3433.36
2024-04-28 09:00:00,545.35,550.67,815.79,1602.3,3514.11
2024-04-28 10:00:00,687.53,219.81,824.36,1724.22,3455.91
2024-04-28 11:00:00,860.15,694.04,747.21,1718.57,4019.96
2024-04-28 12:00:00,860.66,466.41,681.0,1651.63,3659.69
2024-04-28 13:00:00,604.18,621.08,835.68,1531.31,3592.25
2024-04-28 14:00:00,685.72,470.94,779.43,1789.12,3725.2
2024-04-28 15:00:00,715.59,638.81,862.3,1807.0,4023.7
2024-04-28 16:00:00,417.82,440.62,699.57,1709.28,3267.29
2024-04-28 17:00:00,248.06,243.36,756.7,1227.56,2475.69
2024-04-28 18:00:00,0.0,402.49,678.8,841.87,1923.16
2024-04-28 19:00:00,0.0,696.98,715.37,1430.86,2843.21
2024-04-28 20:00:00,0.0,547.94,848.67,1496.11,2892.72
2024-04-28 21:00:00,0.0,656.86,843.77,1201.33,2701.96
2024-04-28 22:00:00,0.0,460.94,811.78,1520.7,2793.42
2024-04-28 23:00:00,0.0,404.34,745.01,1273.08,2422.43
2024-04-29 00:00:00,0.0,417.02,797.03,1787.55,3001.6
2024-04-29 01:00:00,0.0,698.75,843.01,2056.72,3598.48
2024-04-29 02:00:00,0.0,414.31,765.92,1874.77,3055.0
2024-04-29 03:00:00,0.0,461.1,716.39,1956.71,3134.19
2024-04-29 04:00:00,0.0,93.37,811.15,1548.97,2453.48
2024-04-29 05:00:00,0.0,359.19,648.45,1785.3,2792.94
2024-04-29 06:00:00,0.0,495.09,806.39,2049.55,3351.02
2024-04-29 07:00:00,171.24,442.12,782.63,1575.43,2971.41
2024-04-29 08:00:00,424.17,392.47,760.06,1873.86,3450.56
2024-04-29 09:00:00,574.89,422.71,811.42,1910.19,3719.2
2024-04-29 10:00:00,674.21,443.01,797.13,1273.51,3187.87
2024-04-29 11:00:00,762.31,552.94,773.93,2060.93,4150.12
2024-04-29 12:00:00,758.26,422.06,740.92,1336.83,3258.07
2024-04-29 13:00:00,1098.54,458.32,757.61,1618.63,3933.1
2024-04-29 14:00:00,740.27,438.49,678.95,1614.08,3471.8
2024-04-29 15:00:00,776.25,606.67,762.62,1656.99,3802.53
2024-04-29 16:00:00,437.1,492.29,752.71,1602.1,3284.2
2024-04-29 17:00:00,233.99,550.92,819.62,1282.86,2887.39
2024-04-29 18:00:00,0.0,531.32,731.55,1789.01,3051.88
2024-04-29 19:00:00,0.0,381.07,705.62,1787.64,2874.33
2024-04-29 20:00:00,0.0,430.76,804.24,1585.14,2820.13
2024-04-29 21:00:00,0.0,603.67,848.3,1618.31,3070.28
2024-04-29 22:00:00,0.0,174.01,865.56,1429.57,2469.14
2024-04-29 23:00:00,0.0,502.16,752.28,1477.17,2731.6
2024-04-30 00:00:00,0.0,354.05,774.13,1488.15,2616.33
2024-04-30 01:00:00,0.0,739.36,712.66,1548.27,3000.29
2024-04-30 02:00:00,0.0,595.82,852.96,1618.52,3067.3
2024-04-30 03:00:00,0.0,705.82,743.33,1917.41,3366.56
2024-04-30 04:00:00,0.0,315.12,820.19,1913.67,3048.98
2024-04-30 05:00:00,0.0,587.64,836.51,1275.96,2700.11
2024-04-30 06:00:00,0.0,579.86,814.78,1478.27,2872.91
2024-04-30 07:00:00,209.22,645.49,759.42,1373.42,2987.54
2024-04-30 08:00:00,449.47,564.62,842.48,1988.04,3844.61
2024-04-30 09:00:00,605.44,551.4,738.67,1440.17,3335.67
2024-04-30 10:00:00,732.29,339.16,751.82,1596.74,3420.01
2024-04-30 11:00:00,691.37,595.54,783.94,1066.86,3137.71
2024-04-30 12:00:00,811.22,347.94,870.2,1750.03,3779.38
2024-04-30 13:00:00,745.76,382.02,784.87,1533.53,3446.17
2024-04-30 14:00:00,755.9,579.99,818.31,1711.33,3865.53
2024-04-30 15:00:00,577.19,412.72,908.9,1155.65,3054.46
2024-04-30 16:00:00,519.73,500.13,785.53,1627.96,3433.36
2024-04-30 17:00:00,199.46,813.22,819.56,1948.6,3780.84
2024-04-30 18:00:00,0.0,420.72,832.88,1868.96,3122.56
2024-04-30 19:00:00,0.0,273.22,702.71,1718.09,2694.01
2024-04-30 20:00:00,0.0,663.29,711.25,1340.24,2714.78
2024-04-30 21:00:00,0.0,495.55,860.56,1706.45,3062.56
2024-04-30 22:00:00,0.0,278.12,822.05,1752.86,2853.03
2024-04-30 23:00:00,0.0,760.51,755.94,1800.03,3316.48
2024-05-01 00:00:00,0.0,692.02,775.85,1676.13,3143.99
2024-05-01 01:00:00,0.0,273.73,717.26,1474.91,2465.9
2024-05-01 02:00:00,0.0,599.85,674.02,2443.15,3717.01
2024-05-01 03:00:00,0.0,436.9,747.17,1660.58,2844.66
2024-05-01 04:00:00,0.0,533.5,666.98,1612.23,2812.71
2024-05-01 05:00:00,0.0,513.31,779.42,1171.03,2463.76
2024-05-01 06:00:00,0.0,553.48,764.81,1804.97,3123.26
2024-05-01 07:00:00,253.76,431.83,634.35,1556.06,2875.99
2024-05-01 08:00:00,492.96,398.32,787.48,1702.53,3381.29
2024-05-01 09:00:00,594.37,664.16,893.05,1783.94,3935.52
2024-05-01 10:00:00,902.14,471.44,700.22,1797.21,3871.02
2024-05-01 11:00:00,901.12,580.29,643.73,1680.65,3805.8
2024-05-01 12:00:00,691.79,555.98,882.51,1672.02,3802.29
2024-05-01 13:00:00,771.48,402.78,813.33,1712.56,3700.16
2024-05-01 14:00:00,750.23,558.3,577.22,1947.16,3832.91
2024-05-01 15:00:00,582.9,587.78,716.36,1609.98,3497.02
2024-05-01 16:00:00,461.94,436.39,796.89,1146.3,2841.51
2024-05-01 17:00:00,211.97,595.19,823.33,1386.03,3016.51
2024-05-01 18:00:00,0.0,720.8,678.89,1723.56,3123.25
2024-05-01 19:00:00,0.0,461.97,851.25,1303.2,2616.42
2024-05-01 20:00:00,0.0,517.0,760.02,1899.24,3176.25
2024-05-01 21:00:00,0.0,647.31,772.71,1471.7,2891.72
2024-05-01 22:00:00,0.0,439.67,813.22,1498.47,2751.36
2024-05-01 23:00:00,0.0,412.89,665.64,1665.7,2744.23
2024-05-02 00:00:00,0.0,557.87,740.4,1583.81,2882.08
2024-05-02 01:00:00,0.0,417.47,878.83,1543.15,2839.45
2024-05-02 02:00:00,0.0,391.67,797.9,1516.11,2705.68
2024-05-02 03:00:00,0.0,500.61,789.41,1585.92,2875.94
2024-05-02 04:00:00,0.0,487.18,767.17,1724.22,2978.57
2024-05-02 05:00:00,0.0,411.74,745.96,1634.79,2792.5
2024-05-02 06:00:00,0.0,654.29,786.7,1392.24,2833.23
2024-05-02 07:00:00,209.17,348.44,802.88,1520.04,2880.53
2024-05-02 08:00:00,474.48,356.51,767.19,1478.42,3076.59
2024-05-02 09:00:00,564.37,410.45,758.48,1465.51,3198.81
2024-05-02 10:00:00,637.91,322.28,772.37,1987.71,3720.27
2024-05-02 11:00:00,720.35,639.78,699.05,1418.29,3477.47
2024-05-02 12:00:00,727.86,445.61,613.22,1786.18,3572.87
2024-05-02 13:00:00,725.15,694.63,797.33,1677.74,3894.85
2024-05-02 14:00:00,891.25,753.57,771.63,1903.97,4320.42
2024-05-02 15:00:00,620.05,502.56,727.29,1275.99,3125.89
2024-05-02 16:00:00,480.37,357.66,670.47,1802.88,3311.38
2024-05-02 17:00:00,200.86,566.17,663.96,1730.63,3161.62
2024-05-02 18:00:00,0.0,420.24,735.95,1648.51,2804.71
2024-05-02 19:00:00,0.0,479.45,671.09,1503.82,2654.35
2024-05-02 20:00:00,0.0,388.28,719.26,1480.35,2587.89
2024-05-02 21:00:00,0.0,428.22,691.96,1597.11,2717.29
2024-05-02 22:00:00,0.0,454.31,747.54,1451.88,2653.72
2024-05-02 23:00:00,0.0,448.25,692.52,1674.37,2815.14
2024-05-03 00:00:00,0.0,225.77,771.06,1484.1,2480.93
2024-05-03 01:00:00,0.0,424.86,771.82,1351.4,2548.08
2024-05-03 02:00:00,0.0,261.85,755.68,1800.53,2818.05
2024-05-03 03:00:00,0.0,475.22,640.86,1431.78,2547.87
2024-05-03 04:00:00,0.0,275.95,721.08,1313.92,2310.95
2024-05-03 05:00:00,0.0,469.77,721.14,1402.74,2593.66
2024-05-03 06:00:00,0.0,358.2,802.0,1513.59,2673.79
2024-05-03 07:00:00,277.62,757.22,652.42,1390.32,3077.58
2024-05-03 08:00:00,452.25,589.15,784.13,1808.66,3634.19
2024-05-03 09:00:00,695.77,436.41,751.8,1704.95,3588.94
2024-05-03 10:00:00,849.44,468.83,839.93,1850.64,4008.84
2024-05-03 11:00:00,786.7,475.78,767.0,1501.19,3530.66
2024-05-03 12:00:00,722.74,593.3,737.12,1863.83,3916.99
2024-05-03 13:00:00,958.66,596.68,637.52,1639.58,3832.43
2024-05-03 14:00:00,889.29,314.17,784.29,1399.65,3387.4
2024-05-03 15:00:00,439.94,395.81,782.01,1588.51,3206.27
2024-05-03 16:00:00,402.59,493.41,692.86,1882.32,3471.17
2024-05-03 17:00:00,214.41,640.94,734.49,1633.17,3223.02
2024-05-03 18:00:00,0.0,407.71,708.88,1563.02,2679.61
2024-05-03 19:00:00,0.0,314.52,654.24,1839.7,2808.47
2024-05-03 20:00:00,0.0,552.47,757.6,2068.4,3378.47
2024-05-03 21:00:00,0.0,281.76,701.17,1667.98,2650.91
2024-05-03 22:00:00,0.0,597.16,712.66,1699.79,3009.61
2024-05-03 23:00:00,0.0,528.3,668.31,1741.88,2938.49
2024-05-04 00:00:00,0.0,593.76,827.04,1117.94,2538.74
2024-05-04 01:00:00,0.0,484.96,792.58,1200.08,2477.62
2024-05-04 02:00:00,0.0,573.99,607.56,1970.01,3151.56
2024-05-04 03:00:00,0.0,585.6,837.45,1851.92,3274.97
2024-05-04 04:00:00,0.0,509.99,674.01,1405.86,2589.86
2024-05-04 05:00:00,0.0,401.98,760.04,1345.91,2507.93
2024-05-04 06:00:00,0.0,533.95,833.35,1610.25,2977.55
2024-05-04 07:00:00,239.16,748.96,810.7,1596.34,3395.15
2024-05-04 08:00:00,406.25,585.0,766.55,1468.57,3226.37
2024-05-04 09:00:00,718.24,522.58,749.91,2125.4,4116.12
2024-05-04 10:00:00,736.52,284.51,795.58,1399.57,3216.18
2024-05-04 11:00:00,749.11,333.23,827.25,1452.11,3361.7
2024-05-04 12:00:00,840.35,438.67,843.43,1986.63,4109.09
2024-05-04 13:00:00,802.18,327.31,814.48,1445.87,3389.84
2024-05-04 14:00:00,720.66,484.53,759.39,2182.0,4146.57
2024-05-04 15:00:00,568.72,727.34,666.08,1546.45,3508.58
2024-05-04 16:00:00,501.89,231.95,698.29,1292.36,2724.49
2024-05-04 17:00:00,233.6,409.91,714.36,1344.03,2701.9
2024-05-04 18:00:00,0.0,513.04,716.08,1726.07,2955.19
2024-05-04 19:00:00,0.0,421.67,718.2,1902.26,3042.14
2024-05-04 20:00:00,0.0,579.03,740.9,1888.11,3208.05
2024-05-04 21:00:00,0.0,511.97,804.62,1688.29,3004.88
2024-05-04 22:00:00,0.0,754.6,658.77,1886.31,3299.69
2024-05-04 23:00:00,0.0,574.31,771.69,1377.61,2723.61
2024-05-05 00:00:00,0.0,483.24,620.44,1744.27,2847.96
2024-05-05 01:00:00,0.0,397.74,772.59,1675.36,2845.7
2024-05-05 02:00:00,0.0,338.97,917.71,1473.69,2730.38
2024-05-05 03:00:00,0.0,555.81,727.08,1353.96,2636.85
2024-05-05 04:00:00,0.0,555.63,803.39,1583.17,2942.19
2024-05-05 05:00:00,0.0,252.74,810.54,1993.0,3056.28
2024-05-05 06:00:00,0.0,583.72,758.19,1414.65,2756.56
2024-05-05 07:00:00,223.31,537.88,769.49,1207.42,2738.1
2024-05-05 08:00:00,414.48,430.48,733.35,1186.38,2764.69
2024-05-05 09:00:00,607.54,545.85,879.23,1577.13,3609.76
2024-05-05 10:00:00,690.22,472.44,699.29,1518.41,3380.35
2024-05-05 11:00:00,769.71,455.48,688.87,1971.09,3885.16
2024-05-05 12:00:00,749.4,581.36,761.96,1379.98,3472.71
2024-05-05 13:00:00,926.53,523.64,839.44,1527.48,3817.1
2024-05-05 14:00:00,817.63,576.27,648.52,1813.56,3855.98
2024-05-05 15:00:00,600.27,404.59,743.5,1483.97,3232.33
2024-05-05 16:00:00,378.33,312.13,818.42,1678.42,3187.3
2024-05-05 17:00:00,220.19,587.0,633.9,1777.43,3218.52
2024-05-05 18:00:00,0.0,518.52,797.22,1618.84,2934.58
2024-05-05 19:00:00,0.0,422.26,773.79,1758.97,2955.02
2024-05-05 20:00:00,0.0,456.65,869.72,1868.28,3194.65
2024-05-05 21:00:00,0.0,531.04,781.0,1757.21,3069.25
2024-05-05 22:00:00,0.0,469.8,726.63,1784.68,2981.1
2024-05-05 23:00:00,0.0,532.65,783.56,1539.95,2856.16
2024-05-06 00:00:00,0.0,396.45,790.45,1162.72,2349.62
2024-05-06 01:00:00,0.0,502.67,888.88,1808.94,3200.49
2024-05-06 02:00:00,0.0,468.56,728.74,1517.57,2714.87
2024-05-06 03:00:00,0.0,369.04,746.46,1949.08,3064.59
2024-05-06 04:00:00,0.0,416.82,738.69,1538.02,2693.53
2024-05-06 05:00:00,0.0,583.29,790.94,1780.13,3154.35
2024-05-06 06:00:00,0.0,463.06,721.7,1581.3,2766.06
2024-05-06 07:00:00,188.48,429.82,612.81,1482.41,2713.51
2024-05-06 08:00:00,480.71,455.5,815.17,1282.87,3034.24
2024-05-06 09:00:00,568.25,575.45,739.13,1731.37,3614.2
2024-05-06 10:00:00,762.44,394.47,764.04,1522.1,3443.06
2024-05-06 11:00:00,919.92,513.84,774.85,1930.47,4139.08
2024-05-06 12:00:00,944.29,732.1,721.1,1473.09,3870.58
2024-05-06 13:00:00,877.59,640.88,733.02,1614.29,3865.78
2024-05-06 14:00:00,722.87,447.32,821.15,1417.45,3408.79
2024-05-06 15:00:00,466.32,336.08,718.97,1507.55,3028.92
2024-05-06 16:00:00,425.18,768.88,779.73,1850.1,3823.9
2024-05-06 17:00:00,209.14,561.89,703.9,1438.25,2913.17
2024-05-06 18:00:00,0.0,548.86,788.05,1557.16,2894.06
2024-05-06 19:00:00,0.0,601.05,675.95,1577.57,2854.57
2024-05-06 20:00:00,0.0,591.32,850.91,2042.47,3484.69
2024-05-06 21:00:00,0.0,549.22,774.97,1723.22,3047.41
2024-05-06 22:00:00,0.0,616.39,807.73,1601.71,3025.83
2024-05-06 23:00:00,0.0,582.37,736.68,1891.89,3210.93
2024-05-07 00:00:00,0.0,520.76,779.21,1436.88,2736.86
2024-05-07 01:00:00,0.0,547.76,681.97,1637.27,2867.0
2024-05-07 02:00:00,0.0,538.1,793.78,1785.56,3117.43
2024-05-07 03:00:00,0.0,575.75,796.14,1758.92,3130.81
2024-05-07 04:00:00,0.0,542.49,691.86,1831.5,3065.85
2024-05-07 05:00:00,0.0,558.23,823.43,1762.74,3144.39
2024-05-07 06:00:00,0.0,482.72,727.05,1732.19,2941.95
2024-05-07 07:00:00,231.46,471.8,754.29,1827.71,3285.25
2024-05-07 08:00:00,386.97,610.5,783.33,1813.76,3594.56
2024-05-07 09:00:00,711.4,357.69,777.66,1094.87,2941.6
2024-05-07 10:00:00,727.51,304.72,666.79,1970.01,3669.03
2024-05-07 11:00:00,797.22,411.65,710.78,1550.03,3469.68
2024-05-07 12:00:00,838.5,679.58,715.47,1496.6,3730.14
2024-05-07 13:00:00,857.02,791.02,684.16,1707.39,4039.59
2024-05-07 14:00:00,655.26,335.14,771.18,1584.24,3345.81
2024-05-07 15:00:00,523.49,454.12,892.01,1803.13,3672.75
2024-05-07 16:00:00,464.52,419.04,757.47,1162.61,2803.63
2024-05-07 17:00:00,251.67,512.69,609.16,1498.74,2872.26
2024-05-07 18:00:00,0.0,683.01,702.14,1800.03,3185.18
2024-05-07 19:00:00,0.0,435.1,651.81,1850.49,2937.4
2024-05-07 20:00:00,0.0,358.71,716.64,1638.38,2713.73
2024-05-07 21:00:00,0.0,516.25,838.74,1858.13,3213.12
2024-05-07 22:00:00,0.0,797.63,715.98,1402.65,2916.26
2024-05-07 23:00:00,0.0,557.66,715.41,1607.24,2880.32
2024-05-08 00:00:00,0.0,601.95,703.75,1605.35,2911.05
2024-05-08 01:00:00,0.0,478.24,761.97,2100.41,3340.61
2024-05-08 02:00:00,0.0,717.64,687.23,1949.44,3354.32
2024-05-08 03:00:00,0.0,438.38,776.61,1443.16,2658.15
2024-05-08 04:00:00,0.0,580.49,777.55,1809.62,3167.66
2024-05-08 05:00:00,0.0,343.88,727.1,1638.77,2709.76
2024-05-08 06:00:00,0.0,628.91,824.07,1633.07,3086.05
2024-05-08 07:00:00,228.8,620.68,781.07,2541.28,4171.83
2024-05-08 08:00:00,443.46,526.99,744.07,1506.77,3221.28
2024-05-08 09:00:00,740.72,402.22,797.53,1293.7,3234.17
2024-05-08 10:00:00,907.66,444.44,843.67,1501.34,3697.1
2024-05-08 11:00:00,710.2,512.41,719.84,1666.54,3608.99
2024-05-08 12:00:00,878.8,667.24,644.43,1442.87,3633.34
2024-05-08 13:00:00,841.63,385.74,683.82,1930.71,3841.9
2024-05-08 14:00:00,583.99,291.58,675.17,1524.8,3075.54
2024-05-08 15:00:00,516.9,491.55,797.09,1674.4,3479.95
2024-05-08 16:00:00,552.74,586.53,722.91,1639.26,3501.44
2024-05-08 17:00:00,233.77,615.49,765.67,1453.75,3068.68
2024-05-08 18:00:00,0.0,513.21,673.15,1626.78,2813.15
2024-05-08 19:00:00,0.0,592.44,840.05,1720.12,3152.61
2024-05-08 20:00:00,0.0,456.18,820.68,1532.11,2808.97
2024-05-08 21:00:00,0.0,502.22,691.9,1558.4,2752.52
2024-05-08 22:00:00,0.0,616.79,770.12,1789.66,3176.57
2024-05-08 23:00:00,0.0,476.17,739.18,2111.41,3326.75
2024-05-09 00:00:00,0.0,522.93,675.27,1757.19,2955.4
2024-05-09 01:00:00,0.0,316.4,640.63,1839.27,2796.3
2024-05-09 02:00:00,0.0,375.07,742.49,1781.04,2898.59
2024-05-09 03:00:00,0.0,581.89,770.33,1371.82,2724.04
2024-05-09 04:00:00,0.0,334.19,702.45,1526.13,2562.77
2024-05-09 05:00:00,0.0,455.48,764.89,1221.57,2441.95
2024-05-09 06:00:00,0.0,629.84,782.77,1524.3,2936.91
2024-05-09 07:00:00,281.07,509.05,780.54,1893.51,3464.17
2024-05-09 08:00:00,392.48,686.02,666.86,1014.77,2760.14
2024-05-09 09:00:00,617.99,410.38,836.33,1203.93,3068.63
2024-05-09 10:00:00,611.99,679.8,740.66,1813.47,3845.92
2024-05-09 11:00:00,725.84,460.11,707.17,2029.39,3922.5
2024-05-09 12:00:00,720.54,433.26,774.31,1657.51,3585.61
2024-05-09 13:00:00,680.99,519.75,750.27,1612.94,3563.96
2024-05-09 14:00:00,634.84,642.87,739.62,1578.0,3595.34
2024-05-09 15:00:00,579.47,451.75,799.1,1935.52,3765.85
2024-05-09 16:00:00,484.0,349.35,817.13,1715.14,3365.61
2024-05-09 17:00:00,208.28,696.71,758.1,1595.23,3258.31
2024-05-09 18:00:00,0.0,549.14,753.67,2084.21,3387.01
2024-05-09 19:00:00,0.0,562.31,808.27,1722.22,3092.79
2024-05-09 20:00:00,0.0,298.39,735.47,1409.07,2442.92
2024-05-09 21:00:00,0.0,744.86,690.54,1730.07,3165.47
2024-05-09 22:00:00,0.0,582.4,862.94,1508.67,2954.01
2024-05-09 23:00:00,0.0,323.51,740.57,1733.89,2797.97
2024-05-10 00:00:00,0.0,718.39,676.44,1423.48,2818.31
2024-05-10 01:00:00,0.0,531.94,643.09,1381.3,2556.34
2024-05-10 02:00:00,0.0,445.7,698.19,1641.84,2785.73
2024-05-10 03:00:00,0.0,668.68,771.32,1470.45,2910.45
2024-05-10 04:00:00,0.0,361.74,807.29,1631.32,2800.35
2024-05-10 05:00:00,0.0,463.75,661.63,1376.77,2502.14
2024-05-10 06:00:00,0.0,498.98,770.82,1765.95,3035.75
2024-05-10 07:00:00,235.11,609.07,680.07,1797.7,3321.94
2024-05-10 08:00:00,338.79,357.27,724.0,1439.87,2859.93
2024-05-10 09:00:00,338.08,510.32,815.86,2184.49,3848.76
2024-05-10 10:00:00,773.13,381.83,780.28,2053.75,3988.99
2024-05-10 11:00:00,689.78,546.1,693.09,1587.77,3516.74
2024-05-10 12:00:00,928.09,589.67,731.93,1579.26,3828.95
2024-05-10 13:00:00,860.02,454.48,747.14,1337.45,3399.08
2024-05-10 14:00:00,829.7,611.73,861.84,1376.0,3679.27
2024-05-10 15:00:00,599.33,685.87,711.76,1304.94,3301.9
2024-05-10 16:00:00,511.57,479.6,813.68,1428.53,3233.38
2024-05-10 17:00:00,206.32,355.61,810.46,1621.17,2993.56
2024-05-10 18:00:00,0.0,564.13,680.23,2036.97,3281.33
2024-05-10 19:00:00,0.0,597.12,713.56,2019.89,3330.57
2024-05-10 20:00:00,0.0,436.64,779.87,1519.65,2736.16
2024-05-10 21:00:00,0.0,268.5,759.21,1567.54,2595.24
2024-05-10 22:00:00,0.0,362.78,635.61,1792.34,2790.72
2024-05-10 23:00:00,0.0,504.3,717.19,1662.75,2884.24
2024-05-11 00:00:00,0.0,546.59,736.0,1541.35,2823.95
2024-05-11 01:00:00,0.0,444.24,812.34,949.21,2205.8
2024-05-11 02:00:00,0.0,653.34,791.42,1182.77,2627.54
2024-05-11 03:00:00,0.0,501.87,750.4,1411.88,2664.15
2024-05-11 04:00:00,0.0,483.49,635.07,1715.27,2833.84
2024-05-11 05:00:00,0.0,482.92,728.21,1950.97,3162.1
2024-05-11 06:00:00,0.0,566.62,822.64,1339.22,2728.49
2024-05-11 07:00:00,199.34,442.9,691.33,1966.14,3299.7
2024-05-11 08:00:00,367.19,524.47,780.32,1518.81,3190.79
2024-05-11 09:00:00,636.07,687.63,764.27,1942.14,4030.11
2024-05-11 10:00:00,565.35,386.32,730.72,1702.27,3384.66
2024-05-11 11:00:00,982.17,334.87,723.89,1532.12,3573.06
2024-05-11 12:00:00,1010.6,586.88,731.59,1652.37,3981.44
2024-05-11 13:00:00,598.38,632.78,824.68,1467.8,3523.65
2024-05-11 14:00:00,744.93,524.64,838.21,1632.53,3740.32
2024-05-11 15:00:00,656.52,566.76,789.67,1808.15,3821.09
2024-05-11 16:00:00,349.04,646.24,779.89,1896.92,3672.08
2024-05-11 17:00:00,233.35,847.94,791.87,1622.08,3495.24
2024-05-11 18:00:00,0.0,408.92,798.7,1433.8,2641.42
2024-05-11 19:00:00,0.0,561.84,735.09,1488.81,2785.74
2024-05-11 20:00:00,0.0,412.83,628.06,973.16,2014.05
2024-05-11 21:00:00,0.0,804.18,720.96,1803.14,3328.29
2024-05-11 22:00:00,0.0,463.92,780.73,1363.76,2608.41
2024-05-11 23:00:00,0.0,503.15,677.6,1461.3,2642.04
2024-05-12 00:00:00,0.0,649.81,806.83,1607.69,3064.33
2024-05-12 01:00:00,0.0,395.99,839.79,1026.59,2262.37
2024-05-12 02:00:00,0.0,376.22,804.39,1581.38,2761.98
2024-05-12 03:00:00,0.0,730.7,569.81,1422.52,2723.03
2024-05-12 04:00:00,0.0,241.31,724.16,1243.56,2209.03
2024-05-12 05:00:00,0.0,614.81,763.99,1490.03,2868.82
2024-05-12 06:00:00,0.0,559.68,737.68,1711.05,3008.42
2024-05-12 07:00:00,230.8,246.84,635.22,1589.26,2702.12
2024-05-12 08:00:00,381.59,492.49,679.14,1601.03,3154.25
2024-05-12 09:00:00,795.52,580.8,860.62,1332.24,3569.18
2024-05-12 10:00:00,851.01,454.61,759.99,1631.91,3697.52
2024-05-12 11:00:00,838.32,410.67,776.26,1598.15,3623.41
2024-05-12 12:00:00,917.69,482.36,750.45,1348.45,3498.95
2024-05-12 13:00:00,850.98,492.25,795.11,1754.45,3892.79
2024-05-12 14:00:00,776.67,609.95,834.96,1964.91,4186.49
2024-05-12 15:00:00,610.54,404.64,759.29,1707.43,3481.91
2024-05-12 16:00:00,483.4,618.04,772.6,1714.8,3588.84
2024-05-12 17:00:00,164.08,682.76,785.93,1676.5,3309.26
2024-05-12 18:00:00,0.0,450.48,630.1,1690.11,2770.7
2024-05-12 19:00:00,0.0,565.71,813.4,1447.26,2826.37
2024-05-12 20:00:00,0.0,540.7,800.96,1667.11,3008.77
2024-05-12 21:00:00,0.0,583.02,843.93,1603.13,3030.09
2024-05-12 22:00:00,0.0,389.38,792.28,1496.33,2677.98
2024-05-12 23:00:00,0.0,360.48,741.26,1726.64,2828.38
2024-05-13 00:00:00,0.0,480.08,699.12,1290.76,2469.96
2024-05-13 01:00:00,0.0,467.63,733.97,1742.53,2944.13
2024-05-13 02:00:00,0.0,307.37,779.02,1325.04,2411.43
2024-05-13 03:00:00,0.0,498.87,680.49,1421.04,2600.4
2024-05-13 04:00:00,0.0,610.33,654.18,1843.71,3108.22
2024-05-13 05:00:00,0.0,313.95,844.93,1605.39,2764.27
2024-05-13 06:00:00,0.0,550.48,717.79,1678.67,2946.94
2024-05-13 07:00:00,253.4,536.59,744.86,1406.87,2941.72
2024-05-13 08:00:00,391.96,559.52,681.77,1777.47,3410.71
2024-05-13 09:00:00,519.46,616.91,882.14,1325.65,3344.16
2024-05-13 10:00:00,797.44,256.78,754.0,1608.59,3416.81
2024-05-13 11:00:00,787.17,598.91,753.73,1258.77,3398.59
2024-05-13 12:00:00,772.62,459.82,792.71,1989.71,4014.86
2024-05-13 13:00:00,646.38,603.54,815.69,1543.37,3608.98
2024-05-13 14:00:00,702.23,449.4,690.79,1509.74,3352.16
2024-05-13 15:00:00,640.97,542.21,740.73,1539.07,3462.98
2024-05-13 16:00:00,392.03,388.97,714.56,1690.41,3185.98
2024-05-13 17:00:00,218.94,331.31,838.58,1406.34,2795.17
2024-05-13 18:00:00,0.0,426.38,736.81,1819.89,2983.07
2024-05-13 19:00:00,0.0,356.56,750.66,1855.64,2962.87
2024-05-13 20:00:00,0.0,420.77,721.01,1746.76,2888.54
2024-05-13 21:00:00,0.0,612.55,616.9,1391.83,2621.28
2024-05-13 22:00:00,0.0,726.23,664.72,1372.9,2763.85
2024-05-13 23:00:00,0.0,693.81,710.34,1054.27,2458.42
2024-05-14 00:00:00,0.0,430.0,768.65,1343.62,2542.27
2024-05-14 01:00:00,0.0,571.34,740.18,1760.28,3071.8
2024-05-14 02:00:00,0.0,393.14,789.4,1354.64,2537.17
2024-05-14 03:00:00,0.0,505.51,679.5,1519.65,2704.66
2024-05-14 04:00:00,0.0,481.47,797.88,1513.61,2792.96
2024-05-14 05:00:00,0.0,315.86,728.17,1264.86,2308.89
2024-05-14 06:00:00,0.0,612.73,722.44,1986.66,3321.83
2024-05-14 07:00:00,265.79,319.76,700.94,1767.6,3054.1
2024-05-14 08:00:00,507.78,366.32,755.08,1579.0,3208.18
2024-05-14 09:00:00,513.92,377.65,806.93,1373.09,3071.58
2024-05-14 10:00:00,796.76,453.19,787.91,1370.8,3408.66
2024-05-14 11:00:00,800.44,553.16,794.58,1789.57,3937.75
2024-05-14 12:00:00,889.01,600.49,672.7,1667.93,3830.13
2024-05-14 13:00:00,1052.11,575.24,754.44,1309.8,3691.59
2024-05-14 14:00:00,641.03,512.09,752.25,2009.95,3915.32
2024-05-14 15:00:00,524.27,385.66,757.96,1578.12,3246.01
2024-05-14 16:00:00,425.96,539.36,821.95,1571.47,3358.74
2024-05-14 17:00:00,237.54,643.49,686.01,1821.66,3388.7
2024-05-14 18:00:00,0.0,569.51,768.35,1815.41,3153.26
2024-05-14 19:00:00,0.0,495.9,839.86,1913.76,3249.52
2024-05-14 20:00:00,0.0,365.9,804.52,1553.51,2723.93
2024-05-14 21:00:00,0.0,619.24,825.29,2262.99,3707.52
2024-05-14 22:00:00,0.0,554.02,686.79,1891.37,3132.17
2024-05-14 23:00:00,0.0,615.99,678.64,1812.04,3106.67
2024-05-15 00:00:00,0.0,540.5,742.65,1698.56,2981.7
2024-05-15 01:00:00,0.0,344.83,765.39,1569.66,2679.87
2024-05-15 02:00:00,0.0,629.37,798.24,2038.97,3466.58
2024-05-15 03:00:00,0.0,535.61,745.41,1753.78,3034.79
2024-05-15 04:00:00,0.0,512.46,761.24,1389.33,2663.03
2024-05-15 05:00:00,0.0,494.91,753.2,1414.52,2662.63
2024-05-15 06:00:00,0.0,885.54,755.76,1593.75,3235.05
2024-05-15 07:00:00,244.61,626.44,745.51,1497.52,3114.08
2024-05-15 08:00:00,379.28,837.01,694.72,1949.49,3860.5
2024-05-15 09:00:00,615.1,670.38,720.49,1505.14,3511.11
2024-05-15 10:00:00,679.13,670.97,822.48,1563.34,3735.91
2024-05-15 11:00:00,755.12,610.06,806.44,1747.33,3918.95
2024-05-15 12:00:00,609.73,415.1,671.21,1766.58,3462.61
2024-05-15 13:00:00,650.23,451.09,598.44,1441.38,3141.14
2024-05-15 14:00:00,517.74,462.74,713.73,1879.12,3573.33
2024-05-15 15:00:00,535.81,507.25,771.65,1421.88,3236.59
2024-05-15 16:00:00,324.95,761.08,822.21,1825.35,3733.58
2024-05-15 17:00:00,179.49,469.9,772.98,1419.32,2841.69
2024-05-15 18:00:00,0.0,720.56,726.59,1682.2,3129.35
2024-05-15 19:00:00,0.0,759.28,824.19,1455.06,3038.53
2024-05-15 20:00:00,0.0,485.31,831.82,1289.76,2606.89
2024-05-15 21:00:00,0.0,695.57,774.26,1602.56,3072.39
2024-05-15 22:00:00,0.0,485.9,743.68,1757.64,2987.22
2024-05-15 23:00:00,0.0,602.99,772.98,1372.49,2748.46
2024-05-16 00:00:00,0.0,569.06,733.01,1455.19,2757.25
2024-05-16 01:00:00,0.0,572.14,728.55,1688.5,2989.19
2024-05-16 02:00:00,0.0,457.16,865.04,1523.92,2846.12
2024-05-16 03:00:00,0.0,540.21,719.34,1850.17,3109.72
2024-05-16 04:00:00,0.0,553.64,688.28,1423.56,2665.48
2024-05-16 05:00:00,0.0,600.38,755.03,1388.85,2744.26
2024-05-16 06:00:00,0.0,548.25,765.87,1905.29,3219.4
2024-05-16 07:00:00,224.4,337.73,683.78,1859.97,3105.89
2024-05-16 08:00:00,473.98,623.61,666.7,1434.89,3199.18
2024-05-16 09:00:00,611.02,571.51,615.71,1406.92,3205.14
2024-05-16 10:00:00,633.97,376.84,780.32,1848.55,3639.69
2024-05-16 11:00:00,638.75,400.9,689.05,1115.11,2843.82
2024-05-16 12:00:00,767.87,503.69,786.02,1781.22,3838.79
2024-05-16 13:00:00,875.06,571.69,719.61,1638.27,3804.63
2024-05-16 14:00:00,766.99,519.54,675.69,1780.87,3743.09
2024-05-16 15:00:00,581.69,304.43,767.65,1770.37,3424.14
2024-05-16 16:00:00,459.67,759.94,741.83,1418.95,3380.39
2024-05-16 17:00:00,237.7,688.52,765.29,1483.78,3175.28
2024-05-16 18:00:00,0.0,305.8,716.88,1695.9,2718.58
2024-05-16 19:00:00,0.0,356.44,757.53,1590.01,2703.98
2024-05-16 20:00:00,0.0,552.49,881.02,1475.3,2908.81
2024-05-16 21:00:00,0.0,537.34,817.96,1501.96,2857.26
2024-05-16 22:00:00,0.0,653.13,796.09,1347.23,2796.45
2024-05-16 23:00:00,0.0,714.12,826.08,1847.16,3387.36
2024-05-17 00:00:00,0.0,620.96,846.3,1711.71,3178.98
2024-05-17 01:00:00,0.0,402.53,757.68,1783.25,2943.45
2024-05-17 02:00:00,0.0,301.33,843.89,1634.56,2779.78
2024-05-17 03:00:00,0.0,475.58,648.94,1489.87,2614.39
2024-05-17 04:00:00,0.0,653.82,700.05,1774.05,3127.93
2024-05-17 05:00:00,0.0,550.23,724.91,952.9,2228.05
2024-05-17 06:00:00,0.0,464.81,683.49,1994.63,3142.93
2024-05-17 07:00:00,182.79,632.98,867.85,1457.95,3141.56
2024-05-17 08:00:00,389.45,592.08,753.15,1581.36,3316.05
2024-05-17 09:00:00,666.07,419.07,672.58,1464.21,3221.92
2024-05-17 10:00:00,610.85,461.85,751.56,1441.37,3265.63
2024-05-17 11:00:00,755.37,544.58,715.17,1276.18,3291.3
2024-05-17 12:00:00,900.84,459.47,781.0,1551.12,3692.43
2024-05-17 13:00:00,757.71,379.96,693.21,1762.82,3593.7
2024-05-17 14:00:00,752.1,583.48,808.03,1592.52,3736.14
2024-05-17 15:00:00,512.97,463.78,736.25,1914.41,3627.42
2024-05-17 16:00:00,444.54,499.97,816.36,1671.15,3432.02
2024-05-17 17:00:00,211.75,572.73,710.7,1638.43,3133.61
2024-05-17 18:00:00,0.0,578.87,708.97,1814.99,3102.84
2024-05-17 19:00:00,0.0,428.09,763.92,1218.1,2410.1
2024-05-17 20:00:00,0.0,527.07,795.79,1549.12,2871.97
2024-05-17 21:00:00,0.0,485.51,686.23,1617.62,2789.36
2024-05-17 22:00:00,0.0,528.0,703.77,1376.62,2608.39
2024-05-17 23:00:00,0.0,588.78,764.46,1750.26,3103.5
2024-05-18 00:00:00,0.0,314.32,827.32,2113.1,3254.74
2024-05-18 01:00:00,0.0,588.83,769.16,1782.11,3140.11
2024-05-18 02:00:00,0.0,537.19,817.58,1523.22,2877.99
2024-05-18 03:00:00,0.0,759.03,751.37,1636.6,3147.0
2024-05-18 04:00:00,0.0,544.0,694.53,1566.18,2804.7
2024-05-18 05:00:00,0.0,786.09,734.33,1707.96,3228.37
2024-05-18 06:00:00,0.0,490.52,757.9,1237.08,2485.5
2024-05-18 07:00:00,237.15,517.52,832.49,1268.77,2855.93
2024-05-18 08:00:00,491.98,602.63,720.65,1480.85,3296.11
2024-05-18 09:00:00,644.05,587.89,720.01,1744.06,3696.01
2024-05-18 10:00:00,714.44,471.26,772.72,1761.95,3720.37
2024-05-18 11:00:00,571.47,742.42,738.26,1296.36,3348.5
2024-05-18 12:00:00,623.9,364.18,688.62,1853.36,3530.06
2024-05-18 13:00:00,829.66,685.41,694.32,1535.64,3745.03
2024-05-18 14:00:00,717.05,426.38,770.19,1567.7,3481.32
2024-05-18 15:00:00,430.42,514.4,824.85,1404.11,3173.78
2024-05-18 16:00:00,443.11,455.57,744.14,1597.04,3239.85
2024-05-18 17:00:00,221.74,671.02,682.27,1278.68,2853.72
2024-05-18 18:00:00,0.0,267.36,747.73,1411.19,2426.28
2024-05-18 19:00:00,0.0,479.19,678.7,2006.4,3164.3
2024-05-18 20:00:00,0.0,617.17,740.85,1770.99,3129.01
2024-05-18 21:00:00,0.0,471.75,818.52,1588.84,2879.1
2024-05-18 22:00:00,0.0,251.12,722.43,1499.98,2473.53
2024-05-18 23:00:00,0.0,407.36,689.45,1737.58,2834.39
2024-05-19 00:00:00,0.0,662.17,743.31,1853.84,3259.32
2024-05-19 01:00:00,0.0,494.85,831.74,1645.11,2971.7
2024-05-19 02:00:00,0.0,726.6,723.33,1287.64,2737.57
2024-05-19 03:00:00,0.0,562.23,693.47,1195.02,2450.71
2024-05-19 04:00:00,0.0,327.87,676.08,1473.3,2477.25
2024-05-19 05:00:00,0.0,520.22,757.77,1337.23,2615.22
2024-05-19 06:00:00,0.0,569.48,829.37,1648.97,3047.82
2024-05-19 07:00:00,236.76,553.07,809.32,1486.61,3085.76
2024-05-19 08:00:00,453.87,492.83,726.84,1394.09,3067.63
2024-05-19 09:00:00,841.64,286.28,722.57,1678.39,3528.89
2024-05-19 10:00:00,496.96,299.03,818.46,1740.88,3355.32
2024-05-19 11:00:00,612.27,376.39,790.58,1466.45,3245.69
2024-05-19 12:00:00,1022.17,450.89,650.32,1137.58,3260.96
2024-05-19 13:00:00,840.37,445.49,717.32,2190.29,4193.47
2024-05-19 14:00:00,985.47,445.25,671.8,1520.32,3622.83
2024-05-19 15:00:00,553.0,406.05,662.6,1442.8,3064.46
2024-05-19 16:00:00,298.91,375.69,683.07,1787.55,3145.22
2024-05-19 17:00:00,233.23,320.64,734.59,1775.04,3063.5
2024-05-19 18:00:00,0.0,370.04,865.17,1584.67,2819.89
2024-05-19 19:00:00,0.0,379.2,843.57,1831.43,3054.2
2024-05-19 20:00:00,0.0,616.28,808.08,1770.11,3194.47
2024-05-19 21:00:00,0.0,515.1,711.43,1673.87,2900.4
2024-05-19 22:00:00,0.0,373.7,829.26,1046.4,2249.35
2024-05-19 23:00:00,0.0,453.3,771.21,2059.89,3284.41
2024-05-20 00:00:00,0.0,697.53,719.44,1915.7,3332.67
2024-05-20 01:00:00,0.0,510.22,759.17,1584.46,2853.85
2024-05-20 02:00:00,0.0,535.89,727.99,1893.3,3157.18
2024-05-20 03:00:00,0.0,447.94,779.36,2027.99,3255.29
2024-05-20 04:00:00,0.0,359.92,743.25,1902.45,3005.62
2024-05-20 05:00:00,0.0,471.67,703.39,1821.15,2996.22
2024-05-20 06:00:00,0.0,474.91,716.52,1296.44,2487.87
2024-05-20 07:00:00,210.83,444.47,824.63,1300.48,2780.41
2024-05-20 08:00:00,351.64,359.67,696.52,1841.39,3249.23
2024-05-20 09:00:00,619.91,415.52,600.56,1533.55,3169.54
2024-05-20 10:00:00,640.21,515.33,719.55,1650.74,3525.83
2024-05-20 11:00:00,912.56,516.93,843.65,1659.77,3932.9
2024-05-20 12:00:00,899.03,340.09,702.57,978.37,2920.05
2024-05-20 13:00:00,691.39,450.05,738.76,1701.06,3581.26
2024-05-20 14:00:00,750.73,335.57,860.06,1335.01,3281.38
2024-05-20 15:00:00,624.9,664.65,875.5,1627.73,3792.78
2024-05-20 16:00:00,402.87,403.0,740.73,1722.98,3269.59
2024-05-20 17:00:00,228.72,493.37,765.46,1956.73,3444.28
2024-05-20 18:00:00,0.0,527.25,659.13,1480.88,2667.26
2024-05-20 19:00:00,0.0,627.53,848.87,1530.17,3006.57
2024-05-20 20:00:00,0.0,636.66,769.2,1391.11,2796.97
2024-05-20 21:00:00,0.0,371.16,774.04,1493.21,2638.4
2024-05-20 22:00:00,0.0,533.92,749.13,1704.43,2987.48
2024-05-20 23:00:00,0.0,234.03,657.77,1612.62,2504.42
2024-05-21 00:00:00,0.0,402.25,715.2,1660.77,2778.22
2024-05-21 01:00:00,0.0,311.36,682.25,1816.04,2809.65
2024-05-21 02:00:00,0.0,572.51,655.99,1323.3,2551.79
2024-05-21 03:00:00,0.0,590.17,728.08,1498.19,2816.44
2024-05-21 04:00:00,0.0,625.16,620.5,1563.3,2808.96
2024-05-21 05:00:00,0.0,505.06,772.92,1779.57,3057.54
2024-05-21 06:00:00,0.0,723.5,719.89,1486.34,2929.73
2024-05-21 07:00:00,210.66,649.0,691.18,1832.62,3383.46
2024-05-21 08:00:00,459.12,425.71,718.83,1458.31,3061.97
2024-05-21 09:00:00,668.69,415.44,756.54,1560.72,3401.39
2024-05-21 10:00:00,836.22,425.21,692.68,2410.08,4364.19
2024-05-21 11:00:00,651.3,708.77,791.27,1877.35,4028.69
2024-05-21 12:00:00,769.79,722.22,685.98,1748.88,3926.87
2024-05-21 13:00:00,690.98,405.61,751.2,1966.33,3814.11
2024-05-21 14:00:00,916.2,556.99,743.58,1554.45,3771.22
2024-05-21 15:00:00,676.5,424.94,672.85,1328.7,3102.99
2024-05-21 16:00:00,472.24,450.09,797.22,751.21,2470.76
2024-05-21 17:00:00,192.13,464.91,739.18,1897.52,3293.75
2024-05-21 18:00:00,0.0,543.4,709.46,1693.52,2946.39
2024-05-21 19:00:00,0.0,467.27,744.49,1648.94,2860.7
2024-05-21 20:00:00,0.0,390.79,653.02,1417.48,2461.29
2024-05-21 21:00:00,0.0,260.19,851.73,1453.5,2565.42
2024-05-21 22:00:00,0.0,389.53,755.49,1308.17,2453.19
2024-05-21 23:00:00,0.0,740.64,702.29,1471.29,2914.22
2024-05-22 00:00:00,0.0,477.43,663.03,1470.66,2611.12
2024-05-22 01:00:00,0.0,297.18,795.31,1425.4,2517.88
2024-05-22 02:00:00,0.0,686.83,734.41,1500.4,2921.64
2024-05-22 03:00:00,0.0,589.59,830.26,1329.49,2749.33
2024-05-22 04:00:00,0.0,589.48,797.42,1369.6,2756.5
2024-05-22 05:00:00,0.0,334.72,642.96,1828.59,2806.27
2024-05-22 06:00:00,0.0,452.53,858.89,1670.18,2981.6
2024-05-22 07:00:00,208.18,620.29,683.04,2200.86,3712.37
2024-05-22 08:00:00,474.87,602.91,680.93,2080.6,3839.3
2024-05-22 09:00:00,566.21,358.7,693.99,1599.96,3218.87
2024-05-22 10:00:00,975.26,445.66,783.2,1370.83,3574.95
2024-05-22 11:00:00,744.66,486.14,727.5,1439.8,3398.1
2024-05-22 12:00:00,817.62,510.56,804.33,1501.12,3633.63
2024-05-22 13:00:00,995.61,540.29,727.04,1398.14,3661.08
2024-05-22 14:00:00,757.57,637.4,825.47,1625.48,3845.92
2024-05-22 15:00:00,574.68,738.96,781.55,1531.39,3626.59
2024-05-22 16:00:00,456.12,550.53,754.38,1171.86,2932.9
2024-05-22 17:00:00,207.35,737.97,703.09,1225.75,2874.16
2024-05-22 18:00:00,0.0,640.42,762.08,1547.39,2949.89
2024-05-22 19:00:00,0.0,597.9,940.83,1366.65,2905.38
2024-05-22 20:00:00,0.0,697.92,800.01,1762.66,3260.58
2024-05-22 21:00:00,0.0,354.78,688.01,1541.14,2583.92
2024-05-22 22:00:00,0.0,362.44,671.03,1470.27,2503.75
2024-05-22 23:00:00,0.0,643.83,637.91,1657.49,2939.24
2024-05-23 00:00:00,0.0,604.76,792.58,1531.31,2928.65
2024-05-23 01:00:00,0.0,367.41,850.47,1593.14,2811.03
2024-05-23 02:00:00,0.0,510.95,774.62,1605.66,2891.23
2024-05-23 03:00:00,0.0,458.45,755.31,1814.42,3028.18
2024-05-23 04:00:00,0.0,682.14,828.98,1645.55,3156.67
2024-05-23 05:00:00,0.0,327.15,650.33,1464.92,2442.4
2024-05-23 06:00:00,0.0,408.03,797.36,1074.09,2279.47
2024-05-23 07:00:00,222.6,628.9,665.6,1383.87,2900.96
2024-05-23 08:00:00,345.47,536.14,715.32,1442.35,3039.27
2024-05-23 09:00:00,531.13,462.66,787.88,1196.07,2977.75
2024-05-23 10:00:00,815.59,305.63,772.5,1630.08,3523.79
2024-05-23 11:00:00,828.26,382.83,802.7,1473.2,3486.99
2024-05-23 12:00:00,998.4,513.78,669.23,1586.95,3768.37
2024-05-23 13:00:00,931.58,702.27,861.59,1816.67,4312.11
2024-05-23 14:00:00,853.22,470.26,711.14,1711.49,3746.11
2024-05-23 15:00:00,642.21,668.66,669.61,1438.5,3418.98
2024-05-23 16:00:00,447.08,571.71,682.23,1328.56,3029.58
2024-05-23 17:00:00,231.36,731.86,751.33,1745.97,3460.51
2024-05-23 18:00:00,0.0,551.82,618.26,1782.93,2953.01
2024-05-23 19:00:00,0.0,557.04,752.92,1811.5,3121.46
2024-05-23 20:00:00,0.0,516.1,782.0,1621.62,2919.72
2024-05-23 21:00:00,0.0,632.99,869.21,1389.3,2891.51
2024-05-23 22:00:00,0.0,529.29,715.31,1451.89,2696.49
2024-05-23 23:00:00,0.0,719.79,747.2,1647.49,3114.47
2024-05-24 00:00:00,0.0,731.43,831.29,1439.66,3002.38
2024-05-24 01:00:00,0.0,501.84,752.75,1290.1,2544.69
2024-05-24 02:00:00,0.0,453.73,698.61,1921.11,3073.44
2024-05-24 03:00:00,0.0,423.04,749.98,1518.81,2691.83
2024-05-24 04:00:00,0.0,595.5,671.3,1882.36,3149.17
2024-05-24 05:00:00,0.0,401.84,639.9,1615.38,2657.12
2024-05-24 06:00:00,0.0,539.96,697.77,1305.61,2543.34
2024-05-24 07:00:00,241.61,584.36,757.09,1517.43,3100.49
2024-05-24 08:00:00,549.05,396.23,675.69,1664.57,3285.55
2024-05-24 09:00:00,591.78,509.86,713.97,1318.85,3134.45
2024-05-24 10:00:00,661.82,699.93,774.64,1696.63,3833.02
2024-05-24 11:00:00,880.15,470.02,751.41,1444.31,3545.89
2024-05-24 12:00:00,940.48,525.23,798.01,1529.47,3793.19
2024-05-24 13:00:00,1008.68,387.09,758.73,1419.26,3573.76
2024-05-24 14:00:00,636.48,660.2,743.56,1724.54,3764.79
2024-05-24 15:00:00,655.93,548.43,627.14,1458.42,3289.92
2024-05-24 16:00:00,521.71,391.09,680.07,1049.74,2642.62
2024-05-24 17:00:00,219.07,736.97,776.72,1390.46,3123.22
2024-05-24 18:00:00,0.0,442.06,804.95,1429.21,2676.22
2024-05-24 19:00:00,0.0,340.4,744.6,1373.1,2458.1
2024-05-24 20:00:00,0.0,591.62,710.84,1686.53,2989.0
2024-05-24 21:00:00,0.0,446.09,872.4,1638.69,2957.18
2024-05-24 22:00:00,0.0,416.01,736.51,1555.14,2707.67
2024-05-24 23:00:00,0.0,446.56,688.2,1751.31,2886.08
2024-05-25 00:00:00,0.0,262.81,772.79,1510.9,2546.51
2024-05-25 01:00:00,0.0,622.09,755.02,1478.33,2855.44
2024-05-25 02:00:00,0.0,543.24,762.43,1319.97,2625.64
2024-05-25 03:00:00,0.0,212.84,724.86,1700.2,2637.91
2024-05-25 04:00:00,0.0,583.08,805.17,1752.79,3141.05
2024-05-25 05:00:00,0.0,260.7,820.86,1334.17,2415.73
2024-05-25 06:00:00,0.0,519.76,744.38,1501.15,2765.3
2024-05-25 07:00:00,245.52,699.43,745.44,1408.33,3098.72
2024-05-25 08:00:00,361.24,620.91,644.16,1305.43,2931.76
2024-05-25 09:00:00,640.74,567.09,821.22,1290.62,3319.67
2024-05-25 10:00:00,698.35,482.29,793.95,1355.29,3329.88
2024-05-25 11:00:00,855.86,615.23,838.7,1209.97,3519.75
2024-05-25 12:00:00,871.8,289.2,768.12,1525.2,3454.32
2024-05-25 13:00:00,873.59,502.71,756.96,1562.38,3695.64
2024-05-25 14:00:00,832.48,728.69,713.59,1585.57,3860.33
2024-05-25 15:00:00,729.61,486.55,795.45,1806.88,3818.49
2024-05-25 16:00:00,445.88,169.13,825.03,1413.42,2853.46
2024-05-25 17:00:00,200.0,613.07,712.28,1415.42,2940.77
2024-05-25 18:00:00,0.0,446.95,820.74,1875.53,3143.22
2024-05-25 19:00:00,0.0,495.83,705.31,1531.85,2732.99
2024-05-25 20:00:00,0.0,708.47,733.47,1194.48,2636.42
2024-05-25 21:00:00,0.0,210.28,788.0,1228.85,2227.14
2024-05-25 22:00:00,0.0,675.82,771.62,1903.7,3351.14
2024-05-25 23:00:00,0.0,290.51,805.34,1417.38,2513.23
2024-05-26 00:00:00,0.0,467.17,711.19,1352.59,2530.96
2024-05-26 01:00:00,0.0,368.69,761.19,1713.87,2843.75
2024-05-26 02:00:00,0.0,541.5,731.88,1639.13,2912.51
2024-05-26 03:00:00,0.0,314.67,779.98,950.51,2045.16
2024-05-26 04:00:00,0.0,634.21,734.31,1298.55,2667.06
2024-05-26 05:00:00,0.0,366.47,720.11,1398.29,2484.87
2024-05-26 06:00:00,0.0,557.25,759.06,1410.34,2726.66
2024-05-26 07:00:00,227.23,559.55,814.9,2001.8,3603.48
2024-05-26 08:00:00,445.82,592.02,651.87,1453.73,3143.44
2024-05-26 09:00:00,548.62,521.49,823.32,1581.17,3474.6
2024-05-26 10:00:00,668.17,377.79,774.84,1383.64,3204.44
2024-05-26 11:00:00,925.01,586.84,732.67,1727.4,3971.92
2024-05-26 12:00:00,1091.07,584.35,795.39,1680.14,4150.95
2024-05-26 13:00:00,843.51,479.81,779.12,1821.61,3924.04
2024-05-26 14:00:00,899.29,666.2,755.96,1619.21,3940.66
2024-05-26 15:00:00,580.6,465.01,902.94,1543.22,3491.78
2024-05-26 16:00:00,352.61,553.44,645.49,1379.94,2931.48
2024-05-26 17:00:00,244.16,459.12,714.4,1753.62,3171.31
2024-05-26 18:00:00,0.0,587.85,746.13,1491.17,2825.16
2024-05-26 19:00:00,0.0,552.74,830.66,1512.13,2895.54
2024-05-26 20:00:00,0.0,579.84,669.52,1891.81,3141.16
2024-05-26 21:00:00,0.0,502.21,676.27,1288.2,2466.68
2024-05-26 22:00:00,0.0,430.74,856.08,1490.52,2777.34
2024-05-26 23:00:00,0.0,554.31,707.88,1388.59,2650.78
2024-05-27 00:00:00,0.0,364.05,815.43,1889.09,3068.57
2024-05-27 01:00:00,0.0,615.22,710.52,1792.52,3118.26
2024-05-27 02:00:00,0.0,453.67,786.23,2323.54,3563.43
2024-05-27 03:00:00,0.0,410.49,722.83,1605.79,2739.11
2024-05-27 04:00:00,0.0,256.59,791.45,1423.89,2471.93
2024-05-27 05:00:00,0.0,389.54,776.23,1817.42,2983.19
2024-05-27 06:00:00,0.0,542.17,823.33,1747.26,3112.76
2024-05-27 07:00:00,237.9,728.81,713.94,1679.02,3359.67
2024-05-27 08:00:00,408.31,771.38,818.3,1452.29,3450.28
2024-05-27 09:00:00,732.04,371.77,717.16,1500.14,3321.11
2024-05-27 10:00:00,671.25,462.02,660.02,1555.65,3348.94
2024-05-27 11:00:00,1022.83,777.15,848.04,1729.71,4377.73
2024-05-27 12:00:00,914.11,336.37,787.4,1743.47,3781.36
2024-05-27 13:00:00,756.68,144.76,664.32,1971.47,3537.22
2024-05-27 14:00:00,810.25,530.9,688.27,1569.34,3598.76
2024-05-27 15:00:00,516.76,482.5,796.37,1564.96,3360.6
2024-05-27 16:00:00,442.1,690.93,669.29,1854.58,3656.9
2024-05-27 17:00:00,152.17,600.41,741.33,1215.48,2709.38
2024-05-27 18:00:00,0.0,360.6,693.66,1246.86,2301.11
2024-05-27 19:00:00,0.0,364.84,795.97,1870.45,3031.26
2024-05-27 20:00:00,0.0,508.8,680.03,1650.31,2839.15
2024-05-27 21:00:00,0.0,544.98,744.81,1142.16,2431.95
2024-05-27 22:00:00,0.0,653.14,771.69,1422.24,2847.07
2024-05-27 23:00:00,0.0,449.98,775.53,2034.45,3259.96
2024-05-28 00:00:00,0.0,482.37,717.63,874.97,2074.96
2024-05-28 01:00:00,0.0,538.86,828.23,1837.31,3204.4
2024-05-28 02:00:00,0.0,700.55,721.33,1970.29,3392.16
2024-05-28 03:00:00,0.0,425.95,752.39,2113.57,3291.91
2024-05-28 04:00:00,0.0,726.46,782.08,1322.71,2831.24
2024-05-28 05:00:00,0.0,303.37,859.78,1819.05,2982.2
2024-05-28 06:00:00,0.0,337.32,714.74,1824.38,2876.45
2024-05-28 07:00:00,226.83,592.94,666.08,1785.53,3271.38
2024-05-28 08:00:00,531.74,465.71,724.58,1338.81,3060.84
2024-05-28 09:00:00,571.64,452.81,803.64,1060.05,2888.14
2024-05-28 10:00:00,887.24,457.21,775.52,1181.02,3300.98
2024-05-28 11:00:00,786.32,630.7,691.93,1501.46,3610.4
2024-05-28 12:00:00,823.48,485.48,818.55,2017.59,4145.09
2024-05-28 13:00:00,832.18,653.72,853.84,1361.18,3700.92
2024-05-28 14:00:00,645.33,490.44,820.97,1662.44,3619.18
2024-05-28 15:00:00,601.84,531.57,773.17,1150.1,3056.68
2024-05-28 16:00:00,397.84,620.43,775.06,1637.8,3431.13
2024-05-28 17:00:00,203.32,537.06,797.4,1576.57,3114.35
2024-05-28 18:00:00,0.0,549.59,796.98,1514.09,2860.66
2024-05-28 19:00:00,0.0,589.76,749.01,1288.79,2627.57
2024-05-28 20:00:00,0.0,515.18,748.68,1732.59,2996.44
2024-05-28 21:00:00,0.0,455.9,643.48,1460.78,2560.16
2024-05-28 22:00:00,0.0,491.71,690.5,1377.34,2559.55
2024-05-28 23:00:00,0.0,620.5,781.4,1661.36,3063.25
2024-05-29 00:00:00,0.0,577.27,781.74,1466.93,2825.94
2024-05-29 01:00:00,0.0,273.12,799.35,1288.52,2360.99
2024-05-29 02:00:00,0.0,565.08,840.88,1256.55,2662.51
2024-05-29 03:00:00,0.0,666.77,693.53,1230.71,2591.01
2024-05-29 04:00:00,0.0,446.86,842.9,1515.74,2805.49
2024-05-29 05:00:00,0.0,512.81,729.23,1946.35,3188.39
2024-05-29 06:00:00,0.0,490.36,632.05,1289.62,2412.03
2024-05-29 07:00:00,274.85,400.83,801.14,1493.55,2970.38
2024-05-29 08:00:00,460.57,464.94,827.5,1381.64,3134.65
2024-05-29 09:00:00,625.54,394.18,722.17,1451.49,3193.38
2024-05-29 10:00:00,774.59,510.06,658.43,1491.56,3434.64
2024-05-29 11:00:00,948.86,511.84,846.28,1762.42,4069.4
2024-05-29 12:00:00,1047.17,162.9,716.95,1426.57,3353.58
2024-05-29 13:00:00,869.82,198.22,711.52,1446.11,3225.66
2024-05-29 14:00:00,936.05,580.01,691.43,1786.35,3993.84
2024-05-29 15:00:00,683.76,431.25,832.62,1714.67,3662.3
2024-05-29 16:00:00,511.04,147.08,796.51,1155.07,2609.7
2024-05-29 17:00:00,233.79,700.09,810.58,1830.1,3574.56
2024-05-29 18:00:00,0.0,344.51,741.54,1346.15,2432.2
2024-05-29 19:00:00,0.0,286.6,770.0,1108.27,2164.88
2024-05-29 20:00:00,0.0,569.03,727.57,1649.22,2945.83
2024-05-29 21:00:00,0.0,607.9,807.48,1452.48,2867.86
2024-05-29 22:00:00,0.0,469.05,754.31,1460.05,2683.4
2024-05-29 23:00:00,0.0,577.33,751.36,1445.58,2774.28
2024-05-30 00:00:00,0.0,407.65,646.31,1698.54,2752.51
2024-05-30 01:00:00,0.0,570.8,666.25,1166.37,2403.42
2024-05-30 02:00:00,0.0,532.78,755.99,2078.38,3367.15
2024-05-30 03:00:00,0.0,522.0,746.11,1804.95,3073.07
2024-05-30 04:00:00,0.0,547.38,744.08,1359.8,2651.26
2024-05-30 05:00:00,0.0,445.33,769.28,1793.49,3008.09
2024-05-30 06:00:00,0.0,501.62,854.73,1830.95,3187.29
2024-05-30 07:00:00,186.69,443.26,700.84,1782.61,3113.39
2024-05-30 08:00:00,421.79,494.4,788.32,1599.28,3303.78
2024-05-30 09:00:00,506.24,488.56,708.32,1562.67,3265.79
2024-05-30 10:00:00,793.76,407.0,777.62,1329.53,3307.92
2024-05-30 11:00:00,564.14,681.08,732.45,1616.32,3593.99
2024-05-30 12:00:00,940.54,603.24,775.2,1664.15,3983.14
2024-05-30 13:00:00,606.19,433.22,720.89,1333.34,3093.65
2024-05-30 14:00:00,856.74,521.42,775.22,2052.48,4205.86
2024-05-30 15:00:00,598.15,457.52,762.4,1868.02,3686.09
2024-05-30 16:00:00,430.65,536.57,699.62,1347.66,3014.5
2024-05-30 17:00:00,219.74,552.09,727.31,1418.88,2918.02
2024-05-30 18:00:00,0.0,674.74,625.61,1393.32,2693.67
2024-05-30 19:00:00,0.0,518.6,655.98,1476.98,2651.56
2024-05-30 20:00:00,0.0,384.47,774.31,1572.62,2731.4
2024-05-30 21:00:00,0.0,559.13,781.14,1846.41,3186.68
2024-05-30 22:00:00,0.0,505.84,828.24,2200.57,3534.66
2024-05-30 23:00:00,0.0,474.88,775.67,1886.57,3137.11
2024-05-31 00:00:00,0.0,449.95,723.37,1604.15,2777.48
2024-05-31 01:00:00,0.0,773.05,679.35,1327.41,2779.81
2024-05-31 02:00:00,0.0,582.59,699.7,1491.18,2773.47
2024-05-31 03:00:00,0.0,662.44,701.52,1534.92,2898.87
2024-05-31 04:00:00,0.0,380.82,787.48,1736.79,2905.08
2024-05-31 05:00:00,0.0,260.23,747.77,1731.22,2739.22
2024-05-31 06:00:00,0.0,454.85,764.86,1596.79,2816.5
2024-05-31 07:00:00,286.48,710.35,778.19,1226.84,3001.87
2024-05-31 08:00:00,472.9,425.89,798.37,1322.91,3020.07
2024-05-31 09:00:00,621.05,452.55,647.19,1284.03,3004.82
2024-05-31 10:00:00,664.05,492.94,812.7,1406.75,3376.44
2024-05-31 11:00:00,768.81,531.64,728.33,1780.86,3809.64
2024-05-31 12:00:00,724.6,431.71,705.67,1630.9,3492.87
2024-05-31 13:00:00,982.7,604.04,797.52,1294.62,3678.87
2024-05-31 14:00:00,730.34,554.12,748.27,2019.2,4051.92
2024-05-31 15:00:00,571.98,435.35,683.91,1281.31,2972.54
2024-05-31 16:00:00,397.43,452.63,630.45,1240.96,2721.47
2024-05-31 17:00:00,195.12,565.92,707.96,2200.73,3669.74
2024-05-31 18:00:00,0.0,302.58,818.76,1977.43,3098.77
2024-05-31 19:00:00,0.0,487.45,699.88,1411.65,2598.99
2024-05-31 20:00:00,0.0,430.08,800.39,1842.32,3072.79
2024-05-31 21:00:00,0.0,591.1,677.94,1514.45,2783.49
2024-05-31 22:00:00,0.0,591.19,741.04,1227.05,2559.28
2024-05-31 23:00:00,0.0,656.87,755.93,1278.7,2691.51
2024-06-01 00:00:00,0.0,583.88,743.75,1333.68,2661.3
2024-06-01 01:00:00,0.0,231.41,744.68,1412.88,2388.97
2024-06-01 02:00:00,0.0,365.33,785.05,1469.68,2620.06
2024-06-01 03:00:00,0.0,612.3,772.56,1837.5,3222.37
2024-06-01 04:00:00,0.0,551.13,702.49,1359.5,2613.12
2024-06-01 05:00:00,0.0,550.24,649.62,1145.09,2344.95
2024-06-01 06:00:00,0.0,491.9,686.53,1417.15,2595.58
2024-06-01 07:00:00,162.14,506.47,691.68,1669.76,3030.06
2024-06-01 08:00:00,428.61,433.68,688.84,1836.91,3388.05
2024-06-01 09:00:00,494.01,550.13,721.81,1223.9,2989.85
2024-06-01 10:00:00,909.3,325.13,742.52,1986.06,3963.02
2024-06-01 11:00:00,773.17,404.65,777.42,1552.95,3508.19
2024-06-01 12:00:00,921.64,511.66,677.94,1522.22,3633.47
2024-06-01 13:00:00,955.58,437.14,661.32,1628.63,3682.66
2024-06-01 14:00:00,805.77,596.97,689.72,1570.57,3663.04
2024-06-01 15:00:00,716.03,248.98,748.0,1535.46,3248.47
2024-06-01 16:00:00,447.87,604.98,769.54,1324.69,3147.09
2024-06-01 17:00:00,172.41,521.21,654.57,1315.25,2663.44
2024-06-01 18:00:00,0.0,365.19,647.96,1331.23,2344.38
2024-06-01 19:00:00,0.0,570.6,675.12,1453.28,2699.01
2024-06-01 20:00:00,0.0,584.72,748.25,1510.58,2843.55
2024-06-01 21:00:00,0.0,651.38,694.91,1412.98,2759.28
2024-06-01 22:00:00,0.0,379.65,733.88,1910.86,3024.39
2024-06-01 23:00:00,0.0,641.29,630.2,2100.66,3372.15
2024-06-02 00:00:00,0.0,442.99,726.29,1300.5,2469.78
2024-06-02 01:00:00,0.0,447.42,635.55,1668.84,2751.82
2024-06-02 02:00:00,0.0,355.7,756.5,1788.53,2900.74
2024-06-02 03:00:00,0.0,667.04,706.2,1876.77,3250.01
2024-06-02 04:00:00,0.0,439.1,642.67,1656.18,2737.95
2024-06-02 05:00:00,0.0,529.62,791.71,1326.24,2647.57
2024-06-02 06:00:00,0.0,416.36,653.49,1853.19,2923.04
2024-06-02 07:00:00,250.55,672.02,729.84,1320.5,2972.9
2024-06-02 08:00:00,422.11,576.14,650.44,1880.14,3528.83
2024-06-02 09:00:00,634.38,494.5,731.74,1828.9,3689.53
2024-06-02 10:00:00,736.29,393.76,756.48,1727.0,3613.52
2024-06-02 11:00:00,842.05,706.3,766.42,1454.98,3769.74
2024-06-02 12:00:00,774.76,657.39,600.84,1492.52,3525.52
2024-06-02 13:00:00,902.89,362.73,791.54,1735.57,3792.73
2024-06-02 14:00:00,886.07,470.69,658.72,1486.74,3502.23
2024-06-02 15:00:00,541.25,472.61,732.66,1617.11,3363.63
2024-06-02 16:00:00,360.61,734.17,663.14,1799.79,3557.72
2024-06-02 17:00:00,164.37,277.93,706.76,1813.34,2962.4
2024-06-02 18:00:00,0.0,584.85,621.0,1776.52,2982.37
2024-06-02 19:00:00,0.0,466.38,756.83,1788.5,3011.71
2024-06-02 20:00:00,0.0,409.88,631.96,1590.27,2632.11
2024-06-02 21:00:00,0.0,510.21,769.26,1860.42,3139.88
2024-06-02 22:00:00,0.0,449.72,603.05,1386.15,2438.92
2024-06-02 23:00:00,0.0,477.3,765.84,1875.57,3118.71
2024-06-03 00:00:00,0.0,409.91,614.71,1503.69,2528.3
2024-06-03 01:00:00,0.0,400.14,712.08,1880.03,2992.25
2024-06-03 02:00:00,0.0,416.95,681.21,1523.1,2621.26
2024-06-03 03:00:00,0.0,652.86,635.41,1821.39,3109.66
2024-06-03 04:00:00,0.0,800.17,676.18,1369.6,2845.96
2024-06-03 05:00:00,0.0,493.83,648.14,1608.12,2750.08
2024-06-03 06:00:00,0.0,374.52,695.58,1567.66,2637.76
2024-06-03 07:00:00,217.29,365.21,638.37,1635.68,2856.55
2024-06-03 08:00:00,429.61,512.52,581.4,1816.77,3340.3
2024-06-03 09:00:00,764.5,364.37,644.21,1814.9,3587.98
2024-06-03 10:00:00,674.91,637.49,652.03,1445.22,3409.65
2024-06-03 11:00:00,931.67,598.62,734.13,1851.24,4115.66
2024-06-03 12:00:00,924.37,318.08,615.58,1547.17,3405.21
2024-06-03 13:00:00,871.6,452.6,722.39,1557.87,3604.46
2024-06-03 14:00:00,825.9,585.08,691.09,1802.24,3904.32
2024-06-03 15:00:00,412.16,310.63,732.43,1607.12,3062.35
2024-06-03 16:00:00,477.88,569.5,636.47,1288.81,2972.65
2024-06-03 17:00:00,174.83,540.31,699.62,1517.19,2931.94
2024-06-03 18:00:00,0.0,439.95,804.13,1814.81,3058.89
2024-06-03 19:00:00,0.0,345.2,708.68,1274.93,2328.81
2024-06-03 20:00:00,0.0,599.99,617.14,1230.24,2447.38
2024-06-03 21:00:00,0.0,511.99,689.94,1708.85,2910.77
2024-06-03 22:00:00,0.0,411.68,765.71,1657.89,2835.29
2024-06-03 23:00:00,0.0,646.57,724.83,1341.68,2713.08
2024-06-04 00:00:00,0.0,302.61,704.36,1349.5,2356.46
2024-06-04 01:00:00,0.0,606.62,570.0,1539.82,2716.43
2024-06-04 02:00:00,0.0,306.0,626.38,2098.15,3030.53
2024-06-04 03:00:00,0.0,469.82,722.86,1871.39,3064.08
2024-06-04 04:00:00,0.0,671.66,675.57,1788.35,3135.58
2024-06-04 05:00:00,0.0,627.8,714.21,1559.83,2901.84
2024-06-04 06:00:00,0.0,454.88,679.04,1230.48,2364.4
2024-06-04 07:00:00,218.11,535.12,674.65,1737.02,3164.9
2024-06-04 08:00:00,329.02,559.49,703.42,1412.68,3004.61
2024-06-04 09:00:00,466.27,549.99,732.5,1790.39,3539.16
2024-06-04 10:00:00,596.67,544.51,775.12,1402.77,3319.07
2024-06-04 11:00:00,682.59,438.07,573.97,1827.77,3522.4
2024-06-04 12:00:00,901.79,685.72,743.89,1392.82,3724.23
2024-06-04 13:00:00,885.4,505.29,708.28,1519.76,3618.74
2024-06-04 14:00:00,859.42,475.7,801.06,1091.89,3228.06
2024-06-04 15:00:00,661.41,358.43,653.21,1519.78,3192.84
2024-06-04 16:00:00,402.5,485.15,726.62,1599.22,3213.48
2024-06-04 17:00:00,223.22,597.08,730.18,1331.54,2882.02
2024-06-04 18:00:00,0.0,746.77,698.4,1869.43,3314.6
2024-06-04 19:00:00,0.0,725.96,697.03,1658.35,3081.34
2024-06-04 20:00:00,0.0,558.96,706.48,1157.41,2422.85
2024-06-04 21:00:00,0.0,444.43,799.29,1774.75,3018.47
2024-06-04 22:00:00,0.0,649.88,746.58,1822.75,3219.21
2024-06-04 23:00:00,0.0,451.76,724.06,1418.1,2593.92
2024-06-05 00:00:00,0.0,657.18,738.0,1681.95,3077.13
2024-06-05 01:00:00,0.0,605.29,692.85,1093.9,2392.04
2024-06-05 02:00:00,0.0,578.48,761.6,1780.47,3120.54
2024-06-05 03:00:00,0.0,417.48,763.63,1754.77,2935.88
2024-06-05 04:00:00,0.0,612.66,816.7,1778.59,3207.95
2024-06-05 05:00:00,0.0,470.28,725.4,1687.21,2882.89
2024-06-05 06:00:00,0.0,614.63,646.98,1297.3,2558.91
2024-06-05 07:00:00,236.36,608.34,713.22,1531.24,3089.16
2024-06-05 08:00:00,447.5,655.79,723.34,1458.86,3285.49
2024-06-05 09:00:00,475.7,607.75,648.71,1445.13,3177.29
2024-06-05 10:00:00,614.69,520.15,680.01,1110.05,2924.89
2024-06-05 11:00:00,625.43,401.21,603.72,1330.4,2960.76
2024-06-05 12:00:00,807.86,360.31,641.37,1945.17,3754.71
2024-06-05 13:00:00,1020.19,539.7,569.19,1966.92,4096.0
2024-06-05 14:00:00,705.92,591.36,710.04,1330.89,3338.2
2024-06-05 15:00:00,747.19,523.5,624.17,1327.03,3221.89
2024-06-05 16:00:00,473.59,524.03,634.32,1928.58,3560.52
2024-06-05 17:00:00,245.92,674.19,793.42,1496.59,3210.13
2024-06-05 18:00:00,0.0,467.6,675.89,1449.58,2593.07
2024-06-05 19:00:00,0.0,316.02,769.2,2005.18,3090.4
2024-06-05 20:00:00,0.0,460.06,602.71,1898.04,2960.81
2024-06-05 21:00:00,0.0,430.88,715.1,1685.49,2831.47
2024-06-05 22:00:00,0.0,376.22,607.17,1887.2,2870.59
2024-06-05 23:00:00,0.0,437.2,821.55,1444.67,2703.42
2024-06-06 00:00:00,0.0,529.68,709.49,1849.38,3088.54
2024-06-06 01:00:00,0.0,467.58,690.1,1159.69,2317.37
2024-06-06 02:00:00,0.0,335.14,681.65,1291.02,2307.8
2024-06-06 03:00:00,0.0,618.26,663.4,1578.88,2860.53
2024-06-06 04:00:00,0.0,312.02,571.14,1369.7,2252.86
2024-06-06 05:00:00,0.0,310.98,705.1,1698.53,2714.61
2024-06-06 06:00:00,0.0,599.75,678.92,1509.45,2788.12
2024-06-06 07:00:00,215.22,211.03,679.64,1586.59,2692.47
2024-06-06 08:00:00,490.82,645.87,661.85,2037.39,3835.93
2024-06-06 09:00:00,604.42,540.57,744.26,1775.0,3664.24
2024-06-06 10:00:00,784.68,436.96,700.7,1838.47,3760.82
2024-06-06 11:00:00,771.07,425.31,700.19,1364.21,3260.77
2024-06-06 12:00:00,845.1,413.24,777.85,1336.81,3373.0
2024-06-06 13:00:00,736.51,366.05,854.69,1413.95,3371.2
2024-06-06 14:00:00,713.86,743.31,778.35,1942.75,4178.27
2024-06-06 15:00:00,552.17,488.06,733.39,1111.63,2885.25
2024-06-06 16:00:00,459.17,586.18,678.37,1504.31,3228.04
2024-06-06 17:00:00,220.56,618.28,594.85,1511.78,2945.47
2024-06-06 18:00:00,0.0,549.87,692.99,1594.81,2837.67
2024-06-06 19:00:00,0.0,619.43,638.35,1598.3,2856.07
2024-06-06 20:00:00,0.0,472.64,775.29,1641.16,2889.09
2024-06-06 21:00:00,0.0,504.95,695.9,1746.18,2947.03
2024-06-06 22:00:00,0.0,502.0,725.37,1902.77,3130.14
2024-06-06 23:00:00,0.0,372.03,678.96,1896.04,2947.03
2024-06-07 00:00:00,0.0,594.79,693.9,1268.75,2557.44
2024-06-07 01:00:00,0.0,422.8,642.62,1779.18,2844.6
2024-06-07 02:00:00,0.0,688.47,770.37,2061.41,3520.25
2024-06-07 03:00:00,0.0,762.67,678.92,1183.07,2624.66
2024-06-07 04:00:00,0.0,510.77,691.98,1569.33,2772.07
2024-06-07 05:00:00,0.0,539.9,757.64,1731.46,3029.0
2024-06-07 06:00:00,0.0,570.13,702.46,803.82,2076.42
2024-06-07 07:00:00,238.03,520.62,702.17,1793.02,3253.84
2024-06-07 08:00:00,365.33,388.8,692.26,1555.46,3001.85
2024-06-07 09:00:00,612.01,273.24,714.65,1427.88,3027.78
2024-06-07 10:00:00,845.98,442.0,732.89,1758.01,3778.88
2024-06-07 11:00:00,624.64,454.07,764.43,1634.95,3478.1
2024-06-07 12:00:00,715.5,691.99,753.6,1997.61,4158.7
2024-06-07 13:00:00,902.22,415.97,658.47,1525.09,3501.74
2024-06-07 14:00:00,722.99,535.32,730.81,1564.64,3553.76
2024-06-07 15:00:00,649.81,550.3,779.25,1601.98,3581.35
2024-06-07 16:00:00,365.99,389.15,719.81,1459.69,2934.63
2024-06-07 17:00:00,190.63,309.83,771.8,1787.42,3059.67
2024-06-07 18:00:00,0.0,397.03,685.47,1658.37,2740.87
2024-06-07 19:00:00,0.0,483.82,690.25,1811.16,2985.23
2024-06-07 20:00:00,0.0,278.92,709.61,1848.79,2837.33
2024-06-07 21:00:00,0.0,493.27,666.07,2002.65,3161.99
2024-06-07 22:00:00,0.0,475.28,583.63,1909.08,2967.98
2024-06-07 23:00:00,0.0,629.56,762.36,1471.1,2863.02
2024-06-08 00:00:00,0.0,410.32,661.69,1858.53,2930.54
2024-06-08 01:00:00,0.0,436.85,773.82,1407.04,2617.7
2024-06-08 02:00:00,0.0,494.1,645.6,1375.9,2515.6
2024-06-08 03:00:00,0.0,413.11,659.99,1973.06,3046.16
2024-06-08 04:00:00,0.0,639.22,754.04,1277.4,2670.65
2024-06-08 05:00:00,0.0,538.53,614.56,1677.33,2830.42
2024-06-08 06:00:00,0.0,559.85,600.92,2124.44,3285.21
2024-06-08 07:00:00,216.12,456.99,670.97,1651.23,2995.31
2024-06-08 08:00:00,398.47,411.92,762.01,1374.35,2946.76
2024-06-08 09:00:00,527.15,451.02,818.64,1503.22,3300.03
2024-06-08 10:00:00,898.88,434.03,702.13,1819.05,3854.09
2024-06-08 11:00:00,939.05,251.8,764.57,1289.18,3244.6
2024-06-08 12:00:00,618.35,505.17,680.02,1767.41,3570.95
2024-06-08 13:00:00,871.02,701.77,612.77,1509.11,3694.66
2024-06-08 14:00:00,805.89,304.51,699.25,1566.69,3376.33
2024-06-08 15:00:00,598.16,432.95,730.51,1286.18,3047.8
2024-06-08 16:00:00,443.54,631.67,691.61,1927.47,3694.28
2024-06-08 17:00:00,226.6,537.17,608.04,1511.29,2883.09
2024-06-08 18:00:00,0.0,299.51,692.99,1716.3,2708.8
2024-06-08 19:00:00,0.0,604.2,720.29,1879.41,3203.9
2024-06-08 20:00:00,0.0,485.94,704.88,1993.31,3184.14
2024-06-08 21:00:00,0.0,665.55,742.92,1379.24,2787.71
2024-06-08 22:00:00,0.0,486.92,735.66,1591.33,2813.91
2024-06-08 23:00:00,0.0,328.31,794.42,1241.77,2364.51
2024-06-09 00:00:00,0.0,525.36,684.73,1520.13,2730.22
2024-06-09 01:00:00,0.0,362.15,804.91,1695.44,2862.5
2024-06-09 02:00:00,0.0,252.99,670.04,1467.7,2390.74
2024-06-09 03:00:00,0.0,587.85,616.6,1322.57,2527.02
2024-06-09 04:00:00,0.0,493.94,798.01,1687.1,2979.05
2024-06-09 05:00:00,0.0,373.1,833.92,1433.5,2640.52
2024-06-09 06:00:00,0.0,439.39,689.29,1454.62,2583.3
2024-06-09 07:00:00,212.56,695.47,740.08,1327.63,2975.73
2024-06-09 08:00:00,482.32,611.51,720.53,1756.65,3571.01
2024-06-09 09:00:00,505.88,558.71,714.71,1324.73,3104.02
2024-06-09 10:00:00,737.49,460.92,750.76,1599.53,3548.7
2024-06-09 11:00:00,839.22,369.06,612.46,1436.94,3257.68
2024-06-09 12:00:00,871.23,351.98,821.4,1907.79,3952.4
2024-06-09 13:00:00,886.96,481.12,678.63,1262.74,3309.45
2024-06-09 14:00:00,727.37,613.9,755.38,1238.11,3334.77
2024-06-09 15:00:00,604.38,422.35,522.81,1454.27,3003.8
2024-06-09 16:00:00,392.56,433.57,676.73,1871.24,3374.1
2024-06-09 17:00:00,211.05,466.16,681.36,1680.0,3038.57
2024-06-09 18:00:00,0.0,467.09,576.29,1214.91,2258.29
2024-06-09 19:00:00,0.0,492.81,753.76,1077.7,2324.26
2024-06-09 20:00:00,0.0,486.81,637.63,1473.33,2597.77
2024-06-09 21:00:00,0.0,473.8,759.05,1492.39,2725.24
2024-06-09 22:00:00,0.0,481.22,625.27,1449.89,2556.37
2024-06-09 23:00:00,0.0,431.88,765.27,1875.77,3072.93
2024-06-10 00:00:00,0.0,508.64,667.64,1626.7,2802.98
2024-06-10 01:00:00,0.0,542.74,687.83,1533.01,2763.59
2024-06-10 02:00:00,0.0,516.01,654.56,1506.86,2677.43
2024-06-10 03:00:00,0.0,597.82,695.74,1845.91,3139.46
2024-06-10 04:00:00,0.0,458.44,716.48,1542.77,2717.68
2024-06-10 05:00:00,0.0,303.18,870.06,1821.03,2994.28
2024-06-10 06:00:00,0.0,561.66,847.11,1378.99,2787.77
2024-06-10 07:00:00,222.84,536.25,695.12,1588.89,3043.1
2024-06-10 08:00:00,440.72,541.7,748.25,1326.49,3057.16
2024-06-10 09:00:00,763.39,511.74,712.38,1402.47,3389.98
2024-06-10 10:00:00,724.23,573.62,671.12,2005.48,3974.45
2024-06-10 11:00:00,780.65,661.12,686.26,1912.44,4040.48
2024-06-10 12:00:00,958.21,322.96,655.83,1393.4,3330.41
2024-06-10 13:00:00,974.88,452.25,638.72,1749.63,3815.47
2024-06-10 14:00:00,909.15,316.21,665.33,1030.71,2921.4
2024-06-10 15:00:00,570.86,751.34,658.87,1599.98,3581.06
2024-06-10 16:00:00,339.1,568.87,870.28,1332.71,3110.96
2024-06-10 17:00:00,248.43,589.74,780.78,1582.97,3201.91
2024-06-10 18:00:00,0.0,449.12,739.15,1319.23,2507.5
2024-06-10 19:00:00,0.0,605.35,730.65,1352.35,2688.35
2024-06-10 20:00:00,0.0,624.57,675.44,1455.82,2755.84
2024-06-10 21:00:00,0.0,244.19,560.8,1974.0,2778.98
2024-06-10 22:00:00,0.0,622.7,738.01,1398.2,2758.91
2024-06-10 23:00:00,0.0,873.97,670.01,2261.58,3805.55
2024-06-11 00:00:00,0.0,710.92,693.76,1793.32,3198.0
2024-06-11 01:00:00,0.0,502.03,758.7,1515.75,2776.48
2024-06-11 02:00:00,0.0,642.37,633.1,1673.25,2948.72
2024-06-11 03:00:00,0.0,636.2,735.68,1704.65,3076.53
2024-06-11 04:00:00,0.0,556.7,660.41,1255.12,2472.22
2024-06-11 05:00:00,0.0,458.91,749.04,1348.8,2556.75
2024-06-11 06:00:00,0.0,531.38,696.79,2020.11,3248.28
2024-06-11 07:00:00,232.53,419.92,668.84,1523.4,2844.68
2024-06-11 08:00:00,386.05,387.36,632.97,1608.65,3015.03
2024-06-11 09:00:00,582.69,543.31,636.48,1167.14,2929.61
2024-06-11 10:00:00,687.0,469.24,704.03,1747.3,3607.57
2024-06-11 11:00:00,891.6,708.71,687.48,1983.4,4271.18
2024-06-11 12:00:00,935.89,456.85,667.24,1416.94,3476.91
2024-06-11 13:00:00,855.52,471.27,716.58,1547.39,3590.76
2024-06-11 14:00:00,620.69,447.25,681.99,1463.1,3213.03
2024-06-11 15:00:00,559.66,641.76,753.75,1272.28,3227.45
2024-06-11 16:00:00,469.56,458.75,704.39,1552.81,3185.51
2024-06-11 17:00:00,251.32,530.45,724.18,1446.68,2952.63
2024-06-11 18:00:00,0.0,477.27,717.14,1163.25,2357.66
2024-06-11 19:00:00,0.0,569.12,668.86,1593.78,2831.76
2024-06-11 20:00:00,0.0,552.21,601.94,1735.89,2890.04
2024-06-11 21:00:00,0.0,529.15,668.38,1689.12,2886.65
2024-06-11 22:00:00,0.0,479.07,575.56,1284.62,2339.24
2024-06-11 23:00:00,0.0,439.06,686.07,1660.05,2785.18
2024-06-12 00:00:00,0.0,437.4,708.01,1744.52,2889.93
2024-06-12 01:00:00,0.0,613.83,795.89,1655.14,3064.86
2024-06-12 02:00:00,0.0,658.55,672.55,1444.26,2775.36
2024-06-12 03:00:00,0.0,414.03,693.26,1601.32,2708.62
2024-06-12 04:00:00,0.0,512.83,723.21,1793.48,3029.52
2024-06-12 05:00:00,0.0,519.46,747.16,1661.3,2927.92
2024-06-12 06:00:00,0.0,449.28,679.49,1596.6,2725.36
2024-06-12 07:00:00,247.58,315.42,748.27,1861.56,3172.84
2024-06-12 08:00:00,363.7,421.32,658.11,1967.02,3410.14
2024-06-12 09:00:00,623.88,400.77,659.79,2047.51,3731.95
2024-06-12 10:00:00,937.24,381.97,719.65,1499.05,3537.92
2024-06-12 11:00:00,946.15,609.84,798.07,1259.63,3613.7
2024-06-12 12:00:00,855.44,784.99,817.24,2056.59,4514.26
2024-06-12 13:00:00,737.52,419.79,688.32,1534.49,3380.12
2024-06-12 14:00:00,651.91,472.12,737.37,1834.93,3696.33
2024-06-12 15:00:00,551.31,475.34,666.32,1907.49,3600.46
2024-06-12 16:00:00,354.18,663.42,599.89,1631.19,3248.69
2024-06-12 17:00:00,260.0,456.17,582.16,1259.04,2557.37
2024-06-12 18:00:00,0.0,372.62,654.19,1548.87,2575.68
2024-06-12 19:00:00,0.0,660.61,652.84,1609.22,2922.68
2024-06-12 20:00:00,0.0,590.34,683.03,1732.51,3005.88
2024-06-12 21:00:00,0.0,582.39,658.52,1354.41,2595.33
2024-06-12 22:00:00,0.0,395.53,619.38,1864.06,2878.98
2024-06-12 23:00:00,0.0,313.26,613.65,1717.29,2644.2
2024-06-13 00:00:00,0.0,671.05,699.31,1612.2,2982.56
2024-06-13 01:00:00,0.0,454.59,693.08,1412.15,2559.82
2024-06-13 02:00:00,0.0,473.44,826.61,1888.57,3188.62
2024-06-13 03:00:00,0.0,536.73,733.5,1874.05,3144.27
2024-06-13 04:00:00,0.0,439.89,638.33,1655.15,2733.37
2024-06-13 05:00:00,0.0,480.9,745.23,1562.71,2788.84
2024-06-13 06:00:00,0.0,632.43,656.02,1354.49,2642.93
2024-06-13 07:00:00,194.41,533.32,776.7,1678.92,3183.34
2024-06-13 08:00:00,312.71,623.83,769.52,1726.83,3432.88
2024-06-13 09:00:00,672.2,731.75,778.25,1556.24,3738.44
2024-06-13 10:00:00,955.47,557.73,595.84,1255.9,3364.95
2024-06-13 11:00:00,678.58,454.9,698.51,1345.47,3177.46
2024-06-13 12:00:00,844.9,549.91,590.65,1708.6,3694.06
2024-06-13 13:00:00,930.75,608.31,697.01,1382.49,3618.57
2024-06-13 14:00:00,694.79,434.49,767.15,1570.32,3466.75
2024-06-13 15:00:00,723.53,398.81,676.9,1589.02,3388.26
2024-06-13 16:00:00,516.02,478.78,698.47,1785.59,3478.85
2024-06-13 17:00:00,265.57,771.66,730.52,1540.3,3308.05
2024-06-13 18:00:00,0.0,551.08,701.74,1955.88,3208.7
2024-06-13 19:00:00,0.0,761.12,764.78,1528.96,3054.86
2024-06-13 20:00:00,0.0,328.43,654.78,1638.81,2622.02
2024-06-13 21:00:00,0.0,607.72,692.16,1778.87,3078.75
2024-06-13 22:00:00,0.0,599.68,675.66,1446.19,2721.53
2024-06-13 23:00:00,0.0,529.9,737.37,1571.39,2838.66
2024-06-14 00:00:00,0.0,407.5,648.55,1637.88,2693.93
2024-06-14 01:00:00,0.0,581.69,781.13,1702.27,3065.09
2024-06-14 02:00:00,0.0,407.19,742.27,1944.96,3094.42
2024-06-14 03:00:00,0.0,375.61,768.67,1632.99,2777.27
2024-06-14 04:00:00,0.0,531.56,575.33,1856.52,2963.41
2024-06-14 05:00:00,0.0,589.17,607.98,1548.15,2745.3
2024-06-14 06:00:00,0.0,514.35,777.53,1775.38,3067.26
2024-06-14 07:00:00,228.26,553.34,637.53,1326.42,2745.55
2024-06-14 08:00:00,462.68,640.65,743.55,1505.04,3351.93
2024-06-14 09:00:00,526.34,256.83,603.66,1656.54,3043.37
2024-06-14 10:00:00,634.52,439.29,693.71,1437.45,3204.96
2024-06-14 11:00:00,873.29,474.73,848.58,1595.08,3791.68
2024-06-14 12:00:00,937.6,287.73,717.99,1585.48,3528.81
2024-06-14 13:00:00,837.02,633.14,696.0,1933.25,4099.41
2024-06-14 14:00:00,702.66,455.88,680.57,1880.5,3719.61
2024-06-14 15:00:00,745.63,397.57,671.84,1488.49,3303.54
2024-06-14 16:00:00,455.93,246.26,627.7,1789.54,3119.42
2024-06-14 17:00:00,254.96,604.24,619.83,1694.59,3173.61
2024-06-14 18:00:00,0.0,463.57,705.05,1432.28,2600.89
2024-06-14 19:00:00,0.0,585.26,854.52,1085.34,2525.12
2024-06-14 20:00:00,0.0,686.44,646.44,1220.52,2553.4
2024-06-14 21:00:00,0.0,581.17,655.08,1688.14,2924.39
2024-06-14 22:00:00,0.0,396.79,695.72,1969.56,3062.08
2024-06-14 23:00:00,0.0,512.1,621.9,1857.95,2991.96
2024-06-15 00:00:00,0.0,373.4,826.17,1629.14,2828.71
2024-06-15 01:00:00,0.0,431.37,714.16,1410.26,2555.8
2024-06-15 02:00:00,0.0,385.47,597.66,1178.42,2161.55
2024-06-15 03:00:00,0.0,599.3,638.47,1769.84,3007.61
2024-06-15 04:00:00,0.0,638.96,812.24,1709.14,3160.34
2024-06-15 05:00:00,0.0,417.27,731.25,1529.26,2677.78
2024-06-15 06:00:00,0.0,417.22,635.73,1221.23,2274.18
2024-06-15 07:00:00,190.92,670.54,734.65,1548.92,3145.03
2024-06-15 08:00:00,526.97,299.25,716.34,1192.74,2735.3
2024-06-15 09:00:00,626.02,369.95,628.92,1322.43,2947.31
2024-06-15 10:00:00,817.2,468.19,614.77,1809.92,3710.08
2024-06-15 11:00:00,650.6,632.73,708.48,1424.2,3416.01
2024-06-15 12:00:00,908.57,769.6,729.48,1863.36,4271.01
2024-06-15 13:00:00,784.07,512.9,686.22,1423.49,3406.68
2024-06-15 14:00:00,614.73,532.7,592.44,1486.5,3226.36
2024-06-15 15:00:00,578.29,665.03,715.64,1372.57,3331.53
2024-06-15 16:00:00,401.26,575.73,716.28,2180.5,3873.77
2024-06-15 17:00:00,214.47,618.6,706.39,1613.64,3153.11
2024-06-15 18:00:00,0.0,485.08,726.91,1542.4,2754.39
2024-06-15 19:00:00,0.0,586.41,703.46,1656.57,2946.43
2024-06-15 20:00:00,0.0,438.6,684.88,1986.72,3110.2
2024-06-15 21:00:00,0.0,612.62,669.58,1805.49,3087.68
2024-06-15 22:00:00,0.0,582.7,755.29,1711.59,3049.58
2024-06-15 23:00:00,0.0,287.06,695.47,1483.57,2466.1
2024-06-16 00:00:00,0.0,543.34,609.72,1759.82,2912.87
2024-06-16 01:00:00,0.0,378.98,830.95,861.33,2071.26
2024-06-16 02:00:00,0.0,300.36,834.64,1260.94,2395.94
2024-06-16 03:00:00,0.0,468.49,708.5,1661.02,2838.01
2024-06-16 04:00:00,0.0,696.74,767.67,1614.92,3079.33
2024-06-16 05:00:00,0.0,383.95,682.55,1674.67,2741.17
2024-06-16 06:00:00,0.0,543.63,699.53,1614.27,2857.43
2024-06-16 07:00:00,193.35,306.66,646.92,1574.83,2721.77
2024-06-16 08:00:00,446.18,243.24,597.1,1421.19,2707.72
2024-06-16 09:00:00,465.96,485.23,781.03,1563.08,3295.29
2024-06-16 10:00:00,536.92,618.61,772.11,1364.56,3292.2
2024-06-16 11:00:00,718.87,490.18,722.57,1729.17,3660.78
2024-06-16 12:00:00,771.12,531.92,688.35,1627.51,3618.91
2024-06-16 13:00:00,711.21,450.2,695.21,1507.71,3364.32
2024-06-16 14:00:00,847.54,482.53,715.59,2173.16,4218.82
2024-06-16 15:00:00,668.05,584.98,667.61,2273.06,4193.7
2024-06-16 16:00:00,461.87,545.37,600.51,1280.62,2888.38
2024-06-16 17:00:00,229.69,434.29,717.34,1422.34,2803.67
2024-06-16 18:00:00,0.0,526.82,748.96,1078.1,2353.88
2024-06-16 19:00:00,0.0,434.98,790.88,1483.51,2709.37
2024-06-16 20:00:00,0.0,608.8,679.0,1442.91,2730.71
2024-06-16 21:00:00,0.0,334.98,614.06,1612.87,2561.91
2024-06-16 22:00:00,0.0,521.18,753.47,1365.01,2639.67
2024-06-16 23:00:00,0.0,461.89,664.1,1845.93,2971.92
2024-06-17 00:00:00,0.0,521.44,632.78,1966.33,3120.55
2024-06-17 01:00:00,0.0,671.95,643.32,1250.35,2565.63
2024-06-17 02:00:00,0.0,527.18,763.29,1579.96,2870.43
2024-06-17 03:00:00,0.0,545.77,725.04,1568.26,2839.07
2024-06-17 04:00:00,0.0,500.67,676.01,1428.23,2604.91
2024-06-17 05:00:00,0.0,436.4,725.04,1854.2,3015.64
2024-06-17 06:00:00,0.0,499.47,643.55,1676.28,2819.31
2024-06-17 07:00:00,176.09,639.92,747.56,1383.1,2946.67
2024-06-17 08:00:00,394.58,550.76,599.67,1741.18,3286.19
2024-06-17 09:00:00,633.05,636.7,719.69,1310.37,3299.82
2024-06-17 10:00:00,886.26,459.04,651.52,1763.07,3759.9
2024-06-17 11:00:00,849.29,536.71,722.51,1564.12,3672.62
2024-06-17 12:00:00,839.18,518.13,549.6,1592.47,3499.38
2024-06-17 13:00:00,814.27,428.42,729.08,1715.44,3687.22
2024-06-17 14:00:00,755.79,593.82,760.58,1354.89,3465.08
2024-06-17 15:00:00,585.71,528.87,640.81,1756.26,3511.65
2024-06-17 16:00:00,364.82,501.41,698.85,1174.0,2739.07
2024-06-17 17:00:00,232.22,402.53,583.19,1986.04,3203.99
2024-06-17 18:00:00,0.0,441.62,643.12,1319.13,2403.86
2024-06-17 19:00:00,0.0,485.65,716.64,1635.85,2838.14
2024-06-17 20:00:00,0.0,577.59,713.51,1355.19,2646.29
2024-06-17 21:00:00,0.0,614.9,600.88,1454.81,2670.6
2024-06-17 22:00:00,0.0,508.21,766.63,1176.61,2451.45
2024-06-17 23:00:00,0.0,441.21,754.78,1315.37,2511.36
2024-06-18 00:00:00,0.0,536.38,806.18,1438.84,2781.39
2024-06-18 01:00:00,0.0,433.25,606.44,1556.4,2596.09
2024-06-18 02:00:00,0.0,518.07,689.22,1694.66,2901.95
2024-06-18 03:00:00,0.0,612.3,715.89,2006.67,3334.86
2024-06-18 04:00:00,0.0,656.96,751.08,1328.94,2736.99
2024-06-18 05:00:00,0.0,423.58,772.32,1558.59,2754.49
2024-06-18 06:00:00,0.0,373.46,697.43,1430.73,2501.62
2024-06-18 07:00:00,217.62,650.43,701.27,1506.79,3076.11
2024-06-18 08:00:00,458.39,499.97,663.19,1028.65,2650.2
2024-06-18 09:00:00,577.27,349.22,743.8,1350.4,3020.69
2024-06-18 10:00:00,928.57,493.58,703.73,1611.47,3737.35
2024-06-18 11:00:00,679.73,340.35,738.0,1387.75,3145.83
2024-06-18 12:00:00,895.75,373.15,704.05,1535.21,3508.17
2024-06-18 13:00:00,823.38,261.49,760.25,1873.88,3719.0
2024-06-18 14:00:00,818.3,558.27,848.9,1580.01,3805.48
2024-06-18 15:00:00,495.11,407.4,697.7,1273.11,2873.32
2024-06-18 16:00:00,400.17,328.57,801.81,1678.79,3209.35
2024-06-18 17:00:00,201.24,432.07,673.35,1670.15,2976.81
2024-06-18 18:00:00,0.0,531.46,914.16,1528.23,2973.84
2024-06-18 19:00:00,0.0,519.33,716.91,2155.52,3391.76
2024-06-18 20:00:00,0.0,377.95,754.79,1920.7,3053.44
2024-06-18 21:00:00,0.0,483.26,777.34,1411.5,2672.1
2024-06-18 22:00:00,0.0,543.29,738.1,1766.67,3048.06
2024-06-18 23:00:00,0.0,491.74,723.62,1285.68,2501.03
2024-06-19 00:00:00,0.0,509.9,748.08,1751.86,3009.84
2024-06-19 01:00:00,0.0,302.35,634.47,1518.43,2455.25
2024-06-19 02:00:00,0.0,495.38,721.53,1511.08,2727.99
2024-06-19 03:00:00,0.0,480.82,786.69,1613.38,2880.88
2024-06-19 04:00:00,0.0,643.39,683.2,1779.73,3106.32
2024-06-19 05:00:00,0.0,617.52,843.44,1577.87,3038.83
2024-06-19 06:00:00,0.0,591.59,662.72,1373.24,2627.56
2024-06-19 07:00:00,185.54,457.69,715.73,1139.3,2498.26
2024-06-19 08:00:00,389.44,401.84,748.24,1414.92,2954.43
2024-06-19 09:00:00,533.25,382.92,740.85,1592.31,3249.33
2024-06-19 10:00:00,887.69,601.81,676.28,2151.2,4316.98
2024-06-19 11:00:00,876.66,661.87,677.1,1578.67,3794.29
2024-06-19 12:00:00,785.32,393.8,678.79,1190.57,3048.48
2024-06-19 13:00:00,966.82,491.01,651.38,1537.32,3646.52
2024-06-19 14:00:00,779.12,589.78,726.67,2029.68,4125.25
2024-06-19 15:00:00,457.56,572.97,796.73,1631.95,3459.21
2024-06-19 16:00:00,496.93,375.02,659.82,1852.88,3384.64
2024-06-19 17:00:00,185.99,676.6,610.44,1539.58,3012.6
2024-06-19 18:00:00,0.0,426.86,745.37,1541.85,2714.08
2024-06-19 19:00:00,0.0,456.7,580.57,1865.24,2902.51
2024-06-19 20:00:00,0.0,402.38,740.11,1741.19,2883.68
2024-06-19 21:00:00,0.0,577.83,699.25,1616.91,2894.0
2024-06-19 22:00:00,0.0,428.55,700.08,1466.08,2594.72
2024-06-19 23:00:00,0.0,541.35,810.25,1311.06,2662.66
2024-06-20 00:00:00,0.0,602.49,642.34,1699.24,2944.07
2024-06-20 01:00:00,0.0,399.5,731.74,1657.78,2789.01
2024-06-20 02:00:00,0.0,418.95,666.95,1532.12,2618.01
2024-06-20 03:00:00,0.0,376.12,743.15,1825.65,2944.92
2024-06-20 04:00:00,0.0,659.41,668.43,1635.35,2963.18
2024-06-20 05:00:00,0.0,765.53,791.63,1219.12,2776.28
2024-06-20 06:00:00,0.0,539.94,798.95,1400.45,2739.33
2024-06-20 07:00:00,240.49,709.51,671.41,1580.46,3201.86
2024-06-20 08:00:00,411.61,477.49,618.66,1432.23,2939.98
2024-06-20 09:00:00,554.8,879.95,749.38,1807.3,3991.43
2024-06-20 10:00:00,584.63,730.13,718.99,1803.19,3836.95
2024-06-20 11:00:00,678.57,647.24,752.01,1399.52,3477.34
2024-06-20 12:00:00,763.61,567.92,570.72,1773.19,3675.44
2024-06-20 13:00:00,771.81,479.74,632.72,1725.86,3610.13
2024-06-20 14:00:00,812.03,447.53,597.66,1578.4,3435.63
2024-06-20 15:00:00,531.29,416.3,781.19,1812.68,3541.46
2024-06-20 16:00:00,357.33,562.8,645.68,1374.86,2940.66
2024-06-20 17:00:00,222.54,507.95,652.4,1961.45,3344.34
2024-06-20 18:00:00,0.0,463.82,624.67,1370.22,2458.71
2024-06-20 19:00:00,0.0,572.69,713.86,1628.96,2915.51
2024-06-20 20:00:00,0.0,582.66,587.22,1587.04,2756.92
2024-06-20 21:00:00,0.0,414.11,747.11,1776.8,2938.03
2024-06-20 22:00:00,0.0,403.0,776.45,1765.83,2945.27
2024-06-20 23:00:00,0.0,485.05,677.72,1811.18,2973.95
2024-06-21 00:00:00,0.0,598.94,675.2,1353.07,2627.21
2024-06-21 01:00:00,0.0,506.02,898.01,1511.14,2915.17
2024-06-21 02:00:00,0.0,519.69,669.09,1934.42,3123.2
2024-06-21 03:00:00,0.0,328.62,721.68,1758.45,2808.75
2024-06-21 04:00:00,0.0,622.38,682.47,1663.85,2968.7
2024-06-21 05:00:00,0.0,455.53,565.67,1658.54,2679.74
2024-06-21 06:00:00,0.0,636.27,710.99,1631.94,2979.2
2024-06-21 07:00:00,225.79,723.96,767.17,1207.57,2924.49
2024-06-21 08:00:00,464.24,349.59,673.31,1775.86,3263.0
2024-06-21 09:00:00,597.41,701.29,645.06,1247.55,3191.31
2024-06-21 10:00:00,660.34,658.9,575.48,1139.96,3034.68
2024-06-21 11:00:00,846.18,544.62,785.7,1634.99,3811.49
2024-06-21 12:00:00,696.04,590.31,657.2,1368.07,3311.61
2024-06-21 13:00:00,946.77,441.75,655.72,1610.73,3654.97
2024-06-21 14:00:00,650.98,669.34,705.2,1229.61,3255.13
2024-06-21 15:00:00,612.39,556.89,648.9,1608.76,3426.93
2024-06-21 16:00:00,398.28,338.48,795.05,1647.95,3179.75
2024-06-21 17:00:00,240.28,318.84,665.01,1417.43,2641.55
2024-06-21 18:00:00,0.0,515.96,633.41,1445.75,2595.11
2024-06-21 19:00:00,0.0,414.12,632.59,1593.99,2640.7
2024-06-21 20:00:00,0.0,194.87,773.57,1608.92,2577.36
2024-06-21 21:00:00,0.0,462.78,740.64,1877.96,3081.38
2024-06-21 22:00:00,0.0,507.25,597.46,1672.1,2776.8
2024-06-21 23:00:00,0.0,626.7,672.18,1409.51,2708.39
2024-06-22 00:00:00,0.0,240.33,672.24,1034.69,1947.25
2024-06-22 01:00:00,0.0,642.36,684.1,1717.59,3044.05
2024-06-22 02:00:00,0.0,438.14,678.45,1102.54,2219.13
2024-06-22 03:00:00,0.0,358.23,713.51,1712.49,2784.24
2024-06-22 04:00:00,0.0,481.43,762.65,1615.7,2859.78
2024-06-22 05:00:00,0.0,409.62,687.14,1302.18,2398.93
2024-06-22 06:00:00,0.0,676.44,838.28,2051.53,3566.25
2024-06-22 07:00:00,186.91,471.04,761.08,1653.19,3072.21
2024-06-22 08:00:00,345.18,575.05,755.14,1372.54,3047.91
2024-06-22 09:00:00,654.76,623.11,677.55,1455.67,3411.09
2024-06-22 10:00:00,661.12,625.78,659.06,1313.56,3259.52
2024-06-22 11:00:00,823.58,480.54,596.26,1655.96,3556.35
2024-06-22 12:00:00,670.71,558.51,813.42,1488.88,3531.51
2024-06-22 13:00:00,752.19,581.94,557.26,1729.32,3620.71
2024-06-22 14:00:00,732.52,534.95,734.9,1293.83,3296.2
2024-06-22 15:00:00,552.4,415.59,771.87,1499.47,3239.33
2024-06-22 16:00:00,470.67,225.68,683.07,1780.67,3160.1
2024-06-22 17:00:00,292.46,344.58,660.14,1351.09,2648.27
2024-06-22 18:00:00,0.0,455.07,705.89,1444.76,2605.72
2024-06-22 19:00:00,0.0,435.25,680.33,1572.29,2687.88
2024-06-22 20:00:00,0.0,618.21,759.4,1927.16,3304.77
2024-06-22 21:00:00,0.0,667.19,676.94,1502.64,2846.77
2024-06-22 22:00:00,0.0,345.32,697.06,1201.46,2243.84
2024-06-22 23:00:00,0.0,504.72,653.07,1600.78,2758.57
2024-06-23 00:00:00,0.0,670.28,689.91,1753.28,3113.48
2024-06-23 01:00:00,0.0,604.55,591.71,1892.66,3088.93
2024-06-23 02:00:00,0.0,455.77,719.0,1869.75,3044.52
2024-06-23 03:00:00,0.0,486.17,695.24,1716.1,2897.52
2024-06-23 04:00:00,0.0,736.04,627.29,1090.38,2453.71
2024-06-23 05:00:00,0.0,486.95,751.96,1681.72,2920.64
2024-06-23 06:00:00,0.0,580.39,674.15,1964.97,3219.52
2024-06-23 07:00:00,219.96,645.37,714.87,1686.49,3266.68
2024-06-23 08:00:00,447.35,509.09,713.3,1528.34,3198.08
2024-06-23 09:00:00,698.77,611.85,625.74,1688.89,3625.25
2024-06-23 10:00:00,796.13,502.86,690.01,1926.09,3915.1
2024-06-23 11:00:00,797.22,337.42,703.41,1826.05,3664.1
2024-06-23 12:00:00,918.78,587.95,675.38,1396.94,3579.05
2024-06-23 13:00:00,783.57,699.43,789.5,1436.83,3709.32
2024-06-23 14:00:00,794.47,308.6,691.5,1769.06,3563.63
2024-06-23 15:00:00,451.5,391.59,752.94,1757.29,3353.32
2024-06-23 16:00:00,386.52,432.62,540.34,1201.66,2561.14
2024-06-23 17:00:00,299.24,657.18,698.63,1932.38,3587.43
2024-06-23 18:00:00,0.0,514.88,725.9,1371.45,2612.23
2024-06-23 19:00:00,0.0,501.85,682.26,1546.36,2730.47
2024-06-23 20:00:00,0.0,544.51,684.05,2082.21,3310.77
2024-06-23 21:00:00,0.0,445.94,558.41,1397.99,2402.34
2024-06-23 22:00:00,0.0,284.92,646.58,1855.71,2787.21
2024-06-23 23:00:00,0.0,661.51,646.07,1781.79,3089.36
2024-06-24 00:00:00,0.0,668.99,670.02,1832.13,3171.13
2024-06-24 01:00:00,0.0,332.28,682.26,1410.02,2424.56
2024-06-24 02:00:00,0.0,567.08,705.33,1444.1,2716.51
2024-06-24 03:00:00,0.0,559.56,668.14,1611.61,2839.31
2024-06-24 04:00:00,0.0,572.28,748.4,1476.69,2797.37
2024-06-24 05:00:00,0.0,626.16,717.88,1483.89,2827.93
2024-06-24 06:00:00,0.0,663.37,610.02,1659.59,2932.97
2024-06-24 07:00:00,188.28,436.11,713.97,1566.77,2905.13
2024-06-24 08:00:00,381.13,291.1,603.45,1451.05,2726.73
2024-06-24 09:00:00,576.12,640.73,673.75,1673.96,3564.56
2024-06-24 10:00:00,771.44,520.23,835.93,1745.31,3872.91
2024-06-24 11:00:00,960.21,660.01,707.98,1628.34,3956.54
2024-06-24 12:00:00,896.6,279.91,778.79,1507.11,3462.41
2024-06-24 13:00:00,785.65,614.0,692.48,1494.02,3586.16
2024-06-24 14:00:00,874.08,630.74,726.06,1676.08,3906.97
2024-06-24 15:00:00,547.78,602.2,715.57,1676.73,3542.28
2024-06-24 16:00:00,387.57,558.68,624.01,1683.45,3253.7
2024-06-24 17:00:00,238.04,305.64,681.23,1610.75,2835.67
2024-06-24 18:00:00,0.0,468.31,694.65,1427.69,2590.65
2024-06-24 19:00:00,0.0,391.18,718.77,1619.28,2729.23
2024-06-24 20:00:00,0.0,506.73,709.95,1524.95,2741.63
2024-06-24 21:00:00,0.0,490.32,750.82,1411.07,2652.2
2024-06-24 22:00:00,0.0,586.52,703.64,1220.2,2510.36
2024-06-24 23:00:00,0.0,355.02,708.32,1557.41,2620.74
2024-06-25 00:00:00,0.0,513.84,718.58,1469.68,2702.1
2024-06-25 01:00:00,0.0,524.55,816.38,1470.28,2811.22
2024-06-25 02:00:00,0.0,625.16,670.76,1457.34,2753.26
2024-06-25 03:00:00,0.0,585.48,760.3,1867.71,3213.49
2024-06-25 04:00:00,0.0,563.27,702.92,1531.34,2797.53
2024-06-25 05:00:00,0.0,495.09,748.36,1670.3,2913.76
2024-06-25 06:00:00,0.0,407.51,597.78,1819.8,2825.09
2024-06-25 07:00:00,223.88,579.48,669.88,2128.07,3601.3
2024-06-25 08:00:00,452.34,441.97,664.04,1677.69,3236.05
2024-06-25 09:00:00,640.58,643.49,669.05,1565.3,3518.42
2024-06-25 10:00:00,651.7,457.67,712.01,1588.14,3409.52
2024-06-25 11:00:00,876.09,498.44,639.88,1652.96,3667.38
2024-06-25 12:00:00,840.51,326.89,719.31,1703.39,3590.1
2024-06-25 13:00:00,772.52,690.12,709.16,1544.81,3716.61
2024-06-25 14:00:00,884.94,499.89,653.11,1099.18,3137.12
2024-06-25 15:00:00,671.99,489.23,659.64,1618.59,3439.45
2024-06-25 16:00:00,432.35,482.95,772.32,1375.27,3062.89
2024-06-25 17:00:00,280.84,605.82,762.0,1536.88,3185.55
2024-06-25 18:00:00,0.0,661.3,752.12,1396.01,2809.43
2024-06-25 19:00:00,0.0,516.26,721.35,1436.21,2673.83
2024-06-25 20:00:00,0.0,278.8,720.47,1887.34,2886.61
2024-06-25 21:00:00,0.0,453.35,766.54,1959.63,3179.52
2024-06-25 22:00:00,0.0,590.61,825.28,1608.17,3024.05
2024-06-25 23:00:00,0.0,410.05,657.45,1432.57,2500.07
2024-06-26 00:00:00,0.0,595.5,626.79,1429.37,2651.66
2024-06-26 01:00:00,0.0,429.19,636.32,1651.22,2716.73
2024-06-26 02:00:00,0.0,586.26,617.63,1364.83,2568.73
2024-06-26 03:00:00,0.0,557.65,716.3,1530.99,2804.94
2024-06-26 04:00:00,0.0,458.81,757.24,1930.72,3146.78
2024-06-26 05:00:00,0.0,654.25,758.77,1908.4,3321.42
2024-06-26 06:00:00,0.0,437.61,640.34,1592.1,2670.05
2024-06-26 07:00:00,236.84,573.22,544.18,1588.41,2942.65
2024-06-26 08:00:00,397.08,492.38,739.65,1942.92,3572.03
2024-06-26 09:00:00,512.22,397.6,755.98,1090.35,2756.16
2024-06-26 10:00:00,721.7,367.83,728.91,1668.68,3487.13
2024-06-26 11:00:00,867.22,343.09,762.86,1959.81,3932.97
2024-06-26 12:00:00,880.93,619.38,684.17,1764.29,3948.77
2024-06-26 13:00:00,862.07,480.18,674.1,1756.07,3772.42
2024-06-26 14:00:00,704.86,259.94,690.25,1366.55,3021.61
2024-06-26 15:00:00,571.34,418.24,705.37,1656.93,3351.88
2024-06-26 16:00:00,337.4,701.95,675.38,1553.78,3268.51
2024-06-26 17:00:00,219.79,403.05,677.69,1648.28,2948.81
2024-06-26 18:00:00,0.0,582.09,722.54,1549.8,2854.44
2024-06-26 19:00:00,0.0,548.97,732.25,1596.67,2877.89
2024-06-26 20:00:00,0.0,684.48,787.85,1638.53,3110.86
2024-06-26 21:00:00,0.0,521.77,717.4,1525.76,2764.93
2024-06-26 22:00:00,0.0,563.06,760.5,1473.24,2796.81
2024-06-26 23:00:00,0.0,541.63,687.68,1824.85,3054.17
2024-06-27 00:00:00,0.0,430.9,581.38,1725.11,2737.38
2024-06-27 01:00:00,0.0,351.44,787.1,1658.79,2797.34
2024-06-27 02:00:00,0.0,654.76,609.25,1407.52,2671.53
2024-06-27 03:00:00,0.0,426.77,651.86,1700.58,2779.22
2024-06-27 04:00:00,0.0,776.87,693.61,1512.57,2983.05
2024-06-27 05:00:00,0.0,606.95,714.39,1607.69,2929.04
2024-06-27 06:00:00,0.0,405.41,656.19,1745.16,2806.75
2024-06-27 07:00:00,247.04,288.32,736.11,1868.78,3140.26
2024-06-27 08:00:00,395.9,704.91,775.22,1911.24,3787.27
2024-06-27 09:00:00,639.03,449.33,650.49,1808.68,3547.53
2024-06-27 10:00:00,772.02,513.83,614.16,2053.08,3953.09
2024-06-27 11:00:00,613.76,524.64,791.0,1636.46,3565.85
2024-06-27 12:00:00,815.52,365.31,613.52,1852.49,3646.85
2024-06-27 13:00:00,672.3,253.58,709.6,1542.73,3178.21
2024-06-27 14:00:00,884.1,708.58,663.37,1971.13,4227.18
2024-06-27 15:00:00,589.29,579.0,720.67,1729.27,3618.24
2024-06-27 16:00:00,387.76,518.67,597.08,1617.74,3121.25
2024-06-27 17:00:00,202.71,533.22,692.96,2017.4,3446.3
2024-06-27 18:00:00,0.0,484.0,765.66,1702.94,2952.6
2024-06-27 19:00:00,0.0,576.57,630.12,1675.52,2882.2
2024-06-27 20:00:00,0.0,403.91,628.24,1474.57,2506.73
2024-06-27 21:00:00,0.0,295.1,601.79,1791.92,2688.82
2024-06-27 22:00:00,0.0,516.98,749.4,1704.08,2970.46
2024-06-27 23:00:00,0.0,428.55,783.71,2089.78,3302.05
2024-06-28 00:00:00,0.0,600.52,649.01,1900.09,3149.62
2024-06-28 01:00:00,0.0,501.12,678.51,1467.08,2646.71
2024-06-28 02:00:00,0.0,790.46,635.02,1413.35,2838.83
2024-06-28 03:00:00,0.0,561.04,722.71,2106.56,3390.32
2024-06-28 04:00:00,0.0,377.27,673.55,1477.0,2527.82
2024-06-28 05:00:00,0.0,453.35,502.36,1625.52,2581.23
2024-06-28 06:00:00,0.0,453.96,675.51,1575.06,2704.53
2024-06-28 07:00:00,260.38,427.33,629.95,1430.78,2748.45
2024-06-28 08:00:00,363.6,483.23,717.55,1654.65,3219.04
2024-06-28 09:00:00,543.25,503.53,627.95,2182.03,3856.77
2024-06-28 10:00:00,631.88,399.55,761.22,1789.6,3582.25
2024-06-28 11:00:00,756.14,475.24,650.62,1602.9,3484.9
2024-06-28 12:00:00,760.14,459.57,616.41,1523.39,3359.5
2024-06-28 13:00:00,880.09,590.14,676.75,1679.99,3826.97
2024-06-28 14:00:00,678.95,473.68,657.3,2020.64,3830.56
2024-06-28 15:00:00,692.95,493.64,739.05,1452.89,3378.53
2024-06-28 16:00:00,327.69,491.2,647.23,1683.65,3149.77
2024-06-28 17:00:00,201.87,587.86,698.38,1275.45,2763.55
2024-06-28 18:00:00,0.0,510.78,699.87,1421.28,2631.94
2024-06-28 19:00:00,0.0,526.52,735.57,1397.98,2660.07
2024-06-28 20:00:00,0.0,541.85,722.39,1532.83,2797.07
2024-06-28 21:00:00,0.0,273.29,583.68,1432.15,2289.13
2024-06-28 22:00:00,0.0,186.8,830.6,1635.82,2653.21
2024-06-28 23:00:00,0.0,507.33,590.03,2055.79,3153.15
2024-06-29 00:00:00,0.0,669.33,716.28,1554.8,2940.41
2024-06-29 01:00:00,0.0,443.44,796.81,1851.03,3091.28
2024-06-29 02:00:00,0.0,455.41,667.71,1474.07,2597.19
2024-06-29 03:00:00,0.0,703.38,719.96,1563.8,2987.13
2024-06-29 04:00:00,0.0,603.7,685.12,1596.28,2885.09
2024-06-29 05:00:00,0.0,489.41,653.87,1747.66,2890.93
2024-06-29 06:00:00,0.0,548.24,650.99,1882.2,3081.43
2024-06-29 07:00:00,182.09,488.05,680.64,1431.53,2782.31
2024-06-29 08:00:00,368.77,616.57,696.44,1604.43,3286.21
2024-06-29 09:00:00,653.42,618.95,701.23,1344.24,3317.84
2024-06-29 10:00:00,873.26,503.58,713.56,1177.73,3268.13
2024-06-29 11:00:00,600.01,424.76,744.31,1333.58,3102.65
2024-06-29 12:00:00,1050.87,515.79,821.21,1936.65,4324.52
2024-06-29 13:00:00,960.85,506.62,698.84,1605.16,3771.46
2024-06-29 14:00:00,1013.99,474.15,666.12,1872.02,4026.28
2024-06-29 15:00:00,650.71,600.32,698.94,1197.99,3147.97
2024-06-29 16:00:00,316.6,439.67,724.31,1397.2,2877.78
2024-06-29 17:00:00,158.26,477.4,782.6,2267.76,3686.04
2024-06-29 18:00:00,0.0,517.12,713.95,1974.59,3205.66
2024-06-29 19:00:00,0.0,538.11,662.02,1831.08,3031.21
2024-06-29 20:00:00,0.0,476.76,617.46,1647.62,2741.84
2024-06-29 21:00:00,0.0,528.95,606.98,1159.03,2294.96
2024-06-29 22:00:00,0.0,556.59,635.76,1872.1,3064.45
2024-06-29 23:00:00,0.0,350.4,693.14,1701.53,2745.07
2024-06-30 00:00:00,0.0,607.85,632.66,1602.47,2842.99
2024-06-30 01:00:00,0.0,550.91,686.13,1837.63,3074.68
2024-06-30 02:00:00,0.0,378.71,706.72,1971.55,3056.98
2024-06-30 03:00:00,0.0,579.76,712.16,1461.67,2753.59
2024-06-30 04:00:00,0.0,365.41,729.52,1335.56,2430.49
2024-06-30 05:00:00,0.0,412.48,676.54,1337.39,2426.41
2024-06-30 06:00:00,0.0,338.5,694.85,1376.11,2409.46
2024-06-30 07:00:00,197.94,637.7,668.57,1161.36,2665.57
2024-06-30 08:00:00,285.43,497.62,745.26,1749.76,3278.07
2024-06-30 09:00:00,535.25,432.87,685.9,1736.31,3390.32
2024-06-30 10:00:00,729.78,336.1,642.92,1409.51,3118.31
2024-06-30 11:00:00,971.44,741.52,679.6,1854.67,4247.23
2024-06-30 12:00:00,731.13,593.68,721.73,1853.56,3900.1
2024-06-30 13:00:00,589.68,438.39,777.96,1844.12,3650.16
2024-06-30 14:00:00,738.7,421.02,668.75,1782.25,3610.73
2024-06-30 15:00:00,619.68,677.04,785.89,2063.1,4145.71
2024-06-30 16:00:00,355.67,614.36,751.38,1721.6,3443.01
2024-06-30 17:00:00,205.75,379.04,617.75,1256.14,2458.68
2024-06-30 18:00:00,0.0,546.53,675.56,1543.18,2765.27
2024-06-30 19:00:00,0.0,354.9,740.71,1834.66,2930.27
2024-06-30 20:00:00,0.0,398.08,745.96,1499.5,2643.54
2024-06-30 21:00:00,0.0,667.88,609.41,1517.53,2794.82
2024-06-30 22:00:00,0.0,458.12,679.74,2106.01,3243.87
2024-06-30 23:00:00,0.0,330.16,735.32,1732.04,2797.52
2024-07-01 00:00:00,0.0,670.97,610.46,1573.49,2854.93
2024-07-01 01:00:00,0.0,402.13,574.48,1570.8,2547.42
2024-07-01 02:00:00,0.0,800.56,739.48,1457.66,2997.69
2024-07-01 03:00:00,0.0,443.71,726.67,901.87,2072.25
2024-07-01 04:00:00,0.0,482.08,660.87,1694.9,2837.85
2024-07-01 05:00:00,0.0,589.41,662.46,1675.33,2927.2
2024-07-01 06:00:00,0.0,433.03,598.99,1510.9,2542.92
2024-07-01 07:00:00,229.54,484.6,603.39,1879.23,3196.75
2024-07-01 08:00:00,570.79,450.77,613.48,1453.2,3088.25
2024-07-01 09:00:00,531.42,481.6,739.81,1808.64,3561.47
2024-07-01 10:00:00,580.81,541.61,579.67,1753.45,3455.54
2024-07-01 11:00:00,659.27,519.11,702.52,1999.4,3880.3
2024-07-01 12:00:00,886.76,486.3,647.9,1880.03,3900.99
2024-07-01 13:00:00,832.6,521.96,679.16,1657.67,3691.4
2024-07-01 14:00:00,909.89,515.56,498.44,1546.53,3470.42
2024-07-01 15:00:00,423.94,432.6,699.31,1803.12,3358.97
2024-07-01 16:00:00,317.84,425.75,614.81,2105.64,3464.03
2024-07-01 17:00:00,233.79,450.86,601.52,1356.53,2642.7
2024-07-01 18:00:00,0.0,510.55,518.87,1455.33,2484.76
2024-07-01 19:00:00,0.0,398.44,561.7,1629.23,2589.37
2024-07-01 20:00:00,0.0,451.29,696.45,2005.87,3153.61
2024-07-01 21:00:00,0.0,374.74,551.53,1298.64,2224.91
2024-07-01 22:00:00,0.0,614.05,588.12,1583.71,2785.88
2024-07-01 23:00:00,0.0,340.97,634.35,1978.51,2953.83
2024-07-02 00:00:00,0.0,486.05,641.52,1949.22,3076.79
2024-07-02 01:00:00,0.0,390.93,595.13,1389.15,2375.22
2024-07-02 02:00:00,0.0,374.51,650.07,1441.01,2465.6
2024-07-02 03:00:00,0.0,608.8,684.55,1647.11,2940.46
2024-07-02 04:00:00,0.0,383.69,661.51,1574.41,2619.61
2024-07-02 05:00:00,0.0,539.66,616.07,1348.33,2504.06
2024-07-02 06:00:00,0.0,415.34,638.78,1479.88,2533.99
2024-07-02 07:00:00,215.64,599.4,678.65,1057.94,2551.63
2024-07-02 08:00:00,478.39,495.27,763.14,1474.88,3211.67
2024-07-02 09:00:00,537.64,465.61,665.01,1637.5,3305.77
2024-07-02 10:00:00,763.11,560.81,757.9,1449.52,3531.35
2024-07-02 11:00:00,833.84,533.41,644.14,2148.1,4159.5
2024-07-02 12:00:00,881.97,490.47,610.66,1553.3,3536.4
2024-07-02 13:00:00,910.28,296.49,681.68,1471.61,3360.06
2024-07-02 14:00:00,643.39,415.34,631.07,1501.99,3191.78
2024-07-02 15:00:00,611.0,504.97,645.53,1744.53,3506.02
2024-07-02 16:00:00,369.09,451.9,669.3,1609.59,3099.87
2024-07-02 17:00:00,273.45,571.04,662.87,1707.61,3214.97
2024-07-02 18:00:00,0.0,383.46,610.98,1371.91,2366.36
2024-07-02 19:00:00,0.0,459.81,614.92,1404.19,2478.92
2024-07-02 20:00:00,0.0,547.67,570.82,1434.74,2553.23
2024-07-02 21:00:00,0.0,391.97,605.12,1479.5,2476.59
2024-07-02 22:00:00,0.0,621.44,697.36,1892.43,3211.24
2024-07-02 23:00:00,0.0,536.75,646.65,1660.13,2843.54
2024-07-03 00:00:00,0.0,575.95,723.87,1845.75,3145.57
2024-07-03 01:00:00,0.0,450.03,647.66,1737.25,2834.93
2024-07-03 02:00:00,0.0,547.09,605.86,1836.78,2989.73
2024-07-03 03:00:00,0.0,521.42,690.91,1311.44,2523.77
2024-07-03 04:00:00,0.0,531.18,639.56,1498.65,2669.38
2024-07-03 05:00:00,0.0,677.82,723.17,2432.13,3833.12
2024-07-03 06:00:00,0.0,596.11,712.77,1431.22,2740.11
2024-07-03 07:00:00,190.74,549.98,706.83,1397.92,2845.48
2024-07-03 08:00:00,418.43,467.57,586.65,1629.15,3101.8
2024-07-03 09:00:00,607.26,751.67,478.22,1264.51,3101.65
2024-07-03 10:00:00,843.79,341.62,585.96,1604.53,3375.9
2024-07-03 11:00:00,742.06,574.63,589.12,1454.8,3360.61
2024-07-03 12:00:00,963.15,574.88,639.37,1659.84,3837.25
2024-07-03 13:00:00,797.88,488.27,613.15,1703.37,3602.67
2024-07-03 14:00:00,682.38,503.43,536.61,1650.79,3373.2
2024-07-03 15:00:00,554.17,475.97,598.39,2140.84,3769.37
2024-07-03 16:00:00,419.64,593.18,684.28,1551.37,3248.47
2024-07-03 17:00:00,209.6,738.04,605.06,1242.45,2795.14
2024-07-03 18:00:00,0.0,715.44,655.03,1755.46,3125.92
2024-07-03 19:00:00,0.0,383.16,599.25,1891.11,2873.52
2024-07-03 20:00:00,0.0,525.97,683.22,1025.02,2234.21
2024-07-03 21:00:00,0.0,405.78,644.2,1564.55,2614.53
2024-07-03 22:00:00,0.0,342.09,607.97,1585.2,2535.25
2024-07-03 23:00:00,0.0,723.06,620.05,1126.14,2469.24
2024-07-04 00:00:00,0.0,454.25,629.21,1587.15,2670.61
2024-07-04 01:00:00,0.0,621.07,664.8,1360.37,2646.24
2024-07-04 02:00:00,0.0,394.65,667.26,1706.13,2768.04
2024-07-04 03:00:00,0.0,468.06,628.51,1522.75,2619.32
2024-07-04 04:00:00,0.0,672.36,662.43,1448.73,2783.52
2024-07-04 05:00:00,0.0,682.3,760.06,1515.7,2958.06
2024-07-04 06:00:00,0.0,237.06,611.13,1771.03,2619.22
2024-07-04 07:00:00,252.95,504.05,674.8,1540.65,2972.46
2024-07-04 08:00:00,434.64,604.34,646.75,1884.77,3570.5
2024-07-04 09:00:00,553.91,394.94,801.32,1738.41,3488.58
2024-07-04 10:00:00,722.75,538.96,632.63,1640.7,3535.04
2024-07-04 11:00:00,882.14,439.07,609.38,1733.38,3663.97
2024-07-04 12:00:00,739.89,587.32,764.61,1677.09,3768.92
2024-07-04 13:00:00,692.89,342.52,643.66,2019.57,3698.62
2024-07-04 14:00:00,585.75,486.95,652.96,1826.53,3552.19
2024-07-04 15:00:00,703.56,567.14,738.24,1753.6,3762.55
2024-07-04 16:00:00,419.01,694.92,768.44,1398.56,3280.92
2024-07-04 17:00:00,183.36,370.95,735.84,1144.6,2434.75
2024-07-04 18:00:00,0.0,444.87,670.57,1519.55,2634.98
2024-07-04 19:00:00,0.0,399.67,546.61,1904.17,2850.46
2024-07-04 20:00:00,0.0,467.57,596.91,1464.44,2528.92
2024-07-04 21:00:00,0.0,425.92,635.6,1936.6,2998.12
2024-07-04 22:00:00,0.0,456.03,634.43,1751.11,2841.57
2024-07-04 23:00:00,0.0,296.69,662.26,1634.31,2593.26
2024-07-05 00:00:00,0.0,595.21,679.46,1817.24,3091.91
2024-07-05 01:00:00,0.0,529.3,578.89,2032.6,3140.8
2024-07-05 02:00:00,0.0,283.59,641.57,1853.46,2778.62
2024-07-05 03:00:00,0.0,729.12,569.46,1565.61,2864.19
2024-07-05 04:00:00,0.0,572.52,709.27,1461.13,2742.93
2024-07-05 05:00:00,0.0,523.35,700.06,1541.35,2764.76
2024-07-05 06:00:00,0.0,454.19,678.88,1553.06,2686.13
2024-07-05 07:00:00,212.6,604.7,639.04,1356.53,2812.88
2024-07-05 08:00:00,411.59,312.94,697.42,1230.22,2652.17
2024-07-05 09:00:00,618.15,553.99,725.4,919.74,2817.28
2024-07-05 10:00:00,732.82,657.47,644.54,1438.35,3473.18
2024-07-05 11:00:00,1044.37,462.8,596.13,1533.12,3636.41
2024-07-05 12:00:00,487.6,218.45,672.56,1678.86,3057.48
2024-07-05 13:00:00,692.36,576.53,655.01,1405.99,3329.88
2024-07-05 14:00:00,703.97,522.44,585.67,1479.75,3291.83
2024-07-05 15:00:00,575.49,403.28,630.03,1780.62,3389.42
2024-07-05 16:00:00,392.34,593.42,669.39,1627.91,3283.05
2024-07-05 17:00:00,200.24,544.89,644.87,1790.29,3180.29
2024-07-05 18:00:00,0.0,486.79,648.96,1738.72,2874.46
2024-07-05 19:00:00,0.0,652.16,736.47,1494.2,2882.84
2024-07-05 20:00:00,0.0,338.3,658.61,1633.06,2629.97
2024-07-05 21:00:00,0.0,636.08,606.52,1658.88,2901.48
2024-07-05 22:00:00,0.0,619.49,707.6,1656.57,2983.67
2024-07-05 23:00:00,0.0,264.74,597.92,1786.93,2649.59
2024-07-06 00:00:00,0.0,400.55,637.64,1686.67,2724.86
2024-07-06 01:00:00,0.0,339.22,722.8,1783.01,2845.03
2024-07-06 02:00:00,0.0,361.66,592.18,1320.74,2274.58
2024-07-06 03:00:00,0.0,87.78,662.49,1807.08,2557.35
2024-07-06 04:00:00,0.0,382.28,691.74,1482.05,2556.07
2024-07-06 05:00:00,0.0,200.03,641.91,1451.34,2293.27
2024-07-06 06:00:00,0.0,478.54,641.69,1984.6,3104.82
2024-07-06 07:00:00,228.91,412.02,667.95,1565.81,2874.7
2024-07-06 08:00:00,280.15,454.08,513.47,1532.97,2780.67
2024-07-06 09:00:00,463.5,517.29,673.72,1830.62,3485.13
2024-07-06 10:00:00,636.9,432.05,691.9,1744.59,3505.45
2024-07-06 11:00:00,731.32,501.91,646.5,1947.03,3826.75
2024-07-06 12:00:00,472.19,413.63,597.28,1906.46,3389.57
2024-07-06 13:00:00,835.82,501.42,728.38,1731.23,3796.86
2024-07-06 14:00:00,843.07,476.85,687.65,1349.83,3357.41
2024-07-06 15:00:00,611.45,651.48,700.95,1646.63,3610.51
2024-07-06 16:00:00,496.66,232.31,670.29,1416.12,2815.39
2024-07-06 17:00:00,215.9,502.38,703.14,1845.07,3266.5
2024-07-06 18:00:00,0.0,223.57,705.09,1466.43,2395.09
2024-07-06 19:00:00,0.0,521.06,692.65,1292.29,2505.99
2024-07-06 20:00:00,0.0,534.87,669.12,1577.68,2781.67
2024-07-06 21:00:00,0.0,343.91,751.79,1319.98,2415.68
2024-07-06 22:00:00,0.0,627.85,595.65,1573.1,2796.6
2024-07-06 23:00:00,0.0,603.4,694.99,1288.25,2586.64
2024-07-07 00:00:00,0.0,467.1,652.01,1380.7,2499.81
2024-07-07 01:00:00,0.0,458.15,643.61,1429.95,2531.72
2024-07-07 02:00:00,0.0,582.31,695.1,2099.75,3377.16
2024-07-07 03:00:00,0.0,513.69,735.56,1222.63,2471.88
2024-07-07 04:00:00,0.0,322.93,703.63,2012.64,3039.2
2024-07-07 05:00:00,0.0,623.05,678.41,1641.27,2942.73
2024-07-07 06:00:00,0.0,555.94,622.0,1673.56,2851.51
2024-07-07 07:00:00,136.63,485.83,709.81,1977.33,3309.59
2024-07-07 08:00:00,359.56,480.57,677.32,1641.99,3159.44
2024-07-07 09:00:00,720.67,477.35,580.33,1336.7,3115.04
2024-07-07 10:00:00,695.37,523.77,769.87,1643.68,3632.7
2024-07-07 11:00:00,702.9,489.97,627.95,1950.62,3771.43
2024-07-07 12:00:00,774.56,618.96,612.03,2205.97,4211.53
2024-07-07 13:00:00,793.39,343.26,700.53,1776.39,3613.57
2024-07-07 14:00:00,903.33,451.16,689.03,1231.91,3275.44
2024-07-07 15:00:00,668.68,668.23,520.14,1647.94,3504.99
2024-07-07 16:00:00,410.66,587.31,670.0,1340.82,3008.78
2024-07-07 17:00:00,216.9,490.39,672.31,1123.77,2503.36
2024-07-07 18:00:00,0.0,406.92,579.97,1232.05,2218.94
2024-07-07 19:00:00,0.0,531.01,598.81,1523.43,2653.25
2024-07-07 20:00:00,0.0,464.46,524.53,1686.33,2675.33
2024-07-07 21:00:00,0.0,462.55,538.47,1428.34,2429.36
2024-07-07 22:00:00,0.0,396.51,631.94,1874.3,2902.74
2024-07-07 23:00:00,0.0,624.53,661.57,1662.58,2948.68
2024-07-08 00:00:00,0.0,573.72,727.43,1368.92,2670.07
2024-07-08 01:00:00,0.0,608.51,764.51,1762.8,3135.82
2024-07-08 02:00:00,0.0,442.04,585.23,1557.92,2585.18
2024-07-08 03:00:00,0.0,413.9,639.35,1182.04,2235.29
2024-07-08 04:00:00,0.0,525.71,600.54,1210.83,2337.08
2024-07-08 05:00:00,0.0,741.37,641.83,1849.2,3232.41
2024-07-08 06:00:00,0.0,435.6,651.16,1503.6,2590.36
2024-07-08 07:00:00,228.11,415.8,682.03,1553.65,2879.58
2024-07-08 08:00:00,382.91,454.24,684.76,1425.01,2946.92
2024-07-08 09:00:00,586.59,392.87,630.54,1710.55,3320.55
2024-07-08 10:00:00,885.43,453.71,737.07,1250.07,3326.28
2024-07-08 11:00:00,885.28,547.95,628.36,1530.06,3591.64
2024-07-08 12:00:00,933.27,626.59,586.38,1747.88,3894.12
2024-07-08 13:00:00,924.61,732.83,600.72,1601.96,3860.12
2024-07-08 14:00:00,683.32,402.29,761.07,1732.86,3579.53
2024-07-08 15:00:00,420.05,380.26,594.1,1391.1,2785.5
2024-07-08 16:00:00,406.23,630.53,705.68,1198.69,2941.14
2024-07-08 17:00:00,255.78,486.1,629.22,1593.84,2964.94
2024-07-08 18:00:00,0.0,322.94,752.03,1250.21,2325.18
2024-07-08 19:00:00,0.0,444.65,659.02,1750.48,2854.14
2024-07-08 20:00:00,0.0,469.62,571.56,1151.47,2192.65
2024-07-08 21:00:00,0.0,651.82,651.91,1436.63,2740.36
2024-07-08 22:00:00,0.0,423.7,636.43,1237.33,2297.46
2024-07-08 23:00:00,0.0,530.05,618.01,1973.84,3121.9
2024-07-09 00:00:00,0.0,436.03,726.73,1149.71,2312.47
2024-07-09 01:00:00,0.0,408.32,615.86,1713.61,2737.79
2024-07-09 02:00:00,0.0,368.78,779.1,1562.91,2710.79
2024-07-09 03:00:00,0.0,464.72,656.18,1143.01,2263.91
2024-07-09 04:00:00,0.0,397.58,660.48,1531.19,2589.25
2024-07-09 05:00:00,0.0,497.53,630.05,2040.69,3168.27
2024-07-09 06:00:00,0.0,504.28,664.12,2210.26,3378.65
2024-07-09 07:00:00,206.14,520.45,649.1,1606.72,2982.42
2024-07-09 08:00:00,424.1,519.1,725.61,1536.55,3205.36
2024-07-09 09:00:00,530.65,521.34,468.21,1851.44,3371.64
2024-07-09 10:00:00,632.27,355.39,624.78,1684.01,3296.44
2024-07-09 11:00:00,791.95,518.89,699.23,1748.23,3758.3
2024-07-09 12:00:00,833.98,481.11,634.88,1979.2,3929.17
2024-07-09 13:00:00,608.38,674.48,688.33,1555.68,3526.87
2024-07-09 14:00:00,856.22,510.47,677.84,1761.6,3806.13
2024-07-09 15:00:00,521.21,341.16,752.58,1598.22,3213.16
2024-07-09 16:00:00,408.64,631.5,681.52,1903.06,3624.71
2024-07-09 17:00:00,224.52,442.04,724.63,1255.21,2646.39
2024-07-09 18:00:00,0.0,795.17,629.12,1763.05,3187.34
2024-07-09 19:00:00,0.0,527.91,505.56,1917.65,2951.12
2024-07-09 20:00:00,0.0,501.83,525.38,1788.92,2816.13
2024-07-09 21:00:00,0.0,667.93,654.26,1296.4,2618.58
2024-07-09 22:00:00,0.0,465.11,594.62,1562.99,2622.72
2024-07-09 23:00:00,0.0,432.49,689.5,1737.75,2859.73
2024-07-10 00:00:00,0.0,362.82,653.44,1553.29,2569.55
2024-07-10 01:00:00,0.0,528.13,547.55,1550.59,2626.27
2024-07-10 02:00:00,0.0,670.55,562.23,1406.26,2639.03
2024-07-10 03:00:00,0.0,455.97,615.34,1676.31,2747.62
2024-07-10 04:00:00,0.0,432.26,758.31,1864.43,3054.99
2024-07-10 05:00:00,0.0,559.5,713.08,1432.91,2705.49
2024-07-10 06:00:00,0.0,669.59,657.05,1195.06,2521.7
2024-07-10 07:00:00,235.59,343.19,646.22,1403.86,2628.86
2024-07-10 08:00:00,464.32,510.57,701.02,1983.02,3658.92
2024-07-10 09:00:00,558.64,586.56,633.59,1520.4,3299.2
2024-07-10 10:00:00,729.35,327.76,540.41,1701.11,3298.64
2024-07-10 11:00:00,608.15,434.79,637.41,1504.39,3184.73
2024-07-10 12:00:00,909.28,547.0,701.8,1747.35,3905.43
2024-07-10 13:00:00,994.15,386.76,588.28,1631.09,3600.28
2024-07-10 14:00:00,852.91,407.08,674.66,1745.63,3680.27
2024-07-10 15:00:00,634.12,415.28,701.27,1605.55,3356.22
2024-07-10 16:00:00,453.42,321.85,554.21,1555.93,2885.42
2024-07-10 17:00:00,211.01,380.13,582.12,1660.75,2834.02
2024-07-10 18:00:00,0.0,546.43,659.37,1123.83,2329.64
2024-07-10 19:00:00,0.0,622.46,701.05,1324.28,2647.79
2024-07-10 20:00:00,0.0,442.59,521.46,1617.71,2581.77
2024-07-10 21:00:00,0.0,564.14,718.09,1267.0,2549.23
2024-07-10 22:00:00,0.0,434.98,526.29,2063.09,3024.36
2024-07-10 23:00:00,0.0,560.57,653.49,1757.94,2972.0
2024-07-11 00:00:00,0.0,789.12,703.15,1790.89,3283.17
2024-07-11 01:00:00,0.0,577.83,665.51,1555.4,2798.74
2024-07-11 02:00:00,0.0,533.34,660.08,1351.74,2545.16
2024-07-11 03:00:00,0.0,362.14,676.18,990.38,2028.71
2024-07-11 04:00:00,0.0,706.69,735.73,1434.38,2876.81
2024-07-11 05:00:00,0.0,295.51,624.92,1478.01,2398.44
2024-07-11 06:00:00,0.0,473.12,744.13,1220.56,2437.81
2024-07-11 07:00:00,228.39,583.61,716.42,1252.26,2780.68
2024-07-11 08:00:00,588.06,581.24,692.3,1661.23,3522.82
2024-07-11 09:00:00,702.63,395.02,667.2,1713.86,3478.71
2024-07-11 10:00:00,577.36,310.28,755.34,2124.47,3767.45
2024-07-11 11:00:00,970.51,665.93,729.25,1416.14,3781.83
2024-07-11 12:00:00,1052.78,221.83,689.44,2121.65,4085.7
2024-07-11 13:00:00,848.24,372.15,698.81,1528.9,3448.09
2024-07-11 14:00:00,627.06,801.9,697.81,1540.44,3667.2
2024-07-11 15:00:00,705.82,280.64,602.65,1756.74,3345.86
2024-07-11 16:00:00,416.07,453.57,751.38,1587.53,3208.54
2024-07-11 17:00:00,192.61,425.12,566.98,1679.65,2864.37
2024-07-11 18:00:00,0.0,412.8,662.76,1441.73,2517.29
2024-07-11 19:00:00,0.0,451.73,644.27,1679.6,2775.6
2024-07-11 20:00:00,0.0,446.85,710.13,1565.48,2722.46
2024-07-11 21:00:00,0.0,588.54,554.62,1223.69,2366.86
2024-07-11 22:00:00,0.0,451.59,659.97,1569.07,2680.64
2024-07-11 23:00:00,0.0,486.34,518.57,1788.03,2792.94
2024-07-12 00:00:00,0.0,404.52,671.67,1704.68,2780.86
2024-07-12 01:00:00,0.0,339.1,728.46,1999.25,3066.81
2024-07-12 02:00:00,0.0,526.97,798.59,1669.22,2994.78
2024-07-12 03:00:00,0.0,617.9,676.3,1780.56,3074.76
2024-07-12 04:00:00,0.0,652.01,589.62,1297.04,2538.67
2024-07-12 05:00:00,0.0,454.98,684.9,1624.05,2763.92
2024-07-12 06:00:00,0.0,349.21,688.45,1793.32,2830.98
2024-07-12 07:00:00,150.83,500.06,676.15,1556.92,2883.96
2024-07-12 08:00:00,445.39,655.25,657.83,1565.78,3324.24
2024-07-12 09:00:00,643.55,226.93,597.35,1644.24,3112.07
2024-07-12 10:00:00,629.9,437.8,678.64,1936.78,3683.13
2024-07-12 11:00:00,624.14,441.94,699.43,1630.39,3395.91
2024-07-12 12:00:00,787.6,429.98,757.93,1565.4,3540.9
2024-07-12 13:00:00,921.72,395.42,617.31,1225.34,3159.78
2024-07-12 14:00:00,756.07,314.86,628.62,1494.94,3194.49
2024-07-12 15:00:00,480.51,490.9,625.59,1518.97,3115.98
2024-07-12 16:00:00,502.08,474.59,679.3,1318.92,2974.89
2024-07-12 17:00:00,240.85,285.29,612.84,1695.78,2834.77
2024-07-12 18:00:00,0.0,273.47,631.0,2055.76,2960.23
2024-07-12 19:00:00,0.0,462.34,726.14,1716.85,2905.33
2024-07-12 20:00:00,0.0,542.53,668.38,1957.14,3168.06
2024-07-12 21:00:00,0.0,527.97,601.49,1888.31,3017.77
2024-07-12 22:00:00,0.0,673.55,580.73,1475.1,2729.39
2024-07-12 23:00:00,0.0,565.3,763.79,1529.71,2858.81
2024-07-13 00:00:00,0.0,541.2,573.21,1931.12,3045.53
2024-07-13 01:00:00,0.0,522.42,624.82,1532.54,2679.78
2024-07-13 02:00:00,0.0,601.07,590.71,1889.66,3081.43
2024-07-13 03:00:00,0.0,640.84,637.77,1539.21,2817.82
2024-07-13 04:00:00,0.0,447.4,711.65,1176.94,2335.99
2024-07-13 05:00:00,0.0,676.88,649.02,1256.45,2582.35
2024-07-13 06:00:00,0.0,592.25,622.25,1262.43,2476.93
2024-07-13 07:00:00,219.31,474.85,643.47,1583.15,2920.77
2024-07-13 08:00:00,459.03,719.53,719.4,1611.27,3509.24
2024-07-13 09:00:00,536.98,564.01,468.62,1497.75,3067.35
2024-07-13 10:00:00,653.42,329.82,764.37,1247.63,2995.24
2024-07-13 11:00:00,780.09,384.77,651.79,1675.61,3492.26
2024-07-13 12:00:00,864.19,454.92,603.9,1727.93,3650.93
2024-07-13 13:00:00,922.02,385.38,710.22,1322.4,3340.02
2024-07-13 14:00:00,698.58,503.61,653.13,1979.94,3835.25
2024-07-13 15:00:00,564.07,687.25,594.38,1548.54,3394.23
2024-07-13 16:00:00,454.33,676.21,576.0,1776.46,3483.0
2024-07-13 17:00:00,178.99,358.65,555.4,1851.29,2944.34
2024-07-13 18:00:00,0.0,668.48,743.3,1758.06,3169.84
2024-07-13 19:00:00,0.0,495.39,623.16,1598.4,2716.94
2024-07-13 20:00:00,0.0,480.02,774.02,1576.7,2830.74
2024-07-13 21:00:00,0.0,390.42,667.53,1366.3,2424.26
2024-07-13 22:00:00,0.0,539.38,690.37,1718.59,2948.35
2024-07-13 23:00:00,0.0,525.81,549.04,1720.03,2794.88
2024-07-14 00:00:00,0.0,678.74,648.5,1223.45,2550.68
2024-07-14 01:00:00,0.0,445.57,613.89,1283.68,2343.14
2024-07-14 02:00:00,0.0,534.51,635.79,1537.3,2707.6
2024-07-14 03:00:00,0.0,546.52,618.69,1710.76,2875.97
2024-07-14 04:00:00,0.0,689.91,561.52,1756.55,3007.98
2024-07-14 05:00:00,0.0,750.21,691.27,1645.66,3087.14
2024-07-14 06:00:00,0.0,529.57,622.93,1473.02,2625.52
2024-07-14 07:00:00,222.68,715.33,627.37,1550.35,3115.73
2024-07-14 08:00:00,538.28,580.18,776.21,1300.77,3195.45
2024-07-14 09:00:00,603.4,530.19,708.13,1635.94,3477.66
2024-07-14 10:00:00,711.56,482.08,673.53,1348.38,3215.55
2024-07-14 11:00:00,928.66,595.22,639.61,1731.31,3894.8
2024-07-14 12:00:00,861.17,668.95,732.78,1511.13,3774.03
2024-07-14 13:00:00,892.8,663.88,647.82,1850.3,4054.81
2024-07-14 14:00:00,630.97,404.43,606.24,1473.83,3115.47
2024-07-14 15:00:00,561.93,595.91,597.7,1780.3,3535.84
2024-07-14 16:00:00,390.76,591.61,649.97,1496.42,3128.76
2024-07-14 17:00:00,236.46,603.86,742.49,1499.11,3081.91
2024-07-14 18:00:00,0.0,276.72,702.29,2136.72,3115.73
2024-07-14 19:00:00,0.0,556.75,679.98,2005.96,3242.69
2024-07-14 20:00:00,0.0,621.93,586.61,1300.73,2509.27
2024-07-14 21:00:00,0.0,459.54,677.2,1710.93,2847.67
2024-07-14 22:00:00,0.0,619.66,661.47,1626.13,2907.26
2024-07-14 23:00:00,0.0,510.12,707.92,2083.44,3301.48
2024-07-15 00:00:00,0.0,632.06,671.35,1493.48,2796.88
2024-07-15 01:00:00,0.0,580.17,717.43,1639.4,2937.0
2024-07-15 02:00:00,0.0,395.64,603.49,1466.04,2465.16
2024-07-15 03:00:00,0.0,532.32,556.7,1677.74,2766.76
2024-07-15 04:00:00,0.0,752.84,602.06,1855.35,3210.25
2024-07-15 05:00:00,0.0,385.73,640.01,1582.91,2608.65
2024-07-15 06:00:00,0.0,561.65,570.39,1996.52,3128.56
2024-07-15 07:00:00,202.18,541.08,612.76,1884.57,3240.59
2024-07-15 08:00:00,534.31,552.41,604.57,1743.91,3435.2
2024-07-15 09:00:00,650.12,501.73,706.71,1879.52,3738.08
2024-07-15 10:00:00,830.67,287.29,649.62,2040.0,3807.57
2024-07-15 11:00:00,812.2,561.73,637.09,1841.64,3852.66
2024-07-15 12:00:00,772.2,304.04,636.59,1373.36,3086.18
2024-07-15 13:00:00,594.47,420.51,701.74,1619.89,3336.62
2024-07-15 14:00:00,597.22,503.36,639.34,1372.22,3112.13
2024-07-15 15:00:00,592.29,412.27,593.55,1805.34,3403.45
2024-07-15 16:00:00,325.98,698.09,734.94,1735.48,3494.5
2024-07-15 17:00:00,167.48,437.56,754.68,1401.52,2761.24
2024-07-15 18:00:00,0.0,897.17,553.81,1515.34,2966.32
2024-07-15 19:00:00,0.0,376.83,656.48,1874.18,2907.49
2024-07-15 20:00:00,0.0,442.24,542.6,1147.01,2131.85
2024-07-15 21:00:00,0.0,396.67,759.14,1850.35,3006.15
2024-07-15 22:00:00,0.0,482.24,677.39,1688.99,2848.62
2024-07-15 23:00:00,0.0,397.75,673.51,1974.22,3045.48
2024-07-16 00:00:00,0.0,474.49,523.48,1790.05,2788.02
2024-07-16 01:00:00,0.0,408.91,619.16,1587.86,2615.93
2024-07-16 02:00:00,0.0,629.56,791.47,1139.17,2560.2
2024-07-16 03:00:00,0.0,512.59,692.08,1488.66,2693.33
2024-07-16 04:00:00,0.0,334.72,506.64,1279.45,2120.8
2024-07-16 05:00:00,0.0,427.18,651.02,1515.54,2593.74
2024-07-16 06:00:00,0.0,577.87,684.53,1669.14,2931.54
2024-07-16 07:00:00,249.99,485.82,514.46,1256.53,2506.8
2024-07-16 08:00:00,471.19,417.04,640.43,1531.9,3060.56
2024-07-16 09:00:00,700.15,479.34,666.61,1623.25,3469.35
2024-07-16 10:00:00,827.62,546.25,672.41,1705.17,3751.46
2024-07-16 11:00:00,699.35,414.16,664.73,1700.37,3478.61
2024-07-16 12:00:00,893.92,613.76,634.03,1514.11,3655.81
2024-07-16 13:00:00,862.18,375.76,648.77,1385.95,3272.65
2024-07-16 14:00:00,637.96,415.65,697.58,1217.85,2969.04
2024-07-16 15:00:00,648.59,533.44,641.72,1648.01,3471.76
2024-07-16 16:00:00,462.6,527.45,656.12,1744.61,3390.78
2024-07-16 17:00:00,182.49,398.87,736.16,1672.18,2989.7
2024-07-16 18:00:00,0.0,579.74,687.66,1497.45,2764.85
2024-07-16 19:00:00,0.0,533.29,609.16,1164.21,2306.66
2024-07-16 20:00:00,0.0,490.12,752.93,1857.72,3100.76
2024-07-16 21:00:00,0.0,550.88,713.9,1642.31,2907.09
2024-07-16 22:00:00,0.0,516.38,662.36,1703.17,2881.91
2024-07-16 23:00:00,0.0,359.39,602.78,1540.69,2502.86
2024-07-17 00:00:00,0.0,591.23,782.06,1795.74,3169.04
2024-07-17 01:00:00,0.0,619.77,676.77,1623.57,2920.1
2024-07-17 02:00:00,0.0,229.66,601.36,1717.48,2548.5
2024-07-17 03:00:00,0.0,411.4,584.02,1677.89,2673.31
2024-07-17 04:00:00,0.0,474.34,650.14,1695.65,2820.12
2024-07-17 05:00:00,0.0,375.34,581.98,1513.59,2470.91
2024-07-17 06:00:00,0.0,466.56,701.19,1222.19,2389.94
2024-07-17 07:00:00,231.95,513.04,746.52,1284.34,2775.85
2024-07-17 08:00:00,434.26,554.11,633.96,1380.05,3002.38
2024-07-17 09:00:00,625.71,548.91,759.92,1381.65,3316.19
2024-07-17 10:00:00,920.33,777.91,623.02,1496.67,3817.92
2024-07-17 11:00:00,663.53,578.24,616.5,1730.62,3588.9
2024-07-17 12:00:00,828.29,630.38,630.04,1398.76,3487.48
2024-07-17 13:00:00,960.28,467.36,637.42,1709.24,3774.3
2024-07-17 14:00:00,678.19,487.05,644.97,2131.98,3942.2
2024-07-17 15:00:00,645.92,577.17,719.38,1653.55,3596.02
2024-07-17 16:00:00,378.75,327.88,636.28,1569.23,2912.13
2024-07-17 17:00:00,211.98,640.96,567.19,1778.64,3198.76
2024-07-17 18:00:00,0.0,439.0,636.82,1948.98,3024.8
2024-07-17 19:00:00,0.0,776.54,659.98,1326.49,2763.02
2024-07-17 20:00:00,0.0,481.29,705.91,1281.79,2468.99
2024-07-17 21:00:00,0.0,488.6,667.48,1971.01,3127.1
2024-07-17 22:00:00,0.0,460.01,585.27,1624.1,2669.38
2024-07-17 23:00:00,0.0,427.09,604.37,1153.91,2185.37
2024-07-18 00:00:00,0.0,576.04,674.33,1424.53,2674.91
2024-07-18 01:00:00,0.0,375.64,628.43,1448.77,2452.84
2024-07-18 02:00:00,0.0,427.55,626.02,1741.01,2794.58
2024-07-18 03:00:00,0.0,555.37,614.51,1389.29,2559.18
2024-07-18 04:00:00,0.0,385.21,697.97,1677.26,2760.45
2024-07-18 05:00:00,0.0,580.1,626.74,1481.61,2688.45
2024-07-18 06:00:00,0.0,564.67,728.0,1748.32,3040.99
2024-07-18 07:00:00,250.23,532.68,723.51,1227.79,2734.22
2024-07-18 08:00:00,455.49,402.8,703.51,1583.73,3145.52
2024-07-18 09:00:00,586.07,760.77,557.64,1606.15,3510.63
2024-07-18 10:00:00,568.63,514.54,657.34,1692.16,3432.67
2024-07-18 11:00:00,966.89,429.82,690.72,1691.24,3778.67
2024-07-18 12:00:00,748.26,643.14,576.28,1818.45,3786.13
2024-07-18 13:00:00,751.42,677.49,567.23,1661.77,3657.91
2024-07-18 14:00:00,920.87,497.44,639.82,2042.07,4100.2
2024-07-18 15:00:00,507.16,491.16,672.06,1743.19,3413.57
2024-07-18 16:00:00,455.54,363.89,678.79,1508.07,3006.29
2024-07-18 17:00:00,222.88,583.99,718.57,1663.36,3188.8
2024-07-18 18:00:00,0.0,622.62,736.84,1266.0,2625.46
2024-07-18 19:00:00,0.0,525.25,652.4,1891.7,3069.35
2024-07-18 20:00:00,0.0,503.36,663.73,2202.63,3369.71
2024-07-18 21:00:00,0.0,631.13,591.91,1343.65,2566.7
2024-07-18 22:00:00,0.0,620.73,628.64,1416.65,2666.02
2024-07-18 23:00:00,0.0,468.86,736.43,1474.96,2680.25
2024-07-19 00:00:00,0.0,365.78,637.7,1570.43,2573.91
2024-07-19 01:00:00,0.0,527.01,607.51,1963.88,3098.4
2024-07-19 02:00:00,0.0,616.54,749.93,1602.51,2968.99
2024-07-19 03:00:00,0.0,357.53,631.75,1612.25,2601.53
2024-07-19 04:00:00,0.0,679.6,606.17,1628.41,2914.19
2024-07-19 05:00:00,0.0,374.27,594.82,1811.37,2780.46
2024-07-19 06:00:00,0.0,302.02,639.35,1999.91,2941.29
2024-07-19 07:00:00,238.52,417.21,660.9,1799.31,3115.95
2024-07-19 08:00:00,465.24,577.26,448.1,1111.08,2601.68
2024-07-19 09:00:00,709.16,386.8,665.23,1486.54,3247.72
2024-07-19 10:00:00,858.92,464.49,548.27,1673.04,3544.73
2024-07-19 11:00:00,907.6,484.94,683.29,1423.92,3499.76
2024-07-19 12:00:00,874.69,606.97,541.92,1346.8,3370.37
2024-07-19 13:00:00,709.26,354.97,640.23,1364.26,3068.73
2024-07-19 14:00:00,767.33,657.18,737.74,1545.77,3708.02
2024-07-19 15:00:00,562.91,514.16,630.16,1082.96,2790.18
2024-07-19 16:00:00,357.13,417.36,651.1,2048.74,3474.34
2024-07-19 17:00:00,233.18,630.78,668.67,1433.73,2966.36
2024-07-19 18:00:00,0.0,545.53,624.18,1595.55,2765.26
2024-07-19 19:00:00,0.0,535.37,741.66,1714.2,2991.22
2024-07-19 20:00:00,0.0,611.4,572.9,1684.45,2868.75
2024-07-19 21:00:00,0.0,546.28,656.19,1908.51,3110.97
2024-07-19 22:00:00,0.0,421.33,690.47,1735.18,2846.98
2024-07-19 23:00:00,0.0,575.3,708.21,1674.02,2957.53
2024-07-20 00:00:00,0.0,674.87,641.91,1509.61,2826.39
2024-07-20 01:00:00,0.0,381.68,773.05,1577.39,2732.12
2024-07-20 02:00:00,0.0,781.85,633.99,1477.05,2892.9
2024-07-20 03:00:00,0.0,702.09,576.74,1826.07,3104.9
2024-07-20 04:00:00,0.0,597.03,682.38,1591.41,2870.83
2024-07-20 05:00:00,0.0,509.92,682.94,1205.54,2398.39
2024-07-20 06:00:00,0.0,712.43,614.53,1504.39,2831.35
2024-07-20 07:00:00,169.03,563.23,701.73,1299.27,2733.27
2024-07-20 08:00:00,393.71,488.16,690.58,1600.72,3173.18
2024-07-20 09:00:00,670.98,576.74,666.03,1740.07,3653.83
2024-07-20 10:00:00,798.4,564.27,750.5,1546.94,3660.11
2024-07-20 11:00:00,700.87,545.93,716.86,1379.62,3343.28
2024-07-20 12:00:00,844.18,503.45,611.99,1698.47,3658.1
2024-07-20 13:00:00,708.49,565.41,601.02,1992.21,3867.13
2024-07-20 14:00:00,791.8,413.1,728.98,1292.75,3226.63
2024-07-20 15:00:00,627.8,534.08,507.66,1448.41,3117.95
2024-07-20 16:00:00,394.69,307.29,635.87,1386.51,2724.36
2024-07-20 17:00:00,202.41,200.58,597.41,1601.11,2601.51
2024-07-20 18:00:00,0.0,389.88,700.79,1389.62,2480.3
2024-07-20 19:00:00,0.0,447.32,645.71,2032.68,3125.71
2024-07-20 20:00:00,0.0,620.66,651.04,1955.66,3227.36
2024-07-20 21:00:00,0.0,598.09,551.12,1372.36,2521.57
2024-07-20 22:00:00,0.0,619.88,655.98,1662.91,2938.76
2024-07-20 23:00:00,0.0,563.08,602.36,1502.09,2667.52
2024-07-21 00:00:00,0.0,555.89,769.95,1809.37,3135.22
2024-07-21 01:00:00,0.0,603.03,639.08,1727.74,2969.85
2024-07-21 02:00:00,0.0,478.98,701.3,1623.16,2803.44
2024-07-21 03:00:00,0.0,583.56,639.76,2161.92,3385.25
2024-07-21 04:00:00,0.0,462.94,563.82,1720.34,2747.1
2024-07-21 05:00:00,0.0,406.79,603.67,1648.26,2658.72
2024-07-21 06:00:00,0.0,258.61,743.71,2031.41,3033.72
2024-07-21 07:00:00,203.31,420.56,675.25,1721.56,3020.68
2024-07-21 08:00:00,330.17,511.6,521.44,1851.76,3214.96
2024-07-21 09:00:00,528.27,499.32,669.76,1601.14,3298.49
2024-07-21 10:00:00,788.8,453.68,649.19,1501.96,3393.63
2024-07-21 11:00:00,844.87,530.37,700.08,1683.33,3758.64
2024-07-21 12:00:00,1076.55,563.0,659.92,1413.16,3712.63
2024-07-21 13:00:00,818.19,494.55,731.55,1315.66,3359.94
2024-07-21 14:00:00,648.8,513.77,519.09,1232.15,2913.81
2024-07-21 15:00:00,611.05,543.68,632.12,1831.64,3618.49
2024-07-21 16:00:00,497.72,643.57,573.89,1378.61,3093.79
2024-07-21 17:00:00,211.56,499.41,690.37,1709.07,3110.42
2024-07-21 18:00:00,0.0,522.04,737.4,1613.36,2872.8
2024-07-21 19:00:00,0.0,650.71,655.96,1328.16,2634.83
2024-07-21 20:00:00,0.0,509.81,571.15,1184.04,2265.0
2024-07-21 21:00:00,0.0,429.09,694.22,1276.44,2399.75
2024-07-21 22:00:00,0.0,338.0,672.38,1934.21,2944.59
2024-07-21 23:00:00,0.0,439.81,729.76,1573.56,2743.13
2024-07-22 00:00:00,0.0,420.28,677.75,1614.44,2712.47
2024-07-22 01:00:00,0.0,557.65,721.56,1505.08,2784.3
2024-07-22 02:00:00,0.0,349.05,610.43,1882.7,2842.18
2024-07-22 03:00:00,0.0,507.57,660.03,2051.43,3219.03
2024-07-22 04:00:00,0.0,695.67,626.36,1455.44,2777.47
2024-07-22 05:00:00,0.0,577.53,614.54,1457.18,2649.24
2024-07-22 06:00:00,0.0,493.92,688.3,2012.24,3194.46
2024-07-22 07:00:00,280.5,614.15,632.32,1746.38,3273.36
2024-07-22 08:00:00,362.95,317.86,599.6,1473.07,2753.48
2024-07-22 09:00:00,575.51,279.57,597.89,1477.78,2930.74
2024-07-22 10:00:00,659.38,619.29,619.32,1369.62,3267.62
2024-07-22 11:00:00,790.78,475.81,677.24,1775.4,3719.22
2024-07-22 12:00:00,635.07,573.84,799.21,1848.88,3857.0
2024-07-22 13:00:00,903.82,283.12,696.14,1421.38,3304.46
2024-07-22 14:00:00,876.93,648.62,702.86,1409.58,3637.99
2024-07-22 15:00:00,652.85,610.46,589.61,1900.94,3753.86
2024-07-22 16:00:00,505.24,413.72,726.28,1540.73,3185.97
2024-07-22 17:00:00,224.81,620.4,706.64,1613.52,3165.38
2024-07-22 18:00:00,0.0,373.14,704.26,1945.39,3022.78
2024-07-22 19:00:00,0.0,486.94,656.11,1307.5,2450.55
2024-07-22 20:00:00,0.0,476.28,672.16,1779.97,2928.41
2024-07-22 21:00:00,0.0,598.79,717.75,1430.62,2747.16
2024-07-22 22:00:00,0.0,549.17,656.14,1612.74,2818.06
2024-07-22 23:00:00,0.0,494.73,624.96,1284.11,2403.8
2024-07-23 00:00:00,0.0,590.42,712.15,1450.88,2753.44
2024-07-23 01:00:00,0.0,545.13,593.61,1701.08,2839.82
2024-07-23 02:00:00,0.0,582.51,543.21,1878.12,3003.84
2024-07-23 03:00:00,0.0,609.29,577.36,2187.32,3373.97
2024-07-23 04:00:00,0.0,295.85,585.42,1836.74,2718.01
2024-07-23 05:00:00,0.0,575.05,674.77,2087.17,3336.99
2024-07-23 06:00:00,0.0,457.5,631.93,2039.52,3128.96
2024-07-23 07:00:00,222.82,533.94,711.72,1669.78,3138.25
2024-07-23 08:00:00,440.0,539.9,645.18,1695.67,3320.75
2024-07-23 09:00:00,497.84,417.96,701.31,1785.03,3402.15
2024-07-23 10:00:00,768.01,467.93,592.16,1749.63,3577.72
2024-07-23 11:00:00,793.86,234.23,611.84,1278.61,2918.55
2024-07-23 12:00:00,917.13,404.98,508.3,1622.73,3453.14
2024-07-23 13:00:00,832.1,539.28,702.51,1482.73,3556.62
2024-07-23 14:00:00,646.84,335.69,619.26,1817.57,3419.36
2024-07-23 15:00:00,507.32,442.23,525.2,1468.8,2943.55
2024-07-23 16:00:00,406.36,645.1,599.12,1904.31,3554.9
2024-07-23 17:00:00,184.68,455.48,636.26,1486.9,2763.32
2024-07-23 18:00:00,0.0,554.71,711.16,1950.51,3216.39
2024-07-23 19:00:00,0.0,438.94,774.69,1532.64,2746.27
2024-07-23 20:00:00,0.0,601.84,684.19,1437.28,2723.31
2024-07-23 21:00:00,0.0,380.15,666.88,1896.86,2943.89
2024-07-23 22:00:00,0.0,550.4,589.85,1973.1,3113.36
2024-07-23 23:00:00,0.0,527.69,639.49,1884.55,3051.74
2024-07-24 00:00:00,0.0,682.51,648.64,1445.12,2776.27
2024-07-24 01:00:00,0.0,515.9,715.93,1756.14,2987.97
2024-07-24 02:00:00,0.0,462.9,662.07,1472.8,2597.77
2024-07-24 03:00:00,0.0,187.82,616.27,1616.9,2421.0
2024-07-24 04:00:00,0.0,489.89,738.26,1661.62,2889.77
2024-07-24 05:00:00,0.0,631.05,695.41,1775.75,3102.2
2024-07-24 06:00:00,0.0,494.75,683.84,1450.57,2629.15
2024-07-24 07:00:00,233.85,585.08,503.66,1749.71,3072.3
2024-07-24 08:00:00,361.34,396.69,703.06,1609.43,3070.51
2024-07-24 09:00:00,614.92,722.63,629.17,1388.85,3355.58
2024-07-24 10:00:00,704.93,509.33,718.51,1547.98,3480.75
2024-07-24 11:00:00,699.82,579.0,728.87,1593.94,3601.63
2024-07-24 12:00:00,780.2,485.7,619.08,1491.64,3376.62
2024-07-24 13:00:00,500.45,520.53,604.34,2395.29,4020.61
2024-07-24 14:00:00,808.12,484.06,580.95,1866.98,3740.12
2024-07-24 15:00:00,445.6,390.17,679.67,1420.3,2935.74
2024-07-24 16:00:00,472.66,445.96,615.93,1525.32,3059.87
2024-07-24 17:00:00,205.24,544.57,659.15,1708.66,3117.62
2024-07-24 18:00:00,0.0,463.06,648.26,1516.65,2627.98
2024-07-24 19:00:00,0.0,387.0,658.55,1557.41,2602.96
2024-07-24 20:00:00,0.0,477.11,689.54,1280.58,2447.23
2024-07-24 21:00:00,0.0,469.91,595.89,1572.22,2638.02
2024-07-24 22:00:00,0.0,361.76,679.36,1606.52,2647.63
2024-07-24 23:00:00,0.0,402.46,604.44,1827.56,2834.45
2024-07-25 00:00:00,0.0,437.26,659.16,1442.4,2538.82
2024-07-25 01:00:00,0.0,694.3,554.26,1643.29,2891.85
2024-07-25 02:00:00,0.0,759.36,703.77,1349.88,2813.0
2024-07-25 03:00:00,0.0,409.7,643.18,1810.95,2863.84
2024-07-25 04:00:00,0.0,287.99,679.96,1512.24,2480.19
2024-07-25 05:00:00,0.0,595.51,669.68,1932.8,3197.99
2024-07-25 06:00:00,0.0,497.74,665.02,2167.4,3330.15
2024-07-25 07:00:00,187.45,390.35,645.02,1045.15,2267.97
2024-07-25 08:00:00,470.33,567.49,706.01,1722.61,3466.43
2024-07-25 09:00:00,588.33,792.76,555.36,1536.6,3473.05
2024-07-25 10:00:00,723.47,503.27,608.32,1642.0,3477.05
2024-07-25 11:00:00,832.81,403.21,653.0,1882.64,3771.65
2024-07-25 12:00:00,1059.71,460.9,529.06,1238.64,3288.31
2024-07-25 13:00:00,929.71,477.26,600.4,1467.48,3474.85
2024-07-25 14:00:00,994.15,644.94,573.78,1557.62,3770.48
2024-07-25 15:00:00,716.97,446.77,603.1,1185.2,2952.03
2024-07-25 16:00:00,458.97,511.95,563.73,1937.82,3472.47
2024-07-25 17:00:00,194.21,457.52,631.42,1535.4,2818.56
2024-07-25 18:00:00,0.0,334.75,696.79,1290.96,2322.5
2024-07-25 19:00:00,0.0,610.61,663.46,1943.0,3217.07
2024-07-25 20:00:00,0.0,341.49,748.44,1800.95,2890.88
2024-07-25 21:00:00,0.0,355.58,599.86,1361.85,2317.29
2024-07-25 22:00:00,0.0,679.77,601.07,1448.8,2729.65
2024-07-25 23:00:00,0.0,540.38,605.24,1561.27,2706.89
2024-07-26 00:00:00,0.0,485.92,706.1,1567.37,2759.38
2024-07-26 01:00:00,0.0,382.62,730.12,1345.82,2458.56
2024-07-26 02:00:00,0.0,511.35,642.55,1026.84,2180.73
2024-07-26 03:00:00,0.0,583.46,670.06,1776.0,3029.51
2024-07-26 04:00:00,0.0,456.7,511.33,1690.55,2658.58
2024-07-26 05:00:00,0.0,533.28,677.17,1637.01,2847.46
2024-07-26 06:00:00,0.0,486.13,585.11,1727.65,2798.89
2024-07-26 07:00:00,207.52,618.48,676.94,1444.02,2946.96
2024-07-26 08:00:00,370.93,593.19,577.19,1454.76,2996.07
2024-07-26 09:00:00,612.96,551.29,650.77,1359.42,3174.44
2024-07-26 10:00:00,654.6,524.54,545.98,1491.2,3216.33
2024-07-26 11:00:00,898.76,374.7,655.21,1327.92,3256.58
2024-07-26 12:00:00,796.8,498.67,779.86,1572.72,3648.06
2024-07-26 13:00:00,825.03,531.83,651.31,1455.61,3463.79
2024-07-26 14:00:00,681.02,565.12,631.17,1359.79,3237.1
2024-07-26 15:00:00,759.54,292.76,779.82,2056.2,3888.33
2024-07-26 16:00:00,514.85,533.18,681.34,1699.54,3428.91
2024-07-26 17:00:00,205.15,512.42,679.86,1952.22,3349.65
2024-07-26 18:00:00,0.0,552.86,559.58,1228.77,2341.21
2024-07-26 19:00:00,0.0,318.91,615.72,1532.59,2467.23
2024-07-26 20:00:00,0.0,547.21,622.41,1523.35,2692.97
2024-07-26 21:00:00,0.0,696.23,549.63,1154.77,2400.63
2024-07-26 22:00:00,0.0,420.83,588.29,1516.74,2525.86
2024-07-26 23:00:00,0.0,432.61,668.13,1770.68,2871.43
2024-07-27 00:00:00,0.0,415.95,625.81,1258.74,2300.51
2024-07-27 01:00:00,0.0,614.33,593.28,2054.89,3262.5
2024-07-27 02:00:00,0.0,287.43,636.0,1869.54,2792.96
2024-07-27 03:00:00,0.0,409.17,783.06,1034.31,2226.54
2024-07-27 04:00:00,0.0,491.4,709.34,1403.84,2604.58
2024-07-27 05:00:00,0.0,522.88,627.33,1328.12,2478.34
2024-07-27 06:00:00,0.0,497.65,692.34,1186.43,2376.42
2024-07-27 07:00:00,258.53,683.97,664.83,1468.53,3075.85
2024-07-27 08:00:00,396.85,322.64,686.96,1435.55,2842.0
2024-07-27 09:00:00,505.28,260.2,670.48,1215.05,2651.01
2024-07-27 10:00:00,875.9,666.76,724.77,1906.93,4174.34
2024-07-27 11:00:00,817.5,568.23,541.3,1868.51,3795.54
2024-07-27 12:00:00,922.58,491.84,640.36,1463.56,3518.35
2024-07-27 13:00:00,912.21,713.7,628.86,1670.45,3925.22
2024-07-27 14:00:00,954.76,694.3,707.63,1555.7,3912.39
2024-07-27 15:00:00,695.74,490.89,635.01,1145.92,2967.56
2024-07-27 16:00:00,396.03,450.45,637.26,1731.79,3215.54
2024-07-27 17:00:00,223.87,513.71,795.47,1571.28,3104.32
2024-07-27 18:00:00,0.0,488.67,770.56,1264.36,2523.59
2024-07-27 19:00:00,0.0,402.32,710.3,1860.57,2973.19
2024-07-27 20:00:00,0.0,316.67,574.83,1380.56,2272.06
2024-07-27 21:00:00,0.0,506.84,642.68,1678.44,2827.96
2024-07-27 22:00:00,0.0,380.24,638.82,1351.79,2370.85
2024-07-27 23:00:00,0.0,703.62,646.67,1744.3,3094.58
2024-07-28 00:00:00,0.0,311.5,567.56,1982.09,2861.15
2024-07-28 01:00:00,0.0,502.37,712.86,1292.24,2507.47
2024-07-28 02:00:00,0.0,301.37,663.97,1325.39,2290.73
2024-07-28 03:00:00,0.0,557.95,588.46,1763.69,2910.09
2024-07-28 04:00:00,0.0,617.94,627.21,1816.12,3061.27
2024-07-28 05:00:00,0.0,289.89,727.79,1483.72,2501.41
2024-07-28 06:00:00,0.0,630.25,587.5,1346.9,2564.64
2024-07-28 07:00:00,235.63,531.01,754.03,1777.51,3298.18
2024-07-28 08:00:00,449.31,673.6,634.95,1627.52,3385.38
2024-07-28 09:00:00,491.95,569.37,655.0,1649.54,3365.85
2024-07-28 10:00:00,963.11,485.61,712.37,2319.34,4480.42
2024-07-28 11:00:00,783.92,393.98,603.9,859.56,2641.36
2024-07-28 12:00:00,937.35,352.7,619.73,1519.91,3429.69
2024-07-28 13:00:00,887.97,350.07,599.31,1694.61,3531.96
2024-07-28 14:00:00,701.05,427.67,608.19,1881.06,3617.98
2024-07-28 15:00:00,529.64,434.31,755.62,1838.38,3557.95
2024-07-28 16:00:00,408.11,418.26,646.78,2200.3,3673.44
2024-07-28 17:00:00,275.56,511.36,563.81,1549.38,2900.11
2024-07-28 18:00:00,0.0,418.2,749.53,1328.2,2495.93
2024-07-28 19:00:00,0.0,611.3,596.89,1847.36,3055.56
2024-07-28 20:00:00,0.0,528.33,643.05,2004.46,3175.85
2024-07-28 21:00:00,0.0,657.24,673.12,1591.71,2922.07
2024-07-28 22:00:00,0.0,571.54,719.35,1662.45,2953.34
2024-07-28 23:00:00,0.0,524.22,592.33,1699.28,2815.83
2024-07-29 00:00:00,0.0,587.03,706.23,1968.18,3261.44
2024-07-29 01:00:00,0.0,878.58,752.63,1634.6,3265.82
2024-07-29 02:00:00,0.0,201.2,619.47,1693.8,2514.48
2024-07-29 03:00:00,0.0,583.83,693.6,1811.99,3089.42
2024-07-29 04:00:00,0.0,715.2,803.41,1813.31,3331.92
2024-07-29 05:00:00,0.0,506.31,598.2,1980.08,3084.58
2024-07-29 06:00:00,0.0,667.86,590.11,1351.22,2609.2
2024-07-29 07:00:00,221.81,753.85,701.46,1804.28,3481.4
2024-07-29 08:00:00,472.22,379.24,566.87,1732.65,3150.97
2024-07-29 09:00:00,583.39,536.61,657.43,1684.21,3461.64
2024-07-29 10:00:00,737.26,533.17,650.08,1760.32,3680.82
2024-07-29 11:00:00,769.45,393.06,639.23,1842.61,3644.36
2024-07-29 12:00:00,922.42,317.58,599.96,1590.61,3430.57
2024-07-29 13:00:00,804.6,482.33,559.96,1818.69,3665.58
2024-07-29 14:00:00,764.92,646.43,554.43,1517.39,3483.18
2024-07-29 15:00:00,610.59,452.99,736.97,1466.92,3267.47
2024-07-29 16:00:00,306.39,425.27,688.45,1656.71,3076.82
2024-07-29 17:00:00,201.6,419.91,693.85,1807.45,3122.81
2024-07-29 18:00:00,0.0,364.39,623.46,1183.34,2171.18
2024-07-29 19:00:00,0.0,331.66,640.91,1739.16,2711.73
2024-07-29 20:00:00,0.0,594.18,705.15,1289.47,2588.8
2024-07-29 21:00:00,0.0,401.31,742.28,1331.5,2475.08
2024-07-29 22:00:00,0.0,467.24,623.2,1926.64,3017.08
2024-07-29 23:00:00,0.0,393.7,679.02,1834.79,2907.5
2024-07-30 00:00:00,0.0,497.08,556.56,1665.75,2719.39
2024-07-30 01:00:00,0.0,241.02,624.1,1608.44,2473.56
2024-07-30 02:00:00,0.0,533.05,683.72,1894.56,3111.33
2024-07-30 03:00:00,0.0,533.38,643.04,1445.98,2622.4
2024-07-30 04:00:00,0.0,260.01,605.39,1532.18,2397.58
2024-07-30 05:00:00,0.0,355.94,662.5,1679.95,2698.38
2024-07-30 06:00:00,0.0,532.3,548.7,1254.29,2335.29
2024-07-30 07:00:00,222.46,569.59,724.5,1918.19,3434.74
2024-07-30 08:00:00,459.58,494.91,669.72,1718.33,3342.53
2024-07-30 09:00:00,597.34,583.33,679.53,1350.14,3210.34
2024-07-30 10:00:00,739.0,643.86,685.77,1735.49,3804.13
2024-07-30 11:00:00,894.41,794.25,737.84,1647.45,4073.95
2024-07-30 12:00:00,707.15,493.01,557.03,1689.62,3446.81
2024-07-30 13:00:00,1031.08,544.02,620.0,1912.52,4107.61
2024-07-30 14:00:00,734.35,457.01,638.34,1708.31,3538.02
2024-07-30 15:00:00,707.11,599.4,727.2,1770.42,3804.13
2024-07-30 16:00:00,340.38,432.16,653.59,2148.63,3574.76
2024-07-30 17:00:00,211.88,461.58,694.32,1075.83,2443.62
2024-07-30 18:00:00,0.0,431.28,699.42,1428.04,2558.74
2024-07-30 19:00:00,0.0,645.17,666.25,1755.9,3067.33
2024-07-30 20:00:00,0.0,408.71,621.06,1473.4,2503.18
2024-07-30 21:00:00,0.0,560.05,669.18,1658.77,2888.0
2024-07-30 22:00:00,0.0,640.2,671.54,1549.26,2861.01
2024-07-30 23:00:00,0.0,425.13,683.92,1932.89,3041.94
2024-07-31 00:00:00,0.0,386.2,659.32,1516.21,2561.72
2024-07-31 01:00:00,0.0,535.48,710.03,1921.33,3166.84
2024-07-31 02:00:00,0.0,530.15,656.55,1839.02,3025.72
2024-07-31 03:00:00,0.0,452.6,625.1,1537.37,2615.06
2024-07-31 04:00:00,0.0,698.63,700.3,1672.24,3071.17
2024-07-31 05:00:00,0.0,628.34,623.13,1746.79,2998.26
2024-07-31 06:00:00,0.0,295.7,601.11,1641.09,2537.89
2024-07-31 07:00:00,241.34,590.55,636.73,1680.99,3149.6
2024-07-31 08:00:00,477.4,389.07,669.24,1948.03,3483.74
2024-07-31 09:00:00,764.67,372.18,550.63,2026.5,3713.98
2024-07-31 10:00:00,921.01,494.37,683.58,1592.57,3691.53
2024-07-31 11:00:00,700.1,398.2,625.5,1059.99,2783.79
2024-07-31 12:00:00,738.98,525.62,639.42,1746.0,3650.04
2024-07-31 13:00:00,754.72,545.94,667.79,1751.59,3720.04
2024-07-31 14:00:00,714.93,456.09,584.33,1528.69,3284.05
2024-07-31 15:00:00,776.74,742.25,645.22,1784.63,3948.83
2024-07-31 16:00:00,218.71,613.95,688.78,1462.47,2983.92
2024-07-31 17:00:00,178.54,455.78,540.89,1445.96,2621.18
2024-07-31 18:00:00,0.0,566.99,713.51,1691.63,2972.13
2024-07-31 19:00:00,0.0,377.84,661.93,1677.07,2716.84
2024-07-31 20:00:00,0.0,410.54,572.33,1869.31,2852.18
2024-07-31 21:00:00,0.0,534.49,691.9,1469.44,2695.82
2024-07-31 22:00:00,0.0,508.44,679.52,1882.54,3070.5
2024-07-31 23:00:00,0.0,315.91,753.45,1870.99,2940.34
2024-08-01 00:00:00,0.0,326.04,699.88,1361.35,2387.27
2024-08-01 01:00:00,0.0,361.87,607.29,1475.51,2444.67
2024-08-01 02:00:00,0.0,469.97,585.77,1488.82,2544.56
2024-08-01 03:00:00,0.0,255.56,631.09,1504.13,2390.78
2024-08-01 04:00:00,0.0,461.2,524.07,1762.82,2748.09
2024-08-01 05:00:00,0.0,399.85,559.65,1713.77,2673.28
2024-08-01 06:00:00,0.0,468.55,574.46,1630.51,2673.51
2024-08-01 07:00:00,280.04,540.91,600.14,1695.47,3116.55
2024-08-01 08:00:00,461.54,653.69,545.82,1820.12,3481.17
2024-08-01 09:00:00,659.08,511.05,560.44,1614.78,3345.35
2024-08-01 10:00:00,795.09,604.48,585.23,1546.12,3530.93
2024-08-01 11:00:00,832.67,624.58,559.38,1950.47,3967.1
2024-08-01 12:00:00,1046.77,305.63,664.35,1586.09,3602.84
2024-08-01 13:00:00,1160.43,802.3,623.97,1602.47,4189.17
2024-08-01 14:00:00,678.26,413.55,624.09,1407.36,3123.25
2024-08-01 15:00:00,580.87,286.63,532.06,1728.34,3127.9
2024-08-01 16:00:00,353.17,224.61,733.74,1557.5,2869.01
2024-08-01 17:00:00,224.46,491.69,564.7,1185.74,2466.59
2024-08-01 18:00:00,0.0,743.78,563.04,1609.41,2916.24
2024-08-01 19:00:00,0.0,644.28,629.44,1624.6,2898.32
2024-08-01 20:00:00,0.0,341.84,583.52,1960.5,2885.87
2024-08-01 21:00:00,0.0,627.72,648.73,1678.82,2955.27
2024-08-01 22:00:00,0.0,499.55,559.75,1406.61,2465.91
2024-08-01 23:00:00,0.0,637.85,493.35,942.86,2074.06
2024-08-02 00:00:00,0.0,676.62,667.53,1556.83,2900.98
2024-08-02 01:00:00,0.0,619.3,544.82,2428.47,3592.59
2024-08-02 02:00:00,0.0,215.84,626.57,2194.96,3037.36
2024-08-02 03:00:00,0.0,660.61,665.26,1901.05,3226.93
2024-08-02 04:00:00,0.0,652.81,584.98,2305.98,3543.77
2024-08-02 05:00:00,0.0,593.67,712.26,1484.54,2790.47
2024-08-02 06:00:00,0.0,717.43,552.37,1956.63,3226.43
2024-08-02 07:00:00,233.54,484.07,616.49,1992.61,3326.71
2024-08-02 08:00:00,460.82,496.83,558.82,1756.31,3272.78
2024-08-02 09:00:00,654.36,515.97,593.56,1857.22,3621.11
2024-08-02 10:00:00,799.84,589.89,755.26,1545.91,3690.91
2024-08-02 11:00:00,835.68,629.7,746.34,1249.84,3461.56
2024-08-02 12:00:00,831.4,462.09,729.03,1438.18,3460.69
2024-08-02 13:00:00,980.19,482.13,615.33,1553.73,3631.38
2024-08-02 14:00:00,811.79,546.23,621.99,1061.04,3041.04
2024-08-02 15:00:00,772.76,436.55,619.75,1496.75,3325.81
2024-08-02 16:00:00,339.28,270.01,723.61,1548.66,2881.56
2024-08-02 17:00:00,279.87,265.74,669.86,1940.51,3155.99
2024-08-02 18:00:00,0.0,357.89,618.07,1866.52,2842.48
2024-08-02 19:00:00,0.0,552.19,654.11,1586.68,2792.98
2024-08-02 20:00:00,0.0,379.96,559.41,1807.44,2746.81
2024-08-02 21:00:00,0.0,517.67,589.87,1689.9,2797.44
2024-08-02 22:00:00,0.0,519.57,694.45,1875.44,3089.46
2024-08-02 23:00:00,0.0,514.03,572.63,1315.98,2402.64
2024-08-03 00:00:00,0.0,535.36,707.0,1668.12,2910.49
2024-08-03 01:00:00,0.0,398.12,522.06,1231.1,2151.28
2024-08-03 02:00:00,0.0,556.54,515.17,1918.58,2990.29
2024-08-03 03:00:00,0.0,569.33,576.4,1297.12,2442.85
2024-08-03 04:00:00,0.0,572.12,622.79,1627.43,2822.35
2024-08-03 05:00:00,0.0,585.9,630.38,2084.28,3300.56
2024-08-03 06:00:00,0.0,286.38,550.16,1619.81,2456.35
2024-08-03 07:00:00,219.48,607.96,621.13,1524.13,2972.7
2024-08-03 08:00:00,476.94,410.88,609.78,1763.66,3261.25
2024-08-03 09:00:00,693.96,416.6,542.93,1674.49,3327.97
2024-08-03 10:00:00,518.91,560.87,564.5,1498.12,3142.4
2024-08-03 11:00:00,843.63,487.49,545.47,1416.8,3293.39
2024-08-03 12:00:00,923.0,575.25,682.28,1846.39,4026.92
2024-08-03 13:00:00,592.18,657.21,644.98,1215.98,3110.36
2024-08-03 14:00:00,843.09,469.62,580.2,1472.58,3365.49
2024-08-03 15:00:00,733.92,395.45,594.55,1518.28,3242.2
2024-08-03 16:00:00,464.87,762.77,702.73,1566.1,3496.49
2024-08-03 17:00:00,195.03,636.57,714.96,1361.26,2907.83
2024-08-03 18:00:00,0.0,584.14,692.39,1439.47,2716.0
2024-08-03 19:00:00,0.0,316.71,672.76,1487.68,2477.15
2024-08-03 20:00:00,0.0,507.67,642.14,1628.3,2778.11
2024-08-03 21:00:00,0.0,448.94,593.12,1588.49,2630.55
2024-08-03 22:00:00,0.0,388.08,592.85,1743.88,2724.81
2024-08-03 23:00:00,0.0,558.06,679.98,1897.98,3136.03
2024-08-04 00:00:00,0.0,476.62,710.11,1663.62,2850.35
2024-08-04 01:00:00,0.0,334.23,468.87,1696.0,2499.1
2024-08-04 02:00:00,0.0,504.85,745.96,1872.02,3122.83
2024-08-04 03:00:00,0.0,526.28,644.84,1795.3,2966.43
2024-08-04 04:00:00,0.0,483.46,735.89,1741.32,2960.67
2024-08-04 05:00:00,0.0,587.97,620.15,2018.4,3226.52
2024-08-04 06:00:00,0.0,449.37,606.41,1743.03,2798.81
2024-08-04 07:00:00,235.36,582.12,691.99,1729.17,3238.65
2024-08-04 08:00:00,468.54,514.94,563.65,1655.85,3202.98
2024-08-04 09:00:00,711.08,425.73,692.58,1603.65,3433.04
2024-08-04 10:00:00,614.5,362.17,594.53,1636.52,3207.71
2024-08-04 11:00:00,676.88,424.41,591.73,1685.34,3378.37
2024-08-04 12:00:00,1096.12,497.37,613.09,1526.33,3732.93
2024-08-04 13:00:00,975.95,365.82,693.03,1396.55,3431.36
2024-08-04 14:00:00,837.71,418.19,626.59,1805.08,3687.57
2024-08-04 15:00:00,588.3,348.32,676.14,1501.0,3113.76
2024-08-04 16:00:00,339.19,454.07,515.1,1542.57,2850.94
2024-08-04 17:00:00,202.96,515.3,605.5,1740.46,3064.21
2024-08-04 18:00:00,0.0,513.8,648.93,1544.54,2707.27
2024-08-04 19:00:00,0.0,649.71,560.75,1462.62,2673.09
2024-08-04 20:00:00,0.0,634.02,634.01,1578.49,2846.51
2024-08-04 21:00:00,0.0,496.58,589.87,1710.91,2797.36
2024-08-04 22:00:00,0.0,458.31,646.45,1963.66,3068.42
2024-08-04 23:00:00,0.0,523.85,760.24,1367.21,2651.3
2024-08-05 00:00:00,0.0,312.51,595.1,1972.65,2880.25
2024-08-05 01:00:00,0.0,780.27,548.71,1638.6,2967.59
2024-08-05 02:00:00,0.0,483.39,615.32,1749.81,2848.52
2024-08-05 03:00:00,0.0,720.95,628.7,2085.49,3435.14
2024-08-05 04:00:00,0.0,437.38,588.29,1710.09,2735.76
2024-08-05 05:00:00,0.0,643.65,631.96,1610.01,2885.62
2024-08-05 06:00:00,0.0,549.66,589.24,1962.8,3101.71
2024-08-05 07:00:00,163.25,422.46,616.34,1573.72,2775.77
2024-08-05 08:00:00,373.55,440.44,622.44,1075.79,2512.21
2024-08-05 09:00:00,684.25,607.88,659.41,1631.37,3582.91
2024-08-05 10:00:00,749.48,747.58,625.1,1677.72,3799.87
2024-08-05 11:00:00,778.21,225.61,620.22,1170.76,2794.79
2024-08-05 12:00:00,596.13,538.38,557.08,1991.22,3682.8
2024-08-05 13:00:00,1059.42,485.84,559.59,1745.15,3850.0
2024-08-05 14:00:00,856.51,648.16,688.92,1492.32,3685.9
2024-08-05 15:00:00,582.3,569.61,576.25,1901.69,3629.86
2024-08-05 16:00:00,343.2,606.22,760.79,1742.74,3452.94
2024-08-05 17:00:00,244.71,471.37,590.57,1516.45,2823.11
2024-08-05 18:00:00,0.0,430.31,508.84,1690.26,2629.41
2024-08-05 19:00:00,0.0,585.53,566.22,1775.72,2927.47
2024-08-05 20:00:00,0.0,418.56,528.9,1844.17,2791.64
2024-08-05 21:00:00,0.0,443.84,631.41,2307.77,3383.02
2024-08-05 22:00:00,0.0,564.44,654.91,1739.47,2958.82
2024-08-05 23:00:00,0.0,616.45,592.91,1443.15,2652.52
2024-08-06 00:00:00,0.0,602.47,623.82,1880.61,3106.89
2024-08-06 01:00:00,0.0,625.88,623.31,1230.84,2480.03
2024-08-06 02:00:00,0.0,669.28,623.22,1596.42,2888.92
2024-08-06 03:00:00,0.0,450.32,522.14,1570.5,2542.95
2024-08-06 04:00:00,0.0,434.3,674.07,1339.89,2448.27
2024-08-06 05:00:00,0.0,338.06,607.92,1814.49,2760.47
2024-08-06 06:00:00,0.0,462.36,556.22,1762.78,2781.36
2024-08-06 07:00:00,180.78,639.19,521.61,1758.2,3099.78
2024-08-06 08:00:00,435.44,347.4,548.64,1534.85,2866.33
2024-08-06 09:00:00,763.2,464.87,625.0,1673.39,3526.46
2024-08-06 10:00:00,664.69,614.96,676.47,1346.43,3302.55
2024-08-06 11:00:00,958.2,370.73,605.09,1780.61,3714.62
2024-08-06 12:00:00,823.71,552.15,600.47,1182.8,3159.13
2024-08-06 13:00:00,933.33,488.46,626.64,1523.3,3571.73
2024-08-06 14:00:00,666.65,459.29,538.63,1395.95,3060.51
2024-08-06 15:00:00,649.13,621.92,589.85,1606.11,3467.01
2024-08-06 16:00:00,397.26,521.37,610.32,940.64,2469.59
2024-08-06 17:00:00,284.4,434.8,626.01,1658.12,3003.34
2024-08-06 18:00:00,0.0,343.93,695.71,1623.83,2663.47
2024-08-06 19:00:00,0.0,540.51,610.83,1853.86,3005.19
2024-08-06 20:00:00,0.0,571.92,480.99,1532.53,2585.44
2024-08-06 21:00:00,0.0,733.19,518.18,1840.18,3091.55
2024-08-06 22:00:00,0.0,574.43,648.91,1536.06,2759.4
2024-08-06 23:00:00,0.0,597.44,641.09,1670.77,2909.3
2024-08-07 00:00:00,0.0,388.16,574.8,1564.51,2527.47
2024-08-07 01:00:00,0.0,310.12,660.43,1931.79,2902.33
2024-08-07 02:00:00,0.0,591.75,614.34,2085.16,3291.24
2024-08-07 03:00:00,0.0,253.09,600.95,2082.16,2936.2
2024-08-07 04:00:00,0.0,333.5,670.55,1371.93,2375.97
2024-08-07 05:00:00,0.0,291.15,468.97,1662.87,2423.0
2024-08-07 06:00:00,0.0,366.57,665.38,1481.35,2513.3
2024-08-07 07:00:00,243.17,587.55,563.14,1614.35,3008.21
2024-08-07 08:00:00,485.2,439.9,575.48,1556.95,3057.53
2024-08-07 09:00:00,708.05,559.73,572.54,1119.63,2959.95
2024-08-07 10:00:00,721.5,602.52,649.78,1768.69,3742.48
2024-08-07 11:00:00,903.01,521.51,718.23,2010.22,4152.97
2024-08-07 12:00:00,1037.83,248.25,706.87,1745.7,3738.65
2024-08-07 13:00:00,868.09,698.7,615.48,1413.02,3595.29
2024-08-07 14:00:00,740.45,591.91,741.23,1737.53,3811.13
2024-08-07 15:00:00,395.78,561.17,573.63,2019.29,3549.87
2024-08-07 16:00:00,467.41,677.14,561.21,1490.89,3196.64
2024-08-07 17:00:00,210.12,387.23,546.2,1688.16,2831.71
2024-08-07 18:00:00,0.0,533.25,690.85,1902.33,3126.42
2024-08-07 19:00:00,0.0,535.22,644.46,1482.7,2662.38
2024-08-07 20:00:00,0.0,281.72,656.03,1874.5,2812.26
2024-08-07 21:00:00,0.0,431.18,623.99,1742.6,2797.77
2024-08-07 22:00:00,0.0,543.71,590.02,1234.32,2368.04
2024-08-07 23:00:00,0.0,563.27,628.05,1449.29,2640.61
2024-08-08 00:00:00,0.0,459.79,604.03,1613.12,2676.94
2024-08-08 01:00:00,0.0,449.08,538.01,1387.21,2374.3
2024-08-08 02:00:00,0.0,493.74,595.28,1764.45,2853.47
2024-08-08 03:00:00,0.0,514.88,596.09,1644.95,2755.92
2024-08-08 04:00:00,0.0,435.33,643.46,1633.59,2712.39
2024-08-08 05:00:00,0.0,687.98,587.6,1594.24,2869.83
2024-08-08 06:00:00,0.0,806.04,633.55,1234.45,2674.04
2024-08-08 07:00:00,191.39,428.61,552.45,1061.91,2234.36
2024-08-08 08:00:00,511.66,663.13,675.85,1644.17,3494.81
2024-08-08 09:00:00,614.38,536.84,620.75,1252.11,3024.08
2024-08-08 10:00:00,886.03,523.96,555.19,1618.61,3583.79
2024-08-08 11:00:00,865.93,582.73,623.41,2107.87,4179.93
2024-08-08 12:00:00,695.07,725.15,574.03,1731.44,3725.69
2024-08-08 13:00:00,984.93,587.39,623.96,1498.97,3695.24
2024-08-08 14:00:00,655.51,442.56,607.32,1779.51,3484.9
2024-08-08 15:00:00,608.3,483.41,556.15,1817.98,3465.83
2024-08-08 16:00:00,397.76,477.29,704.07,1677.86,3256.98
2024-08-08 17:00:00,211.44,472.8,707.44,1656.81,3048.49
2024-08-08 18:00:00,0.0,603.76,623.61,1919.0,3146.37
2024-08-08 19:00:00,0.0,568.92,653.03,1965.01,3186.96
2024-08-08 20:00:00,0.0,445.84,649.64,1436.22,2531.7
2024-08-08 21:00:00,0.0,382.01,702.05,1821.55,2905.61
2024-08-08 22:00:00,0.0,682.88,713.07,1481.59,2877.55
2024-08-08 23:00:00,0.0,558.96,579.76,1787.4,2926.12
2024-08-09 00:00:00,0.0,654.36,488.63,1197.0,2339.99
2024-08-09 01:00:00,0.0,430.92,606.5,1194.62,2232.04
2024-08-09 02:00:00,0.0,730.0,451.91,1703.42,2885.33
2024-08-09 03:00:00,0.0,374.79,620.01,1767.81,2762.6
2024-08-09 04:00:00,0.0,418.84,675.92,1434.25,2529.01
2024-08-09 05:00:00,0.0,479.49,607.84,1245.14,2332.47
2024-08-09 06:00:00,0.0,564.25,523.0,2002.47,3089.72
2024-08-09 07:00:00,218.81,501.5,582.3,1443.14,2745.76
2024-08-09 08:00:00,399.61,297.31,644.62,1582.19,2923.73
2024-08-09 09:00:00,569.13,690.58,625.0,2016.89,3901.6
2024-08-09 10:00:00,672.47,527.57,641.57,1478.71,3320.33
2024-08-09 11:00:00,758.67,622.41,522.66,1787.73,3691.47
2024-08-09 12:00:00,819.86,404.53,679.14,1494.6,3398.13
2024-08-09 13:00:00,817.03,692.26,597.41,1356.22,3462.92
2024-08-09 14:00:00,718.18,595.1,532.13,1688.26,3533.67
2024-08-09 15:00:00,522.06,466.71,661.0,1644.74,3294.51
2024-08-09 16:00:00,462.16,453.05,577.69,1669.85,3162.76
2024-08-09 17:00:00,168.9,395.08,655.52,1450.51,2670.02
2024-08-09 18:00:00,0.0,323.76,729.66,1600.9,2654.32
2024-08-09 19:00:00,0.0,471.04,447.73,1735.99,2654.76
2024-08-09 20:00:00,0.0,701.06,642.03,1720.39,3063.48
2024-08-09 21:00:00,0.0,341.38,590.73,1649.74,2581.85
2024-08-09 22:00:00,0.0,500.28,654.44,1841.15,2995.87
2024-08-09 23:00:00,0.0,456.91,483.48,1297.25,2237.64
2024-08-10 00:00:00,0.0,505.41,600.82,1953.7,3059.93
2024-08-10 01:00:00,0.0,520.42,625.18,1480.61,2626.2
2024-08-10 02:00:00,0.0,631.19,521.16,1944.35,3096.7
2024-08-10 03:00:00,0.0,596.84,617.66,1614.37,2828.87
2024-08-10 04:00:00,0.0,497.74,667.61,1417.14,2582.5
2024-08-10 05:00:00,0.0,597.63,583.48,1556.05,2737.16
2024-08-10 06:00:00,0.0,516.16,591.95,1388.02,2496.13
2024-08-10 07:00:00,121.85,485.35,583.2,1628.91,2819.31
2024-08-10 08:00:00,444.38,529.88,625.02,1117.89,2717.17
2024-08-10 09:00:00,654.08,582.62,536.89,1595.07,3368.67
2024-08-10 10:00:00,816.33,595.91,560.4,1321.37,3294.01
2024-08-10 11:00:00,915.37,358.55,594.88,1588.25,3457.05
2024-08-10 12:00:00,749.71,409.78,617.8,1503.78,3281.07
2024-08-10 13:00:00,863.59,664.77,610.08,1246.19,3384.63
2024-08-10 14:00:00,539.62,294.17,537.85,1274.76,2646.39
2024-08-10 15:00:00,747.59,420.14,502.41,1785.22,3455.35
2024-08-10 16:00:00,476.81,628.56,705.02,1761.58,3571.97
2024-08-10 17:00:00,275.52,422.08,560.72,1736.58,2994.89
2024-08-10 18:00:00,0.0,504.6,637.85,1724.85,2867.3
2024-08-10 19:00:00,0.0,404.84,647.82,1835.1,2887.77
2024-08-10 20:00:00,0.0,540.82,601.84,1591.8,2734.46
2024-08-10 21:00:00,0.0,418.18,522.26,1328.13,2268.57
2024-08-10 22:00:00,0.0,307.34,668.15,2038.89,3014.38
2024-08-10 23:00:00,0.0,625.51,668.95,2041.61,3336.08
2024-08-11 00:00:00,0.0,584.87,707.14,1745.98,3037.99
2024-08-11 01:00:00,0.0,333.72,608.92,1645.29,2587.93
2024-08-11 02:00:00,0.0,578.02,628.1,1395.43,2601.55
2024-08-11 03:00:00,0.0,394.4,566.38,1577.62,2538.4
2024-08-11 04:00:00,0.0,637.97,631.97,1589.23,2859.16
2024-08-11 05:00:00,0.0,480.18,703.01,1123.44,2306.63
2024-08-11 06:00:00,0.0,598.93,675.65,1779.22,3053.8
2024-08-11 07:00:00,213.66,484.4,613.54,1540.9,2852.5
2024-08-11 08:00:00,341.11,674.69,638.38,1525.35,3179.53
2024-08-11 09:00:00,627.14,590.47,487.82,1422.67,3128.09
2024-08-11 10:00:00,830.69,505.08,566.03,1550.4,3452.2
2024-08-11 11:00:00,872.38,541.93,621.88,1548.87,3585.05
2024-08-11 12:00:00,714.76,565.65,487.09,1742.51,3510.01
2024-08-11 13:00:00,979.05,843.2,551.86,1651.24,4025.36
2024-08-11 14:00:00,602.54,594.46,545.72,1869.65,3612.37
2024-08-11 15:00:00,461.55,676.07,651.5,1516.75,3305.87
2024-08-11 16:00:00,348.18,380.65,643.86,1588.51,2961.2
2024-08-11 17:00:00,231.62,327.9,575.5,1672.86,2807.88
2024-08-11 18:00:00,0.0,505.86,543.98,1923.56,2973.4
2024-08-11 19:00:00,0.0,533.68,594.29,1224.43,2352.4
2024-08-11 20:00:00,0.0,230.3,607.34,1259.86,2097.51
2024-08-11 21:00:00,0.0,354.82,540.03,1863.5,2758.35
2024-08-11 22:00:00,0.0,679.08,584.93,1365.27,2629.28
2024-08-11 23:00:00,0.0,474.02,650.45,1321.28,2445.75
2024-08-12 00:00:00,0.0,670.9,631.12,2255.07,3557.09
2024-08-12 01:00:00,0.0,346.4,632.93,1544.8,2524.13
2024-08-12 02:00:00,0.0,595.45,621.57,1658.8,2875.81
2024-08-12 03:00:00,0.0,722.29,603.1,1443.25,2768.65
2024-08-12 04:00:00,0.0,600.17,556.52,1435.2,2591.89
2024-08-12 05:00:00,0.0,561.3,579.59,1761.34,2902.24
2024-08-12 06:00:00,0.0,673.7,609.57,1677.54,2960.81
2024-08-12 07:00:00,270.25,611.7,631.14,1598.24,3111.33
2024-08-12 08:00:00,427.0,308.19,560.56,1941.4,3237.16
2024-08-12 09:00:00,556.59,706.89,723.35,1759.19,3746.03
2024-08-12 10:00:00,762.82,371.54,629.87,1447.38,3211.61
2024-08-12 11:00:00,951.72,464.28,706.28,1629.78,3752.05
2024-08-12 12:00:00,867.32,507.69,655.52,1484.74,3515.27
2024-08-12 13:00:00,920.9,396.37,698.62,1750.98,3766.87
2024-08-12 14:00:00,534.31,682.02,620.06,1825.16,3661.55
2024-08-12 15:00:00,554.37,627.09,600.19,1816.56,3598.21
2024-08-12 16:00:00,330.27,408.44,612.09,1630.22,2981.01
2024-08-12 17:00:00,201.85,205.07,595.79,2132.26,3134.96
2024-08-12 18:00:00,0.0,375.18,615.31,1667.07,2657.56
2024-08-12 19:00:00,0.0,410.05,580.44,2009.97,3000.47
2024-08-12 20:00:00,0.0,509.78,544.9,1547.1,2601.78
2024-08-12 21:00:00,0.0,451.03,692.99,1187.76,2331.78
2024-08-12 22:00:00,0.0,730.68,602.32,1565.44,2898.44
2024-08-12 23:00:00,0.0,390.55,585.77,768.77,1745.1
2024-08-13 00:00:00,0.0,348.83,540.16,1657.87,2546.85
2024-08-13 01:00:00,0.0,481.98,780.29,1488.57,2750.84
2024-08-13 02:00:00,0.0,404.27,551.97,1706.09,2662.34
2024-08-13 03:00:00,0.0,437.82,664.3,1675.31,2777.42
2024-08-13 04:00:00,0.0,527.02,593.68,1624.74,2745.45
2024-08-13 05:00:00,0.0,494.72,592.61,1573.62,2660.96
2024-08-13 06:00:00,0.0,697.37,681.96,1722.73,3102.06
2024-08-13 07:00:00,181.76,343.07,529.64,1696.34,2750.81
2024-08-13 08:00:00,523.95,644.89,605.35,1095.1,2869.28
2024-08-13 09:00:00,715.62,375.39,580.02,1526.84,3197.87
2024-08-13 10:00:00,568.81,471.62,648.55,1815.51,3504.49
2024-08-13 11:00:00,732.27,435.81,612.58,1851.67,3632.34
2024-08-13 12:00:00,1161.47,545.61,600.0,1495.16,3802.24
2024-08-13 13:00:00,792.88,616.75,566.53,1459.99,3436.15
2024-08-13 14:00:00,746.43,439.77,716.97,1903.56,3806.74
2024-08-13 15:00:00,713.75,633.04,720.84,1178.69,3246.32
2024-08-13 16:00:00,367.86,411.19,494.8,1727.57,3001.42
2024-08-13 17:00:00,226.93,479.85,693.05,1495.55,2895.39
2024-08-13 18:00:00,0.0,267.16,514.21,1242.77,2024.15
2024-08-13 19:00:00,0.0,224.48,507.11,1781.83,2513.42
2024-08-13 20:00:00,0.0,648.31,576.74,1547.73,2772.78
2024-08-13 21:00:00,0.0,576.05,684.29,1708.7,2969.04
2024-08-13 22:00:00,0.0,328.59,664.0,1397.34,2389.93
2024-08-13 23:00:00,0.0,684.83,629.8,1395.2,2709.82
2024-08-14 00:00:00,0.0,335.75,596.32,1269.2,2201.27
2024-08-14 01:00:00,0.0,616.17,685.49,1533.49,2835.15
2024-08-14 02:00:00,0.0,398.69,666.19,1522.27,2587.16
2024-08-14 03:00:00,0.0,589.44,620.56,1636.73,2846.73
2024-08-14 04:00:00,0.0,678.43,624.69,2050.19,3353.31
2024-08-14 05:00:00,0.0,615.55,596.48,1438.79,2650.81
2024-08-14 06:00:00,0.0,519.02,575.03,1430.9,2524.95
2024-08-14 07:00:00,219.34,492.23,638.39,1470.28,2820.23
2024-08-14 08:00:00,371.39,378.22,648.93,1737.2,3135.74
2024-08-14 09:00:00,543.24,664.12,708.19,1449.53,3365.08
2024-08-14 10:00:00,932.52,426.41,633.64,1654.05,3646.61
2024-08-14 11:00:00,764.68,372.03,642.58,1992.67,3771.96
2024-08-14 12:00:00,991.41,400.17,726.32,1626.68,3744.59
2024-08-14 13:00:00,866.04,588.7,704.71,1310.65,3470.11
2024-08-14 14:00:00,832.44,508.82,589.87,1699.42,3630.55
2024-08-14 15:00:00,630.13,686.09,672.79,1433.48,3422.48
2024-08-14 16:00:00,349.55,800.45,609.03,1742.33,3501.36
2024-08-14 17:00:00,261.52,439.03,489.85,1890.53,3080.93
2024-08-14 18:00:00,0.0,547.06,695.44,1788.7,3031.21
2024-08-14 19:00:00,0.0,391.2,663.23,1246.29,2300.72
2024-08-14 20:00:00,0.0,570.55,772.96,2012.57,3356.09
2024-08-14 21:00:00,0.0,430.97,621.5,1698.28,2750.74
2024-08-14 22:00:00,0.0,535.11,556.41,1644.76,2736.29
2024-08-14 23:00:00,0.0,446.91,602.26,1198.01,2247.19
2024-08-15 00:00:00,0.0,569.63,600.67,1509.42,2679.72
2024-08-15 01:00:00,0.0,763.17,680.96,1755.93,3200.06
2024-08-15 02:00:00,0.0,691.11,619.52,1952.12,3262.75
2024-08-15 03:00:00,0.0,607.97,746.55,1574.49,2929.02
2024-08-15 04:00:00,0.0,481.11,610.58,1659.18,2750.87
2024-08-15 05:00:00,0.0,486.64,748.12,2149.92,3384.69
2024-08-15 06:00:00,0.0,376.2,727.47,1772.54,2876.21
2024-08-15 07:00:00,201.05,496.82,631.05,1646.94,2975.87
2024-08-15 08:00:00,508.07,457.53,676.39,1331.79,2973.78
2024-08-15 09:00:00,510.12,487.64,543.68,1780.25,3321.68
2024-08-15 10:00:00,798.08,274.48,535.24,1164.7,2772.5
2024-08-15 11:00:00,578.88,482.35,683.28,1330.55,3075.06
2024-08-15 12:00:00,718.37,677.46,523.82,1821.34,3740.99
2024-08-15 13:00:00,834.0,575.04,586.19,1274.21,3269.44
2024-08-15 14:00:00,759.49,637.16,642.56,1447.76,3486.97
2024-08-15 15:00:00,555.58,654.6,723.71,2104.88,4038.76
2024-08-15 16:00:00,383.92,506.96,663.54,1397.09,2951.51
2024-08-15 17:00:00,176.22,649.74,587.65,1727.86,3141.46
2024-08-15 18:00:00,0.0,453.83,633.11,1418.83,2505.78
2024-08-15 19:00:00,0.0,513.56,596.12,1752.5,2862.18
2024-08-15 20:00:00,0.0,552.92,615.23,1284.14,2452.28
2024-08-15 21:00:00,0.0,649.58,558.32,1828.72,3036.62
2024-08-15 22:00:00,0.0,515.66,597.74,1593.94,2707.34
2024-08-15 23:00:00,0.0,586.88,564.16,1951.93,3102.97
2024-08-16 00:00:00,0.0,651.4,477.63,1737.56,2866.59
2024-08-16 01:00:00,0.0,334.01,574.38,1438.99,2347.38
2024-08-16 02:00:00,0.0,603.84,605.37,1323.0,2532.21
2024-08-16 03:00:00,0.0,789.84,578.1,1417.05,2784.98
2024-08-16 04:00:00,0.0,662.33,567.66,1507.39,2737.37
2024-08-16 05:00:00,0.0,307.95,672.92,1451.57,2432.44
2024-08-16 06:00:00,0.0,615.85,556.97,1770.47,2943.28
2024-08-16 07:00:00,248.74,609.0,531.51,1537.33,2926.58
2024-08-16 08:00:00,378.72,454.47,604.98,2042.06,3480.23
2024-08-16 09:00:00,706.45,436.33,578.92,1664.71,3386.41
2024-08-16 10:00:00,959.67,364.79,595.26,1318.78,3238.49
2024-08-16 11:00:00,875.45,600.8,559.22,1765.48,3800.95
2024-08-16 12:00:00,1087.2,652.67,599.49,1713.18,4052.55
2024-08-16 13:00:00,732.4,636.65,602.52,1535.14,3506.72
2024-08-16 14:00:00,668.39,470.13,640.77,1859.98,3639.26
2024-08-16 15:00:00,550.12,446.1,667.89,1811.44,3475.55
2024-08-16 16:00:00,369.45,419.57,588.26,1998.53,3375.81
2024-08-16 17:00:00,255.77,671.45,575.41,1494.89,2997.52
2024-08-16 18:00:00,0.0,456.73,609.47,1747.12,2813.33
2024-08-16 19:00:00,0.0,454.22,541.27,1685.41,2680.9
2024-08-16 20:00:00,0.0,315.32,655.83,1382.72,2353.87
2024-08-16 21:00:00,0.0,482.8,638.11,1438.96,2559.87
2024-08-16 22:00:00,0.0,395.3,630.47,1420.72,2446.5
2024-08-16 23:00:00,0.0,391.95,611.41,1485.14,2488.5
2024-08-17 00:00:00,0.0,264.44,585.36,1766.89,2616.69
2024-08-17 01:00:00,0.0,362.12,614.69,1421.17,2397.99
2024-08-17 02:00:00,0.0,421.13,588.42,1647.28,2656.82
2024-08-17 03:00:00,0.0,531.73,587.86,1653.92,2773.5
2024-08-17 04:00:00,0.0,735.6,599.13,1516.74,2851.47
2024-08-17 05:00:00,0.0,688.0,576.93,2248.69,3513.62
2024-08-17 06:00:00,0.0,433.48,655.44,1529.04,2617.96
2024-08-17 07:00:00,197.42,556.55,640.78,1559.43,2954.18
2024-08-17 08:00:00,496.08,452.11,577.16,1683.76,3209.11
2024-08-17 09:00:00,597.54,565.3,641.05,1889.75,3693.63
2024-08-17 10:00:00,584.13,657.4,557.02,1537.98,3336.52
2024-08-17 11:00:00,769.6,371.98,592.77,1770.88,3505.22
2024-08-17 12:00:00,867.36,351.37,504.67,1811.6,3535.01
2024-08-17 13:00:00,819.78,279.13,631.78,1799.1,3529.78
2024-08-17 14:00:00,776.84,563.18,597.84,1775.9,3713.76
2024-08-17 15:00:00,436.85,631.76,602.41,1533.54,3204.57
2024-08-17 16:00:00,354.2,417.87,565.53,1838.24,3175.84
2024-08-17 17:00:00,225.03,547.61,682.66,1830.45,3285.75
2024-08-17 18:00:00,0.0,556.2,624.09,1408.65,2588.94
2024-08-17 19:00:00,0.0,523.87,623.08,1541.76,2688.71
2024-08-17 20:00:00,0.0,461.63,606.74,1436.54,2504.91
2024-08-17 21:00:00,0.0,582.93,590.14,1377.14,2550.21
2024-08-17 22:00:00,0.0,697.46,658.98,1580.85,2937.3
2024-08-17 23:00:00,0.0,491.99,716.65,1403.53,2612.18
2024-08-18 00:00:00,0.0,488.46,584.23,1303.87,2376.56
2024-08-18 01:00:00,0.0,574.58,615.85,1315.89,2506.33
2024-08-18 02:00:00,0.0,479.94,614.25,1567.31,2661.49
2024-08-18 03:00:00,0.0,634.05,572.86,1178.41,2385.32
2024-08-18 04:00:00,0.0,573.8,619.41,1541.55,2734.76
2024-08-18 05:00:00,0.0,511.92,678.92,1104.73,2295.57
2024-08-18 06:00:00,0.0,585.88,630.62,1656.83,2873.33
2024-08-18 07:00:00,222.95,503.3,639.62,1737.79,3103.65
2024-08-18 08:00:00,473.21,696.31,663.83,1543.52,3376.86
2024-08-18 09:00:00,500.49,436.5,604.2,1469.73,3010.92
2024-08-18 10:00:00,798.47,533.81,437.12,1456.32,3225.71
2024-08-18 11:00:00,840.27,582.65,658.54,2081.17,4162.63
2024-08-18 12:00:00,930.74,352.91,578.81,1347.26,3209.72
2024-08-18 13:00:00,930.37,377.43,597.62,1213.56,3118.98
2024-08-18 14:00:00,841.69,361.27,602.83,1911.38,3717.16
2024-08-18 15:00:00,507.57,345.48,643.92,1463.61,2960.57
2024-08-18 16:00:00,376.01,236.72,613.85,1873.66,3100.25
2024-08-18 17:00:00,206.4,459.72,644.27,1780.93,3091.31
2024-08-18 18:00:00,0.0,341.45,546.85,1390.38,2278.68
2024-08-18 19:00:00,0.0,527.3,661.98,1913.11,3102.39
2024-08-18 20:00:00,0.0,573.1,536.64,1479.23,2588.97
2024-08-18 21:00:00,0.0,588.62,728.41,1661.81,2978.84
2024-08-18 22:00:00,0.0,541.21,554.59,1460.53,2556.33
2024-08-18 23:00:00,0.0,324.65,553.78,1123.29,2001.73
2024-08-19 00:00:00,0.0,485.54,486.79,1693.14,2665.48
2024-08-19 01:00:00,0.0,390.87,542.26,2014.48,2947.61
2024-08-19 02:00:00,0.0,447.05,519.66,1965.32,2932.03
2024-08-19 03:00:00,0.0,438.52,645.27,2016.73,3100.52
2024-08-19 04:00:00,0.0,385.42,637.04,1945.62,2968.07
2024-08-19 05:00:00,0.0,597.02,626.85,1873.66,3097.53
2024-08-19 06:00:00,0.0,395.19,622.73,1248.73,2266.65
2024-08-19 07:00:00,264.27,396.58,635.64,1554.31,2850.8
2024-08-19 08:00:00,465.05,432.81,620.0,1405.07,2922.94
2024-08-19 09:00:00,646.3,527.1,587.14,1793.09,3553.64
2024-08-19 10:00:00,761.22,607.55,407.13,1092.59,2868.48
2024-08-19 11:00:00,697.32,552.83,787.68,1717.06,3754.89
2024-08-19 12:00:00,846.91,510.54,666.84,1265.57,3289.87
2024-08-19 13:00:00,1011.88,575.28,622.26,2115.82,4325.25
2024-08-19 14:00:00,719.28,575.64,591.93,1577.42,3464.27
2024-08-19 15:00:00,598.98,494.6,598.73,1724.6,3416.9
2024-08-19 16:00:00,299.85,491.79,530.13,1615.95,2937.71
2024-08-19 17:00:00,198.32,449.52,632.83,1554.8,2835.48
2024-08-19 18:00:00,0.0,330.86,581.8,1540.46,2453.12
2024-08-19 19:00:00,0.0,342.56,631.44,1381.0,2355.01
2024-08-19 20:00:00,0.0,298.37,605.07,1268.83,2172.27
2024-08-19 21:00:00,0.0,492.96,537.18,1407.03,2437.17
2024-08-19 22:00:00,0.0,484.27,665.04,1724.05,2873.36
2024-08-19 23:00:00,0.0,672.25,699.28,2164.71,3536.23
2024-08-20 00:00:00,0.0,458.87,617.57,2167.43,3243.87
2024-08-20 01:00:00,0.0,564.05,613.13,1918.84,3096.02
2024-08-20 02:00:00,0.0,377.21,592.71,1394.92,2364.84
2024-08-20 03:00:00,0.0,494.54,609.69,1544.68,2648.91
2024-08-20 04:00:00,0.0,605.46,661.84,1411.62,2678.92
2024-08-20 05:00:00,0.0,568.05,473.19,1395.91,2437.15
2024-08-20 06:00:00,0.0,384.52,686.83,1468.69,2540.04
2024-08-20 07:00:00,231.32,380.95,624.08,1508.75,2745.1
2024-08-20 08:00:00,438.08,485.27,667.03,1571.22,3161.59
2024-08-20 09:00:00,686.53,579.95,605.06,1002.85,2874.4
2024-08-20 10:00:00,885.49,575.44,641.5,1270.16,3372.58
2024-08-20 11:00:00,884.56,699.22,654.98,1411.82,3650.59
2024-08-20 12:00:00,754.68,514.03,635.88,2098.1,4002.7
2024-08-20 13:00:00,589.98,462.24,682.84,1548.31,3283.37
2024-08-20 14:00:00,772.77,461.67,740.85,1498.86,3474.15
2024-08-20 15:00:00,705.22,493.06,602.99,1638.59,3439.86
2024-08-20 16:00:00,372.01,466.7,544.97,1044.72,2428.4
2024-08-20 17:00:00,263.34,719.01,551.58,1533.31,3067.25
2024-08-20 18:00:00,0.0,466.92,584.01,1282.07,2333.0
2024-08-20 19:00:00,0.0,406.27,671.34,1509.1,2586.72
2024-08-20 20:00:00,0.0,534.72,666.76,1912.9,3114.39
2024-08-20 21:00:00,0.0,657.84,574.8,1819.11,3051.75
2024-08-20 22:00:00,0.0,616.04,604.09,2019.13,3239.26
2024-08-20 23:00:00,0.0,396.24,614.56,1597.66,2608.46
2024-08-21 00:00:00,0.0,430.38,695.11,1692.95,2818.43
2024-08-21 01:00:00,0.0,688.18,629.89,1699.82,3017.89
2024-08-21 02:00:00,0.0,346.28,665.42,2018.02,3029.72
2024-08-21 03:00:00,0.0,560.51,672.22,1725.39,2958.12
2024-08-21 04:00:00,0.0,717.57,614.6,1505.42,2837.59
2024-08-21 05:00:00,0.0,258.2,549.25,1741.15,2548.6
2024-08-21 06:00:00,0.0,625.8,675.98,2039.45,3341.23
2024-08-21 07:00:00,232.23,763.32,566.76,1541.09,3103.4
2024-08-21 08:00:00,376.83,697.97,759.62,1882.51,3716.93
2024-08-21 09:00:00,721.61,478.3,494.4,1839.46,3533.78
2024-08-21 10:00:00,851.95,251.49,738.12,1890.62,3732.17
2024-08-21 11:00:00,836.58,548.55,628.91,1890.91,3904.95
2024-08-21 12:00:00,768.54,395.42,484.51,1490.05,3138.51
2024-08-21 13:00:00,753.67,532.65,646.82,1853.33,3786.47
2024-08-21 14:00:00,814.25,544.13,593.9,1535.99,3488.26
2024-08-21 15:00:00,696.61,553.79,668.93,1418.74,3338.06
2024-08-21 16:00:00,403.21,346.62,695.05,1779.89,3224.78
2024-08-21 17:00:00,227.1,439.27,648.11,1332.41,2646.9
2024-08-21 18:00:00,0.0,438.38,589.92,2043.64,3071.94
2024-08-21 19:00:00,0.0,366.82,673.57,1909.09,2949.49
2024-08-21 20:00:00,0.0,396.23,596.06,1938.29,2930.58
2024-08-21 21:00:00,0.0,274.64,681.1,1549.51,2505.25
2024-08-21 22:00:00,0.0,521.04,651.25,1047.17,2219.46
2024-08-21 23:00:00,0.0,427.71,600.27,1618.09,2646.06
2024-08-22 00:00:00,0.0,623.27,647.59,1548.78,2819.64
2024-08-22 01:00:00,0.0,516.99,615.36,1986.26,3118.61
2024-08-22 02:00:00,0.0,451.1,585.83,1693.54,2730.48
2024-08-22 03:00:00,0.0,353.01,620.65,1576.24,2549.89
2024-08-22 04:00:00,0.0,544.76,666.28,1490.76,2701.8
2024-08-22 05:00:00,0.0,372.12,565.58,1975.2,2912.9
2024-08-22 06:00:00,0.0,462.49,651.17,1957.35,3071.01
2024-08-22 07:00:00,188.18,461.37,664.06,1373.5,2687.13
2024-08-22 08:00:00,363.13,562.72,621.02,1488.51,3035.38
2024-08-22 09:00:00,660.13,307.58,626.26,809.07,2403.05
2024-08-22 10:00:00,733.89,426.84,616.12,1704.83,3481.68
2024-08-22 11:00:00,759.35,596.33,706.39,1519.09,3581.17
2024-08-22 12:00:00,712.33,551.07,634.03,1538.14,3435.56
2024-08-22 13:00:00,882.55,427.09,577.61,1758.37,3645.62
2024-08-22 14:00:00,734.75,677.07,650.08,1341.5,3403.4
2024-08-22 15:00:00,543.5,498.01,537.71,1544.82,3124.03
2024-08-22 16:00:00,466.43,437.61,618.51,1695.2,3217.76
2024-08-22 17:00:00,234.01,648.4,643.07,1903.53,3429.01
2024-08-22 18:00:00,0.0,656.38,609.22,1617.49,2883.09
2024-08-22 19:00:00,0.0,552.12,640.04,1245.51,2437.66
2024-08-22 20:00:00,0.0,517.41,654.93,1514.36,2686.69
2024-08-22 21:00:00,0.0,584.08,647.47,2037.78,3269.34
2024-08-22 22:00:00,0.0,470.68,598.52,1491.56,2560.77
2024-08-22 23:00:00,0.0,546.7,440.24,1715.68,2702.62
2024-08-23 00:00:00,0.0,472.57,532.99,1464.89,2470.45
2024-08-23 01:00:00,0.0,325.21,594.81,1998.15,2918.17
2024-08-23 02:00:00,0.0,437.43,620.64,1445.57,2503.64
2024-08-23 03:00:00,0.0,475.8,690.66,1319.05,2485.5
2024-08-23 04:00:00,0.0,721.62,538.55,1689.0,2949.17
2024-08-23 05:00:00,0.0,465.97,549.48,1704.45,2719.9
2024-08-23 06:00:00,0.0,581.57,619.14,1688.15,2888.85
2024-08-23 07:00:00,211.61,531.97,682.64,1793.46,3219.68
2024-08-23 08:00:00,402.23,574.21,515.95,1435.15,2927.54
2024-08-23 09:00:00,528.46,674.38,548.59,1354.09,3105.53
2024-08-23 10:00:00,792.0,593.79,533.98,1691.92,3611.69
2024-08-23 11:00:00,598.03,378.11,657.15,1477.35,3110.64
2024-08-23 12:00:00,803.94,467.04,531.46,1848.03,3650.47
2024-08-23 13:00:00,780.14,560.2,586.27,1852.68,3779.3
2024-08-23 14:00:00,757.88,245.97,723.89,1595.04,3322.79
2024-08-23 15:00:00,616.88,314.02,599.23,1665.78,3195.91
2024-08-23 16:00:00,382.72,609.82,590.08,1250.16,2832.77
2024-08-23 17:00:00,219.21,312.87,547.36,1392.19,2471.63
2024-08-23 18:00:00,0.0,476.82,537.47,1345.76,2360.05
2024-08-23 19:00:00,0.0,391.99,672.65,1345.8,2410.44
2024-08-23 20:00:00,0.0,485.87,582.77,1701.05,2769.69
2024-08-23 21:00:00,0.0,321.86,664.11,1708.14,2694.11
2024-08-23 22:00:00,0.0,594.05,523.0,1764.02,2881.07
2024-08-23 23:00:00,0.0,392.51,615.88,1829.67,2838.06
2024-08-24 00:00:00,0.0,483.61,632.35,1758.57,2874.53
2024-08-24 01:00:00,0.0,639.26,540.45,1464.48,2644.18
2024-08-24 02:00:00,0.0,719.83,619.06,1745.4,3084.3
2024-08-24 03:00:00,0.0,598.8,568.75,1365.47,2533.02
2024-08-24 04:00:00,0.0,441.74,660.57,1450.7,2553.0
2024-08-24 05:00:00,0.0,380.43,594.43,1613.72,2588.57
2024-08-24 06:00:00,0.0,549.22,638.54,1547.61,2735.37
2024-08-24 07:00:00,226.12,605.24,686.21,1397.97,2915.55
2024-08-24 08:00:00,370.63,380.62,622.07,1408.83,2782.15
2024-08-24 09:00:00,598.45,417.24,692.36,1152.85,2860.9
2024-08-24 10:00:00,739.22,600.01,606.92,1497.82,3443.96
2024-08-24 11:00:00,807.06,551.91,523.42,1260.03,3142.41
2024-08-24 12:00:00,721.7,469.61,548.18,1591.79,3331.27
2024-08-24 13:00:00,892.04,442.73,618.55,1509.09,3462.41
2024-08-24 14:00:00,665.92,519.93,617.57,1489.66,3293.08
2024-08-24 15:00:00,577.3,434.35,607.66,1221.82,2841.13
2024-08-24 16:00:00,450.05,476.03,594.73,1489.67,3010.49
2024-08-24 17:00:00,270.56,266.71,561.52,1815.37,2914.15
2024-08-24 18:00:00,0.0,364.61,634.88,1827.55,2827.04
2024-08-24 19:00:00,0.0,597.05,656.2,1849.43,3102.68
2024-08-24 20:00:00,0.0,456.58,742.57,1178.73,2377.88
2024-08-24 21:00:00,0.0,587.19,552.88,1347.99,2488.05
2024-08-24 22:00:00,0.0,427.94,704.98,1162.01,2294.92
2024-08-24 23:00:00,0.0,479.55,526.7,1703.7,2709.95
2024-08-25 00:00:00,0.0,552.08,806.18,1531.85,2890.11
2024-08-25 01:00:00,0.0,690.55,666.49,1867.04,3224.09
2024-08-25 02:00:00,0.0,505.61,581.19,1883.33,2970.13
2024-08-25 03:00:00,0.0,494.1,607.49,1353.71,2455.3
2024-08-25 04:00:00,0.0,682.81,532.95,1399.15,2614.92
2024-08-25 05:00:00,0.0,479.06,588.95,1415.92,2483.93
2024-08-25 06:00:00,0.0,318.47,484.42,1322.87,2125.76
2024-08-25 07:00:00,253.32,599.67,625.69,1665.96,3144.65
2024-08-25 08:00:00,322.19,394.55,642.14,1703.69,3062.58
2024-08-25 09:00:00,642.57,374.62,706.53,1595.55,3319.26
2024-08-25 10:00:00,798.69,566.93,537.41,1345.63,3248.65
2024-08-25 11:00:00,902.45,338.44,621.9,1474.82,3337.62
2024-08-25 12:00:00,836.74,561.31,717.08,1753.74,3868.88
2024-08-25 13:00:00,793.51,426.85,674.75,1315.3,3210.41
2024-08-25 14:00:00,842.4,479.23,593.77,1920.44,3835.84
2024-08-25 15:00:00,655.55,475.01,631.81,1240.32,3002.69
2024-08-25 16:00:00,393.92,338.7,758.75,1511.34,3002.71
2024-08-25 17:00:00,204.11,561.73,545.18,1516.17,2827.19
2024-08-25 18:00:00,0.0,502.7,644.67,1584.34,2731.71
2024-08-25 19:00:00,0.0,236.98,637.11,1741.38,2615.47
2024-08-25 20:00:00,0.0,625.8,535.27,1574.81,2735.88
2024-08-25 21:00:00,0.0,374.68,734.51,1967.36,3076.55
2024-08-25 22:00:00,0.0,447.06,666.91,1299.11,2413.08
2024-08-25 23:00:00,0.0,436.66,585.31,1940.7,2962.68
2024-08-26 00:00:00,0.0,500.46,665.06,1206.66,2372.17
2024-08-26 01:00:00,0.0,210.48,530.55,1735.92,2476.95
2024-08-26 02:00:00,0.0,306.24,616.26,1889.54,2812.05
2024-08-26 03:00:00,0.0,300.85,744.96,1799.93,2845.74
2024-08-26 04:00:00,0.0,551.23,681.33,1633.0,2865.56
2024-08-26 05:00:00,0.0,373.28,554.17,1465.14,2392.59
2024-08-26 06:00:00,0.0,475.59,728.35,1957.93,3161.87
2024-08-26 07:00:00,211.1,399.02,642.6,2142.71,3395.43
2024-08-26 08:00:00,467.87,438.17,653.56,1832.83,3392.43
2024-08-26 09:00:00,730.79,329.78,507.99,1383.41,2951.97
2024-08-26 10:00:00,629.66,322.32,647.62,1071.63,2671.23
2024-08-26 11:00:00,712.79,325.93,628.41,1867.9,3535.02
2024-08-26 12:00:00,557.83,254.59,544.09,1333.15,2689.66
2024-08-26 13:00:00,798.67,545.06,665.61,1737.15,3746.49
2024-08-26 14:00:00,803.8,818.64,625.06,1733.76,3981.27
2024-08-26 15:00:00,533.25,405.04,667.38,1707.07,3312.74
2024-08-26 16:00:00,428.15,559.3,712.85,1220.79,2921.08
2024-08-26 17:00:00,283.25,431.1,691.93,1433.96,2840.24
2024-08-26 18:00:00,0.0,352.97,620.55,1287.78,2261.3
2024-08-26 19:00:00,0.0,548.35,617.34,2195.55,3361.24
2024-08-26 20:00:00,0.0,464.09,655.66,1473.79,2593.54
2024-08-26 21:00:00,0.0,519.35,738.8,1710.75,2968.9
2024-08-26 22:00:00,0.0,647.18,582.78,1823.28,3053.24
2024-08-26 23:00:00,0.0,685.56,614.55,1356.29,2656.4
2024-08-27 00:00:00,0.0,389.49,652.58,1403.39,2445.46
2024-08-27 01:00:00,0.0,635.45,524.15,1484.49,2644.09
2024-08-27 02:00:00,0.0,386.71,661.65,1721.4,2769.76
2024-08-27 03:00:00,0.0,504.95,652.42,1444.47,2601.84
2024-08-27 04:00:00,0.0,526.5,612.76,1704.99,2844.25
2024-08-27 05:00:00,0.0,384.87,605.29,1636.4,2626.55
2024-08-27 06:00:00,0.0,587.61,679.14,1468.99,2735.74
2024-08-27 07:00:00,181.37,573.22,585.56,1530.35,2870.5
2024-08-27 08:00:00,436.39,579.92,698.79,1689.14,3404.24
2024-08-27 09:00:00,583.78,440.41,621.56,1673.09,3318.84
2024-08-27 10:00:00,883.93,459.24,666.27,1253.98,3263.41
2024-08-27 11:00:00,943.28,475.96,556.0,1789.45,3764.7
2024-08-27 12:00:00,846.61,300.64,660.84,1397.47,3205.56
2024-08-27 13:00:00,611.08,439.02,700.9,1572.24,3323.25
2024-08-27 14:00:00,542.82,158.3,603.95,1512.2,2817.28
2024-08-27 15:00:00,617.22,342.32,553.08,1646.64,3159.25
2024-08-27 16:00:00,355.39,557.76,624.71,1233.64,2771.51
2024-08-27 17:00:00,240.16,571.73,684.58,1101.77,2598.23
2024-08-27 18:00:00,0.0,449.48,650.18,1010.8,2110.46
2024-08-27 19:00:00,0.0,290.57,555.12,988.14,1833.84
2024-08-27 20:00:00,0.0,412.9,570.04,1990.78,2973.72
2024-08-27 21:00:00,0.0,689.42,633.67,1869.33,3192.42
2024-08-27 22:00:00,0.0,638.55,596.66,1927.75,3162.95
2024-08-27 23:00:00,0.0,372.33,608.04,1807.25,2787.62
2024-08-28 00:00:00,0.0,275.2,672.89,1599.63,2547.73
2024-08-28 01:00:00,0.0,665.16,597.49,1044.92,2307.57
2024-08-28 02:00:00,0.0,83.59,679.49,1702.96,2466.05
2024-08-28 03:00:00,0.0,373.37,630.93,1382.73,2387.03
2024-08-28 04:00:00,0.0,544.94,546.41,1978.51,3069.85
2024-08-28 05:00:00,0.0,575.74,524.59,1489.71,2590.03
2024-08-28 06:00:00,0.0,503.55,540.59,1289.53,2333.67
2024-08-28 07:00:00,220.37,453.98,575.14,1224.1,2473.59
2024-08-28 08:00:00,350.01,585.51,671.94,1808.2,3415.66
2024-08-28 09:00:00,586.3,541.77,602.13,1852.66,3582.85
2024-08-28 10:00:00,556.13,615.71,665.88,1642.18,3479.9
2024-08-28 11:00:00,756.76,478.28,620.07,1432.62,3287.74
2024-08-28 12:00:00,935.61,495.82,719.15,1506.46,3657.05
2024-08-28 13:00:00,837.76,346.44,509.1,1651.63,3344.93
2024-08-28 14:00:00,753.71,310.72,573.26,1561.47,3199.16
2024-08-28 15:00:00,568.61,361.8,583.13,1454.34,2967.87
2024-08-28 16:00:00,489.55,577.85,622.44,1651.87,3341.71
2024-08-28 17:00:00,213.3,353.68,710.1,1392.49,2669.58
2024-08-28 18:00:00,0.0,473.07,521.5,1172.8,2167.37
2024-08-28 19:00:00,0.0,471.85,540.42,1784.01,2796.27
2024-08-28 20:00:00,0.0,581.63,632.97,1691.53,2906.13
2024-08-28 21:00:00,0.0,323.59,613.82,1317.4,2254.8
2024-08-28 22:00:00,0.0,403.13,690.47,1692.13,2785.74
2024-08-28 23:00:00,0.0,612.4,683.11,1645.35,2940.86
2024-08-29 00:00:00,0.0,677.47,612.77,1570.93,2861.17
2024-08-29 01:00:00,0.0,256.17,593.57,1727.47,2577.2
2024-08-29 02:00:00,0.0,650.11,612.35,1399.4,2661.87
2024-08-29 03:00:00,0.0,318.46,583.76,1301.08,2203.3
2024-08-29 04:00:00,0.0,730.84,522.01,1492.17,2745.02
2024-08-29 05:00:00,0.0,437.75,630.9,1327.11,2395.76
2024-08-29 06:00:00,0.0,368.94,632.69,1438.44,2440.06
2024-08-29 07:00:00,220.22,678.67,632.02,1594.61,3125.53
2024-08-29 08:00:00,433.5,324.0,683.82,1389.53,2830.85
2024-08-29 09:00:00,678.53,510.7,688.99,1750.09,3628.31
2024-08-29 10:00:00,922.94,299.4,586.16,1703.05,3511.55
2024-08-29 11:00:00,927.94,617.61,625.88,1842.64,4014.07
2024-08-29 12:00:00,831.51,765.88,610.12,1696.89,3904.4
2024-08-29 13:00:00,925.75,426.22,606.98,1774.85,3733.8
2024-08-29 14:00:00,765.04,667.59,598.85,1722.34,3753.83
2024-08-29 15:00:00,588.31,421.47,549.97,1759.54,3319.29
2024-08-29 16:00:00,492.19,565.78,705.98,1459.33,3223.28
2024-08-29 17:00:00,215.91,372.1,550.76,1361.67,2500.44
2024-08-29 18:00:00,0.0,385.48,717.07,1494.34,2596.9
2024-08-29 19:00:00,0.0,369.79,573.12,1479.06,2421.97
2024-08-29 20:00:00,0.0,651.46,585.86,1614.53,2851.84
2024-08-29 21:00:00,0.0,500.37,739.38,1468.41,2708.15
2024-08-29 22:00:00,0.0,546.29,623.52,2006.17,3175.98
2024-08-29 23:00:00,0.0,481.37,614.49,1476.86,2572.72
2024-08-30 00:00:00,0.0,570.99,628.68,1755.29,2954.96
2024-08-30 01:00:00,0.0,472.45,539.38,1867.21,2879.03
2024-08-30 02:00:00,0.0,495.53,628.21,2140.97,3264.72
2024-08-30 03:00:00,0.0,551.76,623.47,1822.78,2998.01
2024-08-30 04:00:00,0.0,237.75,530.63,1483.87,2252.25
2024-08-30 05:00:00,0.0,225.01,563.91,1529.9,2318.82
2024-08-30 06:00:00,0.0,524.8,578.42,1701.18,2804.39
2024-08-30 07:00:00,239.11,552.02,730.68,1634.59,3156.4
2024-08-30 08:00:00,488.5,302.52,598.75,1711.94,3101.7
2024-08-30 09:00:00,633.66,511.28,648.77,1665.0,3458.72
2024-08-30 10:00:00,890.11,229.82,655.99,2208.54,3984.47
2024-08-30 11:00:00,825.18,302.81,670.82,1263.15,3061.96
2024-08-30 12:00:00,523.86,352.92,629.68,1847.54,3354.01
2024-08-30 13:00:00,684.73,461.46,652.39,1769.64,3568.23
2024-08-30 14:00:00,712.86,458.12,527.28,1642.22,3340.47
2024-08-30 15:00:00,635.81,452.01,571.26,1464.43,3123.52
2024-08-30 16:00:00,316.94,765.4,537.86,1643.47,3263.67
2024-08-30 17:00:00,221.25,553.55,593.83,1794.78,3163.4
2024-08-30 18:00:00,0.0,744.06,663.5,1406.05,2813.61
2024-08-30 19:00:00,0.0,336.37,603.07,1711.49,2650.94
2024-08-30 20:00:00,0.0,455.5,679.96,1714.04,2849.5
2024-08-30 21:00:00,0.0,370.5,580.2,2031.28,2981.99
2024-08-30 22:00:00,0.0,433.59,686.93,1239.49,2360.0
2024-08-30 23:00:00,0.0,322.6,654.21,1646.41,2623.22
2024-08-31 00:00:00,0.0,437.76,712.09,1467.87,2617.72
2024-08-31 01:00:00,0.0,611.33,645.89,1431.03,2688.25
2024-08-31 02:00:00,0.0,685.62,649.85,1273.13,2608.6
2024-08-31 03:00:00,0.0,281.89,575.77,1967.18,2824.84
2024-08-31 04:00:00,0.0,450.75,516.34,1442.85,2409.94
2024-08-31 05:00:00,0.0,533.1,542.08,1452.18,2527.37
2024-08-31 06:00:00,0.0,561.08,575.89,1595.17,2732.13
2024-08-31 07:00:00,166.55,398.83,675.56,1696.25,2937.19
2024-08-31 08:00:00,455.04,567.92,558.84,1559.95,3141.74
2024-08-31 09:00:00,681.55,413.17,658.56,1568.86,3322.15
2024-08-31 10:00:00,799.59,420.33,652.56,1338.57,3211.04
2024-08-31 11:00:00,577.53,462.77,586.08,1392.24,3018.62
2024-08-31 12:00:00,759.97,540.15,640.19,1517.76,3458.06
2024-08-31 13:00:00,725.56,462.68,595.91,1672.12,3456.26
2024-08-31 14:00:00,645.0,539.62,654.92,1364.16,3203.7
2024-08-31 15:00:00,423.81,550.6,470.25,1559.68,3004.34
2024-08-31 16:00:00,310.31,298.89,593.21,1727.94,2930.34
2024-08-31 17:00:00,194.12,390.66,700.12,1983.48,3268.38
2024-08-31 18:00:00,0.0,197.83,581.84,1778.04,2557.71
2024-08-31 19:00:00,0.0,618.31,593.86,1529.77,2741.94
2024-08-31 20:00:00,0.0,366.82,511.51,1312.3,2190.63
2024-08-31 21:00:00,0.0,529.14,630.69,1575.48,2735.31
2024-08-31 22:00:00,0.0,593.47,601.19,1646.56,2841.21
2024-08-31 23:00:00,0.0,477.84,648.67,2107.33,3233.85
2024-09-01 00:00:00,0.0,610.99,658.68,1711.34,2981.01
2024-09-01 01:00:00,0.0,675.04,653.21,1536.04,2864.28
2024-09-01 02:00:00,0.0,816.5,533.14,1475.73,2825.36
2024-09-01 03:00:00,0.0,334.26,592.27,1538.28,2464.81
2024-09-01 04:00:00,0.0,504.3,696.85,1528.32,2729.47
2024-09-01 05:00:00,0.0,413.11,567.19,970.57,1950.88
2024-09-01 06:00:00,0.0,521.0,549.92,1451.38,2522.29
2024-09-01 07:00:00,178.66,445.27,542.82,1418.39,2585.14
2024-09-01 08:00:00,460.08,470.61,574.5,1742.94,3248.14
2024-09-01 09:00:00,593.56,629.85,617.59,1268.01,3109.02
2024-09-01 10:00:00,479.92,409.5,694.06,2065.82,3649.31
2024-09-01 11:00:00,751.35,430.73,523.58,1321.88,3027.54
2024-09-01 12:00:00,702.55,574.26,703.42,1566.5,3546.74
2024-09-01 13:00:00,745.34,529.98,653.61,2112.7,4041.63
2024-09-01 14:00:00,779.45,474.49,598.01,1851.4,3703.35
2024-09-01 15:00:00,692.32,572.59,703.44,1920.83,3889.18
2024-09-01 16:00:00,352.23,490.23,572.44,1610.06,3024.97
2024-09-01 17:00:00,216.84,633.31,613.05,1701.44,3164.64
2024-09-01 18:00:00,0.0,462.97,570.63,1583.44,2617.04
2024-09-01 19:00:00,0.0,512.45,605.45,1944.48,3062.38
2024-09-01 20:00:00,0.0,801.69,715.88,1665.54,3183.11
2024-09-01 21:00:00,0.0,315.5,582.47,1828.14,2726.12
2024-09-01 22:00:00,0.0,527.45,643.92,1855.3,3026.66
2024-09-01 23:00:00,0.0,528.22,644.21,1427.82,2600.26
2024-09-02 00:00:00,0.0,195.68,599.26,1893.36,2688.3
2024-09-02 01:00:00,0.0,620.47,550.72,1513.88,2685.06
2024-09-02 02:00:00,0.0,414.55,604.34,1187.03,2205.93
2024-09-02 03:00:00,0.0,505.97,497.75,1813.49,2817.21
2024-09-02 04:00:00,0.0,336.15,600.4,1918.21,2854.75
2024-09-02 05:00:00,0.0,638.36,616.12,1916.1,3170.58
2024-09-02 06:00:00,0.0,551.74,569.57,1857.63,2978.94
2024-09-02 07:00:00,234.51,573.88,622.7,1389.31,2820.4
2024-09-02 08:00:00,420.95,624.94,559.68,1745.08,3350.64
2024-09-02 09:00:00,499.79,488.41,559.18,1685.32,3232.71
2024-09-02 10:00:00,809.57,530.63,592.2,1929.05,3861.45
2024-09-02 11:00:00,1006.36,445.57,712.99,1568.22,3733.14
2024-09-02 12:00:00,767.17,753.7,661.98,1726.22,3909.07
2024-09-02 13:00:00,984.19,481.64,584.03,1396.63,3446.48
2024-09-02 14:00:00,829.29,326.59,462.26,1633.81,3251.95
2024-09-02 15:00:00,544.3,656.33,652.31,1494.03,3346.97
2024-09-02 16:00:00,453.98,303.26,647.05,1433.37,2837.66
2024-09-02 17:00:00,196.77,549.17,608.59,1605.75,2960.27
2024-09-02 18:00:00,0.0,645.29,660.34,1785.18,3090.82
2024-09-02 19:00:00,0.0,498.29,560.92,1420.92,2480.14
2024-09-02 20:00:00,0.0,427.53,534.92,1531.6,2494.05
2024-09-02 21:00:00,0.0,576.28,649.41,1161.03,2386.72
2024-09-02 22:00:00,0.0,415.03,634.78,1878.22,2928.03
2024-09-02 23:00:00,0.0,425.51,587.25,1943.5,2956.26
2024-09-03 00:00:00,0.0,596.62,558.92,1615.3,2770.85
2024-09-03 01:00:00,0.0,456.67,563.92,1545.11,2565.7
2024-09-03 02:00:00,0.0,513.83,594.77,1906.98,3015.58
2024-09-03 03:00:00,0.0,463.78,729.9,1284.77,2478.45
2024-09-03 04:00:00,0.0,510.35,711.47,1795.9,3017.72
2024-09-03 05:00:00,0.0,362.41,653.33,1647.61,2663.35
2024-09-03 06:00:00,0.0,401.28,604.11,1650.51,2655.9
2024-09-03 07:00:00,172.04,517.94,593.49,1858.64,3142.11
2024-09-03 08:00:00,326.51,624.93,571.66,1637.23,3160.32
2024-09-03 09:00:00,620.35,603.09,526.23,1795.91,3545.58
2024-09-03 10:00:00,462.54,425.7,569.98,1709.93,3168.14
2024-09-03 11:00:00,926.5,673.6,492.52,1589.56,3682.18
2024-09-03 12:00:00,812.69,571.03,655.78,1384.03,3423.53
2024-09-03 13:00:00,773.0,604.23,680.85,1571.73,3629.81
2024-09-03 14:00:00,778.55,574.41,569.22,927.14,2849.32
2024-09-03 15:00:00,708.72,449.52,680.33,2196.33,4034.91
2024-09-03 16:00:00,531.9,518.85,560.28,1764.95,3375.98
2024-09-03 17:00:00,258.26,435.68,527.74,1406.22,2627.9
2024-09-03 18:00:00,0.0,507.04,642.37,1296.58,2445.99
2024-09-03 19:00:00,0.0,465.9,569.04,1254.11,2289.05
2024-09-03 20:00:00,0.0,393.53,595.87,1330.97,2320.37
2024-09-03 21:00:00,0.0,371.97,817.34,2262.01,3451.32
2024-09-03 22:00:00,0.0,563.96,663.74,1540.0,2767.7
2024-09-03 23:00:00,0.0,376.38,614.56,1792.48,2783.42
2024-09-04 00:00:00,0.0,269.52,602.61,1294.49,2166.62
2024-09-04 01:00:00,0.0,610.9,589.32,1283.09,2483.3
2024-09-04 02:00:00,0.0,395.74,535.95,1447.29,2378.98
2024-09-04 03:00:00,0.0,594.53,602.23,1448.82,2645.58
2024-09-04 04:00:00,0.0,555.86,571.69,1307.16,2434.71
2024-09-04 05:00:00,0.0,633.15,536.93,1944.84,3114.93
2024-09-04 06:00:00,0.0,522.52,613.46,1513.77,2649.76
2024-09-04 07:00:00,180.46,497.53,522.27,1606.37,2806.63
2024-09-04 08:00:00,460.86,479.23,614.08,1545.72,3099.89
2024-09-04 09:00:00,753.53,377.04,541.62,1502.71,3174.9
2024-09-04 10:00:00,722.29,614.9,519.05,1713.32,3569.56
2024-09-04 11:00:00,897.2,348.88,648.83,1297.28,3192.19
2024-09-04 12:00:00,618.96,512.49,584.58,1861.13,3577.16
2024-09-04 13:00:00,969.91,533.81,594.1,1624.08,3721.9
2024-09-04 14:00:00,730.91,595.21,688.49,1422.38,3436.99
2024-09-04 15:00:00,657.25,395.66,566.4,1431.93,3051.24
2024-09-04 16:00:00,422.5,387.39,664.6,1386.89,2861.38
2024-09-04 17:00:00,216.46,580.77,650.86,1491.98,2940.07
2024-09-04 18:00:00,0.0,466.73,587.27,1701.87,2755.88
2024-09-04 19:00:00,0.0,270.57,549.63,1320.92,2141.12
2024-09-04 20:00:00,0.0,391.19,580.58,1825.2,2796.98
2024-09-04 21:00:00,0.0,348.65,547.94,1715.3,2611.89
2024-09-04 22:00:00,0.0,579.18,616.2,1532.93,2728.3
2024-09-04 23:00:00,0.0,515.04,584.11,1325.31,2424.46
2024-09-05 00:00:00,0.0,595.5,705.49,1498.51,2799.5
2024-09-05 01:00:00,0.0,538.0,684.11,1446.0,2668.11
2024-09-05 02:00:00,0.0,754.73,540.08,1685.27,2980.08
2024-09-05 03:00:00,0.0,561.43,642.64,1588.72,2792.8
2024-09-05 04:00:00,0.0,450.76,627.49,1763.42,2841.67
2024-09-05 05:00:00,0.0,476.3,597.16,1437.76,2511.22
2024-09-05 06:00:00,0.0,460.45,610.64,1722.01,2793.1
2024-09-05 07:00:00,201.43,528.12,617.72,1660.82,3008.09
2024-09-05 08:00:00,364.27,606.21,579.7,1517.74,3067.92
2024-09-05 09:00:00,678.99,502.03,506.25,1744.99,3432.25
2024-09-05 10:00:00,876.61,783.89,580.73,1852.41,4093.64
2024-09-05 11:00:00,834.27,456.9,595.59,1357.87,3244.63
2024-09-05 12:00:00,795.14,424.75,602.13,1804.09,3626.11
2024-09-05 13:00:00,946.65,422.39,559.28,1854.15,3782.47
2024-09-05 14:00:00,653.88,359.15,581.52,1230.65,2825.19
2024-09-05 15:00:00,667.39,592.49,616.93,1710.4,3587.21
2024-09-05 16:00:00,428.54,448.53,626.26,927.07,2430.41
2024-09-05 17:00:00,213.22,424.78,501.37,1156.94,2296.3
2024-09-05 18:00:00,0.0,772.1,633.92,1343.98,2750.0
2024-09-05 19:00:00,0.0,712.21,515.01,1729.75,2956.97
2024-09-05 20:00:00,0.0,641.72,551.18,1280.46,2473.36
2024-09-05 21:00:00,0.0,611.41,601.52,1943.76,3156.69
2024-09-05 22:00:00,0.0,332.92,623.06,1401.47,2357.44
2024-09-05 23:00:00,0.0,637.08,657.25,2040.7,3335.03
2024-09-06 00:00:00,0.0,549.44,611.27,1737.42,2898.13
2024-09-06 01:00:00,0.0,426.33,508.26,1985.51,2920.1
2024-09-06 02:00:00,0.0,605.1,669.44,1404.36,2678.9
2024-09-06 03:00:00,0.0,350.11,720.15,1235.03,2305.29
2024-09-06 04:00:00,0.0,533.16,576.83,1407.48,2517.47
2024-09-06 05:00:00,0.0,598.23,545.96,1952.25,3096.44
2024-09-06 06:00:00,0.0,503.85,663.63,1757.55,2925.03
2024-09-06 07:00:00,233.48,658.41,716.37,1537.98,3146.24
2024-09-06 08:00:00,482.08,518.79,522.33,1466.9,2990.1
2024-09-06 09:00:00,570.85,371.29,564.61,1450.85,2957.6
2024-09-06 10:00:00,754.33,604.97,663.08,1778.31,3800.68
2024-09-06 11:00:00,955.41,447.5,660.74,1397.58,3461.24
2024-09-06 12:00:00,705.06,600.61,587.99,1593.43,3487.09
2024-09-06 13:00:00,889.04,623.32,554.44,1725.26,3792.07
2024-09-06 14:00:00,812.09,347.28,552.64,1756.43,3468.44
2024-09-06 15:00:00,644.17,322.4,505.9,1759.54,3232.01
2024-09-06 16:00:00,361.6,533.71,643.42,1469.2,3007.93
2024-09-06 17:00:00,201.06,378.73,562.24,1395.98,2538.01
2024-09-06 18:00:00,0.0,460.58,592.69,1249.39,2302.66
2024-09-06 19:00:00,0.0,695.96,544.85,1798.07,3038.88
2024-09-06 20:00:00,0.0,472.22,634.23,1881.16,2987.61
2024-09-06 21:00:00,0.0,575.42,600.72,1635.64,2811.78
2024-09-06 22:00:00,0.0,632.08,505.5,2125.89,3263.47
2024-09-06 23:00:00,0.0,408.42,594.76,2102.13,3105.31
2024-09-07 00:00:00,0.0,406.56,550.0,1411.51,2368.07
2024-09-07 01:00:00,0.0,660.84,678.46,1380.03,2719.34
2024-09-07 02:00:00,0.0,473.76,609.73,1818.29,2901.77
2024-09-07 03:00:00,0.0,569.44,484.37,2071.37,3125.17
2024-09-07 04:00:00,0.0,552.39,571.99,1805.36,2929.74
2024-09-07 05:00:00,0.0,402.52,519.67,1525.84,2448.03
2024-09-07 06:00:00,0.0,575.22,542.54,1859.85,2977.62
2024-09-07 07:00:00,221.65,681.09,500.28,1479.92,2882.93
2024-09-07 08:00:00,452.98,514.44,590.88,1415.34,2973.63
2024-09-07 09:00:00,586.97,381.0,562.97,1650.16,3181.09
2024-09-07 10:00:00,556.78,403.59,650.31,1700.77,3311.45
2024-09-07 11:00:00,1079.21,632.52,528.33,1560.45,3800.52
2024-09-07 12:00:00,985.13,437.01,561.37,1788.57,3772.07
2024-09-07 13:00:00,619.67,521.85,678.19,1852.7,3672.42
2024-09-07 14:00:00,790.57,479.72,582.05,1638.16,3490.5
2024-09-07 15:00:00,535.64,703.0,556.99,1745.01,3540.64
2024-09-07 16:00:00,428.25,498.93,668.7,1714.95,3310.82
2024-09-07 17:00:00,193.55,386.85,703.59,1607.71,2891.7
2024-09-07 18:00:00,0.0,466.54,585.52,1472.46,2524.52
2024-09-07 19:00:00,0.0,711.6,603.51,1705.42,3020.52
2024-09-07 20:00:00,0.0,564.39,636.35,1667.24,2867.97
2024-09-07 21:00:00,0.0,633.39,610.09,1723.6,2967.08
2024-09-07 22:00:00,0.0,531.37,593.41,1409.98,2534.76
2024-09-07 23:00:00,0.0,603.55,600.77,2124.43,3328.74
2024-09-08 00:00:00,0.0,505.87,539.35,1572.19,2617.4
2024-09-08 01:00:00,0.0,503.0,698.58,1671.07,2872.65
2024-09-08 02:00:00,0.0,606.07,604.24,1645.0,2855.31
2024-09-08 03:00:00,0.0,478.09,589.82,1568.5,2636.41
2024-09-08 04:00:00,0.0,626.91,568.63,1573.13,2768.67
2024-09-08 05:00:00,0.0,432.44,597.45,2017.41,3047.3
2024-09-08 06:00:00,0.0,451.77,609.54,1908.63,2969.93
2024-09-08 07:00:00,200.28,277.31,557.02,1783.0,2817.6
2024-09-08 08:00:00,396.28,353.07,575.67,1391.23,2716.25
2024-09-08 09:00:00,456.95,339.23,604.85,1770.43,3171.46
2024-09-08 10:00:00,695.75,462.57,583.62,1831.08,3573.02
2024-09-08 11:00:00,993.71,502.12,587.67,1837.64,3921.13
2024-09-08 12:00:00,765.54,503.29,562.43,1516.35,3347.61
2024-09-08 13:00:00,941.99,581.83,563.18,1812.71,3899.71
2024-09-08 14:00:00,648.47,276.62,689.65,1423.75,3038.49
2024-09-08 15:00:00,605.36,628.53,688.24,1544.03,3466.16
2024-09-08 16:00:00,393.55,381.35,612.24,1520.04,2907.18
2024-09-08 17:00:00,288.89,419.22,603.1,1814.66,3125.87
2024-09-08 18:00:00,0.0,516.42,684.95,811.82,2013.19
2024-09-08 19:00:00,0.0,508.93,595.25,1245.39,2349.57
2024-09-08 20:00:00,0.0,496.68,681.04,1104.9,2282.62
2024-09-08 21:00:00,0.0,408.75,643.12,1480.64,2532.5
2024-09-08 22:00:00,0.0,564.38,623.18,1145.89,2333.45
2024-09-08 23:00:00,0.0,445.11,606.08,1366.66,2417.85
2024-09-09 00:00:00,0.0,648.43,516.51,1967.8,3132.73
2024-09-09 01:00:00,0.0,471.22,538.99,1569.2,2579.41
2024-09-09 02:00:00,0.0,467.1,590.66,1556.91,2614.67
2024-09-09 03:00:00,0.0,350.15,604.24,2017.36,2971.75
2024-09-09 04:00:00,0.0,607.65,543.13,1538.47,2689.25
2024-09-09 05:00:00,0.0,533.33,529.98,1752.22,2815.53
2024-09-09 06:00:00,0.0,490.31,573.2,1837.86,2901.37
2024-09-09 07:00:00,193.23,358.34,574.74,1550.07,2676.38
2024-09-09 08:00:00,422.56,696.14,634.75,1501.6,3255.05
2024-09-09 09:00:00,607.64,549.82,709.01,1487.68,3354.15
2024-09-09 10:00:00,739.79,394.01,632.72,1814.22,3580.74
2024-09-09 11:00:00,855.2,493.14,540.74,1751.87,3640.95
2024-09-09 12:00:00,856.0,455.25,587.92,1950.37,3849.54
2024-09-09 13:00:00,650.31,522.98,640.68,1460.04,3274.0
2024-09-09 14:00:00,741.85,456.34,626.86,1304.99,3130.04
2024-09-09 15:00:00,740.05,436.39,579.39,1353.6,3109.43
2024-09-09 16:00:00,461.1,518.88,595.44,1298.09,2873.52
2024-09-09 17:00:00,233.98,460.8,634.43,1454.26,2783.47
2024-09-09 18:00:00,0.0,374.97,675.26,1672.48,2722.71
2024-09-09 19:00:00,0.0,471.69,552.16,1543.49,2567.33
2024-09-09 20:00:00,0.0,585.91,576.23,1780.35,2942.49
2024-09-09 21:00:00,0.0,612.53,616.27,1611.63,2840.43
2024-09-09 22:00:00,0.0,503.26,561.87,1842.28,2907.4
2024-09-09 23:00:00,0.0,360.03,520.78,1204.4,2085.21
2024-09-10 00:00:00,0.0,564.06,675.51,1616.47,2856.05
2024-09-10 01:00:00,0.0,665.4,603.5,1004.38,2273.29
2024-09-10 02:00:00,0.0,548.33,498.59,1458.95,2505.87
2024-09-10 03:00:00,0.0,855.74,641.36,1530.95,3028.05
2024-09-10 04:00:00,0.0,513.77,602.12,1430.75,2546.65
2024-09-10 05:00:00,0.0,437.26,593.72,1371.05,2402.03
2024-09-10 06:00:00,0.0,453.41,580.99,1489.32,2523.71
2024-09-10 07:00:00,222.82,391.56,654.43,1719.22,2988.02
2024-09-10 08:00:00,366.45,377.25,527.94,1590.94,2862.59
2024-09-10 09:00:00,627.16,376.22,646.1,1745.44,3394.92
2024-09-10 10:00:00,631.98,451.58,688.67,1519.19,3291.41
2024-09-10 11:00:00,933.13,554.3,614.36,1727.44,3829.23
2024-09-10 12:00:00,962.08,658.15,577.5,1995.1,4192.82
2024-09-10 13:00:00,825.01,446.57,556.19,1398.71,3226.48
2024-09-10 14:00:00,688.21,412.02,589.98,2119.47,3809.68
2024-09-10 15:00:00,563.62,758.11,554.2,1371.89,3247.81
2024-09-10 16:00:00,366.35,621.4,582.49,1930.83,3501.08
2024-09-10 17:00:00,198.7,595.01,559.4,1899.24,3252.35
2024-09-10 18:00:00,0.0,357.38,633.67,1644.82,2635.86
2024-09-10 19:00:00,0.0,338.15,590.56,1655.1,2583.81
2024-09-10 20:00:00,0.0,559.91,592.27,1443.88,2596.06
2024-09-10 21:00:00,0.0,347.66,547.28,1649.74,2544.68
2024-09-10 22:00:00,0.0,475.89,552.47,2140.31,3168.68
2024-09-10 23:00:00,0.0,633.96,562.43,1452.18,2648.57
2024-09-11 00:00:00,0.0,533.87,750.51,1317.26,2601.64
2024-09-11 01:00:00,0.0,442.39,583.33,1844.31,2870.02
2024-09-11 02:00:00,0.0,327.09,657.84,1281.17,2266.1
2024-09-11 03:00:00,0.0,537.99,552.63,1663.11,2753.72
2024-09-11 04:00:00,0.0,715.92,652.23,1331.69,2699.84
2024-09-11 05:00:00,0.0,621.66,571.47,1732.37,2925.5
2024-09-11 06:00:00,0.0,331.24,657.04,1722.6,2710.88
2024-09-11 07:00:00,227.48,750.2,534.4,1215.9,2727.98
2024-09-11 08:00:00,396.45,696.11,537.05,1230.32,2859.94
2024-09-11 09:00:00,546.91,600.29,545.41,1506.65,3199.27
2024-09-11 10:00:00,783.91,221.02,597.05,1279.48,2881.46
2024-09-11 11:00:00,683.71,380.97,614.49,1641.17,3320.33
2024-09-11 12:00:00,883.78,535.73,597.55,1707.83,3724.9
2024-09-11 13:00:00,793.36,471.97,690.03,1787.2,3742.55
2024-09-11 14:00:00,677.54,652.58,657.2,1758.02,3745.34
2024-09-11 15:00:00,459.15,563.32,581.37,1785.29,3389.13
2024-09-11 16:00:00,557.36,429.88,614.45,1511.47,3113.16
2024-09-11 17:00:00,223.5,483.47,574.54,1229.6,2511.12
2024-09-11 18:00:00,0.0,513.43,592.98,1456.31,2562.72
2024-09-11 19:00:00,0.0,664.53,626.96,1688.14,2979.63
2024-09-11 20:00:00,0.0,414.42,579.55,1325.5,2319.47
2024-09-11 21:00:00,0.0,280.13,535.52,1737.61,2553.26
2024-09-11 22:00:00,0.0,441.45,552.34,1612.26,2606.06
2024-09-11 23:00:00,0.0,598.03,536.0,1760.94,2894.97
2024-09-12 00:00:00,0.0,676.9,587.23,1414.03,2678.16
2024-09-12 01:00:00,0.0,712.35,592.28,1230.41,2535.04
2024-09-12 02:00:00,0.0,603.56,636.39,1231.24,2471.19
2024-09-12 03:00:00,0.0,232.41,684.33,1879.43,2796.17
2024-09-12 04:00:00,0.0,299.62,488.15,1527.43,2315.2
2024-09-12 05:00:00,0.0,359.91,584.69,1716.87,2661.47
2024-09-12 06:00:00,0.0,556.77,570.88,1333.5,2461.16
2024-09-12 07:00:00,194.84,585.86,529.35,1723.99,3034.04
2024-09-12 08:00:00,365.42,641.81,585.57,1628.14,3220.95
2024-09-12 09:00:00,598.84,678.48,518.47,1648.49,3444.28
2024-09-12 10:00:00,810.13,399.08,625.38,1699.42,3534.0
2024-09-12 11:00:00,693.51,439.46,544.47,1659.78,3337.22
2024-09-12 12:00:00,825.66,551.43,401.8,1487.3,3266.19
2024-09-12 13:00:00,978.21,371.62,733.31,1730.69,3813.83
2024-09-12 14:00:00,671.88,721.47,569.01,1998.97,3961.33
2024-09-12 15:00:00,679.58,670.65,568.95,1827.05,3746.23
2024-09-12 16:00:00,430.95,481.93,538.7,1621.42,3073.0
2024-09-12 17:00:00,201.84,569.87,603.18,1988.58,3363.47
2024-09-12 18:00:00,0.0,487.84,493.41,1764.95,2746.21
2024-09-12 19:00:00,0.0,577.96,449.04,1826.53,2853.54
2024-09-12 20:00:00,0.0,369.39,541.95,1809.57,2720.91
2024-09-12 21:00:00,0.0,437.21,533.56,1313.78,2284.55
2024-09-12 22:00:00,0.0,612.11,650.7,1535.35,2798.15
2024-09-12 23:00:00,0.0,417.28,606.83,1384.57,2408.68
2024-09-13 00:00:00,0.0,663.64,671.58,928.57,2263.79
2024-09-13 01:00:00,0.0,637.93,638.33,1706.35,2982.61
2024-09-13 02:00:00,0.0,454.97,646.44,2012.71,3114.11
2024-09-13 03:00:00,0.0,554.32,591.71,1305.23,2451.26
2024-09-13 04:00:00,0.0,461.55,543.21,1749.63,2754.39
2024-09-13 05:00:00,0.0,488.02,603.83,1474.75,2566.59
2024-09-13 06:00:00,0.0,582.37,580.84,1554.41,2717.61
2024-09-13 07:00:00,266.19,382.47,474.8,1650.38,2773.84
2024-09-13 08:00:00,471.32,448.26,578.48,1583.7,3081.76
2024-09-13 09:00:00,574.15,544.23,567.44,1933.67,3619.48
2024-09-13 10:00:00,729.37,667.75,588.54,1999.87,3985.52
2024-09-13 11:00:00,765.75,456.95,579.1,1226.83,3028.63
2024-09-13 12:00:00,1073.46,531.02,669.94,1741.53,4015.94
2024-09-13 13:00:00,795.42,594.6,589.49,1449.4,3428.92
2024-09-13 14:00:00,749.17,457.66,695.91,1679.4,3582.14
2024-09-13 15:00:00,623.02,511.68,635.62,1601.52,3371.83
2024-09-13 16:00:00,381.4,506.9,506.75,1684.82,3079.87
2024-09-13 17:00:00,191.96,635.52,515.9,1887.44,3230.83
2024-09-13 18:00:00,0.0,439.09,575.67,1619.73,2634.49
2024-09-13 19:00:00,0.0,337.84,561.2,1950.39,2849.42
2024-09-13 20:00:00,0.0,502.48,509.54,1774.83,2786.85
2024-09-13 21:00:00,0.0,240.34,605.5,1605.82,2451.66
2024-09-13 22:00:00,0.0,432.67,611.31,1452.77,2496.75
2024-09-13 23:00:00,0.0,391.13,628.06,1471.59,2490.77
2024-09-14 00:00:00,0.0,669.73,633.42,1367.61,2670.77
2024-09-14 01:00:00,0.0,484.22,571.62,1184.45,2240.29
2024-09-14 02:00:00,0.0,550.07,526.61,1722.32,2799.01
2024-09-14 03:00:00,0.0,584.67,568.81,1787.98,2941.46
2024-09-14 04:00:00,0.0,581.76,675.8,2017.45,3275.01
2024-09-14 05:00:00,0.0,428.6,628.06,1447.32,2503.98
2024-09-14 06:00:00,0.0,367.17,508.07,1759.25,2634.49
2024-09-14 07:00:00,215.42,504.1,595.92,1638.46,2953.9
2024-09-14 08:00:00,503.37,525.77,537.18,1816.01,3382.34
2024-09-14 09:00:00,565.72,324.61,589.4,1499.83,2979.56
2024-09-14 10:00:00,605.2,412.7,745.88,1900.61,3664.4
2024-09-14 11:00:00,651.57,570.58,553.73,1853.88,3629.76
2024-09-14 12:00:00,1005.09,463.14,640.42,1241.99,3350.64
2024-09-14 13:00:00,801.97,555.81,609.98,1768.45,3736.21
2024-09-14 14:00:00,796.92,610.78,545.33,1304.62,3257.64
2024-09-14 15:00:00,582.33,505.16,527.5,1465.8,3080.79
2024-09-14 16:00:00,244.87,209.93,714.63,1432.52,2601.95
2024-09-14 17:00:00,226.0,430.59,686.83,1092.61,2436.03
2024-09-14 18:00:00,0.0,419.19,538.99,1539.69,2497.87
2024-09-14 19:00:00,0.0,385.56,607.52,1446.15,2439.23
2024-09-14 20:00:00,0.0,698.98,732.2,1333.75,2764.93
2024-09-14 21:00:00,0.0,531.04,501.81,1459.77,2492.61
2024-09-14 22:00:00,0.0,527.03,692.46,1709.34,2928.84
2024-09-14 23:00:00,0.0,786.88,494.39,1813.46,3094.73
2024-09-15 00:00:00,0.0,274.8,698.76,1436.4,2409.96
2024-09-15 01:00:00,0.0,392.21,533.61,1769.97,2695.79
2024-09-15 02:00:00,0.0,628.05,596.93,1804.97,3029.95
2024-09-15 03:00:00,0.0,391.18,602.96,1697.15,2691.29
2024-09-15 04:00:00,0.0,581.56,590.43,1886.16,3058.15
2024-09-15 05:00:00,0.0,482.0,423.79,1217.55,2123.33
2024-09-15 06:00:00,0.0,618.37,565.14,1951.18,3134.68
2024-09-15 07:00:00,197.36,444.27,647.91,1430.61,2720.16
2024-09-15 08:00:00,397.19,543.64,624.49,1821.93,3387.25
2024-09-15 09:00:00,749.17,637.75,533.08,1677.16,3597.16
2024-09-15 10:00:00,689.64,416.52,587.54,1724.2,3417.9
2024-09-15 11:00:00,824.32,423.87,606.49,2002.81,3857.49
2024-09-15 12:00:00,815.43,677.08,481.01,1335.87,3309.4
2024-09-15 13:00:00,939.71,482.88,671.75,1229.79,3324.13
2024-09-15 14:00:00,813.16,493.89,524.05,1861.56,3692.67
2024-09-15 15:00:00,798.24,610.6,715.01,1765.99,3889.84
2024-09-15 16:00:00,495.9,476.18,572.25,1972.2,3516.53
2024-09-15 17:00:00,206.96,594.26,599.34,1323.4,2723.96
2024-09-15 18:00:00,0.0,735.08,694.39,1904.67,3334.14
2024-09-15 19:00:00,0.0,318.88,555.4,1142.27,2016.56
2024-09-15 20:00:00,0.0,570.82,551.45,1684.43,2806.71
2024-09-15 21:00:00,0.0,596.75,634.17,1734.19,2965.11
2024-09-15 22:00:00,0.0,325.78,578.87,1653.22,2557.88
2024-09-15 23:00:00,0.0,553.47,621.46,1617.55,2792.48
2024-09-16 00:00:00,0.0,465.13,629.61,1410.82,2505.56
2024-09-16 01:00:00,0.0,444.52,557.16,1417.89,2419.57
2024-09-16 02:00:00,0.0,171.35,643.51,1582.31,2397.17
2024-09-16 03:00:00,0.0,398.66,580.69,1755.16,2734.51
2024-09-16 04:00:00,0.0,468.79,530.74,1414.25,2413.79
2024-09-16 05:00:00,0.0,634.46,514.04,1556.97,2705.48
2024-09-16 06:00:00,0.0,458.57,588.07,1469.26,2515.9
2024-09-16 07:00:00,236.3,713.47,513.39,1279.89,2743.04
2024-09-16 08:00:00,399.73,425.73,525.73,1393.73,2744.93
2024-09-16 09:00:00,523.34,605.62,570.65,1204.6,2904.21
2024-09-16 10:00:00,705.38,594.44,642.79,1417.43,3360.03
2024-09-16 11:00:00,722.58,502.66,642.92,1567.63,3435.8
2024-09-16 12:00:00,963.47,613.17,628.88,1772.43,3977.94
2024-09-16 13:00:00,835.8,666.42,560.64,1748.67,3811.53
2024-09-16 14:00:00,452.55,556.68,572.21,1288.66,2870.1
2024-09-16 15:00:00,624.29,582.53,577.17,1517.07,3301.07
2024-09-16 16:00:00,410.26,529.1,575.42,1682.24,3197.01
2024-09-16 17:00:00,227.19,596.62,687.37,1535.61,3046.79
2024-09-16 18:00:00,0.0,640.58,663.89,1439.28,2743.75
2024-09-16 19:00:00,0.0,411.15,543.54,1253.18,2207.87
2024-09-16 20:00:00,0.0,440.91,536.52,1305.51,2282.94
2024-09-16 21:00:00,0.0,646.44,562.45,1400.94,2609.83
2024-09-16 22:00:00,0.0,556.61,679.71,1940.81,3177.13
2024-09-16 23:00:00,0.0,546.5,585.93,1761.85,2894.28
2024-09-17 00:00:00,0.0,637.96,673.95,976.42,2288.33
2024-09-17 01:00:00,0.0,601.78,520.28,1382.77,2504.83
2024-09-17 02:00:00,0.0,404.23,458.98,1494.61,2357.83
2024-09-17 03:00:00,0.0,509.0,551.96,1720.71,2781.66
2024-09-17 04:00:00,0.0,504.95,569.07,1489.72,2563.75
2024-09-17 05:00:00,0.0,736.7,545.79,1858.78,3141.27
2024-09-17 06:00:00,0.0,623.44,595.92,1574.67,2794.03
2024-09-17 07:00:00,176.67,526.45,533.7,1892.22,3129.04
2024-09-17 08:00:00,428.35,480.4,534.42,1992.48,3435.66
2024-09-17 09:00:00,590.21,324.59,612.71,2025.78,3553.28
2024-09-17 10:00:00,721.9,561.25,523.23,1425.4,3231.79
2024-09-17 11:00:00,645.98,457.53,594.89,1582.04,3280.45
2024-09-17 12:00:00,864.15,478.16,676.95,1525.11,3544.36
2024-09-17 13:00:00,1049.23,335.21,573.81,1204.27,3162.51
2024-09-17 14:00:00,862.66,210.14,629.77,1652.92,3355.5
2024-09-17 15:00:00,646.0,564.33,664.72,1108.06,2983.1
2024-09-17 16:00:00,491.24,398.5,630.51,1494.92,3015.18
2024-09-17 17:00:00,215.43,650.58,598.85,1427.5,2892.36
2024-09-17 18:00:00,0.0,507.45,723.74,1376.37,2607.57
2024-09-17 19:00:00,0.0,611.97,528.9,2135.32,3276.19
2024-09-17 20:00:00,0.0,498.44,601.05,1746.01,2845.5
2024-09-17 21:00:00,0.0,458.26,609.76,2186.25,3254.28
2024-09-17 22:00:00,0.0,493.63,527.3,1583.72,2604.65
2024-09-17 23:00:00,0.0,605.68,580.7,1445.21,2631.6
2024-09-18 00:00:00,0.0,433.43,498.89,1236.77,2169.09
2024-09-18 01:00:00,0.0,430.01,536.43,1593.85,2560.3
2024-09-18 02:00:00,0.0,193.7,577.36,1600.64,2371.7
2024-09-18 03:00:00,0.0,522.57,633.81,1533.65,2690.03
2024-09-18 04:00:00,0.0,630.88,633.3,1736.83,3001.01
2024-09-18 05:00:00,0.0,528.36,628.14,1642.2,2798.69
2024-09-18 06:00:00,0.0,433.66,639.05,1073.02,2145.73
2024-09-18 07:00:00,225.8,477.56,481.83,2120.79,3305.98
2024-09-18 08:00:00,423.1,640.14,685.83,1454.92,3203.99
2024-09-18 09:00:00,491.45,496.89,591.34,1494.49,3074.18
2024-09-18 10:00:00,711.18,453.02,678.46,1381.94,3224.59
2024-09-18 11:00:00,1004.23,425.16,544.0,1969.36,3942.75
2024-09-18 12:00:00,704.04,577.05,623.39,1453.98,3358.46
2024-09-18 13:00:00,821.13,604.2,498.62,1525.21,3449.16
2024-09-18 14:00:00,829.92,507.39,693.98,1605.33,3636.62
2024-09-18 15:00:00,483.16,689.94,591.19,1461.32,3225.62
2024-09-18 16:00:00,351.59,775.11,510.33,2044.22,3681.26
2024-09-18 17:00:00,294.23,729.83,620.34,1706.63,3351.03
2024-09-18 18:00:00,0.0,699.85,636.14,1295.07,2631.06
2024-09-18 19:00:00,0.0,540.67,587.48,1351.2,2479.35
2024-09-18 20:00:00,0.0,315.72,552.77,1626.06,2494.55
2024-09-18 21:00:00,0.0,554.43,650.54,1786.74,2991.71
2024-09-18 22:00:00,0.0,348.27,586.4,1331.01,2265.68
2024-09-18 23:00:00,0.0,449.45,695.52,1458.54,2603.51
2024-09-19 00:00:00,0.0,471.23,655.66,1521.82,2648.71
2024-09-19 01:00:00,0.0,710.02,547.35,828.55,2085.91
2024-09-19 02:00:00,0.0,449.31,551.84,1228.5,2229.65
2024-09-19 03:00:00,0.0,532.95,555.86,1162.25,2251.05
2024-09-19 04:00:00,0.0,510.36,632.46,1905.1,3047.92
2024-09-19 05:00:00,0.0,550.17,642.54,1680.18,2872.89
2024-09-19 06:00:00,0.0,607.47,668.37,1481.88,2757.71
2024-09-19 07:00:00,256.07,661.79,634.21,2013.55,3565.62
2024-09-19 08:00:00,491.39,354.42,595.66,1376.45,2817.92
2024-09-19 09:00:00,563.79,608.8,595.35,1333.42,3101.35
2024-09-19 10:00:00,920.09,631.07,569.48,1605.89,3726.53
2024-09-19 11:00:00,866.33,378.84,672.4,1435.98,3353.54
2024-09-19 12:00:00,956.18,677.96,658.26,1158.45,3450.84
2024-09-19 13:00:00,981.22,516.17,619.17,1988.52,4105.08
2024-09-19 14:00:00,766.91,254.41,452.41,1452.96,2926.68
2024-09-19 15:00:00,565.18,214.71,529.89,1638.76,2948.54
2024-09-19 16:00:00,521.16,485.23,623.49,1616.38,3246.26
2024-09-19 17:00:00,247.78,388.75,691.68,2094.91,3423.12
2024-09-19 18:00:00,0.0,511.6,691.85,1375.22,2578.66
2024-09-19 19:00:00,0.0,405.26,652.86,2266.3,3324.42
2024-09-19 20:00:00,0.0,445.3,664.29,1795.1,2904.69
2024-09-19 21:00:00,0.0,336.84,661.7,1508.63,2507.16
2024-09-19 22:00:00,0.0,502.3,577.86,1561.93,2642.08
2024-09-19 23:00:00,0.0,444.34,698.72,1725.19,2868.25
2024-09-20 00:00:00,0.0,521.79,645.54,1697.49,2864.82
2024-09-20 01:00:00,0.0,398.35,562.21,1257.37,2217.94
2024-09-20 02:00:00,0.0,495.5,497.76,1651.02,2644.29
2024-09-20 03:00:00,0.0,688.56,568.62,1322.86,2580.04
2024-09-20 04:00:00,0.0,644.95,630.8,1724.39,3000.14
2024-09-20 05:00:00,0.0,452.79,582.65,1703.59,2739.03
2024-09-20 06:00:00,0.0,353.34,584.0,1618.94,2556.28
2024-09-20 07:00:00,183.8,442.49,628.28,1142.97,2397.53
2024-09-20 08:00:00,412.52,454.29,508.35,1570.12,2945.28
2024-09-20 09:00:00,600.46,418.06,466.46,1725.87,3210.86
2024-09-20 10:00:00,685.21,693.65,726.73,1792.81,3898.4
2024-09-20 11:00:00,886.64,510.62,531.78,1670.05,3599.09
2024-09-20 12:00:00,646.4,438.08,710.84,1921.57,3716.9
2024-09-20 13:00:00,1053.39,603.82,609.51,1613.14,3879.87
2024-09-20 14:00:00,790.39,631.16,530.71,1452.77,3405.04
2024-09-20 15:00:00,598.9,406.76,671.15,1487.05,3163.86
2024-09-20 16:00:00,397.13,448.99,629.27,1307.25,2782.65
2024-09-20 17:00:00,235.34,772.89,593.28,1813.12,3414.63
2024-09-20 18:00:00,0.0,474.79,510.84,1442.42,2428.04
2024-09-20 19:00:00,0.0,363.56,551.02,1638.72,2553.3
2024-09-20 20:00:00,0.0,648.43,584.31,1518.1,2750.84
2024-09-20 21:00:00,0.0,507.81,682.46,1515.82,2706.1
2024-09-20 22:00:00,0.0,621.33,654.79,1827.69,3103.81
2024-09-20 23:00:00,0.0,671.39,661.82,1484.05,2817.26
2024-09-21 00:00:00,0.0,497.2,550.44,1840.9,2888.55
2024-09-21 01:00:00,0.0,429.32,488.91,1649.01,2567.24
2024-09-21 02:00:00,0.0,497.3,547.8,1800.73,2845.82
2024-09-21 03:00:00,0.0,521.48,602.81,1438.61,2562.9
2024-09-21 04:00:00,0.0,436.87,672.76,1459.98,2569.61
2024-09-21 05:00:00,0.0,695.77,576.11,1527.42,2799.3
2024-09-21 06:00:00,0.0,599.99,573.71,1393.42,2567.11
2024-09-21 07:00:00,233.52,691.22,489.5,1282.22,2696.45
2024-09-21 08:00:00,448.18,649.24,597.94,1546.23,3241.59
2024-09-21 09:00:00,707.89,442.25,534.26,1573.42,3257.82
2024-09-21 10:00:00,607.36,564.06,598.95,1449.82,3220.2
2024-09-21 11:00:00,941.71,473.25,650.15,1895.48,3960.6
2024-09-21 12:00:00,937.08,341.36,605.21,1780.31,3663.96
2024-09-21 13:00:00,712.24,573.92,639.36,1678.88,3604.4
2024-09-21 14:00:00,841.45,330.43,615.22,1563.96,3351.06
2024-09-21 15:00:00,670.72,566.28,572.82,2022.66,3832.48
2024-09-21 16:00:00,468.72,504.63,571.35,1538.35,3083.05
2024-09-21 17:00:00,195.71,557.8,655.48,1895.44,3304.44
2024-09-21 18:00:00,0.0,632.45,639.16,1545.19,2816.81
2024-09-21 19:00:00,0.0,522.32,609.49,1087.64,2219.44
2024-09-21 20:00:00,0.0,622.7,561.34,1533.38,2717.41
2024-09-21 21:00:00,0.0,711.25,666.95,1436.39,2814.6
2024-09-21 22:00:00,0.0,658.74,658.2,1874.42,3191.36
2024-09-21 23:00:00,0.0,408.42,629.21,1636.67,2674.3
2024-09-22 00:00:00,0.0,576.6,605.47,1874.11,3056.19
2024-09-22 01:00:00,0.0,496.81,555.25,1556.25,2608.32
2024-09-22 02:00:00,0.0,370.43,631.77,1113.12,2115.31
2024-09-22 03:00:00,0.0,606.69,676.63,1454.55,2737.87
2024-09-22 04:00:00,0.0,561.44,582.97,1990.62,3135.03
2024-09-22 05:00:00,0.0,597.37,590.81,1540.17,2728.36
2024-09-22 06:00:00,0.0,520.46,587.45,1254.26,2362.17
2024-09-22 07:00:00,236.31,702.3,427.3,1727.3,3093.2
2024-09-22 08:00:00,433.6,551.25,637.09,1321.05,2942.99
2024-09-22 09:00:00,661.12,606.96,664.64,1540.16,3472.88
2024-09-22 10:00:00,848.0,624.85,527.88,1416.82,3417.55
2024-09-22 11:00:00,853.64,693.03,594.47,1402.88,3544.02
2024-09-22 12:00:00,914.73,522.62,633.26,1527.45,3598.05
2024-09-22 13:00:00,1030.0,476.36,588.95,1747.31,3842.62
2024-09-22 14:00:00,908.68,570.37,553.37,2026.0,4058.42
2024-09-22 15:00:00,468.38,530.56,700.0,1605.78,3304.72
2024-09-22 16:00:00,459.65,502.79,554.69,2062.0,3579.12
2024-09-22 17:00:00,217.79,573.47,592.38,1521.32,2904.96
2024-09-22 18:00:00,0.0,659.78,734.61,1774.17,3168.56
2024-09-22 19:00:00,0.0,430.18,645.24,1425.15,2500.58
2024-09-22 20:00:00,0.0,554.94,687.96,1364.58,2607.48
2024-09-22 21:00:00,0.0,216.62,592.2,1103.96,1912.79
2024-09-22 22:00:00,0.0,419.83,670.32,1186.42,2276.57
2024-09-22 23:00:00,0.0,350.81,584.46,931.12,1866.38
2024-09-23 00:00:00,0.0,402.79,507.97,1758.67,2669.44
2024-09-23 01:00:00,0.0,536.77,576.76,1627.23,2740.76
2024-09-23 02:00:00,0.0,508.87,659.32,1553.99,2722.18
2024-09-23 03:00:00,0.0,336.17,552.84,1448.63,2337.63
2024-09-23 04:00:00,0.0,612.36,553.14,1351.64,2517.13
2024-09-23 05:00:00,0.0,623.34,624.76,1574.0,2822.1
2024-09-23 06:00:00,0.0,429.81,647.33,1462.46,2539.61
2024-09-23 07:00:00,236.02,402.06,538.73,2049.6,3226.41
2024-09-23 08:00:00,405.98,410.06,584.58,1371.15,2771.77
2024-09-23 09:00:00,747.46,576.96,630.93,1756.3,3711.64
2024-09-23 10:00:00,910.09,437.69,586.1,1225.35,3159.23
2024-09-23 11:00:00,619.52,348.71,552.0,1949.11,3469.33
2024-09-23 12:00:00,865.9,618.41,535.86,1616.31,3636.47
2024-09-23 13:00:00,866.39,402.2,604.65,1794.55,3667.8
2024-09-23 14:00:00,759.98,535.09,622.25,1584.94,3502.25
2024-09-23 15:00:00,707.15,562.56,573.5,1592.51,3435.71
2024-09-23 16:00:00,489.71,291.67,620.25,1715.02,3116.66
2024-09-23 17:00:00,225.64,586.91,605.1,1289.95,2707.6
2024-09-23 18:00:00,0.0,601.6,675.87,1544.1,2821.57
2024-09-23 19:00:00,0.0,412.18,566.01,1192.2,2170.39
2024-09-23 20:00:00,0.0,513.17,631.16,1265.25,2409.58
2024-09-23 21:00:00,0.0,283.71,595.48,1331.98,2211.17
2024-09-23 22:00:00,0.0,272.53,542.51,1403.43,2218.48
2024-09-23 23:00:00,0.0,485.71,649.87,1688.74,2824.32
2024-09-24 00:00:00,0.0,190.34,594.78,2263.47,3048.6
2024-09-24 01:00:00,0.0,728.48,607.27,1581.98,2917.72
2024-09-24 02:00:00,0.0,582.4,698.31,1397.22,2677.94
2024-09-24 03:00:00,0.0,285.49,572.64,1679.8,2537.93
2024-09-24 04:00:00,0.0,435.15,680.54,1660.64,2776.32
2024-09-24 05:00:00,0.0,498.25,615.52,1458.19,2571.96
2024-09-24 06:00:00,0.0,459.79,620.46,1911.45,2991.7
2024-09-24 07:00:00,159.01,805.71,635.95,1497.57,3098.23
2024-09-24 08:00:00,492.37,457.33,614.57,1651.62,3215.9
2024-09-24 09:00:00,492.77,458.26,558.2,1976.89,3486.12
2024-09-24 10:00:00,732.45,366.24,594.36,1669.09,3362.14
2024-09-24 11:00:00,728.33,466.04,504.03,1634.35,3332.74
2024-09-24 12:00:00,848.55,565.91,573.21,1282.7,3270.37
2024-09-24 13:00:00,843.81,492.89,600.24,1488.66,3425.6
2024-09-24 14:00:00,809.85,361.26,576.79,1182.93,2930.82
2024-09-24 15:00:00,660.75,469.92,659.21,1286.25,3076.13
2024-09-24 16:00:00,417.76,426.88,545.46,1913.97,3304.06
2024-09-24 17:00:00,208.27,348.32,670.99,1873.57,3101.16
2024-09-24 18:00:00,0.0,723.62,522.14,1546.96,2792.73
2024-09-24 19:00:00,0.0,385.12,444.29,2009.53,2838.93
2024-09-24 20:00:00,0.0,304.75,545.0,1699.43,2549.18
2024-09-24 21:00:00,0.0,345.06,577.8,1577.65,2500.51
2024-09-24 22:00:00,0.0,543.17,464.94,1719.5,2727.61
2024-09-24 23:00:00,0.0,674.07,670.63,1589.26,2933.96
2024-09-25 00:00:00,0.0,361.82,625.66,1625.47,2612.95
2024-09-25 01:00:00,0.0,480.78,624.99,1989.24,3095.0
2024-09-25 02:00:00,0.0,538.96,589.86,1770.2,2899.02
2024-09-25 03:00:00,0.0,602.33,557.56,1695.35,2855.24
2024-09-25 04:00:00,0.0,373.46,513.67,1715.96,2603.08
2024-09-25 05:00:00,0.0,313.52,667.6,1172.66,2153.78
2024-09-25 06:00:00,0.0,576.6,736.77,1777.54,3090.91
2024-09-25 07:00:00,213.89,522.3,660.54,2143.01,3539.74
2024-09-25 08:00:00,516.32,578.98,503.08,1252.33,2850.72
2024-09-25 09:00:00,657.59,511.18,484.0,1639.5,3292.28
2024-09-25 10:00:00,636.08,520.33,605.56,1838.77,3600.74
2024-09-25 11:00:00,823.11,857.68,642.13,1751.49,4074.4
2024-09-25 12:00:00,964.26,325.22,712.05,1575.56,3577.1
2024-09-25 13:00:00,722.69,439.65,698.91,1249.17,3110.42
2024-09-25 14:00:00,750.29,605.95,495.9,1935.55,3787.69
2024-09-25 15:00:00,720.79,437.86,619.59,1363.11,3141.34
2024-09-25 16:00:00,427.68,324.18,635.26,1502.29,2889.42
2024-09-25 17:00:00,237.65,384.16,659.62,1821.5,3102.94
2024-09-25 18:00:00,0.0,602.31,624.71,1692.83,2919.85
2024-09-25 19:00:00,0.0,546.18,583.43,1469.91,2599.52
2024-09-25 20:00:00,0.0,520.85,437.32,1464.59,2422.77
2024-09-25 21:00:00,0.0,374.26,490.13,1503.38,2367.78
2024-09-25 22:00:00,0.0,402.33,526.08,1619.68,2548.08
2024-09-25 23:00:00,0.0,476.19,642.4,1431.09,2549.68
2024-09-26 00:00:00,0.0,445.42,592.45,2217.6,3255.47
2024-09-26 01:00:00,0.0,440.17,709.85,1594.45,2744.48
2024-09-26 02:00:00,0.0,345.64,653.71,1381.36,2380.7
2024-09-26 03:00:00,0.0,588.05,626.69,1869.8,3084.54
2024-09-26 04:00:00,0.0,444.95,601.55,1644.82,2691.31
2024-09-26 05:00:00,0.0,604.43,526.06,1616.29,2746.78
2024-09-26 06:00:00,0.0,464.14,550.66,1668.65,2683.45
2024-09-26 07:00:00,255.98,411.49,556.62,1300.82,2524.91
2024-09-26 08:00:00,321.87,360.6,628.32,1460.59,2771.37
2024-09-26 09:00:00,510.32,355.4,596.32,1527.58,2989.62
2024-09-26 10:00:00,799.31,569.94,545.73,1780.99,3695.96
2024-09-26 11:00:00,595.52,344.1,651.01,1922.67,3513.3
2024-09-26 12:00:00,800.63,285.4,561.2,1764.75,3411.98
2024-09-26 13:00:00,867.62,380.87,623.55,1788.38,3660.43
2024-09-26 14:00:00,705.1,364.0,663.16,1531.0,3263.27
2024-09-26 15:00:00,679.01,691.54,590.18,1697.78,3658.51
2024-09-26 16:00:00,527.17,452.59,664.58,1842.53,3486.88
2024-09-26 17:00:00,209.93,429.59,635.35,1624.38,2899.24
2024-09-26 18:00:00,0.0,315.8,650.29,1426.54,2392.62
2024-09-26 19:00:00,0.0,576.98,617.19,1266.05,2460.22
2024-09-26 20:00:00,0.0,541.93,539.97,1720.28,2802.17
2024-09-26 21:00:00,0.0,440.61,590.01,1688.66,2719.28
2024-09-26 22:00:00,0.0,609.66,482.02,1445.95,2537.64
2024-09-26 23:00:00,0.0,538.14,632.56,1162.06,2332.76
2024-09-27 00:00:00,0.0,649.64,700.53,1180.45,2530.62
2024-09-27 01:00:00,0.0,539.98,656.63,1705.6,2902.21
2024-09-27 02:00:00,0.0,450.12,687.78,1844.5,2982.41
2024-09-27 03:00:00,0.0,402.76,598.76,1420.39,2421.91
2024-09-27 04:00:00,0.0,601.68,568.86,1928.14,3098.68
2024-09-27 05:00:00,0.0,179.39,706.21,1328.28,2213.88
2024-09-27 06:00:00,0.0,674.82,622.8,1226.81,2524.44
2024-09-27 07:00:00,222.47,569.52,697.93,1855.03,3344.95
2024-09-27 08:00:00,501.28,411.92,623.7,2355.3,3892.2
2024-09-27 09:00:00,608.16,442.7,611.44,1598.69,3260.99
2024-09-27 10:00:00,821.29,564.12,645.06,1709.6,3740.07
2024-09-27 11:00:00,864.05,450.18,510.48,1468.76,3293.47
2024-09-27 12:00:00,999.93,555.66,576.67,1899.33,4031.59
2024-09-27 13:00:00,724.44,401.02,648.48,2159.04,3932.97
2024-09-27 14:00:00,716.72,432.26,563.77,1612.09,3324.84
2024-09-27 15:00:00,543.92,438.69,571.84,1701.59,3256.04
2024-09-27 16:00:00,445.67,422.82,612.37,1407.96,2888.82
2024-09-27 17:00:00,246.27,524.36,459.79,1411.67,2642.09
2024-09-27 18:00:00,0.0,410.98,629.87,1337.96,2378.81
2024-09-27 19:00:00,0.0,546.64,615.21,1720.11,2881.96
2024-09-27 20:00:00,0.0,552.72,536.07,1512.99,2601.78
2024-09-27 21:00:00,0.0,683.37,733.73,1749.96,3167.07
2024-09-27 22:00:00,0.0,516.07,527.72,1514.84,2558.63
2024-09-27 23:00:00,0.0,434.49,627.36,1497.83,2559.68
2024-09-28 00:00:00,0.0,384.94,547.55,1523.29,2455.78
2024-09-28 01:00:00,0.0,362.52,638.18,1621.27,2621.96
2024-09-28 02:00:00,0.0,410.69,657.28,1945.48,3013.45
2024-09-28 03:00:00,0.0,497.77,715.48,1760.04,2973.29
2024-09-28 04:00:00,0.0,549.98,538.32,1700.67,2788.97
2024-09-28 05:00:00,0.0,414.13,529.76,1675.5,2619.38
2024-09-28 06:00:00,0.0,499.1,533.16,1675.86,2708.13
2024-09-28 07:00:00,246.21,494.26,602.91,1246.17,2589.55
2024-09-28 08:00:00,434.86,345.06,586.49,1870.07,3236.48
2024-09-28 09:00:00,459.66,395.11,621.83,1680.46,3157.06
2024-09-28 10:00:00,1014.35,253.41,627.0,1625.67,3520.44
2024-09-28 11:00:00,938.81,440.92,572.9,1531.44,3484.08
2024-09-28 12:00:00,914.38,600.36,582.79,1746.97,3844.5
2024-09-28 13:00:00,795.95,401.77,593.18,1885.06,3675.96
2024-09-28 14:00:00,739.35,478.59,547.94,1366.76,3132.64
2024-09-28 15:00:00,567.56,504.84,604.49,1895.37,3572.26
2024-09-28 16:00:00,449.5,280.1,555.28,1361.93,2646.8
2024-09-28 17:00:00,193.45,536.65,576.64,2057.11,3363.85
2024-09-28 18:00:00,0.0,339.95,721.88,1705.43,2767.26
2024-09-28 19:00:00,0.0,550.8,596.01,1632.79,2779.6
2024-09-28 20:00:00,0.0,319.98,609.45,1760.14,2689.57
2024-09-28 21:00:00,0.0,674.3,633.07,1565.87,2873.24
2024-09-28 22:00:00,0.0,625.85,607.86,1651.47,2885.18
2024-09-28 23:00:00,0.0,426.67,593.24,1596.25,2616.16
2024-09-29 00:00:00,0.0,560.09,550.9,2056.01,3167.0
2024-09-29 01:00:00,0.0,633.35,446.17,2008.56,3088.08
2024-09-29 02:00:00,0.0,313.3,590.35,1661.35,2565.0
2024-09-29 03:00:00,0.0,460.97,664.21,1669.29,2794.46
2024-09-29 04:00:00,0.0,615.18,606.98,1838.03,3060.18
2024-09-29 05:00:00,0.0,522.27,663.21,1533.12,2718.61
2024-09-29 06:00:00,0.0,405.5,556.56,1223.41,2185.47
2024-09-29 07:00:00,266.26,476.48,726.79,2068.08,3537.61
2024-09-29 08:00:00,479.7,397.93,530.73,1698.94,3107.31
2024-09-29 09:00:00,516.76,499.68,521.15,1386.88,2924.46
2024-09-29 10:00:00,841.93,532.84,580.99,1547.73,3503.48
2024-09-29 11:00:00,851.19,481.31,542.07,1295.96,3170.54
2024-09-29 12:00:00,818.97,794.91,699.76,1611.19,3924.83
2024-09-29 13:00:00,1007.84,561.9,585.04,1918.9,4073.67
2024-09-29 14:00:00,771.52,468.92,619.77,1318.83,3179.04
2024-09-29 15:00:00,651.41,348.88,614.67,1933.8,3548.76
2024-09-29 16:00:00,393.61,312.13,458.0,1520.78,2684.53
2024-09-29 17:00:00,251.69,402.52,581.95,1832.04,3068.2
2024-09-29 18:00:00,0.0,590.94,543.37,1337.98,2472.29
2024-09-29 19:00:00,0.0,406.08,627.51,1368.8,2402.39
2024-09-29 20:00:00,0.0,482.82,598.41,1375.74,2456.97
2024-09-29 21:00:00,0.0,531.91,582.46,1677.47,2791.85
2024-09-29 22:00:00,0.0,204.9,618.05,1745.45,2568.4
2024-09-29 23:00:00,0.0,434.82,638.24,1482.68,2555.74
2024-09-30 00:00:00,0.0,632.93,495.19,1203.43,2331.55
2024-09-30 01:00:00,0.0,547.14,668.55,1409.33,2625.02
2024-09-30 02:00:00,0.0,666.46,606.46,1270.61,2543.52
2024-09-30 03:00:00,0.0,594.8,478.04,1298.46,2371.3
2024-09-30 04:00:00,0.0,522.48,523.46,1772.4,2818.34
2024-09-30 05:00:00,0.0,368.08,620.76,1424.47,2413.31
2024-09-30 06:00:00,0.0,527.13,643.86,1400.95,2571.94
2024-09-30 07:00:00,252.18,435.87,673.1,1644.57,3005.73
2024-09-30 08:00:00,425.71,451.84,587.28,1657.8,3122.63
2024-09-30 09:00:00,606.81,360.01,658.19,1481.97,3106.98
2024-09-30 10:00:00,989.77,573.09,615.96,1722.87,3901.7
2024-09-30 11:00:00,950.06,603.84,634.04,1622.56,3810.5
2024-09-30 12:00:00,866.27,320.81,552.01,1312.34,3051.44
2024-09-30 13:00:00,607.65,431.31,578.51,1435.79,3053.26
2024-09-30 14:00:00,807.62,570.51,513.54,1636.02,3527.7
2024-09-30 15:00:00,635.61,513.45,666.26,2091.6,3906.92
2024-09-30 16:00:00,428.9,799.43,554.78,1355.13,3138.24
2024-09-30 17:00:00,211.62,310.71,593.46,1769.25,2885.04
2024-09-30 18:00:00,0.0,423.19,726.64,1088.66,2238.49
2024-09-30 19:00:00,0.0,469.64,588.48,1946.99,3005.11
2024-09-30 20:00:00,0.0,634.52,656.65,1396.24,2687.4
2024-09-30 21:00:00,0.0,285.59,557.55,1318.64,2161.78
2024-09-30 22:00:00,0.0,602.4,626.64,1517.29,2746.33
2024-09-30 23:00:00,0.0,519.04,549.84,1348.51,2417.39
2024-10-01 00:00:00,0.0,385.86,606.94,1722.61,2715.41
2024-10-01 01:00:00,0.0,584.36,649.64,1637.93,2871.93
2024-10-01 02:00:00,0.0,553.37,611.69,1996.08,3161.14
2024-10-01 03:00:00,0.0,654.38,516.14,1688.66,2859.18
2024-10-01 04:00:00,0.0,345.43,596.71,2149.52,3091.66
2024-10-01 05:00:00,0.0,428.43,636.32,1449.23,2513.98
2024-10-01 06:00:00,0.0,517.66,686.3,1390.87,2594.83
2024-10-01 07:00:00,274.03,235.23,642.42,1722.04,2873.73
2024-10-01 08:00:00,436.13,325.5,584.53,1229.44,2575.61
2024-10-01 09:00:00,556.78,518.51,626.89,1773.25,3475.44
2024-10-01 10:00:00,744.68,454.39,747.4,1836.16,3782.62
2024-10-01 11:00:00,775.05,450.96,522.35,1093.36,2841.72
2024-10-01 12:00:00,929.62,418.41,680.1,1654.36,3682.49
2024-10-01 13:00:00,718.16,206.67,503.53,1954.18,3382.54
2024-10-01 14:00:00,849.47,683.77,654.51,1694.81,3882.56
2024-10-01 15:00:00,621.6,801.04,711.18,1786.56,3920.38
2024-10-01 16:00:00,503.37,466.35,745.3,1641.26,3356.29
2024-10-01 17:00:00,200.63,597.04,644.53,1816.13,3258.33
2024-10-01 18:00:00,0.0,376.87,678.19,1567.16,2622.22
2024-10-01 19:00:00,0.0,560.18,568.8,1506.11,2635.09
2024-10-01 20:00:00,0.0,352.22,621.66,1535.53,2509.41
2024-10-01 21:00:00,0.0,416.91,615.48,1357.61,2390.0
2024-10-01 22:00:00,0.0,437.74,624.76,1935.83,2998.33
2024-10-01 23:00:00,0.0,659.59,590.34,1787.12,3037.05
2024-10-02 00:00:00,0.0,540.38,712.11,1671.52,2924.01
2024-10-02 01:00:00,0.0,436.55,643.93,1337.1,2417.58
2024-10-02 02:00:00,0.0,423.3,528.0,1459.23,2410.54
2024-10-02 03:00:00,0.0,583.67,649.62,1178.78,2412.08
2024-10-02 04:00:00,0.0,517.88,589.43,1538.07,2645.38
2024-10-02 05:00:00,0.0,489.07,605.46,1354.88,2449.4
2024-10-02 06:00:00,0.0,349.6,610.17,1621.36,2581.13
2024-10-02 07:00:00,215.84,440.53,593.34,1916.02,3165.73
2024-10-02 08:00:00,378.04,285.56,548.31,1576.91,2788.82
2024-10-02 09:00:00,571.14,605.96,646.14,1427.01,3250.25
2024-10-02 10:00:00,688.3,320.74,645.64,1318.59,2973.28
2024-10-02 11:00:00,927.45,598.65,619.01,1318.16,3463.27
2024-10-02 12:00:00,843.78,568.79,670.08,1415.93,3498.58
2024-10-02 13:00:00,778.3,496.67,576.21,1373.27,3224.45
2024-10-02 14:00:00,671.31,520.23,616.29,1678.67,3486.5
2024-10-02 15:00:00,509.14,443.7,630.2,1420.87,3003.9
2024-10-02 16:00:00,501.01,605.01,604.72,1573.84,3284.57
2024-10-02 17:00:00,224.82,592.92,720.31,1880.1,3418.15
2024-10-02 18:00:00,0.0,460.44,519.31,1710.09,2689.84
2024-10-02 19:00:00,0.0,576.24,598.73,1090.08,2265.05
2024-10-02 20:00:00,0.0,453.19,596.53,1739.11,2788.82
2024-10-02 21:00:00,0.0,283.38,566.97,2007.27,2857.62
2024-10-02 22:00:00,0.0,559.66,659.61,1313.84,2533.1
2024-10-02 23:00:00,0.0,526.63,575.9,1806.45,2908.98
2024-10-03 00:00:00,0.0,216.28,663.37,1937.38,2817.02
2024-10-03 01:00:00,0.0,631.76,550.79,1779.48,2962.03
2024-10-03 02:00:00,0.0,822.53,634.36,1853.39,3310.29
2024-10-03 03:00:00,0.0,486.72,570.98,1536.22,2593.92
2024-10-03 04:00:00,0.0,503.87,650.25,1574.38,2728.49
2024-10-03 05:00:00,0.0,538.09,619.91,1292.39,2450.4
2024-10-03 06:00:00,0.0,743.93,639.85,1856.99,3240.78
2024-10-03 07:00:00,266.33,519.38,602.1,1774.5,3162.31
2024-10-03 08:00:00,405.27,473.19,732.53,1144.05,2755.04
2024-10-03 09:00:00,747.99,601.1,488.87,2123.79,3961.75
2024-10-03 10:00:00,879.91,374.59,610.56,1674.26,3539.33
2024-10-03 11:00:00,930.4,507.54,516.93,1707.26,3662.12
2024-10-03 12:00:00,804.86,556.86,612.62,1556.93,3531.27
2024-10-03 13:00:00,638.54,486.24,596.27,1335.98,3057.03
2024-10-03 14:00:00,524.82,534.37,566.15,1356.7,2982.04
2024-10-03 15:00:00,560.87,220.2,591.93,1606.56,2979.55
2024-10-03 16:00:00,486.49,613.15,738.11,1524.17,3361.92
2024-10-03 17:00:00,206.57,509.44,541.78,1508.33,2766.12
2024-10-03 18:00:00,0.0,331.94,670.17,1780.01,2782.12
2024-10-03 19:00:00,0.0,493.67,653.01,1679.61,2826.29
2024-10-03 20:00:00,0.0,623.55,612.34,1266.42,2502.32
2024-10-03 21:00:00,0.0,655.68,629.67,1554.1,2839.45
2024-10-03 22:00:00,0.0,437.27,675.06,1989.89,3102.22
2024-10-03 23:00:00,0.0,298.86,624.52,1579.75,2503.14
2024-10-04 00:00:00,0.0,490.85,634.95,1521.65,2647.46
2024-10-04 01:00:00,0.0,489.88,701.28,1573.82,2764.97
2024-10-04 02:00:00,0.0,474.81,597.16,1291.77,2363.74
2024-10-04 03:00:00,0.0,699.65,640.65,1486.93,2827.22
2024-10-04 04:00:00,0.0,521.69,645.97,1352.65,2520.31
2024-10-04 05:00:00,0.0,519.81,661.15,1283.69,2464.64
2024-10-04 06:00:00,0.0,636.67,600.42,1759.22,2996.3
2024-10-04 07:00:00,207.88,452.6,646.44,1148.55,2455.47
2024-10-04 08:00:00,298.46,403.56,631.0,1373.72,2706.73
2024-10-04 09:00:00,585.03,459.87,618.61,1147.77,2811.28
2024-10-04 10:00:00,705.82,648.02,684.57,1706.91,3745.32
2024-10-04 11:00:00,788.04,486.34,566.13,2038.67,3879.17
2024-10-04 12:00:00,1018.37,435.73,595.21,1905.27,3954.58
2024-10-04 13:00:00,893.85,569.37,518.55,1933.78,3915.55
2024-10-04 14:00:00,658.24,324.59,671.61,1240.88,2895.32
2024-10-04 15:00:00,585.53,436.05,605.96,1324.86,2952.4
2024-10-04 16:00:00,417.8,606.07,724.18,1886.33,3634.37
2024-10-04 17:00:00,168.8,663.97,597.71,1565.29,2995.77
2024-10-04 18:00:00,0.0,655.24,543.4,1307.62,2506.27
2024-10-04 19:00:00,0.0,662.19,579.54,2031.76,3273.49
2024-10-04 20:00:00,0.0,479.64,698.67,1315.25,2493.56
2024-10-04 21:00:00,0.0,466.36,631.44,1674.64,2772.43
2024-10-04 22:00:00,0.0,530.59,599.02,1581.01,2710.62
2024-10-04 23:00:00,0.0,442.08,601.33,1328.88,2372.29
2024-10-05 00:00:00,0.0,329.9,574.09,1376.91,2280.89
2024-10-05 01:00:00,0.0,407.16,587.1,1331.75,2326.01
2024-10-05 02:00:00,0.0,417.69,588.3,1614.73,2620.71
2024-10-05 03:00:00,0.0,556.1,647.76,1734.56,2938.43
2024-10-05 04:00:00,0.0,268.55,611.19,1291.22,2170.96
2024-10-05 05:00:00,0.0,663.93,625.69,1779.08,3068.69
2024-10-05 06:00:00,0.0,522.09,587.57,1824.05,2933.71
2024-10-05 07:00:00,264.13,257.37,750.55,1303.52,2575.57
2024-10-05 08:00:00,437.24,571.01,602.99,1353.5,2964.74
2024-10-05 09:00:00,620.01,293.34,694.79,1448.46,3056.6
2024-10-05 10:00:00,832.13,561.62,613.79,1595.36,3602.9
2024-10-05 11:00:00,670.29,652.73,615.2,1671.19,3609.41
2024-10-05 12:00:00,985.72,422.42,581.97,1566.15,3556.26
2024-10-05 13:00:00,684.52,628.77,517.16,1374.72,3205.17
2024-10-05 14:00:00,828.46,512.83,516.55,1741.91,3599.74
2024-10-05 15:00:00,490.71,489.59,579.87,1687.45,3247.63
2024-10-05 16:00:00,433.36,472.3,633.74,1593.49,3132.89
2024-10-05 17:00:00,243.65,476.28,646.2,1717.44,3083.58
2024-10-05 18:00:00,0.0,438.43,532.18,1572.68,2543.29
2024-10-05 19:00:00,0.0,633.98,650.3,1438.71,2722.99
2024-10-05 20:00:00,0.0,295.36,619.29,1687.29,2601.94
2024-10-05 21:00:00,0.0,579.64,652.71,1415.46,2647.81
2024-10-05 22:00:00,0.0,500.36,626.72,1501.72,2628.8
2024-10-05 23:00:00,0.0,521.1,646.75,1601.93,2769.77
2024-10-06 00:00:00,0.0,481.28,640.59,1642.52,2764.39
2024-10-06 01:00:00,0.0,342.67,621.32,1453.83,2417.81
2024-10-06 02:00:00,0.0,621.18,550.85,1983.96,3156.0
2024-10-06 03:00:00,0.0,540.67,701.36,1390.63,2632.66
2024-10-06 04:00:00,0.0,581.22,779.83,1496.77,2857.81
2024-10-06 05:00:00,0.0,526.84,526.62,1821.22,2874.68
2024-10-06 06:00:00,0.0,507.93,516.77,1128.03,2152.73
2024-10-06 07:00:00,246.15,345.21,621.41,1845.9,3058.66
2024-10-06 08:00:00,410.1,777.48,621.8,1875.89,3685.27
2024-10-06 09:00:00,554.31,534.05,656.54,1262.61,3007.52
2024-10-06 10:00:00,765.67,433.88,550.78,1916.81,3667.14
2024-10-06 11:00:00,577.9,513.21,572.3,1737.44,3400.84
2024-10-06 12:00:00,773.91,524.43,618.25,1494.38,3410.96
2024-10-06 13:00:00,788.0,482.1,704.72,1890.15,3864.97
2024-10-06 14:00:00,741.08,607.44,525.9,1416.17,3290.59
2024-10-06 15:00:00,622.3,224.45,602.2,833.68,2282.63
2024-10-06 16:00:00,442.29,646.85,552.79,1587.62,3229.55
2024-10-06 17:00:00,195.35,311.77,575.53,1880.16,2962.8
2024-10-06 18:00:00,0.0,645.18,611.3,2058.34,3314.83
2024-10-06 19:00:00,0.0,440.31,612.61,1688.15,2741.07
2024-10-06 20:00:00,0.0,309.46,690.43,1598.74,2598.63
2024-10-06 21:00:00,0.0,174.38,588.25,1397.91,2160.53
2024-10-06 22:00:00,0.0,610.31,573.64,1936.76,3120.72
2024-10-06 23:00:00,0.0,499.71,785.83,1754.61,3040.15
2024-10-07 00:00:00,0.0,441.67,642.45,1502.58,2586.7
2024-10-07 01:00:00,0.0,488.9,630.81,1094.37,2214.08
2024-10-07 02:00:00,0.0,535.5,618.83,1365.74,2520.07
2024-10-07 03:00:00,0.0,393.13,611.98,1631.34,2636.45
2024-10-07 04:00:00,0.0,598.15,535.87,1517.86,2651.89
2024-10-07 05:00:00,0.0,464.51,629.34,1472.63,2566.49
2024-10-07 06:00:00,0.0,313.56,675.01,1527.06,2515.63
2024-10-07 07:00:00,213.1,567.7,683.07,1784.44,3248.31
2024-10-07 08:00:00,493.72,381.65,700.77,866.04,2442.18
2024-10-07 09:00:00,576.48,342.96,587.63,1379.16,2886.24
2024-10-07 10:00:00,605.2,590.85,621.91,1389.11,3207.07
2024-10-07 11:00:00,863.95,568.57,504.88,1759.04,3696.44
2024-10-07 12:00:00,669.22,555.76,641.84,1977.51,3844.33
2024-10-07 13:00:00,745.94,330.2,581.87,1487.37,3145.38
2024-10-07 14:00:00,639.71,698.53,592.27,1497.06,3427.58
2024-10-07 15:00:00,495.35,467.27,709.1,1609.43,3281.15
2024-10-07 16:00:00,304.24,529.63,623.84,1286.7,2744.41
2024-10-07 17:00:00,178.27,519.04,613.28,1864.79,3175.38
2024-10-07 18:00:00,0.0,411.79,590.24,1607.78,2609.81
2024-10-07 19:00:00,0.0,406.59,733.45,1487.04,2627.07
2024-10-07 20:00:00,0.0,506.56,516.29,1704.58,2727.42
2024-10-07 21:00:00,0.0,577.0,623.91,2120.76,3321.66
2024-10-07 22:00:00,0.0,579.51,556.26,1156.44,2292.21
2024-10-07 23:00:00,0.0,614.0,582.02,1613.0,2809.02
2024-10-08 00:00:00,0.0,370.91,566.05,1525.79,2462.75
2024-10-08 01:00:00,0.0,432.68,651.91,1595.8,2680.39
2024-10-08 02:00:00,0.0,330.52,553.55,1418.37,2302.44
2024-10-08 03:00:00,0.0,540.35,655.56,1640.09,2836.01
2024-10-08 04:00:00,0.0,576.07,519.4,1533.5,2628.97
2024-10-08 05:00:00,0.0,662.22,585.59,1581.07,2828.88
2024-10-08 06:00:00,0.0,557.48,549.31,1469.62,2576.42
2024-10-08 07:00:00,250.32,401.02,507.78,1667.85,2826.96
2024-10-08 08:00:00,366.2,429.0,647.94,1498.35,2941.48
2024-10-08 09:00:00,586.74,588.57,659.35,1881.61,3716.27
2024-10-08 10:00:00,714.74,306.16,578.68,2058.86,3658.45
2024-10-08 11:00:00,885.9,644.67,667.61,1814.64,4012.83
2024-10-08 12:00:00,834.52,599.75,691.69,1915.65,4041.61
2024-10-08 13:00:00,922.93,381.87,570.43,1818.49,3693.71
2024-10-08 14:00:00,634.83,664.31,678.01,1668.76,3645.91
2024-10-08 15:00:00,783.34,612.86,589.91,2059.77,4045.89
2024-10-08 16:00:00,422.57,696.88,532.1,1385.17,3036.72
2024-10-08 17:00:00,258.26,352.86,682.85,1658.63,2952.6
2024-10-08 18:00:00,0.0,536.04,593.63,1616.55,2746.21
2024-10-08 19:00:00,0.0,508.54,738.66,1577.22,2824.42
2024-10-08 20:00:00,0.0,543.49,602.44,1442.21,2588.14
2024-10-08 21:00:00,0.0,486.99,625.29,1558.07,2670.36
2024-10-08 22:00:00,0.0,770.9,523.55,1199.8,2494.25
2024-10-08 23:00:00,0.0,475.29,651.58,1654.14,2781.01
2024-10-09 00:00:00,0.0,360.08,702.55,1251.83,2314.46
2024-10-09 01:00:00,0.0,250.7,657.87,1588.62,2497.18
2024-10-09 02:00:00,0.0,463.96,578.79,1638.8,2681.55
2024-10-09 03:00:00,0.0,563.99,735.45,1818.13,3117.58
2024-10-09 04:00:00,0.0,667.98,619.58,1245.71,2533.27
2024-10-09 05:00:00,0.0,583.12,561.08,1192.65,2336.85
2024-10-09 06:00:00,0.0,473.03,637.14,1794.55,2904.72
2024-10-09 07:00:00,216.81,534.69,589.75,1858.02,3199.27
2024-10-09 08:00:00,471.76,656.51,752.98,1230.11,3111.36
2024-10-09 09:00:00,516.95,457.24,550.51,1456.12,2980.81
2024-10-09 10:00:00,782.76,490.42,688.93,1457.24,3419.36
2024-10-09 11:00:00,823.24,748.94,631.69,1482.56,3686.43
2024-10-09 12:00:00,869.87,312.08,632.53,1590.52,3405.0
2024-10-09 13:00:00,833.84,531.48,601.44,1807.5,3774.25
2024-10-09 14:00:00,685.43,493.52,650.01,1409.41,3238.38
2024-10-09 15:00:00,563.43,447.12,609.94,1644.49,3264.98
2024-10-09 16:00:00,459.54,644.66,578.51,1557.4,3240.11
2024-10-09 17:00:00,166.63,312.77,699.18,1510.48,2689.06
2024-10-09 18:00:00,0.0,433.61,600.58,1816.73,2850.92
2024-10-09 19:00:00,0.0,449.68,591.13,1739.24,2780.04
2024-10-09 20:00:00,0.0,718.28,619.13,1534.52,2871.94
2024-10-09 21:00:00,0.0,420.47,588.43,1646.69,2655.58
2024-10-09 22:00:00,0.0,377.1,525.82,1780.14,2683.07
2024-10-09 23:00:00,0.0,414.07,620.86,1366.25,2401.18
2024-10-10 00:00:00,0.0,434.46,616.58,1582.96,2634.01
2024-10-10 01:00:00,0.0,463.81,596.02,1697.04,2756.88
2024-10-10 02:00:00,0.0,469.48,657.68,1452.65,2579.8
2024-10-10 03:00:00,0.0,502.81,683.99,1596.86,2783.66
2024-10-10 04:00:00,0.0,525.97,582.61,1397.29,2505.88
2024-10-10 05:00:00,0.0,469.77,625.81,1385.45,2481.03
2024-10-10 06:00:00,0.0,509.13,558.55,1982.8,3050.48
2024-10-10 07:00:00,228.68,536.5,587.34,1668.94,3021.47
2024-10-10 08:00:00,382.34,663.35,638.17,1419.56,3103.42
2024-10-10 09:00:00,578.95,530.42,549.47,1843.43,3502.27
2024-10-10 10:00:00,704.3,439.51,603.89,1557.75,3305.45
2024-10-10 11:00:00,805.83,716.97,657.23,1566.51,3746.55
2024-10-10 12:00:00,763.83,447.47,656.5,2071.68,3939.48
2024-10-10 13:00:00,830.53,478.1,567.4,769.17,2645.19
2024-10-10 14:00:00,697.49,665.23,584.45,1455.36,3402.53
2024-10-10 15:00:00,602.58,370.73,652.51,1983.94,3609.76
2024-10-10 16:00:00,423.84,268.04,490.26,1460.97,2643.11
2024-10-10 17:00:00,242.31,360.86,676.31,1052.31,2331.79
2024-10-10 18:00:00,0.0,717.3,587.59,1821.95,3126.84
2024-10-10 19:00:00,0.0,475.85,681.36,1656.97,2814.19
2024-10-10 20:00:00,0.0,277.42,639.06,1805.04,2721.52
2024-10-10 21:00:00,0.0,490.82,669.84,1546.32,2706.98
2024-10-10 22:00:00,0.0,458.09,630.92,1677.11,2766.11
2024-10-10 23:00:00,0.0,287.98,507.72,1942.4,2738.1
2024-10-11 00:00:00,0.0,411.44,662.91,1327.24,2401.59
2024-10-11 01:00:00,0.0,315.23,686.78,1807.04,2809.05
2024-10-11 02:00:00,0.0,620.74,546.92,1806.92,2974.58
2024-10-11 03:00:00,0.0,660.72,677.56,1391.13,2729.41
2024-10-11 04:00:00,0.0,501.4,627.36,2166.26,3295.02
2024-10-11 05:00:00,0.0,475.11,569.94,1599.46,2644.51
2024-10-11 06:00:00,0.0,360.89,598.57,1559.82,2519.28
2024-10-11 07:00:00,215.7,520.88,653.98,1425.86,2816.41
2024-10-11 08:00:00,399.21,557.48,703.87,1734.01,3394.57
2024-10-11 09:00:00,628.23,392.84,630.98,1698.18,3350.23
2024-10-11 10:00:00,760.13,501.04,596.01,1798.02,3655.19
2024-10-11 11:00:00,775.8,360.58,633.93,1831.74,3602.04
2024-10-11 12:00:00,975.36,482.1,613.62,1575.41,3646.5
2024-10-11 13:00:00,787.95,440.33,651.4,1600.83,3480.51
2024-10-11 14:00:00,684.88,634.84,668.69,1359.96,3348.36
2024-10-11 15:00:00,521.65,469.77,612.92,2120.75,3725.08
2024-10-11 16:00:00,458.93,705.03,683.0,1133.23,2980.19
2024-10-11 17:00:00,229.41,527.5,637.28,1990.33,3384.53
2024-10-11 18:00:00,0.0,473.77,768.36,1791.95,3034.07
2024-10-11 19:00:00,0.0,574.2,476.01,1304.54,2354.76
2024-10-11 20:00:00,0.0,453.37,663.94,1174.45,2291.76
2024-10-11 21:00:00,0.0,425.9,604.26,1892.09,2922.25
2024-10-11 22:00:00,0.0,608.23,579.95,1859.19,3047.38
2024-10-11 23:00:00,0.0,636.17,572.75,1253.16,2462.08
2024-10-12 00:00:00,0.0,528.67,626.72,1561.18,2716.57
2024-10-12 01:00:00,0.0,457.43,628.05,1390.56,2476.04
2024-10-12 02:00:00,0.0,590.3,695.35,1510.84,2796.5
2024-10-12 03:00:00,0.0,444.47,629.49,1942.94,3016.91
2024-10-12 04:00:00,0.0,528.0,626.19,1538.52,2692.71
2024-10-12 05:00:00,0.0,353.66,684.38,984.63,2022.67
2024-10-12 06:00:00,0.0,481.24,518.16,1542.43,2541.83
2024-10-12 07:00:00,207.65,300.33,669.07,2059.42,3236.47
2024-10-12 08:00:00,429.03,218.46,621.61,1526.96,2796.06
2024-10-12 09:00:00,609.35,658.69,588.3,2006.37,3862.71
2024-10-12 10:00:00,845.33,675.77,572.57,1197.77,3291.44
2024-10-12 11:00:00,736.32,717.73,707.97,1670.13,3832.14
2024-10-12 12:00:00,789.64,333.5,604.04,1804.53,3531.71
2024-10-12 13:00:00,681.95,596.65,562.54,1327.13,3168.26
2024-10-12 14:00:00,589.42,521.74,628.68,1688.13,3427.98
2024-10-12 15:00:00,717.85,429.21,661.08,1916.86,3725.0
2024-10-12 16:00:00,480.07,593.07,714.75,1523.74,3311.63
2024-10-12 17:00:00,221.76,410.09,552.06,1917.9,3101.81
2024-10-12 18:00:00,0.0,497.98,548.69,1643.06,2689.72
2024-10-12 19:00:00,0.0,539.55,682.75,1681.04,2903.33
2024-10-12 20:00:00,0.0,378.95,606.91,1551.01,2536.88
2024-10-12 21:00:00,0.0,412.01,628.04,1157.09,2197.15
2024-10-12 22:00:00,0.0,548.82,652.4,1790.73,2991.95
2024-10-12 23:00:00,0.0,563.31,590.19,1288.66,2442.16
2024-10-13 00:00:00,0.0,567.06,551.04,1877.44,2995.55
2024-10-13 01:00:00,0.0,457.68,598.17,1566.61,2622.46
2024-10-13 02:00:00,0.0,417.1,581.94,1306.9,2305.94
2024-10-13 03:00:00,0.0,538.52,737.66,1847.01,3123.19
2024-10-13 04:00:00,0.0,501.72,607.34,1890.46,2999.52
2024-10-13 05:00:00,0.0,495.25,654.87,2129.47,3279.59
2024-10-13 06:00:00,0.0,368.0,651.41,1781.73,2801.14
2024-10-13 07:00:00,221.52,588.6,568.37,1962.37,3340.86
2024-10-13 08:00:00,347.51,407.59,640.14,1762.92,3158.16
2024-10-13 09:00:00,572.0,487.18,535.1,1399.51,2993.79
2024-10-13 10:00:00,591.23,601.0,672.43,1635.41,3500.07
2024-10-13 11:00:00,905.92,598.49,669.2,1467.33,3640.94
2024-10-13 12:00:00,848.86,800.87,630.18,938.09,3218.0
2024-10-13 13:00:00,719.6,586.6,672.79,1353.98,3332.98
2024-10-13 14:00:00,716.35,512.85,674.37,1780.71,3684.28
2024-10-13 15:00:00,608.24,479.69,688.04,1666.41,3442.38
2024-10-13 16:00:00,377.03,373.06,616.28,1261.04,2627.41
2024-10-13 17:00:00,203.64,508.81,641.06,1407.77,2761.29
2024-10-13 18:00:00,0.0,310.56,554.45,1282.88,2147.89
2024-10-13 19:00:00,0.0,375.08,649.17,1905.96,2930.21
2024-10-13 20:00:00,0.0,336.38,651.41,1472.18,2459.97
2024-10-13 21:00:00,0.0,380.04,604.82,1512.21,2497.07
2024-10-13 22:00:00,0.0,492.24,656.37,1964.36,3112.96
2024-10-13 23:00:00,0.0,529.98,686.06,1592.38,2808.42
2024-10-14 00:00:00,0.0,446.21,787.64,1720.49,2954.34
2024-10-14 01:00:00,0.0,635.95,514.02,1660.03,2810.0
2024-10-14 02:00:00,0.0,476.52,522.77,1495.06,2494.36
2024-10-14 03:00:00,0.0,573.9,587.49,1833.37,2994.76
2024-10-14 04:00:00,0.0,536.21,638.69,1320.6,2495.5
2024-10-14 05:00:00,0.0,616.07,715.92,1348.25,2680.24
2024-10-14 06:00:00,0.0,698.21,606.38,2058.2,3362.8
2024-10-14 07:00:00,187.42,335.21,586.05,1390.25,2498.93
2024-10-14 08:00:00,461.97,694.37,571.99,1516.45,3244.78
2024-10-14 09:00:00,478.13,428.46,626.01,1344.33,2876.93
2024-10-14 10:00:00,741.61,574.3,607.36,1902.12,3825.38
2024-10-14 11:00:00,914.78,461.71,591.52,1234.12,3202.13
2024-10-14 12:00:00,784.22,472.3,416.79,1339.68,3012.99
2024-10-14 13:00:00,687.35,439.69,673.09,1615.86,3415.99
2024-10-14 14:00:00,696.65,463.32,625.85,1713.85,3499.67
2024-10-14 15:00:00,647.29,307.35,634.06,1358.52,2947.22
2024-10-14 16:00:00,458.55,589.63,602.79,1676.77,3327.73
2024-10-14 17:00:00,231.74,480.61,664.44,2022.14,3398.93
2024-10-14 18:00:00,0.0,392.51,676.43,1522.28,2591.22
2024-10-14 19:00:00,0.0,305.29,665.93,1797.59,2768.81
2024-10-14 20:00:00,0.0,543.04,497.77,1679.82,2720.63
2024-10-14 21:00:00,0.0,611.81,634.15,1748.59,2994.55
2024-10-14 22:00:00,0.0,610.72,546.42,1483.86,2641.0
2024-10-14 23:00:00,0.0,430.06,712.14,1208.45,2350.65
2024-10-15 00:00:00,0.0,354.29,506.47,1550.13,2410.9
2024-10-15 01:00:00,0.0,453.48,523.59,1601.31,2578.38
2024-10-15 02:00:00,0.0,355.84,645.61,2272.9,3274.35
2024-10-15 03:00:00,0.0,234.43,581.56,1837.5,2653.48
2024-10-15 04:00:00,0.0,529.03,659.82,1592.4,2781.26
2024-10-15 05:00:00,0.0,482.29,628.15,1500.81,2611.25
2024-10-15 06:00:00,0.0,516.21,534.97,1774.38,2825.55
2024-10-15 07:00:00,213.48,371.41,652.59,1677.86,2915.34
2024-10-15 08:00:00,433.75,496.42,664.28,1587.11,3181.56
2024-10-15 09:00:00,730.26,666.19,708.62,1604.26,3709.32
2024-10-15 10:00:00,769.54,557.53,613.7,1668.62,3609.39
2024-10-15 11:00:00,655.05,608.86,673.57,1705.03,3642.5
2024-10-15 12:00:00,747.31,547.8,745.6,1419.96,3460.67
2024-10-15 13:00:00,725.36,539.48,796.69,1477.77,3539.31
2024-10-15 14:00:00,622.55,621.01,625.08,1682.97,3551.61
2024-10-15 15:00:00,569.13,475.69,626.2,1621.92,3292.94
2024-10-15 16:00:00,435.71,576.62,600.16,1828.5,3440.99
2024-10-15 17:00:00,178.85,453.24,558.59,1689.82,2880.5
2024-10-15 18:00:00,0.0,391.19,673.01,2074.05,3138.25
2024-10-15 19:00:00,0.0,363.34,632.87,1228.07,2224.28
2024-10-15 20:00:00,0.0,296.87,597.37,1441.39,2335.62
2024-10-15 21:00:00,0.0,469.5,616.98,1903.12,2989.59
2024-10-15 22:00:00,0.0,409.02,576.36,1461.48,2446.86
2024-10-15 23:00:00,0.0,608.98,588.73,1101.31,2299.02
2024-10-16 00:00:00,0.0,752.08,681.76,1960.62,3394.45
2024-10-16 01:00:00,0.0,184.9,542.29,1371.88,2099.07
2024-10-16 02:00:00,0.0,328.31,506.88,1337.78,2172.97
2024-10-16 03:00:00,0.0,477.92,694.04,1669.23,2841.19
2024-10-16 04:00:00,0.0,561.09,636.06,1354.59,2551.73
2024-10-16 05:00:00,0.0,559.36,506.45,1428.22,2494.03
2024-10-16 06:00:00,0.0,404.35,590.68,1597.32,2592.35
2024-10-16 07:00:00,190.68,487.52,730.05,1667.45,3075.7
2024-10-16 08:00:00,455.18,443.38,651.3,1572.94,3122.79
2024-10-16 09:00:00,668.04,576.08,711.79,1309.3,3265.21
2024-10-16 10:00:00,781.65,509.33,596.87,1986.84,3874.69
2024-10-16 11:00:00,994.47,549.02,545.9,1558.27,3647.67
2024-10-16 12:00:00,952.08,417.27,599.29,1586.48,3555.11
2024-10-16 13:00:00,612.04,350.36,673.88,1531.51,3167.79
2024-10-16 14:00:00,620.41,530.35,564.78,1636.15,3351.69
2024-10-16 15:00:00,638.71,495.23,533.34,1744.27,3411.56
2024-10-16 16:00:00,475.12,604.75,613.91,1515.59,3209.37
2024-10-16 17:00:00,249.03,386.86,606.23,1852.02,3094.15
2024-10-16 18:00:00,0.0,410.99,615.32,1215.08,2241.39
2024-10-16 19:00:00,0.0,479.1,634.69,1611.55,2725.33
2024-10-16 20:00:00,0.0,523.55,644.66,1648.41,2816.62
2024-10-16 21:00:00,0.0,550.01,628.03,1493.95,2671.99
2024-10-16 22:00:00,0.0,420.04,708.32,1834.15,2962.51
2024-10-16 23:00:00,0.0,790.52,566.69,2090.28,3447.49
2024-10-17 00:00:00,0.0,555.21,625.93,1025.64,2206.78
2024-10-17 01:00:00,0.0,415.4,560.02,1437.83,2413.25
2024-10-17 02:00:00,0.0,331.7,725.71,1353.58,2410.99
2024-10-17 03:00:00,0.0,437.68,591.15,1032.11,2060.95
2024-10-17 04:00:00,0.0,324.1,600.39,1868.8,2793.29
2024-10-17 05:00:00,0.0,362.13,688.14,1879.1,2929.37
2024-10-17 06:00:00,0.0,612.49,658.94,1489.93,2761.36
2024-10-17 07:00:00,243.36,506.53,625.3,1579.56,2954.76
2024-10-17 08:00:00,501.81,701.75,685.04,1503.12,3391.72
2024-10-17 09:00:00,696.01,562.47,611.44,1272.76,3142.68
2024-10-17 10:00:00,701.04,167.91,623.11,1970.28,3462.34
2024-10-17 11:00:00,826.27,439.85,714.24,1053.41,3033.78
2024-10-17 12:00:00,922.59,520.64,639.02,1563.28,3645.52
2024-10-17 13:00:00,860.23,526.7,601.57,1714.25,3702.75
2024-10-17 14:00:00,732.59,663.12,569.34,1313.28,3278.32
2024-10-17 15:00:00,606.6,362.16,598.02,1917.78,3484.56
2024-10-17 16:00:00,472.75,498.03,595.57,1522.86,3089.21
2024-10-17 17:00:00,226.97,518.52,636.45,2030.7,3412.65
2024-10-17 18:00:00,0.0,603.48,572.85,1533.24,2709.57
2024-10-17 19:00:00,0.0,525.67,637.67,1496.92,2660.25
2024-10-17 20:00:00,0.0,513.69,559.29,1419.94,2492.93
2024-10-17 21:00:00,0.0,466.98,610.31,1344.61,2421.89
2024-10-17 22:00:00,0.0,365.31,743.4,1840.9,2949.61
2024-10-17 23:00:00,0.0,266.96,778.32,1633.82,2679.09
2024-10-18 00:00:00,0.0,534.01,623.4,1888.67,3046.07
2024-10-18 01:00:00,0.0,513.33,555.51,2190.41,3259.24
2024-10-18 02:00:00,0.0,376.28,704.98,1438.02,2519.27
2024-10-18 03:00:00,0.0,559.27,625.16,1832.42,3016.85
2024-10-18 04:00:00,0.0,523.05,700.0,1494.39,2717.44
2024-10-18 05:00:00,0.0,598.18,575.8,1621.15,2795.13
2024-10-18 06:00:00,0.0,303.41,731.47,1773.26,2808.14
2024-10-18 07:00:00,179.78,363.87,647.96,1281.94,2473.56
2024-10-18 08:00:00,477.06,171.61,695.17,1376.16,2720.01
2024-10-18 09:00:00,488.39,302.78,582.05,1637.83,3011.05
2024-10-18 10:00:00,717.57,839.69,677.6,1147.46,3382.32
2024-10-18 11:00:00,882.28,393.21,553.12,1654.79,3483.39
2024-10-18 12:00:00,831.74,582.45,641.81,2219.43,4275.42
2024-10-18 13:00:00,929.27,601.26,652.4,1684.54,3867.48
2024-10-18 14:00:00,678.94,579.79,649.52,1754.75,3663.01
2024-10-18 15:00:00,648.47,562.98,600.9,1367.99,3180.34
2024-10-18 16:00:00,381.06,362.54,740.25,1283.62,2767.48
2024-10-18 17:00:00,213.08,308.82,595.99,1390.81,2508.7
2024-10-18 18:00:00,0.0,361.38,588.84,1333.31,2283.53
2024-10-18 19:00:00,0.0,496.92,705.59,1661.03,2863.54
2024-10-18 20:00:00,0.0,543.44,618.05,1435.84,2597.33
2024-10-18 21:00:00,0.0,709.36,663.09,1683.56,3056.0
2024-10-18 22:00:00,0.0,580.67,733.38,1393.05,2707.1
2024-10-18 23:00:00,0.0,498.66,625.87,1511.86,2636.38
2024-10-19 00:00:00,0.0,722.54,600.24,1626.39,2949.17
2024-10-19 01:00:00,0.0,516.35,669.49,1548.65,2734.49
2024-10-19 02:00:00,0.0,489.6,609.06,1314.48,2413.14
2024-10-19 03:00:00,0.0,454.31,684.98,1647.05,2786.34
2024-10-19 04:00:00,0.0,600.27,709.63,1839.85,3149.75
2024-10-19 05:00:00,0.0,583.46,568.06,1424.58,2576.1
2024-10-19 06:00:00,0.0,558.64,705.63,1997.12,3261.39
2024-10-19 07:00:00,242.71,545.99,634.76,1614.0,3037.47
2024-10-19 08:00:00,489.35,606.57,643.85,1518.98,3258.75
2024-10-19 09:00:00,556.57,578.94,658.96,1808.0,3602.47
2024-10-19 10:00:00,654.75,389.59,617.38,1298.76,2960.49
2024-10-19 11:00:00,1012.91,507.77,600.4,2111.53,4232.61
2024-10-19 12:00:00,795.02,276.15,585.82,1007.82,2664.81
2024-10-19 13:00:00,965.33,471.04,565.85,1256.57,3258.78
2024-10-19 14:00:00,655.99,487.59,730.65,1588.88,3463.11
2024-10-19 15:00:00,473.6,521.84,658.37,1580.27,3234.08
2024-10-19 16:00:00,375.16,511.79,664.13,1632.85,3183.93
2024-10-19 17:00:00,228.27,281.96,754.18,1354.29,2618.7
2024-10-19 18:00:00,0.0,459.7,644.7,1366.86,2471.26
2024-10-19 19:00:00,0.0,299.05,581.22,1386.74,2267.02
2024-10-19 20:00:00,0.0,380.57,627.67,2005.88,3014.12
2024-10-19 21:00:00,0.0,581.01,598.86,1685.11,2864.98
2024-10-19 22:00:00,0.0,651.24,650.52,1688.67,2990.43
2024-10-19 23:00:00,0.0,329.32,595.0,2092.54,3016.86
2024-10-20 00:00:00,0.0,490.37,574.15,1497.7,2562.22
2024-10-20 01:00:00,0.0,531.86,717.92,1422.34,2672.12
2024-10-20 02:00:00,0.0,330.51,615.14,1769.27,2714.91
2024-10-20 03:00:00,0.0,267.02,594.81,1655.01,2516.84
2024-10-20 04:00:00,0.0,525.1,649.47,1487.27,2661.85
2024-10-20 05:00:00,0.0,561.87,556.37,1783.39,2901.62
2024-10-20 06:00:00,0.0,485.05,609.42,1423.05,2517.52
2024-10-20 07:00:00,240.08,592.56,725.02,1636.19,3193.85
2024-10-20 08:00:00,503.0,755.23,597.25,2046.9,3902.38
2024-10-20 09:00:00,625.49,652.91,591.72,1520.95,3391.07
2024-10-20 10:00:00,669.0,306.32,664.62,1163.58,2803.52
2024-10-20 11:00:00,953.76,530.13,624.34,1825.37,3933.6
2024-10-20 12:00:00,898.03,463.02,629.05,1529.37,3519.48
2024-10-20 13:00:00,807.42,407.79,667.82,1780.25,3663.28
2024-10-20 14:00:00,777.91,491.92,657.89,1368.79,3296.5
2024-10-20 15:00:00,649.2,387.16,602.25,1538.72,3177.33
2024-10-20 16:00:00,498.09,644.3,651.24,1651.15,3444.78
2024-10-20 17:00:00,174.46,422.64,608.66,1473.51,2679.27
2024-10-20 18:00:00,0.0,704.54,610.36,1444.26,2759.16
2024-10-20 19:00:00,0.0,643.83,476.81,1331.78,2452.42
2024-10-20 20:00:00,0.0,553.58,545.54,1450.3,2549.41
2024-10-20 21:00:00,0.0,238.17,596.25,1623.2,2457.62
2024-10-20 22:00:00,0.0,600.53,641.49,1590.3,2832.32
2024-10-20 23:00:00,0.0,457.18,512.76,1512.22,2482.15
2024-10-21 00:00:00,0.0,496.13,619.13,1616.33,2731.59
2024-10-21 01:00:00,0.0,619.55,606.56,1708.17,2934.28
2024-10-21 02:00:00,0.0,312.91,669.62,1627.61,2610.14
2024-10-21 03:00:00,0.0,718.05,472.95,1881.47,3072.47
2024-10-21 04:00:00,0.0,438.5,444.46,1968.7,2851.66
2024-10-21 05:00:00,0.0,528.6,643.21,1818.76,2990.57
2024-10-21 06:00:00,0.0,626.3,629.84,1336.06,2592.2
2024-10-21 07:00:00,174.02,416.14,699.36,1644.44,2933.96
2024-10-21 08:00:00,411.22,463.07,593.8,1923.18,3391.27
2024-10-21 09:00:00,589.77,578.34,679.56,1630.87,3478.55
2024-10-21 10:00:00,590.37,420.66,631.38,1739.59,3382.0
2024-10-21 11:00:00,651.69,349.09,721.94,1660.12,3382.84
2024-10-21 12:00:00,790.37,630.99,712.61,1593.16,3727.13
2024-10-21 13:00:00,785.71,493.8,708.77,1615.1,3603.39
2024-10-21 14:00:00,729.92,396.74,590.91,1649.23,3366.8
2024-10-21 15:00:00,600.62,537.45,538.34,1756.96,3433.37
2024-10-21 16:00:00,356.03,410.72,516.21,1469.85,2752.81
2024-10-21 17:00:00,225.49,505.63,536.09,1625.87,2893.08
2024-10-21 18:00:00,0.0,659.18,563.59,1467.4,2690.17
2024-10-21 19:00:00,0.0,686.19,649.11,1670.47,3005.76
2024-10-21 20:00:00,0.0,355.54,555.43,1908.46,2819.44
2024-10-21 21:00:00,0.0,715.93,544.51,1681.67,2942.11
2024-10-21 22:00:00,0.0,470.24,502.84,1518.41,2491.49
2024-10-21 23:00:00,0.0,368.07,638.31,1877.17,2883.54
2024-10-22 00:00:00,0.0,375.34,698.78,1175.57,2249.69
2024-10-22 01:00:00,0.0,432.31,582.74,1430.5,2445.55
2024-10-22 02:00:00,0.0,720.59,606.93,1175.4,2502.93
2024-10-22 03:00:00,0.0,584.1,585.66,1447.96,2617.72
2024-10-22 04:00:00,0.0,616.92,535.42,1563.17,2715.52
2024-10-22 05:00:00,0.0,579.96,689.66,1643.61,2913.23
2024-10-22 06:00:00,0.0,602.54,643.16,1726.74,2972.45
2024-10-22 07:00:00,231.19,319.41,686.51,1950.57,3187.68
2024-10-22 08:00:00,438.63,475.0,540.8,1818.98,3273.4
2024-10-22 09:00:00,640.65,379.69,718.23,1756.37,3494.94
2024-10-22 10:00:00,721.58,475.65,646.56,1582.05,3425.84
2024-10-22 11:00:00,891.95,752.01,637.17,1490.03,3771.17
2024-10-22 12:00:00,985.84,733.07,595.02,1348.78,3662.7
2024-10-22 13:00:00,780.34,698.53,597.25,1696.09,3772.22
2024-10-22 14:00:00,694.63,480.12,622.41,1397.12,3194.29
2024-10-22 15:00:00,658.09,310.02,619.11,1540.3,3127.52
2024-10-22 16:00:00,405.35,601.14,692.15,2126.53,3825.16
2024-10-22 17:00:00,202.35,252.94,603.67,2111.2,3170.16
2024-10-22 18:00:00,0.0,390.3,510.76,1606.76,2507.83
2024-10-22 19:00:00,0.0,569.93,690.74,1291.36,2552.02
2024-10-22 20:00:00,0.0,537.71,569.44,1663.12,2770.27
2024-10-22 21:00:00,0.0,622.6,623.59,2065.56,3311.76
2024-10-22 22:00:00,0.0,414.02,562.73,1803.52,2780.26
2024-10-22 23:00:00,0.0,490.97,471.02,1162.91,2124.9
2024-10-23 00:00:00,0.0,493.08,676.53,1191.05,2360.65
2024-10-23 01:00:00,0.0,329.83,555.36,1714.58,2599.77
2024-10-23 02:00:00,0.0,462.95,633.07,1839.01,2935.04
2024-10-23 03:00:00,0.0,460.06,704.01,1779.44,2943.51
2024-10-23 04:00:00,0.0,509.31,666.47,1666.88,2842.65
2024-10-23 05:00:00,0.0,791.59,624.31,2031.63,3447.52
2024-10-23 06:00:00,0.0,408.0,618.08,1615.1,2641.18
2024-10-23 07:00:00,250.51,531.76,620.4,2079.35,3482.03
2024-10-23 08:00:00,389.91,694.11,549.82,1778.53,3412.38
2024-10-23 09:00:00,568.19,325.86,593.79,1495.37,2983.2
2024-10-23 10:00:00,751.09,611.61,551.01,1615.74,3529.45
2024-10-23 11:00:00,628.67,418.71,592.45,1420.4,3060.23
2024-10-23 12:00:00,1043.5,459.33,616.66,1862.01,3981.51
2024-10-23 13:00:00,847.64,362.89,557.05,1425.44,3193.03
2024-10-23 14:00:00,715.46,420.42,610.52,1556.78,3303.18
2024-10-23 15:00:00,769.29,448.49,595.34,1387.0,3200.13
2024-10-23 16:00:00,394.74,449.44,617.02,1403.01,2864.22
2024-10-23 17:00:00,148.82,468.27,655.39,2219.36,3491.84
2024-10-23 18:00:00,0.0,375.52,680.18,1991.05,3046.75
2024-10-23 19:00:00,0.0,396.6,575.76,1610.37,2582.74
2024-10-23 20:00:00,0.0,643.65,543.25,895.74,2082.64
2024-10-23 21:00:00,0.0,289.66,552.99,1973.7,2816.35
2024-10-23 22:00:00,0.0,493.6,687.61,1689.13,2870.33
2024-10-23 23:00:00,0.0,407.03,527.61,1877.7,2812.34
2024-10-24 00:00:00,0.0,460.13,656.45,2062.51,3179.09
2024-10-24 01:00:00,0.0,830.93,620.76,1577.37,3029.06
2024-10-24 02:00:00,0.0,459.17,614.2,1401.32,2474.68
2024-10-24 03:00:00,0.0,426.23,683.42,1672.32,2781.96
2024-10-24 04:00:00,0.0,283.19,587.01,1901.14,2771.34
2024-10-24 05:00:00,0.0,634.6,630.42,1642.58,2907.6
2024-10-24 06:00:00,0.0,401.67,565.41,1118.42,2085.5
2024-10-24 07:00:00,290.09,564.54,589.53,1279.96,2724.12
2024-10-24 08:00:00,440.78,245.26,536.89,2330.72,3553.65
2024-10-24 09:00:00,502.49,406.89,585.43,1646.13,3140.93
2024-10-24 10:00:00,805.98,562.29,552.89,1642.33,3563.49
2024-10-24 11:00:00,742.46,442.23,678.75,1562.07,3425.51
2024-10-24 12:00:00,858.11,471.22,604.22,1506.08,3439.64
2024-10-24 13:00:00,723.64,328.58,634.21,1365.54,3051.97
2024-10-24 14:00:00,726.27,616.57,652.28,1592.2,3587.32
2024-10-24 15:00:00,674.28,550.55,555.57,1685.08,3465.49
2024-10-24 16:00:00,291.74,488.11,551.65,1422.65,2754.15
2024-10-24 17:00:00,215.56,525.54,655.71,1418.34,2815.16
2024-10-24 18:00:00,0.0,323.85,690.56,1835.46,2849.88
2024-10-24 19:00:00,0.0,568.74,524.57,2021.57,3114.88
2024-10-24 20:00:00,0.0,418.32,530.67,1539.54,2488.53
2024-10-24 21:00:00,0.0,650.9,554.0,1590.49,2795.4
2024-10-24 22:00:00,0.0,659.05,542.63,1772.25,2973.93
2024-10-24 23:00:00,0.0,501.62,650.77,1691.82,2844.22
2024-10-25 00:00:00,0.0,356.33,621.65,1717.31,2695.29
2024-10-25 01:00:00,0.0,467.89,688.78,1264.49,2421.16
2024-10-25 02:00:00,0.0,331.46,602.63,1479.23,2413.31
2024-10-25 03:00:00,0.0,350.67,584.35,1223.42,2158.44
2024-10-25 04:00:00,0.0,641.27,621.05,1689.8,2952.13
2024-10-25 05:00:00,0.0,620.13,663.44,1049.89,2333.45
2024-10-25 06:00:00,0.0,426.81,584.27,1495.79,2506.86
2024-10-25 07:00:00,249.96,813.31,635.19,1665.6,3364.05
2024-10-25 08:00:00,418.76,633.56,590.96,955.14,2598.43
2024-10-25 09:00:00,481.81,689.81,688.68,1856.83,3717.13
2024-10-25 10:00:00,934.2,569.08,527.85,1795.83,3826.95
2024-10-25 11:00:00,773.94,618.6,725.3,1442.51,3560.35
2024-10-25 12:00:00,898.9,529.41,614.04,1765.03,3807.39
2024-10-25 13:00:00,945.27,453.94,572.48,1901.7,3873.4
2024-10-25 14:00:00,759.02,449.2,671.14,1737.27,3616.63
2024-10-25 15:00:00,627.11,475.22,594.18,1487.82,3184.33
2024-10-25 16:00:00,370.71,471.17,617.08,1711.41,3170.37
2024-10-25 17:00:00,221.95,502.38,531.3,1157.7,2413.33
2024-10-25 18:00:00,0.0,490.29,606.14,1465.98,2562.41
2024-10-25 19:00:00,0.0,514.23,713.31,1747.58,2975.12
2024-10-25 20:00:00,0.0,673.74,491.15,1422.77,2587.65
2024-10-25 21:00:00,0.0,621.77,714.88,1308.27,2644.92
2024-10-25 22:00:00,0.0,493.82,404.51,1734.96,2633.3
2024-10-25 23:00:00,0.0,625.13,624.59,1203.09,2452.8
2024-10-26 00:00:00,0.0,514.42,608.0,1709.04,2831.46
2024-10-26 01:00:00,0.0,379.98,604.7,1356.82,2341.5
2024-10-26 02:00:00,0.0,568.06,560.61,1633.51,2762.19
2024-10-26 03:00:00,0.0,460.64,571.9,1802.07,2834.62
2024-10-26 04:00:00,0.0,335.26,585.28,1849.15,2769.69
2024-10-26 05:00:00,0.0,521.4,593.47,1435.77,2550.64
2024-10-26 06:00:00,0.0,524.67,617.37,1638.37,2780.41
2024-10-26 07:00:00,214.18,509.17,722.43,1518.16,2963.93
2024-10-26 08:00:00,436.81,545.79,601.28,1403.04,2986.92
2024-10-26 09:00:00,588.73,562.5,568.67,1767.82,3487.71
2024-10-26 10:00:00,708.34,455.51,677.51,1384.19,3225.55
2024-10-26 11:00:00,714.73,475.17,535.28,2303.07,4028.25
2024-10-26 12:00:00,821.06,677.89,658.25,1674.86,3832.06
2024-10-26 13:00:00,694.54,542.06,654.16,1635.81,3526.57
2024-10-26 14:00:00,769.44,576.62,575.0,1547.23,3468.29
2024-10-26 15:00:00,476.46,382.06,638.95,1081.92,2579.4
2024-10-26 16:00:00,456.56,422.76,699.02,1684.07,3262.4
2024-10-26 17:00:00,215.74,668.97,672.08,2031.29,3588.08
2024-10-26 18:00:00,0.0,587.32,559.3,1543.2,2689.82
2024-10-26 19:00:00,0.0,401.51,577.08,1062.05,2040.64
2024-10-26 20:00:00,0.0,595.51,750.24,1774.93,3120.67
2024-10-26 21:00:00,0.0,542.19,634.42,1657.66,2834.27
2024-10-26 22:00:00,0.0,592.17,528.26,1770.66,2891.09
2024-10-26 23:00:00,0.0,427.11,722.94,1891.8,3041.85
2024-10-27 00:00:00,0.0,513.8,629.56,1617.43,2760.78
2024-10-27 01:00:00,0.0,270.25,595.53,2135.77,3001.55
2024-10-27 02:00:00,0.0,730.32,483.48,1792.24,3006.04
2024-10-27 03:00:00,0.0,461.73,671.09,1090.45,2223.27
2024-10-27 04:00:00,0.0,581.88,645.73,1690.26,2917.86
2024-10-27 05:00:00,0.0,608.99,587.34,1594.96,2791.29
2024-10-27 06:00:00,0.0,714.57,620.84,2034.98,3370.4
2024-10-27 07:00:00,218.38,407.96,599.45,1933.74,3159.52
2024-10-27 08:00:00,456.36,583.03,711.6,1577.32,3328.31
2024-10-27 09:00:00,578.17,567.09,562.22,1561.97,3269.46
2024-10-27 10:00:00,779.51,690.23,746.72,1518.93,3735.4
2024-10-27 11:00:00,932.51,628.91,600.73,1722.48,3884.63
2024-10-27 12:00:00,828.01,413.52,613.7,1630.27,3485.51
2024-10-27 13:00:00,937.72,570.82,474.01,1609.95,3592.5
2024-10-27 14:00:00,702.66,536.04,652.7,2434.32,4325.72
2024-10-27 15:00:00,705.65,450.27,636.84,2091.16,3883.92
2024-10-27 16:00:00,424.52,692.01,621.57,1845.14,3583.25
2024-10-27 17:00:00,249.38,511.23,657.64,1365.36,2783.6
2024-10-27 18:00:00,0.0,329.37,671.25,1610.98,2611.6
2024-10-27 19:00:00,0.0,399.43,647.75,1573.92,2621.11
2024-10-27 20:00:00,0.0,608.98,645.3,1843.48,3097.76
2024-10-27 21:00:00,0.0,557.72,642.86,1870.32,3070.9
2024-10-27 22:00:00,0.0,726.59,651.7,1193.67,2571.95
2024-10-27 23:00:00,0.0,607.97,620.8,1578.59,2807.35
2024-10-28 00:00:00,0.0,543.79,792.01,1753.67,3089.47
2024-10-28 01:00:00,0.0,301.43,593.84,1425.4,2320.67
2024-10-28 02:00:00,0.0,547.59,632.52,1858.14,3038.25
2024-10-28 03:00:00,0.0,365.71,670.4,1568.24,2604.35
2024-10-28 04:00:00,0.0,269.74,607.32,1712.47,2589.53
2024-10-28 05:00:00,0.0,438.15,555.82,1747.94,2741.9
2024-10-28 06:00:00,0.0,436.2,563.8,1297.79,2297.79
2024-10-28 07:00:00,188.79,427.53,705.71,1229.67,2551.69
2024-10-28 08:00:00,480.96,604.58,424.23,1577.18,3086.96
2024-10-28 09:00:00,540.19,140.88,554.02,1084.01,2319.1
2024-10-28 10:00:00,712.13,493.71,639.83,1716.09,3561.76
2024-10-28 11:00:00,854.31,567.23,683.16,1454.48,3559.18
2024-10-28 12:00:00,776.72,532.86,545.9,1710.58,3566.06
2024-10-28 13:00:00,671.02,442.59,547.77,1749.03,3410.41
2024-10-28 14:00:00,778.28,433.25,532.75,1651.43,3395.71
2024-10-28 15:00:00,661.38,578.12,696.74,1415.38,3351.62
2024-10-28 16:00:00,415.08,360.17,617.91,1056.11,2449.27
2024-10-28 17:00:00,255.88,255.6,641.65,1544.71,2697.83
2024-10-28 18:00:00,0.0,575.79,667.53,1561.5,2804.83
2024-10-28 19:00:00,0.0,574.3,657.88,1225.33,2457.51
2024-10-28 20:00:00,0.0,521.88,655.92,1833.61,3011.41
2024-10-28 21:00:00,0.0,491.46,621.31,1307.07,2419.84
2024-10-28 22:00:00,0.0,564.3,559.89,1718.64,2842.82
2024-10-28 23:00:00,0.0,585.23,464.97,1590.37,2640.58
2024-10-29 00:00:00,0.0,513.1,602.62,1663.86,2779.58
2024-10-29 01:00:00,0.0,437.35,573.26,1595.57,2606.17
2024-10-29 02:00:00,0.0,411.87,569.8,1702.93,2684.6
2024-10-29 03:00:00,0.0,572.92,640.34,1431.32,2644.58
2024-10-29 04:00:00,0.0,577.2,663.71,1878.24,3119.15
2024-10-29 05:00:00,0.0,352.82,643.11,1417.59,2413.52
2024-10-29 06:00:00,0.0,555.15,646.64,1971.2,3172.99
2024-10-29 07:00:00,215.2,301.75,615.85,1458.3,2591.1
2024-10-29 08:00:00,477.54,460.67,730.94,1703.77,3372.92
2024-10-29 09:00:00,518.06,592.25,595.94,1253.19,2959.44
2024-10-29 10:00:00,702.58,619.49,668.76,1917.69,3908.53
2024-10-29 11:00:00,968.01,550.22,659.25,1657.77,3835.25
2024-10-29 12:00:00,604.56,513.64,577.12,2056.73,3752.05
2024-10-29 13:00:00,892.48,620.23,674.49,1800.27,3987.48
2024-10-29 14:00:00,975.6,641.99,554.32,1381.15,3553.07
2024-10-29 15:00:00,576.1,346.35,587.13,1636.39,3145.97
2024-10-29 16:00:00,482.47,609.94,541.9,1467.64,3101.95
2024-10-29 17:00:00,257.94,481.32,651.01,1528.51,2918.79
2024-10-29 18:00:00,0.0,446.31,583.77,1744.56,2774.64
2024-10-29 19:00:00,0.0,464.12,599.78,1805.36,2869.26
2024-10-29 20:00:00,0.0,550.26,594.83,2118.72,3263.8
2024-10-29 21:00:00,0.0,310.81,664.59,1496.68,2472.08
2024-10-29 22:00:00,0.0,500.83,559.94,1376.61,2437.37
2024-10-29 23:00:00,0.0,738.88,590.66,1815.07,3144.62
2024-10-30 00:00:00,0.0,417.2,543.63,1774.48,2735.31
2024-10-30 01:00:00,0.0,648.97,616.05,1668.01,2933.03
2024-10-30 02:00:00,0.0,373.29,527.89,1738.11,2639.29
2024-10-30 03:00:00,0.0,463.73,619.15,1804.69,2887.57
2024-10-30 04:00:00,0.0,530.24,672.48,1880.64,3083.36
2024-10-30 05:00:00,0.0,894.72,619.08,1442.14,2955.94
2024-10-30 06:00:00,0.0,329.84,638.37,1811.54,2779.75
2024-10-30 07:00:00,143.83,433.39,639.05,1591.27,2807.54
2024-10-30 08:00:00,470.96,606.17,607.2,1461.36,3145.69
2024-10-30 09:00:00,561.02,499.98,629.59,1650.87,3341.46
2024-10-30 10:00:00,671.09,487.47,499.24,1580.0,3237.8
2024-10-30 11:00:00,789.18,602.45,603.12,1556.89,3551.64
2024-10-30 12:00:00,554.88,457.85,593.1,1314.55,2920.39
2024-10-30 13:00:00,588.13,561.17,692.6,1358.25,3200.15
2024-10-30 14:00:00,729.5,414.5,637.58,2063.41,3845.0
2024-10-30 15:00:00,539.93,640.52,618.77,1608.62,3407.83
2024-10-30 16:00:00,379.33,425.54,619.64,1526.29,2950.81
2024-10-30 17:00:00,233.35,768.6,534.46,1756.05,3292.47
2024-10-30 18:00:00,0.0,546.97,500.68,1329.05,2376.7
2024-10-30 19:00:00,0.0,573.45,535.93,1489.64,2599.01
2024-10-30 20:00:00,0.0,473.68,539.98,1661.16,2674.82
2024-10-30 21:00:00,0.0,429.0,638.92,1646.12,2714.03
2024-10-30 22:00:00,0.0,566.2,564.91,1424.59,2555.71
2024-10-30 23:00:00,0.0,537.95,648.57,1561.75,2748.28
2024-10-31 00:00:00,0.0,483.25,614.9,1651.67,2749.82
2024-10-31 01:00:00,0.0,504.84,511.46,1853.34,2869.64
2024-10-31 02:00:00,0.0,633.35,660.42,1670.22,2964.0
2024-10-31 03:00:00,0.0,561.21,590.98,1695.33,2847.52
2024-10-31 04:00:00,0.0,559.92,612.87,1495.09,2667.88
2024-10-31 05:00:00,0.0,547.58,578.42,1648.18,2774.18
2024-10-31 06:00:00,0.0,367.8,592.7,1746.49,2706.99
2024-10-31 07:00:00,204.64,796.14,636.09,1444.58,3081.46
2024-10-31 08:00:00,392.54,706.51,599.68,1553.66,3252.4
2024-10-31 09:00:00,544.88,624.12,733.55,1933.35,3835.9
2024-10-31 10:00:00,899.05,546.39,573.15,1493.61,3512.2
2024-10-31 11:00:00,695.1,186.87,512.96,1641.24,3036.16
2024-10-31 12:00:00,842.71,541.48,652.74,1231.3,3268.24
2024-10-31 13:00:00,736.1,323.52,579.71,1873.71,3513.05
2024-10-31 14:00:00,860.05,343.68,722.31,1535.63,3461.66
2024-10-31 15:00:00,516.63,536.43,580.09,2137.57,3770.72
2024-10-31 16:00:00,360.15,384.08,596.72,1726.19,3067.13
2024-10-31 17:00:00,205.37,503.33,685.08,1713.79,3107.56
2024-10-31 18:00:00,0.0,579.08,639.22,1863.6,3081.9
2024-10-31 19:00:00,0.0,489.74,548.03,1896.48,2934.26
2024-10-31 20:00:00,0.0,387.64,621.93,1443.37,2452.94
2024-10-31 21:00:00,0.0,313.49,589.35,1349.2,2252.04
2024-10-31 22:00:00,0.0,342.27,648.26,1681.75,2672.28
2024-10-31 23:00:00,0.0,420.0,557.22,1652.26,2629.48
2024-11-01 00:00:00,0.0,597.54,628.86,1866.7,3093.1
2024-11-01 01:00:00,0.0,541.36,586.27,1974.03,3101.66
2024-11-01 02:00:00,0.0,557.19,651.5,1776.75,2985.44
2024-11-01 03:00:00,0.0,579.14,653.27,1709.77,2942.18
2024-11-01 04:00:00,0.0,676.34,741.03,1533.18,2950.55
2024-11-01 05:00:00,0.0,721.53,746.16,1435.92,2903.61
2024-11-01 06:00:00,0.0,421.13,737.12,1853.62,3011.88
2024-11-01 07:00:00,208.97,498.75,645.26,1578.38,2931.36
2024-11-01 08:00:00,398.74,496.97,645.81,1800.47,3341.99
2024-11-01 09:00:00,802.09,613.94,610.65,1307.45,3334.13
2024-11-01 10:00:00,710.63,464.5,722.94,1546.98,3445.05
2024-11-01 11:00:00,941.09,498.4,674.47,2062.06,4176.02
2024-11-01 12:00:00,904.35,391.98,611.47,1820.9,3728.7
2024-11-01 13:00:00,874.04,293.94,668.8,1858.83,3695.61
2024-11-01 14:00:00,729.97,688.46,638.42,1830.75,3887.6
2024-11-01 15:00:00,478.65,315.82,552.39,1528.69,2875.54
2024-11-01 16:00:00,395.95,459.47,534.16,1345.92,2735.5
2024-11-01 17:00:00,174.89,719.17,619.82,1570.08,3083.97
2024-11-01 18:00:00,0.0,508.06,659.1,1752.62,2919.78
2024-11-01 19:00:00,0.0,705.1,631.1,2052.91,3389.12
2024-11-01 20:00:00,0.0,479.23,582.46,1762.28,2823.98
2024-11-01 21:00:00,0.0,724.63,598.18,1520.29,2843.1
2024-11-01 22:00:00,0.0,360.1,723.25,1621.22,2704.58
2024-11-01 23:00:00,0.0,559.31,723.4,1769.2,3051.91
2024-11-02 00:00:00,0.0,551.59,666.89,1446.07,2664.55
2024-11-02 01:00:00,0.0,344.7,693.16,1381.15,2419.0
2024-11-02 02:00:00,0.0,276.5,567.64,1681.81,2525.95
2024-11-02 03:00:00,0.0,432.43,586.03,1415.47,2433.94
2024-11-02 04:00:00,0.0,530.75,663.77,1715.3,2909.82
2024-11-02 05:00:00,0.0,450.56,708.9,1578.97,2738.43
2024-11-02 06:00:00,0.0,525.29,685.94,1324.19,2535.41
2024-11-02 07:00:00,242.13,535.12,627.82,1445.56,2850.63
2024-11-02 08:00:00,426.12,491.31,646.73,1962.58,3526.73
2024-11-02 09:00:00,514.39,338.93,578.29,1786.47,3218.08
2024-11-02 10:00:00,631.6,248.86,606.44,1790.06,3276.96
2024-11-02 11:00:00,897.33,394.3,556.86,1522.9,3371.39
2024-11-02 12:00:00,778.52,560.52,726.08,1490.37,3555.49
2024-11-02 13:00:00,748.6,324.4,620.93,1314.65,3008.58
2024-11-02 14:00:00,550.28,475.91,601.11,1245.54,2872.84
2024-11-02 15:00:00,466.95,481.95,612.35,1882.74,3443.98
2024-11-02 16:00:00,424.16,300.97,767.53,1374.93,2867.59
2024-11-02 17:00:00,244.92,550.78,603.27,1707.3,3106.27
2024-11-02 18:00:00,0.0,413.38,634.4,1797.28,2845.07
2024-11-02 19:00:00,0.0,325.38,611.9,1682.22,2619.5
2024-11-02 20:00:00,0.0,698.24,693.0,1507.85,2899.09
2024-11-02 21:00:00,0.0,307.22,694.29,1589.56,2591.07
2024-11-02 22:00:00,0.0,595.13,677.0,1617.04,2889.18
2024-11-02 23:00:00,0.0,476.01,647.88,1477.37,2601.26
2024-11-03 00:00:00,0.0,604.04,687.9,2285.49,3577.43
2024-11-03 01:00:00,0.0,368.23,684.26,1377.98,2430.47
2024-11-03 02:00:00,0.0,600.88,714.82,1611.51,2927.21
2024-11-03 03:00:00,0.0,606.41,698.18,2067.92,3372.51
2024-11-03 04:00:00,0.0,525.75,705.46,1098.31,2329.51
2024-11-03 05:00:00,0.0,318.92,679.06,1474.32,2472.3
2024-11-03 06:00:00,0.0,472.07,740.27,2156.88,3369.22
2024-11-03 07:00:00,246.08,524.65,710.75,1524.28,3005.76
2024-11-03 08:00:00,490.66,545.02,708.46,1934.96,3679.09
2024-11-03 09:00:00,513.61,554.1,602.38,1691.43,3361.52
2024-11-03 10:00:00,830.08,664.89,646.4,1389.74,3531.1
2024-11-03 11:00:00,671.46,448.99,647.2,1173.53,2941.19
2024-11-03 12:00:00,1087.31,501.51,698.24,1731.21,4018.27
2024-11-03 13:00:00,840.66,592.07,714.02,1543.88,3690.63
2024-11-03 14:00:00,855.85,567.65,670.24,1741.06,3834.8
2024-11-03 15:00:00,654.59,406.22,623.06,1583.12,3266.99
2024-11-03 16:00:00,535.76,392.5,546.04,1748.83,3223.14
2024-11-03 17:00:00,225.03,537.83,595.03,1410.52,2768.41
2024-11-03 18:00:00,0.0,416.75,693.76,1606.89,2717.39
2024-11-03 19:00:00,0.0,542.77,577.44,1611.87,2732.08
2024-11-03 20:00:00,0.0,430.44,698.86,1826.22,2955.52
2024-11-03 21:00:00,0.0,580.27,725.44,1351.58,2657.29
2024-11-03 22:00:00,0.0,479.6,725.63,1405.06,2610.29
2024-11-03 23:00:00,0.0,787.44,628.05,1394.92,2810.41
2024-11-04 00:00:00,0.0,783.76,723.45,1480.93,2988.14
2024-11-04 01:00:00,0.0,559.3,793.99,1132.99,2486.27
2024-11-04 02:00:00,0.0,487.95,595.91,1657.25,2741.11
2024-11-04 03:00:00,0.0,665.77,695.49,1524.08,2885.33
2024-11-04 04:00:00,0.0,516.21,604.18,1787.76,2908.16
2024-11-04 05:00:00,0.0,465.98,577.91,2052.2,3096.09
2024-11-04 06:00:00,0.0,573.72,577.84,1907.78,3059.34
2024-11-04 07:00:00,227.63,369.04,603.77,1610.52,2810.95
2024-11-04 08:00:00,457.58,483.94,757.2,1261.92,2960.64
2024-11-04 09:00:00,637.86,366.94,735.3,1700.02,3440.12
2024-11-04 10:00:00,737.57,581.49,720.21,1670.51,3709.78
2024-11-04 11:00:00,882.58,516.54,630.98,1851.49,3881.59
2024-11-04 12:00:00,871.95,548.25,578.06,2136.86,4135.11
2024-11-04 13:00:00,883.18,411.47,698.98,1641.92,3635.56
2024-11-04 14:00:00,738.23,483.31,555.93,1518.01,3295.47
2024-11-04 15:00:00,639.5,434.49,621.94,1634.85,3330.77
2024-11-04 16:00:00,476.73,798.9,652.16,1384.12,3311.91
2024-11-04 17:00:00,243.26,638.23,579.56,1345.47,2806.51
2024-11-04 18:00:00,0.0,655.72,781.18,1435.81,2872.71
2024-11-04 19:00:00,0.0,551.76,683.98,1114.66,2350.4
2024-11-04 20:00:00,0.0,602.33,583.75,1311.34,2497.43
2024-11-04 21:00:00,0.0,517.05,576.78,1641.61,2735.44
2024-11-04 22:00:00,0.0,612.31,643.3,1410.25,2665.86
2024-11-04 23:00:00,0.0,331.22,600.62,1631.32,2563.17
2024-11-05 00:00:00,0.0,601.9,691.6,1500.01,2793.51
2024-11-05 01:00:00,0.0,574.8,577.87,1725.41,2878.08
2024-11-05 02:00:00,0.0,381.51,666.32,1560.48,2608.31
2024-11-05 03:00:00,0.0,606.59,664.73,1669.17,2940.5
2024-11-05 04:00:00,0.0,417.66,783.35,1358.27,2559.28
2024-11-05 05:00:00,0.0,569.47,673.48,1792.53,3035.48
2024-11-05 06:00:00,0.0,382.68,625.81,1839.92,2848.41
2024-11-05 07:00:00,276.25,341.86,614.22,1283.54,2515.87
2024-11-05 08:00:00,478.47,378.01,602.81,1618.32,3077.61
2024-11-05 09:00:00,494.66,454.38,679.22,1414.62,3042.88
2024-11-05 10:00:00,644.97,316.28,590.12,1148.29,2699.67
2024-11-05 11:00:00,1082.16,528.18,675.73,2024.59,4310.66
2024-11-05 12:00:00,825.62,564.73,513.2,1410.91,3314.46
2024-11-05 13:00:00,756.03,607.34,686.84,1569.76,3619.97
2024-11-05 14:00:00,515.19,614.43,566.96,1756.89,3453.47
2024-11-05 15:00:00,593.27,543.01,727.25,1768.32,3631.85
2024-11-05 16:00:00,358.55,833.78,686.41,1551.83,3430.58
2024-11-05 17:00:00,263.16,456.77,732.11,1292.71,2744.76
2024-11-05 18:00:00,0.0,643.41,665.18,1644.14,2952.73
2024-11-05 19:00:00,0.0,455.22,687.42,1685.51,2828.16
2024-11-05 20:00:00,0.0,552.51,565.72,1410.12,2528.36
2024-11-05 21:00:00,0.0,470.08,692.07,1590.12,2752.27
2024-11-05 22:00:00,0.0,429.62,564.14,1843.2,2836.96
2024-11-05 23:00:00,0.0,519.43,768.0,1098.38,2385.81
2024-11-06 00:00:00,0.0,654.37,582.58,1656.4,2893.35
2024-11-06 01:00:00,0.0,799.07,626.05,1711.15,3136.27
2024-11-06 02:00:00,0.0,587.97,654.34,1884.98,3127.29
2024-11-06 03:00:00,0.0,586.29,620.56,1788.34,2995.19
2024-11-06 04:00:00,0.0,450.09,637.41,1412.14,2499.65
2024-11-06 05:00:00,0.0,456.67,672.42,1525.39,2654.49
2024-11-06 06:00:00,0.0,582.27,669.9,1433.68,2685.84
2024-11-06 07:00:00,241.31,433.01,519.53,1743.62,2937.47
2024-11-06 08:00:00,498.65,363.51,681.7,1416.84,2960.7
2024-11-06 09:00:00,669.82,646.7,617.57,1747.99,3682.07
2024-11-06 10:00:00,684.06,443.38,663.48,1529.2,3320.12
2024-11-06 11:00:00,930.72,580.37,626.32,1435.31,3572.73
2024-11-06 12:00:00,720.43,276.79,763.52,2295.57,4056.31
2024-11-06 13:00:00,803.83,573.6,645.41,1810.13,3832.97
2024-11-06 14:00:00,609.24,581.47,653.74,1620.63,3465.08
2024-11-06 15:00:00,663.6,498.33,669.04,1709.13,3540.1
2024-11-06 16:00:00,389.46,701.39,742.35,1099.77,2932.96
2024-11-06 17:00:00,145.45,600.9,521.76,1841.24,3109.35
2024-11-06 18:00:00,0.0,274.82,619.26,1406.66,2300.74
2024-11-06 19:00:00,0.0,425.89,681.87,1740.7,2848.46
2024-11-06 20:00:00,0.0,354.2,670.04,1395.22,2419.45
2024-11-06 21:00:00,0.0,457.12,608.96,1687.29,2753.37
2024-11-06 22:00:00,0.0,582.27,650.18,1230.62,2463.07
2024-11-06 23:00:00,0.0,657.95,693.49,1467.65,2819.09
2024-11-07 00:00:00,0.0,452.23,628.74,2165.07,3246.03
2024-11-07 01:00:00,0.0,516.62,555.54,1690.91,2763.07
2024-11-07 02:00:00,0.0,520.31,503.55,1853.66,2877.53
2024-11-07 03:00:00,0.0,610.01,647.19,1337.91,2595.1
2024-11-07 04:00:00,0.0,634.6,692.76,1697.75,3025.11
2024-11-07 05:00:00,0.0,363.04,640.96,1292.42,2296.43
2024-11-07 06:00:00,0.0,687.2,593.14,1374.24,2654.59
2024-11-07 07:00:00,241.02,411.24,727.6,1612.68,2992.54
2024-11-07 08:00:00,564.3,658.26,600.54,1510.65,3333.75
2024-11-07 09:00:00,696.94,381.45,635.25,1512.76,3226.4
2024-11-07 10:00:00,819.07,544.37,688.25,1425.73,3477.42
2024-11-07 11:00:00,810.51,413.11,720.52,1770.46,3714.6
2024-11-07 12:00:00,809.35,488.94,650.78,1277.41,3226.48
2024-11-07 13:00:00,718.34,529.44,590.59,1472.6,3310.97
2024-11-07 14:00:00,697.89,575.42,682.86,1908.17,3864.33
2024-11-07 15:00:00,559.69,591.02,625.15,1109.79,2885.66
2024-11-07 16:00:00,427.56,646.75,779.25,1404.75,3258.32
2024-11-07 17:00:00,234.63,414.21,644.67,1879.82,3173.33
2024-11-07 18:00:00,0.0,487.61,778.98,1122.37,2388.96
2024-11-07 19:00:00,0.0,645.73,567.15,1537.14,2750.02
2024-11-07 20:00:00,0.0,474.55,678.76,1387.85,2541.16
2024-11-07 21:00:00,0.0,554.75,781.47,1948.58,3284.8
2024-11-07 22:00:00,0.0,565.37,655.02,1787.18,3007.57
2024-11-07 23:00:00,0.0,615.73,668.48,1611.72,2895.93
2024-11-08 00:00:00,0.0,421.38,582.26,1461.81,2465.45
2024-11-08 01:00:00,0.0,442.84,715.46,1466.99,2625.29
2024-11-08 02:00:00,0.0,461.78,720.61,1404.36,2586.76
2024-11-08 03:00:00,0.0,559.31,768.84,1897.28,3225.43
2024-11-08 04:00:00,0.0,399.65,687.46,1571.7,2658.82
2024-11-08 05:00:00,0.0,579.59,734.46,1685.71,2999.75
2024-11-08 06:00:00,0.0,408.98,690.1,1171.3,2270.39
2024-11-08 07:00:00,225.2,437.74,611.39,1832.77,3107.1
2024-11-08 08:00:00,419.33,652.87,651.43,1816.22,3539.84
2024-11-08 09:00:00,574.81,604.33,562.0,1466.24,3207.37
2024-11-08 10:00:00,480.87,531.44,675.04,1401.21,3088.55
2024-11-08 11:00:00,894.47,456.14,665.53,1351.16,3367.3
2024-11-08 12:00:00,768.05,703.24,616.37,1521.11,3608.77
2024-11-08 13:00:00,856.05,636.83,636.66,1195.96,3325.5
2024-11-08 14:00:00,800.91,443.52,716.89,1884.37,3845.69
2024-11-08 15:00:00,591.97,419.52,612.98,1240.03,2864.5
2024-11-08 16:00:00,342.53,315.4,655.86,1371.83,2685.61
2024-11-08 17:00:00,159.81,712.12,604.16,1585.63,3061.72
2024-11-08 18:00:00,0.0,385.29,687.52,1254.52,2327.33
2024-11-08 19:00:00,0.0,644.83,525.95,1591.7,2762.47
2024-11-08 20:00:00,0.0,651.64,619.45,1480.32,2751.41
2024-11-08 21:00:00,0.0,586.03,604.32,1884.96,3075.3
2024-11-08 22:00:00,0.0,509.43,622.48,1369.71,2501.62
2024-11-08 23:00:00,0.0,432.66,662.07,1770.59,2865.32
2024-11-09 00:00:00,0.0,201.15,620.77,1636.32,2458.25
2024-11-09 01:00:00,0.0,429.81,609.51,1400.33,2439.65
2024-11-09 02:00:00,0.0,641.87,684.32,1956.24,3282.43
2024-11-09 03:00:00,0.0,534.94,682.87,2189.12,3406.93
2024-11-09 04:00:00,0.0,523.56,682.08,1464.55,2670.2
2024-11-09 05:00:00,0.0,425.81,601.93,1005.29,2033.03
2024-11-09 06:00:00,0.0,491.07,559.1,1693.12,2743.29
2024-11-09 07:00:00,172.99,281.55,589.28,1589.9,2633.71
2024-11-09 08:00:00,355.25,310.46,666.19,1887.33,3219.23
2024-11-09 09:00:00,529.62,615.89,723.62,2119.09,3988.21
2024-11-09 10:00:00,755.03,381.05,633.84,1649.35,3419.26
2024-11-09 11:00:00,804.36,531.15,701.61,1478.36,3515.48
2024-11-09 12:00:00,759.81,541.0,580.49,1823.77,3705.07
2024-11-09 13:00:00,745.97,519.39,715.49,1949.5,3930.34
2024-11-09 14:00:00,800.75,527.92,630.91,1700.11,3659.69
2024-11-09 15:00:00,734.87,425.57,645.65,1766.02,3572.1
2024-11-09 16:00:00,493.91,555.7,636.33,1281.24,2967.18
2024-11-09 17:00:00,222.76,651.18,673.04,1814.91,3361.88
2024-11-09 18:00:00,0.0,439.66,689.79,1237.17,2366.61
2024-11-09 19:00:00,0.0,550.17,626.71,1338.82,2515.7
2024-11-09 20:00:00,0.0,591.41,659.59,1234.65,2485.65
2024-11-09 21:00:00,0.0,511.41,619.67,2007.95,3139.03
2024-11-09 22:00:00,0.0,441.99,460.84,1296.33,2199.17
2024-11-09 23:00:00,0.0,513.41,727.45,1864.64,3105.5
2024-11-10 00:00:00,0.0,440.56,650.24,1711.83,2802.63
2024-11-10 01:00:00,0.0,519.42,600.52,1731.28,2851.22
2024-11-10 02:00:00,0.0,548.16,625.12,1693.79,2867.07
2024-11-10 03:00:00,0.0,315.25,732.71,1575.27,2623.23
2024-11-10 04:00:00,0.0,443.98,706.09,1871.97,3022.04
2024-11-10 05:00:00,0.0,384.22,683.48,1759.61,2827.3
2024-11-10 06:00:00,0.0,443.93,581.44,2179.03,3204.41
2024-11-10 07:00:00,226.09,668.29,581.75,1677.25,3153.39
2024-11-10 08:00:00,405.56,429.6,589.24,2370.84,3795.24
2024-11-10 09:00:00,524.31,457.39,676.1,1360.39,3018.19
2024-11-10 10:00:00,739.43,427.66,581.67,1611.31,3360.07
2024-11-10 11:00:00,927.29,658.5,581.83,1776.8,3944.43
2024-11-10 12:00:00,762.33,800.28,593.31,1464.41,3620.34
2024-11-10 13:00:00,824.12,341.35,537.12,1515.37,3217.97
2024-11-10 14:00:00,698.69,353.8,646.25,1611.53,3310.28
2024-11-10 15:00:00,575.86,486.25,645.04,1530.26,3237.41
2024-11-10 16:00:00,381.0,369.07,663.83,1869.5,3283.41
2024-11-10 17:00:00,221.81,693.9,503.44,1635.39,3054.54
2024-11-10 18:00:00,0.0,544.47,698.68,1711.79,2954.94
2024-11-10 19:00:00,0.0,348.63,667.6,1906.4,2922.62
2024-11-10 20:00:00,0.0,622.77,672.72,1055.46,2350.95
2024-11-10 21:00:00,0.0,454.93,657.11,1822.21,2934.25
2024-11-10 22:00:00,0.0,571.1,700.88,2175.05,3447.03
2024-11-10 23:00:00,0.0,315.77,715.54,1598.92,2630.24
2024-11-11 00:00:00,0.0,395.47,640.5,1568.35,2604.31
2024-11-11 01:00:00,0.0,351.96,609.31,970.24,1931.51
2024-11-11 02:00:00,0.0,305.16,765.34,1918.23,2988.73
2024-11-11 03:00:00,0.0,488.31,555.68,1874.52,2918.5
2024-11-11 04:00:00,0.0,474.01,680.32,1238.95,2393.28
2024-11-11 05:00:00,0.0,519.26,687.42,1714.25,2920.93
2024-11-11 06:00:00,0.0,348.95,611.67,1433.11,2393.73
2024-11-11 07:00:00,211.71,512.22,717.27,1457.4,2898.6
2024-11-11 08:00:00,348.57,642.29,648.5,1521.74,3161.11
2024-11-11 09:00:00,697.01,538.28,702.85,1360.31,3298.45
2024-11-11 10:00:00,703.51,479.47,560.28,1698.14,3441.4
2024-11-11 11:00:00,766.76,682.41,745.38,1570.25,3764.79
2024-11-11 12:00:00,755.72,598.6,721.99,1423.18,3499.49
2024-11-11 13:00:00,831.08,664.72,669.75,1547.99,3713.54
2024-11-11 14:00:00,730.35,451.88,695.66,1747.24,3625.14
2024-11-11 15:00:00,682.41,515.41,791.35,1281.35,3270.52
2024-11-11 16:00:00,335.07,565.59,613.54,1607.26,3121.46
2024-11-11 17:00:00,240.49,795.4,667.58,1656.24,3359.71
2024-11-11 18:00:00,0.0,677.26,658.23,1628.06,2963.55
2024-11-11 19:00:00,0.0,502.07,653.62,1834.0,2989.69
2024-11-11 20:00:00,0.0,556.52,547.13,1563.11,2666.76
2024-11-11 21:00:00,0.0,472.96,633.88,1741.16,2848.0
2024-11-11 22:00:00,0.0,574.51,531.01,1908.47,3014.0
2024-11-11 23:00:00,0.0,348.58,657.29,1886.32,2892.19
2024-11-12 00:00:00,0.0,527.25,647.54,1437.67,2612.45
2024-11-12 01:00:00,0.0,352.18,722.5,1328.47,2403.15
2024-11-12 02:00:00,0.0,571.73,690.95,1664.1,2926.79
2024-11-12 03:00:00,0.0,540.2,759.07,1587.42,2886.69
2024-11-12 04:00:00,0.0,355.01,609.71,1123.15,2087.87
2024-11-12 05:00:00,0.0,501.19,568.29,1598.17,2667.66
2024-11-12 06:00:00,0.0,415.29,540.36,1430.54,2386.2
2024-11-12 07:00:00,198.1,477.68,675.78,1726.81,3078.37
2024-11-12 08:00:00,460.14,291.01,582.11,1128.26,2461.51
2024-11-12 09:00:00,653.13,414.53,684.19,1739.5,3491.34
2024-11-12 10:00:00,674.25,486.79,681.94,1919.99,3762.97
2024-11-12 11:00:00,833.52,255.1,652.85,1741.52,3482.99
2024-11-12 12:00:00,851.34,572.58,610.58,1421.22,3455.71
2024-11-12 13:00:00,829.04,343.39,532.56,1084.17,2789.16
2024-11-12 14:00:00,729.89,427.99,543.84,1789.58,3491.31
2024-11-12 15:00:00,653.27,611.97,712.88,1632.94,3611.07
2024-11-12 16:00:00,548.52,543.95,711.77,1775.8,3580.06
2024-11-12 17:00:00,262.66,553.13,621.57,1617.88,3055.23
2024-11-12 18:00:00,0.0,504.99,711.36,1476.69,2693.04
2024-11-12 19:00:00,0.0,683.42,731.91,1472.78,2888.11
2024-11-12 20:00:00,0.0,517.46,511.95,1950.68,2980.1
2024-11-12 21:00:00,0.0,495.27,634.53,2141.32,3271.12
2024-11-12 22:00:00,0.0,469.97,617.49,1660.17,2747.63
2024-11-12 23:00:00,0.0,394.9,704.0,1605.35,2704.26
2024-11-13 00:00:00,0.0,616.85,600.15,1202.14,2419.14
2024-11-13 01:00:00,0.0,362.07,549.92,1983.89,2895.87
2024-11-13 02:00:00,0.0,361.0,617.37,1348.69,2327.05
2024-11-13 03:00:00,0.0,705.79,602.49,2002.4,3310.68
2024-11-13 04:00:00,0.0,523.28,627.54,2080.06,3230.87
2024-11-13 05:00:00,0.0,666.84,641.05,1488.27,2796.17
2024-11-13 06:00:00,0.0,579.06,628.81,1439.01,2646.87
2024-11-13 07:00:00,237.88,440.06,603.36,1399.2,2680.51
2024-11-13 08:00:00,506.16,297.09,588.75,1577.13,2969.13
2024-11-13 09:00:00,512.34,502.44,604.07,1256.74,2875.58
2024-11-13 10:00:00,750.95,554.12,712.26,1328.44,3345.78
2024-11-13 11:00:00,828.72,487.81,607.07,1378.08,3301.69
2024-11-13 12:00:00,911.68,582.79,680.19,1651.83,3826.5
2024-11-13 13:00:00,837.05,707.49,598.93,1713.93,3857.41
2024-11-13 14:00:00,759.12,300.97,523.75,1859.99,3443.83
2024-11-13 15:00:00,697.44,576.91,721.07,1775.82,3771.24
2024-11-13 16:00:00,416.52,477.48,615.58,1671.3,3180.88
2024-11-13 17:00:00,244.74,592.08,633.31,1283.75,2753.89
2024-11-13 18:00:00,0.0,520.23,576.8,1563.11,2660.15
2024-11-13 19:00:00,0.0,240.22,525.28,1707.86,2473.36
2024-11-13 20:00:00,0.0,387.85,667.58,1822.7,2878.14
2024-11-13 21:00:00,0.0,509.97,579.03,1704.86,2793.86
2024-11-13 22:00:00,0.0,362.17,640.77,1332.09,2335.03
2024-11-13 23:00:00,0.0,463.75,638.52,1821.34,2923.61
2024-11-14 00:00:00,0.0,449.94,567.18,1785.92,2803.04
2024-11-14 01:00:00,0.0,656.29,663.48,1217.11,2536.88
2024-11-14 02:00:00,0.0,394.29,575.03,1685.21,2654.53
2024-11-14 03:00:00,0.0,468.56,480.72,1752.03,2701.31
2024-11-14 04:00:00,0.0,465.85,666.84,1600.65,2733.33
2024-11-14 05:00:00,0.0,409.78,687.66,1661.16,2758.6
2024-11-14 06:00:00,0.0,388.62,566.26,1669.38,2624.26
2024-11-14 07:00:00,163.18,482.95,690.66,1884.91,3221.7
2024-11-14 08:00:00,370.12,333.58,766.6,2022.64,3492.94
2024-11-14 09:00:00,696.49,469.98,501.58,1671.03,3339.08
2024-11-14 10:00:00,564.92,419.13,712.79,1120.79,2817.63
2024-11-14 11:00:00,998.35,352.61,678.59,1492.67,3522.22
2024-11-14 12:00:00,818.35,657.3,617.69,1173.94,3267.28
2024-11-14 13:00:00,1026.41,644.43,805.51,1624.74,4101.09
2024-11-14 14:00:00,748.86,424.4,707.44,1413.37,3294.07
2024-11-14 15:00:00,571.05,534.23,637.1,1383.01,3125.4
2024-11-14 16:00:00,440.07,345.18,558.59,1514.37,2858.22
2024-11-14 17:00:00,225.13,364.11,737.53,1198.45,2525.22
2024-11-14 18:00:00,0.0,539.64,679.17,1510.94,2729.75
2024-11-14 19:00:00,0.0,408.45,666.93,1667.17,2742.56
2024-11-14 20:00:00,0.0,571.44,658.68,1745.82,2975.94
2024-11-14 21:00:00,0.0,327.11,683.52,1894.41,2905.04
2024-11-14 22:00:00,0.0,493.02,715.07,1851.73,3059.82
2024-11-14 23:00:00,0.0,532.56,800.42,2169.77,3502.75
2024-11-15 00:00:00,0.0,570.17,676.9,2366.42,3613.5
2024-11-15 01:00:00,0.0,321.37,638.23,1015.51,1975.11
2024-11-15 02:00:00,0.0,317.43,656.82,1235.54,2209.79
2024-11-15 03:00:00,0.0,710.83,588.24,1599.72,2898.79
2024-11-15 04:00:00,0.0,617.87,610.11,1873.27,3101.25
2024-11-15 05:00:00,0.0,501.93,632.9,2038.76,3173.59
2024-11-15 06:00:00,0.0,526.91,750.91,1594.8,2872.62
2024-11-15 07:00:00,222.52,633.46,555.52,1269.71,2681.21
2024-11-15 08:00:00,332.15,609.23,632.76,1757.38,3331.51
2024-11-15 09:00:00,677.92,343.59,638.05,1563.62,3223.19
2024-11-15 10:00:00,631.87,404.42,766.57,1544.04,3346.89
2024-11-15 11:00:00,627.34,498.67,639.76,1151.9,2917.67
2024-11-15 12:00:00,795.27,426.88,609.02,1590.97,3422.14
2024-11-15 13:00:00,747.35,489.63,611.07,1868.67,3716.72
2024-11-15 14:00:00,877.79,558.2,547.1,1425.15,3408.24
2024-11-15 15:00:00,549.51,481.32,664.32,1825.62,3520.78
2024-11-15 16:00:00,479.15,639.68,647.36,1658.81,3425.0
2024-11-15 17:00:00,249.88,536.31,630.0,1375.1,2791.29
2024-11-15 18:00:00,0.0,709.93,593.89,1854.96,3158.78
2024-11-15 19:00:00,0.0,506.87,574.7,1238.84,2320.41
2024-11-15 20:00:00,0.0,178.73,678.7,1419.21,2276.64
2024-11-15 21:00:00,0.0,642.85,589.04,1719.7,2951.59
2024-11-15 22:00:00,0.0,566.28,621.62,1760.89,2948.8
2024-11-15 23:00:00,0.0,526.24,650.13,1513.03,2689.39
2024-11-16 00:00:00,0.0,605.17,725.76,1432.64,2763.58
2024-11-16 01:00:00,0.0,435.98,688.86,2096.81,3221.65
2024-11-16 02:00:00,0.0,582.71,616.91,2025.67,3225.29
2024-11-16 03:00:00,0.0,387.76,686.55,1746.24,2820.54
2024-11-16 04:00:00,0.0,528.62,602.27,1578.25,2709.13
2024-11-16 05:00:00,0.0,156.61,640.8,1303.95,2101.35
2024-11-16 06:00:00,0.0,700.66,645.65,1356.44,2702.75
2024-11-16 07:00:00,218.96,465.79,639.52,1220.29,2544.56
2024-11-16 08:00:00,454.22,285.19,599.94,1840.9,3180.25
2024-11-16 09:00:00,589.2,614.87,672.34,1390.35,3266.75
2024-11-16 10:00:00,747.31,439.59,675.31,1314.05,3176.25
2024-11-16 11:00:00,885.04,802.27,749.37,1310.29,3746.97
2024-11-16 12:00:00,849.14,499.84,624.69,1317.67,3291.34
2024-11-16 13:00:00,819.53,511.82,796.23,1972.15,4099.72
2024-11-16 14:00:00,825.38,452.05,571.88,2187.78,4037.09
2024-11-16 15:00:00,778.04,383.02,663.36,1592.01,3416.43
2024-11-16 16:00:00,437.22,355.96,712.36,1599.31,3104.86
2024-11-16 17:00:00,210.29,461.22,663.54,1370.12,2705.18
2024-11-16 18:00:00,0.0,502.93,593.9,1715.36,2812.18
2024-11-16 19:00:00,0.0,492.74,482.96,1532.05,2507.75
2024-11-16 20:00:00,0.0,655.42,644.23,1392.6,2692.25
2024-11-16 21:00:00,0.0,464.58,557.66,1519.59,2541.84
2024-11-16 22:00:00,0.0,567.18,676.68,1435.35,2679.21
2024-11-16 23:00:00,0.0,273.77,684.29,1266.28,2224.33
2024-11-17 00:00:00,0.0,625.17,562.57,1163.47,2351.21
2024-11-17 01:00:00,0.0,478.41,650.48,1411.94,2540.84
2024-11-17 02:00:00,0.0,453.44,547.1,1775.89,2776.43
2024-11-17 03:00:00,0.0,426.38,711.83,1452.58,2590.79
2024-11-17 04:00:00,0.0,426.49,678.48,1465.65,2570.62
2024-11-17 05:00:00,0.0,486.62,683.93,1356.06,2526.6
2024-11-17 06:00:00,0.0,511.81,770.06,1747.41,3029.28
2024-11-17 07:00:00,233.68,578.12,586.23,1563.08,2961.12
2024-11-17 08:00:00,513.01,465.14,699.69,1939.12,3616.97
2024-11-17 09:00:00,460.55,515.66,569.48,2209.68,3755.36
2024-11-17 10:00:00,806.92,465.62,618.99,1554.75,3446.28
2024-11-17 11:00:00,915.47,763.63,575.83,1650.86,3905.79
2024-11-17 12:00:00,823.11,533.36,799.25,1472.63,3628.34
2024-11-17 13:00:00,892.95,768.14,726.4,1542.24,3929.73
2024-11-17 14:00:00,802.61,399.74,618.46,1587.35,3408.16
2024-11-17 15:00:00,659.67,377.73,588.84,1827.41,3453.65
2024-11-17 16:00:00,467.61,442.54,635.12,1439.98,2985.24
2024-11-17 17:00:00,230.46,767.09,664.93,1793.31,3455.78
2024-11-17 18:00:00,0.0,441.01,627.77,1870.68,2939.47
2024-11-17 19:00:00,0.0,437.8,685.36,1488.07,2611.24
2024-11-17 20:00:00,0.0,575.97,645.02,1928.55,3149.53
2024-11-17 21:00:00,0.0,301.29,660.95,1719.61,2681.85
2024-11-17 22:00:00,0.0,543.76,657.7,1488.15,2689.61
2024-11-17 23:00:00,0.0,385.11,648.11,1866.1,2899.32
2024-11-18 00:00:00,0.0,502.33,676.86,1864.35,3043.54
2024-11-18 01:00:00,0.0,584.49,547.13,1921.19,3052.81
2024-11-18 02:00:00,0.0,543.9,623.99,1526.21,2694.1
2024-11-18 03:00:00,0.0,484.45,733.35,1886.1,3103.9
2024-11-18 04:00:00,0.0,524.17,695.84,2005.48,3225.49
2024-11-18 05:00:00,0.0,538.47,679.6,1568.48,2786.55
2024-11-18 06:00:00,0.0,394.51,774.94,1723.9,2893.35
2024-11-18 07:00:00,220.28,415.71,652.09,1488.27,2776.35
2024-11-18 08:00:00,532.55,449.79,693.22,2133.83,3809.39
2024-11-18 09:00:00,340.72,429.7,726.88,1828.86,3326.16
2024-11-18 10:00:00,776.75,457.82,663.72,1393.58,3291.87
2024-11-18 11:00:00,919.63,544.09,651.42,2039.55,4154.69
2024-11-18 12:00:00,917.59,380.19,578.17,1916.82,3792.76
2024-11-18 13:00:00,720.72,672.2,685.03,1279.04,3356.99
2024-11-18 14:00:00,710.84,446.21,560.59,1770.03,3487.67
2024-11-18 15:00:00,615.36,220.97,731.42,1778.15,3345.89
2024-11-18 16:00:00,384.74,411.37,575.75,1396.69,2768.55
2024-11-18 17:00:00,224.45,469.51,640.59,1593.28,2927.83
2024-11-18 18:00:00,0.0,331.25,620.3,1393.07,2344.62
2024-11-18 19:00:00,0.0,406.84,717.55,1178.64,2303.03
2024-11-18 20:00:00,0.0,694.98,630.93,1685.79,3011.69
2024-11-18 21:00:00,0.0,606.24,673.54,1298.2,2577.98
2024-11-18 22:00:00,0.0,311.06,703.2,1796.17,2810.42
2024-11-18 23:00:00,0.0,701.6,839.65,1155.34,2696.58
2024-11-19 00:00:00,0.0,536.09,653.89,1372.86,2562.85
2024-11-19 01:00:00,0.0,528.53,688.93,1358.15,2575.61
2024-11-19 02:00:00,0.0,574.52,646.84,1376.17,2597.54
2024-11-19 03:00:00,0.0,388.2,655.07,1722.34,2765.61
2024-11-19 04:00:00,0.0,363.31,554.69,1552.03,2470.03
2024-11-19 05:00:00,0.0,496.37,681.22,1302.63,2480.22
2024-11-19 06:00:00,0.0,510.72,652.28,1202.12,2365.12
2024-11-19 07:00:00,192.38,434.82,587.19,1280.05,2494.44
2024-11-19 08:00:00,517.38,535.5,708.73,1414.39,3176.01
2024-11-19 09:00:00,597.81,675.83,611.95,1257.28,3142.87
2024-11-19 10:00:00,848.06,652.03,756.55,1536.0,3792.64
2024-11-19 11:00:00,765.22,520.65,713.54,1279.39,3278.79
2024-11-19 12:00:00,881.62,465.25,643.16,1719.87,3709.89
2024-11-19 13:00:00,751.42,517.74,674.06,1385.88,3329.09
2024-11-19 14:00:00,790.32,463.91,745.38,1659.9,3659.51
2024-11-19 15:00:00,535.32,455.82,622.29,1428.93,3042.36
2024-11-19 16:00:00,390.96,393.86,664.16,1643.1,3092.08
2024-11-19 17:00:00,290.5,592.19,647.4,1742.7,3272.8
2024-11-19 18:00:00,0.0,288.85,564.95,1912.32,2766.13
2024-11-19 19:00:00,0.0,619.09,659.85,1826.62,3105.56
2024-11-19 20:00:00,0.0,316.51,670.7,1338.3,2325.51
2024-11-19 21:00:00,0.0,634.72,672.8,1922.76,3230.28
2024-11-19 22:00:00,0.0,735.82,624.07,1284.32,2644.21
2024-11-19 23:00:00,0.0,617.86,660.9,1269.32,2548.08
2024-11-20 00:00:00,0.0,389.27,609.79,1417.92,2416.97
2024-11-20 01:00:00,0.0,412.8,630.92,1810.73,2854.45
2024-11-20 02:00:00,0.0,520.14,631.93,1394.54,2546.61
2024-11-20 03:00:00,0.0,512.49,637.92,1368.76,2519.17
2024-11-20 04:00:00,0.0,431.08,599.32,1608.21,2638.61
2024-11-20 05:00:00,0.0,458.58,573.93,1969.96,3002.48
2024-11-20 06:00:00,0.0,406.14,696.4,1604.23,2706.78
2024-11-20 07:00:00,211.98,844.89,645.69,1648.29,3350.85
2024-11-20 08:00:00,363.26,446.53,633.32,1437.64,2880.75
2024-11-20 09:00:00,570.05,417.28,638.83,1583.11,3209.27
2024-11-20 10:00:00,540.31,706.94,658.8,1754.77,3660.83
2024-11-20 11:00:00,907.31,600.56,666.1,1815.55,3989.52
2024-11-20 12:00:00,1006.28,560.11,681.96,1538.39,3786.73
2024-11-20 13:00:00,888.53,508.43,660.05,2051.02,4108.03
2024-11-20 14:00:00,766.56,567.82,817.92,1674.7,3827.0
2024-11-20 15:00:00,770.67,423.12,657.16,1650.51,3501.46
2024-11-20 16:00:00,370.11,402.61,712.68,1499.9,2985.31
2024-11-20 17:00:00,208.37,361.22,659.5,1481.74,2710.82
2024-11-20 18:00:00,0.0,572.5,705.29,1784.42,3062.21
2024-11-20 19:00:00,0.0,671.85,621.67,1863.13,3156.65
2024-11-20 20:00:00,0.0,646.72,640.86,1443.95,2731.53
2024-11-20 21:00:00,0.0,373.7,630.6,1499.28,2503.58
2024-11-20 22:00:00,0.0,573.81,703.54,1361.51,2638.86
2024-11-20 23:00:00,0.0,280.12,681.69,1246.08,2207.89
2024-11-21 00:00:00,0.0,305.34,730.71,1570.36,2606.4
2024-11-21 01:00:00,0.0,729.51,677.56,1444.01,2851.07
2024-11-21 02:00:00,0.0,436.14,648.19,1210.33,2294.66
2024-11-21 03:00:00,0.0,455.86,770.53,1161.22,2387.6
2024-11-21 04:00:00,0.0,506.89,585.84,1707.49,2800.21
2024-11-21 05:00:00,0.0,537.56,669.62,1522.08,2729.26
2024-11-21 06:00:00,0.0,523.52,592.0,2118.48,3234.0
2024-11-21 07:00:00,264.65,622.73,632.7,1614.22,3134.31
2024-11-21 08:00:00,455.61,397.81,577.63,1440.11,2871.16
2024-11-21 09:00:00,701.45,434.34,630.63,1672.73,3439.15
2024-11-21 10:00:00,763.52,553.63,711.47,2045.58,4074.19
2024-11-21 11:00:00,820.59,406.53,660.38,1325.91,3213.41
2024-11-21 12:00:00,886.69,474.74,671.77,1444.82,3478.03
2024-11-21 13:00:00,919.66,603.27,629.55,1432.87,3585.35
2024-11-21 14:00:00,932.0,529.19,695.27,1412.08,3568.53
2024-11-21 15:00:00,626.15,605.44,576.91,1501.35,3309.84
2024-11-21 16:00:00,427.2,572.56,693.24,1790.92,3483.91
2024-11-21 17:00:00,141.35,414.21,676.56,1387.76,2619.88
2024-11-21 18:00:00,0.0,328.1,711.69,1594.19,2633.97
2024-11-21 19:00:00,0.0,420.88,694.71,1360.38,2475.96
2024-11-21 20:00:00,0.0,569.0,647.55,1589.93,2806.48
2024-11-21 21:00:00,0.0,435.42,532.48,1323.72,2291.62
2024-11-21 22:00:00,0.0,434.31,702.97,1509.92,2647.19
2024-11-21 23:00:00,0.0,376.91,603.02,1605.97,2585.9
2024-11-22 00:00:00,0.0,761.45,570.58,1965.23,3297.26
2024-11-22 01:00:00,0.0,454.54,713.52,1237.48,2405.54
2024-11-22 02:00:00,0.0,617.68,647.33,1751.35,3016.37
2024-11-22 03:00:00,0.0,550.32,816.47,1872.43,3239.22
2024-11-22 04:00:00,0.0,597.01,597.46,1637.02,2831.49
2024-11-22 05:00:00,0.0,353.33,740.41,1623.12,2716.85
2024-11-22 06:00:00,0.0,493.07,623.08,1511.45,2627.61
2024-11-22 07:00:00,210.68,348.17,690.44,1464.51,2713.79
2024-11-22 08:00:00,421.12,662.02,661.53,1465.66,3210.32
2024-11-22 09:00:00,631.04,569.1,626.05,1397.41,3223.61
2024-11-22 10:00:00,774.56,419.0,656.63,1455.24,3305.42
2024-11-22 11:00:00,812.99,498.06,691.71,2038.52,4041.28
2024-11-22 12:00:00,1060.9,577.35,537.96,1599.86,3776.07
2024-11-22 13:00:00,853.03,369.34,678.7,1317.04,3218.12
2024-11-22 14:00:00,682.48,532.83,635.01,1694.78,3545.09
2024-11-22 15:00:00,629.37,629.21,635.01,1611.43,3505.01
2024-11-22 16:00:00,501.66,565.16,687.47,1455.6,3209.9
2024-11-22 17:00:00,219.67,631.63,624.95,1325.62,2801.86
2024-11-22 18:00:00,0.0,369.09,625.58,1706.57,2701.23
2024-11-22 19:00:00,0.0,528.65,575.56,1536.31,2640.51
2024-11-22 20:00:00,0.0,376.19,599.42,1218.7,2194.31
2024-11-22 21:00:00,0.0,461.95,597.32,1809.13,2868.41
2024-11-22 22:00:00,0.0,504.12,671.87,1328.19,2504.18
2024-11-22 23:00:00,0.0,382.02,589.74,1740.16,2711.92
2024-11-23 00:00:00,0.0,435.69,681.41,1708.18,2825.27
2024-11-23 01:00:00,0.0,742.44,615.83,1655.6,3013.87
2024-11-23 02:00:00,0.0,411.35,649.63,1671.16,2732.13
2024-11-23 03:00:00,0.0,412.06,581.16,1393.54,2386.76
2024-11-23 04:00:00,0.0,552.01,581.13,1926.28,3059.43
2024-11-23 05:00:00,0.0,409.92,614.34,1725.87,2750.14
2024-11-23 06:00:00,0.0,303.98,628.77,1671.35,2604.1
2024-11-23 07:00:00,194.72,414.76,686.42,1510.81,2806.71
2024-11-23 08:00:00,526.48,700.27,624.62,2108.72,3960.1
2024-11-23 09:00:00,579.22,520.63,595.6,1522.98,3218.42
2024-11-23 10:00:00,572.34,267.7,697.61,1498.63,3036.28
2024-11-23 11:00:00,766.59,557.81,588.01,1457.7,3370.11
2024-11-23 12:00:00,952.03,587.06,438.53,1497.23,3474.84
2024-11-23 13:00:00,837.15,428.74,682.12,1660.4,3608.41
2024-11-23 14:00:00,724.6,426.52,636.44,1357.72,3145.29
2024-11-23 15:00:00,642.95,301.99,556.51,1736.91,3238.35
2024-11-23 16:00:00,550.13,494.26,549.88,1313.98,2908.25
2024-11-23 17:00:00,249.62,648.57,563.46,1683.13,3144.78
2024-11-23 18:00:00,0.0,723.38,582.27,1895.45,3201.11
2024-11-23 19:00:00,0.0,591.53,720.33,1741.57,3053.43
2024-11-23 20:00:00,0.0,560.45,724.84,1493.07,2778.37
2024-11-23 21:00:00,0.0,636.85,595.86,2083.55,3316.25
2024-11-23 22:00:00,0.0,496.42,682.18,1818.72,2997.32
2024-11-23 23:00:00,0.0,733.57,672.12,1654.77,3060.47
2024-11-24 00:00:00,0.0,502.81,803.47,1461.33,2767.61
2024-11-24 01:00:00,0.0,562.47,659.27,1195.37,2417.11
2024-11-24 02:00:00,0.0,589.64,713.7,1762.13,3065.47
2024-11-24 03:00:00,0.0,461.51,659.28,1635.29,2756.07
2024-11-24 04:00:00,0.0,471.06,680.16,1852.75,3003.97
2024-11-24 05:00:00,0.0,598.57,744.76,1406.0,2749.33
2024-11-24 06:00:00,0.0,667.04,679.35,1158.35,2504.74
2024-11-24 07:00:00,194.41,599.17,593.58,1495.36,2882.52
2024-11-24 08:00:00,501.02,451.91,682.03,1827.96,3462.91
2024-11-24 09:00:00,589.05,597.14,669.27,1164.35,3019.8
2024-11-24 10:00:00,775.56,255.91,627.32,2012.67,3671.46
2024-11-24 11:00:00,759.2,353.55,766.5,1495.15,3374.41
2024-11-24 12:00:00,1010.95,295.46,749.49,1383.91,3439.81
2024-11-24 13:00:00,851.71,571.63,694.64,1770.6,3888.57
2024-11-24 14:00:00,615.45,264.22,670.49,1491.73,3041.89
2024-11-24 15:00:00,636.28,615.08,488.69,1946.86,3686.92
2024-11-24 16:00:00,513.26,490.44,656.74,1651.05,3311.48
2024-11-24 17:00:00,175.69,552.61,529.73,1476.49,2734.53
2024-11-24 18:00:00,0.0,624.22,690.2,2057.0,3371.42
2024-11-24 19:00:00,0.0,540.94,634.89,1160.49,2336.32
2024-11-24 20:00:00,0.0,873.16,580.97,1170.67,2624.8
2024-11-24 21:00:00,0.0,538.56,636.29,1313.6,2488.46
2024-11-24 22:00:00,0.0,433.14,696.17,1953.57,3082.88
2024-11-24 23:00:00,0.0,442.98,688.22,1447.78,2578.97
2024-11-25 00:00:00,0.0,420.3,636.59,1243.84,2300.73
2024-11-25 01:00:00,0.0,448.34,662.23,2026.82,3137.39
2024-11-25 02:00:00,0.0,474.44,642.61,1672.4,2789.45
2024-11-25 03:00:00,0.0,333.34,700.48,1745.12,2778.94
2024-11-25 04:00:00,0.0,509.39,679.0,1337.87,2526.26
2024-11-25 05:00:00,0.0,488.16,687.52,1637.6,2813.28
2024-11-25 06:00:00,0.0,385.68,661.96,1670.27,2717.91
2024-11-25 07:00:00,160.93,627.27,674.66,1514.99,2977.85
2024-11-25 08:00:00,554.97,479.73,681.02,1342.07,3057.79
2024-11-25 09:00:00,565.19,253.33,593.21,1443.88,2855.61
2024-11-25 10:00:00,596.73,441.69,657.56,1356.19,3052.16
2024-11-25 11:00:00,847.32,333.23,638.29,1377.37,3196.21
2024-11-25 12:00:00,890.96,319.29,647.8,1909.95,3767.99
2024-11-25 13:00:00,775.93,522.66,673.14,1443.37,3415.1
2024-11-25 14:00:00,1038.63,298.33,640.26,1602.43,3579.64
2024-11-25 15:00:00,607.78,510.72,805.31,1533.48,3457.29
2024-11-25 16:00:00,483.46,492.71,684.99,1510.92,3172.07
2024-11-25 17:00:00,159.41,552.04,599.5,2016.47,3327.41
2024-11-25 18:00:00,0.0,428.03,680.59,1817.7,2926.33
2024-11-25 19:00:00,0.0,373.08,754.32,1358.71,2486.11
2024-11-25 20:00:00,0.0,657.35,619.32,1424.23,2700.9
2024-11-25 21:00:00,0.0,544.45,557.31,2189.87,3291.62
2024-11-25 22:00:00,0.0,370.85,631.83,1431.03,2433.71
2024-11-25 23:00:00,0.0,237.03,614.26,1557.36,2408.65
2024-11-26 00:00:00,0.0,527.19,636.52,1529.05,2692.76
2024-11-26 01:00:00,0.0,508.34,528.52,1220.92,2257.78
2024-11-26 02:00:00,0.0,565.85,731.01,1432.81,2729.67
2024-11-26 03:00:00,0.0,538.31,612.25,1669.89,2820.45
2024-11-26 04:00:00,0.0,499.08,642.29,1760.41,2901.78
2024-11-26 05:00:00,0.0,552.01,682.95,1528.51,2763.46
2024-11-26 06:00:00,0.0,367.25,638.1,1039.83,2045.18
2024-11-26 07:00:00,241.86,536.23,664.79,2101.79,3544.66
2024-11-26 08:00:00,339.68,444.14,715.37,1581.83,3081.02
2024-11-26 09:00:00,637.25,541.07,688.76,1725.91,3592.99
2024-11-26 10:00:00,539.37,698.54,644.88,1496.62,3379.41
2024-11-26 11:00:00,821.35,460.25,728.16,1267.73,3277.49
2024-11-26 12:00:00,933.49,671.1,704.92,2121.76,4431.27
2024-11-26 13:00:00,863.0,663.66,679.14,1864.35,4070.15
2024-11-26 14:00:00,816.16,496.92,693.75,1816.05,3822.88
2024-11-26 15:00:00,654.74,570.34,673.16,1469.22,3367.46
2024-11-26 16:00:00,461.32,534.41,604.59,1597.13,3197.46
2024-11-26 17:00:00,153.07,446.45,657.32,1195.04,2451.88
2024-11-26 18:00:00,0.0,513.52,662.66,1606.67,2782.84
2024-11-26 19:00:00,0.0,350.22,669.19,1531.47,2550.87
2024-11-26 20:00:00,0.0,486.94,570.27,1578.24,2635.46
2024-11-26 21:00:00,0.0,759.56,568.78,2179.29,3507.63
2024-11-26 22:00:00,0.0,434.99,720.73,1505.03,2660.75
2024-11-26 23:00:00,0.0,322.11,575.55,1389.9,2287.56
2024-11-27 00:00:00,0.0,462.06,528.28,1327.99,2318.33
2024-11-27 01:00:00,0.0,531.74,632.61,1605.74,2770.09
2024-11-27 02:00:00,0.0,475.32,663.94,1567.13,2706.39
2024-11-27 03:00:00,0.0,438.14,490.51,1317.62,2246.27
2024-11-27 04:00:00,0.0,425.53,577.31,1501.5,2504.34
2024-11-27 05:00:00,0.0,445.43,777.53,1469.3,2692.27
2024-11-27 06:00:00,0.0,673.63,573.84,1118.94,2366.41
2024-11-27 07:00:00,224.37,326.44,687.95,1468.86,2707.62
2024-11-27 08:00:00,406.34,686.66,621.81,1477.27,3192.07
2024-11-27 09:00:00,537.68,704.27,625.1,1257.81,3124.86
2024-11-27 10:00:00,677.74,500.6,676.08,1366.17,3220.59
2024-11-27 11:00:00,717.2,431.65,663.92,1831.1,3643.88
2024-11-27 12:00:00,975.75,569.18,632.25,1780.93,3958.11
2024-11-27 13:00:00,834.44,410.1,705.69,1484.23,3434.46
2024-11-27 14:00:00,906.27,561.95,786.87,1479.44,3734.54
2024-11-27 15:00:00,582.85,584.04,663.55,1376.77,3207.2
2024-11-27 16:00:00,399.93,577.7,567.44,1785.57,3330.64
2024-11-27 17:00:00,201.15,503.67,647.2,1425.33,2777.36
2024-11-27 18:00:00,0.0,318.4,648.41,1688.18,2654.99
2024-11-27 19:00:00,0.0,399.44,688.63,1113.59,2201.66
2024-11-27 20:00:00,0.0,470.94,577.45,1938.25,2986.63
2024-11-27 21:00:00,0.0,567.94,679.68,1510.81,2758.43
2024-11-27 22:00:00,0.0,650.28,674.54,1769.37,3094.19
2024-11-27 23:00:00,0.0,427.27,611.48,1810.78,2849.52
2024-11-28 00:00:00,0.0,217.55,738.28,1700.05,2655.88
2024-11-28 01:00:00,0.0,441.45,582.86,1888.95,2913.26
2024-11-28 02:00:00,0.0,393.61,719.5,1612.55,2725.66
2024-11-28 03:00:00,0.0,444.52,683.9,1620.18,2748.6
2024-11-28 04:00:00,0.0,345.31,609.66,1587.65,2542.61
2024-11-28 05:00:00,0.0,422.04,638.36,1542.35,2602.75
2024-11-28 06:00:00,0.0,389.0,707.95,1387.46,2484.42
2024-11-28 07:00:00,208.7,436.06,689.4,1779.89,3114.05
2024-11-28 08:00:00,342.56,648.96,581.32,1930.74,3503.58
2024-11-28 09:00:00,667.03,519.39,596.85,1462.31,3245.58
2024-11-28 10:00:00,734.75,373.93,667.33,1668.79,3444.79
2024-11-28 11:00:00,888.55,388.65,612.21,1315.29,3204.7
2024-11-28 12:00:00,920.88,361.79,572.13,1322.03,3176.83
2024-11-28 13:00:00,751.36,416.35,712.18,1888.76,3768.65
2024-11-28 14:00:00,592.74,518.91,594.8,1861.0,3567.45
2024-11-28 15:00:00,416.13,653.17,662.75,1758.49,3490.54
2024-11-28 16:00:00,348.53,573.81,747.23,1563.28,3232.85
2024-11-28 17:00:00,217.57,456.07,663.3,1683.23,3020.17
2024-11-28 18:00:00,0.0,527.6,587.27,2161.01,3275.88
2024-11-28 19:00:00,0.0,497.07,665.19,2236.92,3399.17
2024-11-28 20:00:00,0.0,447.87,577.18,1160.59,2185.64
2024-11-28 21:00:00,0.0,611.58,601.16,1508.63,2721.37
2024-11-28 22:00:00,0.0,542.18,693.62,2009.62,3245.42
2024-11-28 23:00:00,0.0,457.23,611.36,1671.79,2740.38
2024-11-29 00:00:00,0.0,534.62,531.98,1094.67,2161.27
2024-11-29 01:00:00,0.0,535.5,746.41,1920.87,3202.78
2024-11-29 02:00:00,0.0,525.0,658.65,1520.26,2703.9
2024-11-29 03:00:00,0.0,595.33,624.01,1881.53,3100.87
2024-11-29 04:00:00,0.0,464.99,526.93,1718.17,2710.09
2024-11-29 05:00:00,0.0,453.89,591.39,1466.04,2511.32
2024-11-29 06:00:00,0.0,490.01,703.12,1976.9,3170.03
2024-11-29 07:00:00,239.67,496.51,572.4,1260.32,2568.91
2024-11-29 08:00:00,418.17,390.2,614.81,1579.61,3002.78
2024-11-29 09:00:00,480.02,510.83,617.06,1321.47,2929.38
2024-11-29 10:00:00,732.49,417.76,609.02,1784.82,3544.09
2024-11-29 11:00:00,998.81,501.66,703.49,2031.82,4235.78
2024-11-29 12:00:00,1029.53,527.52,761.02,1604.64,3922.72
2024-11-29 13:00:00,762.75,458.66,680.41,1861.28,3763.1
2024-11-29 14:00:00,630.27,748.98,699.35,1662.32,3740.93
2024-11-29 15:00:00,644.4,168.35,560.71,1423.62,2797.09
2024-11-29 16:00:00,596.49,480.01,524.21,1753.3,3354.0
2024-11-29 17:00:00,203.67,778.34,687.49,1513.88,3183.38
2024-11-29 18:00:00,0.0,608.95,711.09,1273.91,2593.95
2024-11-29 19:00:00,0.0,612.85,739.28,2085.0,3437.13
2024-11-29 20:00:00,0.0,702.23,557.81,1341.49,2601.53
2024-11-29 21:00:00,0.0,499.1,685.92,1862.23,3047.26
2024-11-29 22:00:00,0.0,389.19,573.4,1312.63,2275.22
2024-11-29 23:00:00,0.0,506.32,582.26,1646.53,2735.11
2024-11-30 00:00:00,0.0,569.47,643.1,1464.94,2677.51
2024-11-30 01:00:00,0.0,411.43,775.62,1234.99,2422.04
2024-11-30 02:00:00,0.0,439.76,724.67,1424.38,2588.81
2024-11-30 03:00:00,0.0,602.64,674.2,1869.33,3146.17
2024-11-30 04:00:00,0.0,734.64,667.87,1275.65,2678.16
2024-11-30 05:00:00,0.0,349.38,728.8,1533.73,2611.9
2024-11-30 06:00:00,0.0,591.32,639.07,1578.15,2808.54
2024-11-30 07:00:00,211.77,441.64,672.27,1464.2,2789.9
2024-11-30 08:00:00,470.6,533.3,769.83,1904.82,3678.55
2024-11-30 09:00:00,579.51,572.82,619.33,1210.22,2981.88
2024-11-30 10:00:00,589.78,605.0,717.19,1718.97,3630.94
2024-11-30 11:00:00,915.98,514.69,699.54,2074.42,4204.62
2024-11-30 12:00:00,769.45,288.24,664.19,1379.12,3101.0
2024-11-30 13:00:00,642.14,477.42,801.21,1776.21,3696.98
2024-11-30 14:00:00,660.0,706.95,687.73,1647.22,3701.9
2024-11-30 15:00:00,680.66,370.17,677.95,1710.21,3439.0
2024-11-30 16:00:00,360.4,590.23,812.81,1474.92,3238.36
2024-11-30 17:00:00,276.53,497.41,702.32,1754.44,3230.7
2024-11-30 18:00:00,0.0,432.27,684.81,1675.92,2793.01
2024-11-30 19:00:00,0.0,578.07,757.34,1510.82,2846.23
2024-11-30 20:00:00,0.0,675.73,651.35,1618.41,2945.48
2024-11-30 21:00:00,0.0,498.68,556.29,1647.16,2702.13
2024-11-30 22:00:00,0.0,642.48,697.12,1790.22,3129.82
2024-11-30 23:00:00,0.0,498.99,579.47,1692.87,2771.34
2024-12-01 00:00:00,0.0,503.58,639.45,2121.18,3264.21
2024-12-01 01:00:00,0.0,323.45,686.14,1636.81,2646.4
2024-12-01 02:00:00,0.0,662.98,681.83,1586.48,2931.29
2024-12-01 03:00:00,0.0,336.23,842.13,1417.94,2596.31
2024-12-01 04:00:00,0.0,566.08,757.37,1547.65,2871.1
2024-12-01 05:00:00,0.0,482.05,706.75,1682.9,2871.7
2024-12-01 06:00:00,0.0,490.67,738.73,1224.51,2453.91
2024-12-01 07:00:00,181.32,600.12,772.79,1529.86,3084.1
2024-12-01 08:00:00,494.22,480.63,595.15,1851.93,3421.93
2024-12-01 09:00:00,503.56,199.42,710.07,1212.37,2625.43
2024-12-01 10:00:00,684.1,599.26,670.34,1737.39,3691.09
2024-12-01 11:00:00,1005.26,532.11,733.35,1556.74,3827.45
2024-12-01 12:00:00,589.79,532.22,637.9,1552.85,3312.77
2024-12-01 13:00:00,675.58,643.6,736.87,1697.72,3753.76
2024-12-01 14:00:00,913.67,434.02,671.69,1810.14,3829.52
2024-12-01 15:00:00,567.46,486.51,716.51,1527.12,3297.6
2024-12-01 16:00:00,446.13,572.51,770.7,1497.64,3286.97
2024-12-01 17:00:00,239.83,592.93,765.26,1810.99,3409.01
2024-12-01 18:00:00,0.0,599.83,667.14,1919.63,3186.6
2024-12-01 19:00:00,0.0,574.56,706.08,1781.05,3061.69
2024-12-01 20:00:00,0.0,421.05,715.27,1642.18,2778.5
2024-12-01 21:00:00,0.0,504.59,723.92,1825.88,3054.4
2024-12-01 22:00:00,0.0,533.38,794.89,1732.76,3061.04
2024-12-01 23:00:00,0.0,366.38,780.15,1732.18,2878.71
2024-12-02 00:00:00,0.0,564.28,749.56,2028.51,3342.35
2024-12-02 01:00:00,0.0,514.83,740.01,1494.3,2749.14
2024-12-02 02:00:00,0.0,474.11,715.37,1870.93,3060.41
2024-12-02 03:00:00,0.0,553.74,647.15,1235.56,2436.45
2024-12-02 04:00:00,0.0,446.53,638.88,1535.26,2620.68
2024-12-02 05:00:00,0.0,593.95,672.58,1841.85,3108.39
2024-12-02 06:00:00,0.0,321.66,667.35,1818.56,2807.57
2024-12-02 07:00:00,302.49,507.57,718.14,1597.48,3125.69
2024-12-02 08:00:00,336.42,517.18,821.17,1885.87,3560.63
2024-12-02 09:00:00,525.38,557.32,706.57,1797.49,3586.76
2024-12-02 10:00:00,543.98,429.38,632.43,1827.44,3433.23
2024-12-02 11:00:00,771.49,690.87,617.16,1662.28,3741.8
2024-12-02 12:00:00,805.04,770.61,744.75,1593.49,3913.89
2024-12-02 13:00:00,750.36,388.97,717.99,1523.96,3381.29
2024-12-02 14:00:00,866.15,572.36,656.84,1632.39,3727.75
2024-12-02 15:00:00,522.66,353.34,798.57,1126.4,2800.96
2024-12-02 16:00:00,490.56,413.96,672.76,1782.47,3359.76
2024-12-02 17:00:00,224.46,709.58,643.67,1623.47,3201.18
2024-12-02 18:00:00,0.0,456.61,691.37,1724.26,2872.24
2024-12-02 19:00:00,0.0,496.46,670.39,1573.85,2740.7
2024-12-02 20:00:00,0.0,605.88,808.23,1125.62,2539.72
2024-12-02 21:00:00,0.0,361.62,668.95,1655.98,2686.55
2024-12-02 22:00:00,0.0,551.29,740.4,1565.36,2857.05
2024-12-02 23:00:00,0.0,448.92,741.69,1492.09,2682.7
2024-12-03 00:00:00,0.0,438.03,753.08,1803.77,2994.88
2024-12-03 01:00:00,0.0,447.32,649.37,1458.21,2554.89
2024-12-03 02:00:00,0.0,546.62,780.34,1520.66,2847.63
2024-12-03 03:00:00,0.0,571.82,735.35,1951.62,3258.79
2024-12-03 04:00:00,0.0,356.11,830.55,1731.35,2918.01
2024-12-03 05:00:00,0.0,634.06,715.76,1458.95,2808.77
2024-12-03 06:00:00,0.0,605.36,743.82,1889.55,3238.73
2024-12-03 07:00:00,164.79,503.08,718.88,1387.53,2774.28
2024-12-03 08:00:00,439.61,424.99,680.51,1393.9,2939.0
2024-12-03 09:00:00,643.25,534.78,794.24,1596.33,3568.59
2024-12-03 10:00:00,767.3,582.26,702.15,1580.78,3632.49
2024-12-03 11:00:00,929.07,496.83,727.1,1426.92,3579.92
2024-12-03 12:00:00,710.13,502.32,694.07,1361.79,3268.3
2024-12-03 13:00:00,889.25,532.02,812.61,1557.03,3790.9
2024-12-03 14:00:00,776.01,380.78,717.68,1752.25,3626.72
2024-12-03 15:00:00,530.07,486.21,670.94,1457.13,3144.34
2024-12-03 16:00:00,331.75,399.62,844.75,1917.14,3493.26
2024-12-03 17:00:00,236.5,381.2,586.12,1922.14,3125.96
2024-12-03 18:00:00,0.0,397.49,697.0,1659.43,2753.92
2024-12-03 19:00:00,0.0,521.31,692.78,1721.26,2935.34
2024-12-03 20:00:00,0.0,395.59,735.5,1368.09,2499.18
2024-12-03 21:00:00,0.0,438.27,734.68,1543.86,2716.81
2024-12-03 22:00:00,0.0,482.41,818.26,1350.09,2650.76
2024-12-03 23:00:00,0.0,679.91,710.18,1400.14,2790.23
2024-12-04 00:00:00,0.0,573.1,654.15,1454.46,2681.7
2024-12-04 01:00:00,0.0,490.47,769.26,2035.97,3295.7
2024-12-04 02:00:00,0.0,277.78,590.17,1842.71,2710.65
2024-12-04 03:00:00,0.0,628.79,680.23,1612.8,2921.83
2024-12-04 04:00:00,0.0,687.42,784.83,1515.14,2987.4
2024-12-04 05:00:00,0.0,455.48,722.71,1513.14,2691.32
2024-12-04 06:00:00,0.0,480.62,729.56,1988.54,3198.72
2024-12-04 07:00:00,209.89,338.58,669.5,1582.97,2800.94
2024-12-04 08:00:00,392.37,457.5,695.31,1771.0,3316.18
2024-12-04 09:00:00,695.24,458.05,658.17,1427.0,3238.46
2024-12-04 10:00:00,863.04,331.89,547.35,1843.52,3585.8
2024-12-04 11:00:00,497.22,269.53,745.21,1687.09,3199.06
2024-12-04 12:00:00,794.27,273.87,748.28,1535.78,3352.2
2024-12-04 13:00:00,729.24,462.63,715.0,1464.84,3371.7
2024-12-04 14:00:00,743.09,372.6,695.99,1390.3,3201.98
2024-12-04 15:00:00,673.17,377.07,665.91,1551.55,3267.71
2024-12-04 16:00:00,407.04,476.59,713.66,1410.95,3008.24
2024-12-04 17:00:00,248.33,512.52,586.03,1614.72,2961.6
2024-12-04 18:00:00,0.0,301.4,711.18,1705.98,2718.57
2024-12-04 19:00:00,0.0,723.48,630.18,1464.78,2818.45
2024-12-04 20:00:00,0.0,329.14,602.53,1452.77,2384.44
2024-12-04 21:00:00,0.0,452.13,763.12,1987.38,3202.63
2024-12-04 22:00:00,0.0,538.43,654.32,1275.05,2467.8
2024-12-04 23:00:00,0.0,607.65,759.74,1664.0,3031.39
2024-12-05 00:00:00,0.0,356.93,630.96,1691.47,2679.35
2024-12-05 01:00:00,0.0,644.75,568.64,1379.97,2593.36
2024-12-05 02:00:00,0.0,428.12,707.47,1451.36,2586.95
2024-12-05 03:00:00,0.0,289.93,599.02,1614.5,2503.45
2024-12-05 04:00:00,0.0,459.11,662.58,1933.3,3054.99
2024-12-05 05:00:00,0.0,339.85,723.69,1448.45,2511.99
2024-12-05 06:00:00,0.0,437.3,732.37,1946.16,3115.83
2024-12-05 07:00:00,173.92,393.31,788.31,1817.07,3172.61
2024-12-05 08:00:00,463.95,444.97,729.76,1808.75,3447.43
2024-12-05 09:00:00,595.44,480.45,718.32,1012.09,2806.31
2024-12-05 10:00:00,671.17,608.24,717.83,1347.82,3345.07
2024-12-05 11:00:00,658.93,359.2,828.94,1364.52,3211.6
2024-12-05 12:00:00,867.65,548.23,647.74,2233.63,4297.26
2024-12-05 13:00:00,821.93,510.46,708.9,1620.3,3661.59
2024-12-05 14:00:00,489.23,662.11,668.37,1527.67,3347.37
2024-12-05 15:00:00,596.33,323.77,735.13,1531.5,3186.72
2024-12-05 16:00:00,442.69,547.79,699.19,1354.12,3043.79
2024-12-05 17:00:00,184.56,423.01,665.14,1996.19,3268.89
2024-12-05 18:00:00,0.0,656.83,732.23,1716.03,3105.08
2024-12-05 19:00:00,0.0,313.22,663.12,1178.49,2154.83
2024-12-05 20:00:00,0.0,374.02,621.46,1742.73,2738.21
2024-12-05 21:00:00,0.0,489.33,639.21,1775.83,2904.38
2024-12-05 22:00:00,0.0,516.83,722.6,1924.4,3163.83
2024-12-05 23:00:00,0.0,525.91,586.64,1410.74,2523.29
2024-12-06 00:00:00,0.0,350.44,661.73,1823.01,2835.18
2024-12-06 01:00:00,0.0,648.81,622.22,1685.12,2956.15
2024-12-06 02:00:00,0.0,650.42,688.48,1677.26,3016.16
2024-12-06 03:00:00,0.0,421.95,651.98,1581.73,2655.66
2024-12-06 04:00:00,0.0,468.72,776.29,1263.2,2508.21
2024-12-06 05:00:00,0.0,665.17,747.15,1611.08,3023.41
2024-12-06 06:00:00,0.0,515.01,754.71,1161.46,2431.18
2024-12-06 07:00:00,185.82,333.72,636.44,1694.84,2850.82
2024-12-06 08:00:00,355.66,458.34,704.17,1645.41,3163.59
2024-12-06 09:00:00,583.74,363.24,676.51,858.67,2482.16
2024-12-06 10:00:00,770.17,750.56,693.51,1852.44,4066.69
2024-12-06 11:00:00,657.3,259.27,727.58,1571.92,3216.07
2024-12-06 12:00:00,1106.19,396.03,763.69,1579.63,3845.54
2024-12-06 13:00:00,788.17,480.72,632.65,1622.89,3524.43
2024-12-06 14:00:00,650.08,555.85,741.16,1719.74,3666.82
2024-12-06 15:00:00,620.09,759.06,714.08,1724.48,3817.71
2024-12-06 16:00:00,431.75,417.26,660.65,1628.23,3137.89
2024-12-06 17:00:00,265.97,511.83,802.59,1509.23,3089.61
2024-12-06 18:00:00,0.0,477.49,767.84,1680.47,2925.8
2024-12-06 19:00:00,0.0,497.57,743.29,1840.56,3081.42
2024-12-06 20:00:00,0.0,396.17,657.4,1216.2,2269.77
2024-12-06 21:00:00,0.0,476.94,660.99,1622.19,2760.12
2024-12-06 22:00:00,0.0,502.07,656.57,1782.47,2941.11
2024-12-06 23:00:00,0.0,556.04,724.5,1472.44,2752.97
2024-12-07 00:00:00,0.0,473.41,684.76,1428.81,2586.97
2024-12-07 01:00:00,0.0,426.02,709.99,1676.3,2812.31
2024-12-07 02:00:00,0.0,247.33,676.74,1666.4,2590.46
2024-12-07 03:00:00,0.0,511.11,692.69,1322.05,2525.86
2024-12-07 04:00:00,0.0,530.85,717.1,1799.95,3047.9
2024-12-07 05:00:00,0.0,639.92,720.44,1320.35,2680.7
2024-12-07 06:00:00,0.0,634.19,796.1,1623.12,3053.4
2024-12-07 07:00:00,184.31,446.34,738.6,1722.11,3091.36
2024-12-07 08:00:00,418.65,555.19,782.17,2485.9,4241.91
2024-12-07 09:00:00,681.94,713.58,719.45,1862.9,3977.88
2024-12-07 10:00:00,777.64,528.41,640.79,1504.42,3451.25
2024-12-07 11:00:00,761.66,560.02,745.85,1600.73,3668.25
2024-12-07 12:00:00,774.11,192.64,702.16,1747.97,3416.88
2024-12-07 13:00:00,752.15,400.57,820.02,1662.67,3635.41
2024-12-07 14:00:00,708.29,424.53,670.39,1399.78,3203.0
2024-12-07 15:00:00,541.06,520.35,691.44,1839.62,3592.47
2024-12-07 16:00:00,498.16,541.35,700.09,1575.92,3315.52
2024-12-07 17:00:00,237.05,555.62,719.36,1261.79,2773.81
2024-12-07 18:00:00,0.0,404.88,675.43,1180.81,2261.13
2024-12-07 19:00:00,0.0,638.21,752.69,1844.92,3235.82
2024-12-07 20:00:00,0.0,504.76,788.84,1667.23,2960.82
2024-12-07 21:00:00,0.0,551.25,669.02,1801.17,3021.44
2024-12-07 22:00:00,0.0,478.02,801.24,1760.76,3040.02
2024-12-07 23:00:00,0.0,768.23,787.08,1892.9,3448.22
2024-12-08 00:00:00,0.0,453.69,662.99,1448.33,2565.01
2024-12-08 01:00:00,0.0,325.31,709.64,1802.69,2837.63
2024-12-08 02:00:00,0.0,455.54,631.21,1879.52,2966.27
2024-12-08 03:00:00,0.0,589.59,744.71,1704.67,3038.96
2024-12-08 04:00:00,0.0,561.68,764.04,1535.12,2860.84
2024-12-08 05:00:00,0.0,612.82,635.54,1621.76,2870.12
2024-12-08 06:00:00,0.0,558.89,632.5,2044.14,3235.53
2024-12-08 07:00:00,197.7,500.93,772.82,1591.17,3062.62
2024-12-08 08:00:00,458.25,654.26,719.06,1627.36,3458.92
2024-12-08 09:00:00,605.66,478.58,655.96,1956.21,3696.42
2024-12-08 10:00:00,609.56,459.86,604.68,1773.28,3447.38
2024-12-08 11:00:00,945.58,753.18,685.62,1873.1,4257.48
2024-12-08 12:00:00,664.86,479.42,755.79,1860.48,3760.56
2024-12-08 13:00:00,579.97,347.72,569.82,959.36,2456.86
2024-12-08 14:00:00,842.55,441.17,798.98,1500.1,3582.81
2024-12-08 15:00:00,623.55,424.19,694.1,1520.73,3262.57
2024-12-08 16:00:00,390.14,631.44,662.39,1515.11,3199.08
2024-12-08 17:00:00,239.01,330.88,748.6,1668.25,2986.73
2024-12-08 18:00:00,0.0,522.82,772.02,1956.61,3251.45
2024-12-08 19:00:00,0.0,515.43,813.41,1613.78,2942.63
2024-12-08 20:00:00,0.0,541.45,712.36,1683.92,2937.73
2024-12-08 21:00:00,0.0,515.34,715.19,1801.6,3032.13
2024-12-08 22:00:00,0.0,645.99,541.51,1724.52,2912.02
2024-12-08 23:00:00,0.0,417.55,702.86,1498.42,2618.83
2024-12-09 00:00:00,0.0,433.47,747.01,1879.96,3060.44
2024-12-09 01:00:00,0.0,389.8,728.02,2041.76,3159.57
2024-12-09 02:00:00,0.0,498.74,821.27,1478.85,2798.87
2024-12-09 03:00:00,0.0,598.68,765.31,1425.45,2789.44
2024-12-09 04:00:00,0.0,615.67,797.65,1330.29,2743.62
2024-12-09 05:00:00,0.0,538.44,710.48,2017.83,3266.75
2024-12-09 06:00:00,0.0,525.52,737.24,1413.61,2676.37
2024-12-09 07:00:00,228.83,334.7,763.72,1713.37,3040.63
2024-12-09 08:00:00,508.31,434.39,822.17,1567.07,3331.95
2024-12-09 09:00:00,673.75,553.96,722.15,1806.61,3756.46
2024-12-09 10:00:00,753.55,559.1,743.29,1844.78,3900.72
2024-12-09 11:00:00,866.56,338.09,679.72,1875.97,3760.34
2024-12-09 12:00:00,674.05,559.8,686.33,1413.82,3334.0
2024-12-09 13:00:00,887.59,501.9,692.61,1397.31,3479.4
2024-12-09 14:00:00,775.01,449.82,622.77,1161.29,3008.89
2024-12-09 15:00:00,498.03,529.28,917.04,1727.37,3671.71
2024-12-09 16:00:00,416.96,614.87,642.26,1534.44,3208.53
2024-12-09 17:00:00,202.33,537.06,766.01,1161.35,2666.75
2024-12-09 18:00:00,0.0,621.92,766.9,1559.68,2948.5
2024-12-09 19:00:00,0.0,467.73,643.49,1669.77,2781.0
2024-12-09 20:00:00,0.0,231.05,703.3,1584.66,2519.02
2024-12-09 21:00:00,0.0,329.74,670.35,1650.14,2650.22
2024-12-09 22:00:00,0.0,462.39,720.17,1336.99,2519.55
2024-12-09 23:00:00,0.0,251.24,702.64,1228.33,2182.22
2024-12-10 00:00:00,0.0,686.47,759.86,1199.67,2646.0
2024-12-10 01:00:00,0.0,483.48,727.35,1567.93,2778.76
2024-12-10 02:00:00,0.0,451.02,560.44,1691.45,2702.91
2024-12-10 03:00:00,0.0,490.35,752.4,1685.59,2928.34
2024-12-10 04:00:00,0.0,306.9,849.51,1683.24,2839.65
2024-12-10 05:00:00,0.0,550.66,764.14,1549.94,2864.74
2024-12-10 06:00:00,0.0,639.79,615.18,1079.31,2334.28
2024-12-10 07:00:00,153.69,517.5,654.25,1957.04,3282.49
2024-12-10 08:00:00,375.14,400.34,675.16,1587.26,3037.89
2024-12-10 09:00:00,493.03,642.11,671.35,1896.02,3702.51
2024-12-10 10:00:00,608.82,721.48,648.55,2042.58,4021.43
2024-12-10 11:00:00,936.32,318.67,768.57,1855.33,3878.88
2024-12-10 12:00:00,1110.28,720.13,615.21,1741.81,4187.43
2024-12-10 13:00:00,1083.43,479.92,689.12,1644.87,3897.34
2024-12-10 14:00:00,780.04,638.42,688.23,1074.83,3181.53
2024-12-10 15:00:00,695.4,520.59,716.69,1530.26,3462.94
2024-12-10 16:00:00,399.93,200.15,768.24,1548.61,2916.93
2024-12-10 17:00:00,207.06,642.5,680.5,1019.19,2549.25
2024-12-10 18:00:00,0.0,643.19,663.26,1475.21,2781.65
2024-12-10 19:00:00,0.0,715.27,724.08,1513.55,2952.9
2024-12-10 20:00:00,0.0,533.87,726.44,1855.84,3116.15
2024-12-10 21:00:00,0.0,269.62,610.03,1982.77,2862.42
2024-12-10 22:00:00,0.0,632.54,623.68,1388.72,2644.95
2024-12-10 23:00:00,0.0,434.19,784.23,1820.4,3038.81
2024-12-11 00:00:00,0.0,459.49,667.59,1757.15,2884.24
2024-12-11 01:00:00,0.0,496.35,699.91,1443.4,2639.66
2024-12-11 02:00:00,0.0,350.68,720.77,1156.63,2228.09
2024-12-11 03:00:00,0.0,573.33,663.23,1365.18,2601.74
2024-12-11 04:00:00,0.0,204.58,675.5,1542.04,2422.12
2024-12-11 05:00:00,0.0,585.82,749.43,1489.18,2824.43
2024-12-11 06:00:00,0.0,322.11,638.46,1464.14,2424.71
2024-12-11 07:00:00,247.18,581.35,631.62,1877.31,3337.45
2024-12-11 08:00:00,405.63,520.68,549.99,1675.8,3152.09
2024-12-11 09:00:00,713.87,709.03,715.38,1374.67,3512.95
2024-12-11 10:00:00,914.67,343.57,810.52,1203.93,3272.68
2024-12-11 11:00:00,695.79,434.94,720.98,1325.24,3176.95
2024-12-11 12:00:00,754.77,526.17,746.19,1480.53,3507.67
2024-12-11 13:00:00,874.52,408.48,583.23,1308.09,3174.33
2024-12-11 14:00:00,613.28,739.77,612.97,2055.83,4021.85
2024-12-11 15:00:00,701.32,639.7,793.7,1627.26,3761.98
2024-12-11 16:00:00,376.22,462.03,766.77,1687.47,3292.49
2024-12-11 17:00:00,180.41,665.35,762.09,1872.65,3480.5
2024-12-11 18:00:00,0.0,494.19,734.13,1220.23,2448.55
2024-12-11 19:00:00,0.0,360.41,772.38,1448.33,2581.12
2024-12-11 20:00:00,0.0,409.92,678.45,1584.38,2672.75
2024-12-11 21:00:00,0.0,432.04,653.69,1520.57,2606.31
2024-12-11 22:00:00,0.0,577.66,758.24,1916.67,3252.57
2024-12-11 23:00:00,0.0,411.06,628.09,2427.04,3466.2
2024-12-12 00:00:00,0.0,526.19,661.76,1861.92,3049.88
2024-12-12 01:00:00,0.0,516.76,718.11,1603.58,2838.46
2024-12-12 02:00:00,0.0,568.66,656.51,1376.41,2601.59
2024-12-12 03:00:00,0.0,328.88,756.31,1730.63,2815.83
2024-12-12 04:00:00,0.0,665.42,772.28,1192.93,2630.63
2024-12-12 05:00:00,0.0,401.77,637.22,2106.6,3145.59
2024-12-12 06:00:00,0.0,582.02,775.15,1729.86,3087.03
2024-12-12 07:00:00,221.47,608.77,790.13,1717.91,3338.28
2024-12-12 08:00:00,416.77,397.45,711.75,1984.63,3510.6
2024-12-12 09:00:00,668.24,627.17,678.49,1491.59,3465.5
2024-12-12 10:00:00,968.89,386.68,771.08,1292.82,3419.48
2024-12-12 11:00:00,656.4,493.24,812.17,2077.51,4039.32
2024-12-12 12:00:00,1058.03,633.51,709.85,1339.09,3740.48
2024-12-12 13:00:00,782.8,386.13,742.56,1917.56,3829.05
2024-12-12 14:00:00,686.38,287.17,685.11,1341.81,3000.47
2024-12-12 15:00:00,655.55,515.61,726.89,1875.81,3773.86
2024-12-12 16:00:00,272.31,522.07,663.14,1323.58,2781.1
2024-12-12 17:00:00,249.78,584.72,759.22,1026.38,2620.1
2024-12-12 18:00:00,0.0,494.57,655.35,1340.34,2490.27
2024-12-12 19:00:00,0.0,540.92,712.11,1906.83,3159.85
2024-12-12 20:00:00,0.0,521.01,757.88,1992.47,3271.36
2024-12-12 21:00:00,0.0,419.57,703.72,2257.95,3381.25
2024-12-12 22:00:00,0.0,283.99,727.45,1797.99,2809.43
2024-12-12 23:00:00,0.0,638.28,652.11,1851.99,3142.38
2024-12-13 00:00:00,0.0,316.92,768.07,1679.53,2764.52
2024-12-13 01:00:00,0.0,374.08,823.64,1944.05,3141.77
2024-12-13 02:00:00,0.0,461.69,670.67,1649.05,2781.4
2024-12-13 03:00:00,0.0,339.46,739.12,1377.48,2456.06
2024-12-13 04:00:00,0.0,389.96,666.63,1698.16,2754.75
2024-12-13 05:00:00,0.0,340.47,667.46,1733.78,2741.71
2024-12-13 06:00:00,0.0,525.68,677.66,1726.55,2929.89
2024-12-13 07:00:00,188.65,565.54,768.01,1736.57,3258.77
2024-12-13 08:00:00,353.19,550.67,662.16,1546.04,3112.06
2024-12-13 09:00:00,466.72,388.54,612.74,1030.91,2498.91
2024-12-13 10:00:00,719.33,634.44,654.73,1533.29,3541.79
2024-12-13 11:00:00,891.28,399.3,720.85,1336.45,3347.89
2024-12-13 12:00:00,1015.99,396.93,763.57,1641.51,3818.0
2024-12-13 13:00:00,854.45,566.21,664.94,1601.24,3686.84
2024-12-13 14:00:00,744.21,545.18,724.7,1692.27,3706.36
2024-12-13 15:00:00,566.22,612.2,660.09,1729.25,3567.76
2024-12-13 16:00:00,416.64,441.14,738.2,1273.84,2869.82
2024-12-13 17:00:00,193.29,508.77,783.28,1944.8,3430.14
2024-12-13 18:00:00,0.0,458.71,781.58,1215.0,2455.29
2024-12-13 19:00:00,0.0,513.25,630.27,1572.51,2716.04
2024-12-13 20:00:00,0.0,417.12,700.16,1087.63,2204.91
2024-12-13 21:00:00,0.0,361.93,728.87,1568.03,2658.83
2024-12-13 22:00:00,0.0,694.95,630.64,2060.09,3385.68
2024-12-13 23:00:00,0.0,486.7,723.38,1623.45,2833.53
2024-12-14 00:00:00,0.0,708.27,688.27,1768.36,3164.9
2024-12-14 01:00:00,0.0,372.35,695.95,1426.06,2494.36
2024-12-14 02:00:00,0.0,353.31,709.42,1383.61,2446.34
2024-12-14 03:00:00,0.0,505.44,601.59,1454.57,2561.61
2024-12-14 04:00:00,0.0,433.56,651.28,1189.78,2274.62
2024-12-14 05:00:00,0.0,548.16,714.96,1649.75,2912.87
2024-12-14 06:00:00,0.0,461.98,706.69,2204.96,3373.64
2024-12-14 07:00:00,247.23,373.39,718.58,1382.11,2721.31
2024-12-14 08:00:00,448.46,452.19,654.99,1864.85,3420.49
2024-12-14 09:00:00,628.86,583.28,775.41,1455.84,3443.38
2024-12-14 10:00:00,732.04,504.42,684.98,1915.14,3836.59
2024-12-14 11:00:00,878.71,461.36,789.28,1734.68,3864.03
2024-12-14 12:00:00,908.51,508.13,729.12,1454.27,3600.03
2024-12-14 13:00:00,821.24,449.64,635.99,1786.02,3692.89
2024-12-14 14:00:00,772.94,416.52,679.7,1960.96,3830.12
2024-12-14 15:00:00,642.04,530.21,648.82,1791.26,3612.32
2024-12-14 16:00:00,451.14,573.51,650.94,1664.87,3340.47
2024-12-14 17:00:00,245.35,482.58,682.96,2007.34,3418.24
2024-12-14 18:00:00,0.0,609.24,702.94,1404.85,2717.03
2024-12-14 19:00:00,0.0,407.22,598.54,1252.0,2257.75
2024-12-14 20:00:00,0.0,527.78,716.21,1693.6,2937.59
2024-12-14 21:00:00,0.0,493.4,670.73,1303.51,2467.64
2024-12-14 22:00:00,0.0,356.07,550.44,1775.39,2681.9
2024-12-14 23:00:00,0.0,585.86,716.68,1258.56,2561.1
2024-12-15 00:00:00,0.0,734.06,710.43,1244.79,2689.29
2024-12-15 01:00:00,0.0,650.76,800.21,1423.31,2874.28
2024-12-15 02:00:00,0.0,388.7,684.41,1498.9,2572.02
2024-12-15 03:00:00,0.0,739.39,718.44,1341.13,2798.96
2024-12-15 04:00:00,0.0,612.23,625.57,1287.34,2525.15
2024-12-15 05:00:00,0.0,706.1,869.78,1680.41,3256.29
2024-12-15 06:00:00,0.0,431.93,687.24,1561.64,2680.8
2024-12-15 07:00:00,205.4,600.4,702.79,1883.34,3391.93
2024-12-15 08:00:00,483.22,453.31,681.78,1574.74,3193.04
2024-12-15 09:00:00,685.15,245.02,797.47,1507.86,3235.5
2024-12-15 10:00:00,610.94,318.52,781.18,1626.29,3336.94
2024-12-15 11:00:00,784.42,400.64,711.66,1490.52,3387.24
2024-12-15 12:00:00,926.34,375.47,754.45,2033.75,4090.0
2024-12-15 13:00:00,741.77,586.96,762.8,1507.88,3599.4
2024-12-15 14:00:00,750.82,373.61,633.87,1635.03,3393.32
2024-12-15 15:00:00,624.9,413.25,625.73,2032.46,3696.34
2024-12-15 16:00:00,394.59,378.94,807.0,1817.21,3397.73
2024-12-15 17:00:00,222.85,649.24,832.3,1773.92,3478.31
2024-12-15 18:00:00,0.0,476.1,755.14,1719.22,2950.46
2024-12-15 19:00:00,0.0,602.06,741.4,1372.09,2715.54
2024-12-15 20:00:00,0.0,412.41,684.59,1568.94,2665.94
2024-12-15 21:00:00,0.0,559.38,784.73,1352.29,2696.4
2024-12-15 22:00:00,0.0,432.9,698.44,1406.52,2537.86
2024-12-15 23:00:00,0.0,561.83,756.8,1715.14,3033.77
2024-12-16 00:00:00,0.0,469.05,842.47,1718.09,3029.61
2024-12-16 01:00:00,0.0,657.45,783.44,1710.09,3150.98
2024-12-16 02:00:00,0.0,552.21,661.87,1530.84,2744.91
2024-12-16 03:00:00,0.0,491.98,728.8,1310.94,2531.73
2024-12-16 04:00:00,0.0,543.4,781.87,1521.84,2847.11
2024-12-16 05:00:00,0.0,575.07,771.58,1155.88,2502.53
2024-12-16 06:00:00,0.0,473.58,665.76,1341.26,2480.59
2024-12-16 07:00:00,228.8,500.12,650.03,1489.24,2868.19
2024-12-16 08:00:00,425.11,579.77,785.55,1877.94,3668.36
2024-12-16 09:00:00,569.85,540.73,764.6,1320.08,3195.26
2024-12-16 10:00:00,838.22,642.92,699.51,1419.09,3599.73
2024-12-16 11:00:00,928.63,472.35,628.03,2258.28,4287.29
2024-12-16 12:00:00,946.73,483.15,649.98,1792.37,3872.23
2024-12-16 13:00:00,919.76,496.76,807.3,1749.64,3973.46
2024-12-16 14:00:00,670.08,488.59,765.09,1903.51,3827.27
2024-12-16 15:00:00,597.06,525.44,648.8,1523.68,3294.98
2024-12-16 16:00:00,476.35,568.98,684.0,1775.09,3504.42
2024-12-16 17:00:00,227.35,500.76,725.32,1771.59,3225.03
2024-12-16 18:00:00,0.0,403.23,761.21,1543.71,2708.14
2024-12-16 19:00:00,0.0,496.67,792.93,1416.65,2706.25
2024-12-16 20:00:00,0.0,596.77,691.78,970.43,2258.99
2024-12-16 21:00:00,0.0,431.89,591.78,1912.59,2936.26
2024-12-16 22:00:00,0.0,474.57,680.37,1510.45,2665.39
2024-12-16 23:00:00,0.0,427.83,674.04,1733.66,2835.53
2024-12-17 00:00:00,0.0,516.37,720.17,1046.38,2282.92
2024-12-17 01:00:00,0.0,535.29,706.79,1772.34,3014.43
2024-12-17 02:00:00,0.0,396.33,744.6,1379.51,2520.44
2024-12-17 03:00:00,0.0,601.48,650.19,1598.24,2849.91
2024-12-17 04:00:00,0.0,356.05,688.53,1319.07,2363.65
2024-12-17 05:00:00,0.0,454.34,708.23,1259.18,2421.75
2024-12-17 06:00:00,0.0,601.91,697.13,1152.44,2451.47
2024-12-17 07:00:00,223.91,498.91,679.3,1850.87,3252.99
2024-12-17 08:00:00,417.89,547.7,656.14,1891.7,3513.42
2024-12-17 09:00:00,606.14,407.56,736.59,2047.8,3798.09
2024-12-17 10:00:00,837.72,541.89,692.23,1579.86,3651.7
2024-12-17 11:00:00,930.95,456.32,676.25,1611.11,3674.63
2024-12-17 12:00:00,717.43,624.58,803.04,1538.73,3683.79
2024-12-17 13:00:00,646.1,567.88,616.69,1824.33,3655.0
2024-12-17 14:00:00,765.2,585.01,699.27,1573.82,3623.3
2024-12-17 15:00:00,656.01,541.29,654.46,1181.01,3032.77
2024-12-17 16:00:00,419.57,572.42,736.91,1827.02,3555.92
2024-12-17 17:00:00,225.14,289.57,820.86,1674.27,3009.84
2024-12-17 18:00:00,0.0,397.53,633.2,2012.44,3043.16
2024-12-17 19:00:00,0.0,439.72,612.95,1916.2,2968.87
2024-12-17 20:00:00,0.0,687.16,672.43,1430.47,2790.06
2024-12-17 21:00:00,0.0,615.23,747.59,1899.32,3262.13
2024-12-17 22:00:00,0.0,537.37,717.54,1545.5,2800.41
2024-12-17 23:00:00,0.0,601.44,840.81,1321.75,2764.0
2024-12-18 00:00:00,0.0,343.45,802.95,1694.42,2840.82
2024-12-18 01:00:00,0.0,553.4,699.17,1780.14,3032.71
2024-12-18 02:00:00,0.0,557.48,734.96,1356.66,2649.11
2024-12-18 03:00:00,0.0,432.31,626.61,1643.19,2702.11
2024-12-18 04:00:00,0.0,433.47,736.78,1937.14,3107.4
2024-12-18 05:00:00,0.0,602.89,802.31,1463.86,2869.07
2024-12-18 06:00:00,0.0,392.16,675.84,1262.65,2330.65
2024-12-18 07:00:00,215.21,471.21,806.05,1651.69,3144.16
2024-12-18 08:00:00,376.44,587.98,756.79,1514.39,3235.6
2024-12-18 09:00:00,621.07,530.99,690.78,1372.99,3215.83
2024-12-18 10:00:00,744.9,321.29,665.14,1421.46,3152.78
2024-12-18 11:00:00,645.35,820.49,693.96,1595.57,3755.36
2024-12-18 12:00:00,902.36,493.91,754.22,2083.06,4233.54
2024-12-18 13:00:00,950.06,870.87,764.22,1452.45,4037.59
2024-12-18 14:00:00,740.03,614.53,715.67,1961.75,4031.97
2024-12-18 15:00:00,624.56,334.24,751.85,1865.05,3575.7
2024-12-18 16:00:00,408.97,478.11,657.01,1915.32,3459.41
2024-12-18 17:00:00,219.91,606.99,678.41,1524.11,3029.42
2024-12-18 18:00:00,0.0,505.9,635.73,1436.38,2578.01
2024-12-18 19:00:00,0.0,516.94,690.76,1804.92,3012.62
2024-12-18 20:00:00,0.0,676.58,729.14,1809.28,3215.0
2024-12-18 21:00:00,0.0,508.42,672.63,1503.29,2684.35
2024-12-18 22:00:00,0.0,260.74,742.69,1887.14,2890.56
2024-12-18 23:00:00,0.0,558.07,741.08,1625.84,2924.99
2024-12-19 00:00:00,0.0,579.93,632.64,1547.48,2760.05
2024-12-19 01:00:00,0.0,580.46,618.85,1523.66,2722.97
2024-12-19 02:00:00,0.0,301.37,639.17,1416.73,2357.27
2024-12-19 03:00:00,0.0,368.41,789.2,1805.22,2962.82
2024-12-19 04:00:00,0.0,550.54,686.81,2157.18,3394.52
2024-12-19 05:00:00,0.0,532.54,786.5,1650.08,2969.11
2024-12-19 06:00:00,0.0,514.04,829.96,1394.08,2738.08
2024-12-19 07:00:00,247.5,523.67,597.3,1598.18,2966.65
2024-12-19 08:00:00,339.68,496.23,754.75,1255.69,2846.35
2024-12-19 09:00:00,739.75,550.03,758.48,1471.35,3519.61
2024-12-19 10:00:00,697.09,754.26,764.3,1306.32,3521.98
2024-12-19 11:00:00,814.38,412.11,825.32,1593.44,3645.24
2024-12-19 12:00:00,880.19,457.57,861.31,1736.32,3935.4
2024-12-19 13:00:00,1027.28,425.44,637.97,1686.93,3777.62
2024-12-19 14:00:00,524.26,589.37,712.95,1688.64,3515.21
2024-12-19 15:00:00,445.61,396.91,635.69,1564.66,3042.87
2024-12-19 16:00:00,317.61,457.79,648.78,1536.81,2960.99
2024-12-19 17:00:00,190.8,471.58,668.74,1461.96,2793.07
2024-12-19 18:00:00,0.0,492.77,715.39,2080.84,3289.0
2024-12-19 19:00:00,0.0,717.79,634.94,1575.69,2928.42
2024-12-19 20:00:00,0.0,449.84,605.52,1250.42,2305.78
2024-12-19 21:00:00,0.0,520.21,776.78,1274.82,2571.81
2024-12-19 22:00:00,0.0,387.31,733.69,1472.92,2593.92
2024-12-19 23:00:00,0.0,468.03,629.41,1888.2,2985.63
2024-12-20 00:00:00,0.0,601.48,632.37,1428.04,2661.9
2024-12-20 01:00:00,0.0,552.77,651.88,1742.6,2947.25
2024-12-20 02:00:00,0.0,576.87,771.15,1467.59,2815.61
2024-12-20 03:00:00,0.0,634.26,716.59,1145.31,2496.16
2024-12-20 04:00:00,0.0,506.21,578.75,1552.65,2637.61
2024-12-20 05:00:00,0.0,618.91,706.41,2127.49,3452.81
2024-12-20 06:00:00,0.0,534.23,696.07,2318.39,3548.69
2024-12-20 07:00:00,163.01,358.2,765.09,1665.04,2951.34
2024-12-20 08:00:00,411.22,341.59,695.13,1480.05,2927.99
2024-12-20 09:00:00,681.99,559.06,664.7,1410.7,3316.45
2024-12-20 10:00:00,745.94,546.5,628.29,1358.58,3279.31
2024-12-20 11:00:00,695.8,515.85,777.44,1527.2,3516.29
2024-12-20 12:00:00,844.43,590.59,757.17,1208.11,3400.3
2024-12-20 13:00:00,719.27,382.46,692.22,1346.81,3140.76
2024-12-20 14:00:00,834.43,392.22,656.34,1900.74,3783.73
2024-12-20 15:00:00,723.6,546.73,668.46,1851.01,3789.8
2024-12-20 16:00:00,462.68,439.24,667.06,1714.82,3283.8
2024-12-20 17:00:00,242.74,677.29,712.0,1386.89,3018.92
2024-12-20 18:00:00,0.0,498.91,709.33,1534.89,2743.13
2024-12-20 19:00:00,0.0,398.58,778.61,1628.27,2805.46
2024-12-20 20:00:00,0.0,415.89,803.88,1787.76,3007.53
2024-12-20 21:00:00,0.0,396.93,653.32,1662.01,2712.25
2024-12-20 22:00:00,0.0,579.27,584.42,1229.78,2393.47
2024-12-20 23:00:00,0.0,470.7,777.57,1823.07,3071.35
2024-12-21 00:00:00,0.0,301.77,668.19,1764.97,2734.92
2024-12-21 01:00:00,0.0,441.54,719.21,1520.73,2681.48
2024-12-21 02:00:00,0.0,214.75,651.58,1521.48,2387.81
2024-12-21 03:00:00,0.0,557.48,719.68,1732.77,3009.93
2024-12-21 04:00:00,0.0,511.98,717.02,1561.66,2790.66
2024-12-21 05:00:00,0.0,421.35,701.78,1583.15,2706.28
2024-12-21 06:00:00,0.0,507.16,588.68,1494.88,2590.72
2024-12-21 07:00:00,211.77,636.4,651.38,1594.95,3094.49
2024-12-21 08:00:00,441.16,510.49,691.57,1276.48,2919.7
2024-12-21 09:00:00,694.68,300.89,759.38,1828.42,3583.37
2024-12-21 10:00:00,714.66,486.64,792.71,1149.77,3143.78
2024-12-21 11:00:00,776.2,289.58,690.97,1361.42,3118.17
2024-12-21 12:00:00,816.33,472.13,650.96,1557.46,3496.88
2024-12-21 13:00:00,814.74,553.08,625.61,1327.66,3321.09
2024-12-21 14:00:00,605.89,600.13,659.7,1695.17,3560.89
2024-12-21 15:00:00,594.29,359.61,663.26,1646.95,3264.11
2024-12-21 16:00:00,448.41,666.49,645.81,1210.2,2970.91
2024-12-21 17:00:00,267.69,489.73,646.29,1344.64,2748.35
2024-12-21 18:00:00,0.0,244.04,782.69,1141.26,2167.99
2024-12-21 19:00:00,0.0,477.11,563.16,1845.94,2886.21
2024-12-21 20:00:00,0.0,509.68,641.81,1676.65,2828.14
2024-12-21 21:00:00,0.0,411.25,684.46,1731.3,2827.01
2024-12-21 22:00:00,0.0,455.98,689.32,1350.5,2495.79
2024-12-21 23:00:00,0.0,377.79,643.23,1219.09,2240.12
2024-12-22 00:00:00,0.0,328.11,667.01,1684.05,2679.17
2024-12-22 01:00:00,0.0,652.98,759.47,1815.37,3227.81
2024-12-22 02:00:00,0.0,637.59,735.03,1399.5,2772.12
2024-12-22 03:00:00,0.0,372.26,679.53,1585.36,2637.14
2024-12-22 04:00:00,0.0,375.56,709.88,1548.57,2634.02
2024-12-22 05:00:00,0.0,535.12,596.99,1703.35,2835.47
2024-12-22 06:00:00,0.0,418.62,661.71,1451.41,2531.74
2024-12-22 07:00:00,222.85,265.73,708.54,1402.53,2599.65
2024-12-22 08:00:00,332.79,318.16,665.92,1469.43,2786.29
2024-12-22 09:00:00,654.25,459.27,653.25,1492.61,3259.38
2024-12-22 10:00:00,599.35,494.41,641.95,1852.69,3588.41
2024-12-22 11:00:00,1010.03,675.51,742.32,1555.49,3983.35
2024-12-22 12:00:00,661.15,493.02,747.88,1722.36,3624.41
2024-12-22 13:00:00,930.4,651.05,792.39,1244.34,3618.19
2024-12-22 14:00:00,753.44,596.88,636.54,1925.33,3912.18
2024-12-22 15:00:00,590.58,598.52,659.0,1596.06,3444.16
2024-12-22 16:00:00,462.54,585.0,664.95,1204.97,2917.45
2024-12-22 17:00:00,199.15,506.86,817.32,1711.42,3234.75
2024-12-22 18:00:00,0.0,634.57,671.27,1624.91,2930.75
2024-12-22 19:00:00,0.0,503.33,712.67,1734.63,2950.63
2024-12-22 20:00:00,0.0,684.96,717.6,1558.57,2961.13
2024-12-22 21:00:00,0.0,494.24,649.62,1334.13,2477.99
2024-12-22 22:00:00,0.0,395.02,775.12,1405.81,2575.95
2024-12-22 23:00:00,0.0,493.68,609.86,1400.06,2503.6
2024-12-23 00:00:00,0.0,550.08,697.32,1683.72,2931.12
2024-12-23 01:00:00,0.0,508.06,673.42,1602.75,2784.24
2024-12-23 02:00:00,0.0,690.31,616.45,1682.38,2989.13
2024-12-23 03:00:00,0.0,552.88,672.3,1633.44,2858.61
2024-12-23 04:00:00,0.0,550.02,706.46,1646.62,2903.09
2024-12-23 05:00:00,0.0,581.29,682.66,1538.58,2802.53
2024-12-23 06:00:00,0.0,507.89,733.98,2029.16,3271.02
2024-12-23 07:00:00,243.65,455.73,609.93,1399.32,2708.63
2024-12-23 08:00:00,434.42,568.85,727.94,1806.2,3537.4
2024-12-23 09:00:00,511.78,541.18,634.34,1340.07,3027.37
2024-12-23 10:00:00,570.63,366.15,601.98,1845.36,3384.11
2024-12-23 11:00:00,820.97,419.29,616.49,1778.85,3635.6
2024-12-23 12:00:00,997.06,505.72,562.2,1346.03,3411.02
2024-12-23 13:00:00,883.87,417.01,730.55,1292.06,3323.49
2024-12-23 14:00:00,729.17,482.25,688.35,1590.12,3489.89
2024-12-23 15:00:00,582.49,586.5,662.0,1823.98,3654.96
2024-12-23 16:00:00,436.26,534.5,639.95,1769.65,3380.35
2024-12-23 17:00:00,244.36,348.38,639.1,1873.82,3105.66
2024-12-23 18:00:00,0.0,403.93,687.19,1866.26,2957.38
2024-12-23 19:00:00,0.0,415.52,785.14,1536.42,2737.08
2024-12-23 20:00:00,0.0,516.11,782.67,1127.72,2426.51
2024-12-23 21:00:00,0.0,450.2,730.47,1610.88,2791.56
2024-12-23 22:00:00,0.0,276.5,613.15,1906.89,2796.54
2024-12-23 23:00:00,0.0,553.13,649.99,1971.5,3174.61
2024-12-24 00:00:00,0.0,329.63,678.51,1815.17,2823.31
2024-12-24 01:00:00,0.0,557.69,671.97,1294.95,2524.61
2024-12-24 02:00:00,0.0,785.08,770.9,1804.24,3360.22
2024-12-24 03:00:00,0.0,283.47,678.94,1522.15,2484.55
2024-12-24 04:00:00,0.0,779.53,691.53,1560.13,3031.19
2024-12-24 05:00:00,0.0,483.09,706.0,1672.31,2861.41
2024-12-24 06:00:00,0.0,596.33,718.87,1809.12,3124.32
2024-12-24 07:00:00,229.54,378.37,857.42,1125.17,2590.5
2024-12-24 08:00:00,389.77,618.58,673.54,1157.75,2839.64
2024-12-24 09:00:00,673.79,447.61,770.22,1750.5,3642.12
2024-12-24 10:00:00,876.61,667.32,736.5,1891.27,4171.71
2024-12-24 11:00:00,613.33,517.52,625.88,1766.73,3523.45
2024-12-24 12:00:00,725.96,511.73,708.87,1459.1,3405.66
2024-12-24 13:00:00,744.43,603.03,626.01,1495.34,3468.82
2024-12-24 14:00:00,827.71,618.56,723.05,1416.99,3586.31
2024-12-24 15:00:00,648.9,331.02,734.49,1926.19,3640.61
2024-12-24 16:00:00,336.26,317.69,674.51,1476.66,2805.12
2024-12-24 17:00:00,207.76,543.3,770.96,1321.12,2843.14
2024-12-24 18:00:00,0.0,493.61,691.55,1471.28,2656.43
2024-12-24 19:00:00,0.0,298.77,728.61,1462.3,2489.67
2024-12-24 20:00:00,0.0,457.03,751.88,1416.14,2625.05
2024-12-24 21:00:00,0.0,611.09,713.5,1907.32,3231.9
2024-12-24 22:00:00,0.0,367.6,811.93,1706.34,2885.86
2024-12-24 23:00:00,0.0,315.35,684.4,1704.81,2704.57
2024-12-25 00:00:00,0.0,614.21,709.54,1851.24,3174.99
2024-12-25 01:00:00,0.0,383.37,743.88,1517.23,2644.48
2024-12-25 02:00:00,0.0,348.65,620.91,1639.9,2609.47
2024-12-25 03:00:00,0.0,560.0,755.09,1611.72,2926.82
2024-12-25 04:00:00,0.0,485.15,726.37,2005.08,3216.6
2024-12-25 05:00:00,0.0,625.25,775.78,1768.96,3169.99
2024-12-25 06:00:00,0.0,391.31,626.11,1401.87,2419.29
2024-12-25 07:00:00,255.2,344.47,730.33,1492.14,2822.15
2024-12-25 08:00:00,407.25,617.95,684.81,1474.62,3184.63
2024-12-25 09:00:00,438.73,665.07,837.84,1565.7,3507.33
2024-12-25 10:00:00,806.37,522.91,763.71,1267.39,3360.38
2024-12-25 11:00:00,782.58,251.09,743.03,1698.43,3475.13
2024-12-25 12:00:00,824.23,690.24,764.86,1635.4,3914.73
2024-12-25 13:00:00,812.97,703.21,689.41,1299.02,3504.61
2024-12-25 14:00:00,857.56,555.5,789.32,1489.08,3691.45
2024-12-25 15:00:00,467.22,470.89,730.88,1548.3,3217.29
2024-12-25 16:00:00,467.01,364.76,815.86,1601.26,3248.9
2024-12-25 17:00:00,215.32,552.27,565.39,1261.88,2594.86
2024-12-25 18:00:00,0.0,570.95,694.69,1460.64,2726.29
2024-12-25 19:00:00,0.0,543.25,691.7,1552.64,2787.59
2024-12-25 20:00:00,0.0,528.99,682.29,1201.88,2413.16
2024-12-25 21:00:00,0.0,399.49,638.62,1665.4,2703.51
2024-12-25 22:00:00,0.0,562.09,680.67,1759.95,3002.72
2024-12-25 23:00:00,0.0,503.57,660.94,1650.22,2814.73
2024-12-26 00:00:00,0.0,177.52,648.45,1677.3,2503.26
2024-12-26 01:00:00,0.0,595.01,685.75,1480.18,2760.94
2024-12-26 02:00:00,0.0,610.37,688.1,1909.7,3208.17
2024-12-26 03:00:00,0.0,505.46,653.57,1360.16,2519.18
2024-12-26 04:00:00,0.0,423.08,704.94,1420.88,2548.89
2024-12-26 05:00:00,0.0,365.95,758.26,1698.49,2822.7
2024-12-26 06:00:00,0.0,568.44,652.78,1447.81,2669.03
2024-12-26 07:00:00,190.83,412.33,745.39,1205.18,2553.73
2024-12-26 08:00:00,460.32,418.26,677.09,2032.75,3588.42
2024-12-26 09:00:00,712.26,644.8,758.17,1352.54,3467.77
2024-12-26 10:00:00,751.55,615.94,711.07,1528.86,3607.42
2024-12-26 11:00:00,802.24,297.33,646.22,1408.12,3153.9
2024-12-26 12:00:00,832.41,521.22,751.74,1086.83,3192.2
2024-12-26 13:00:00,868.92,453.09,733.61,2086.3,4141.92
2024-12-26 14:00:00,642.87,586.21,716.91,2347.42,4293.41
2024-12-26 15:00:00,542.9,475.22,765.36,1363.02,3146.5
2024-12-26 16:00:00,465.85,410.2,693.91,1132.34,2702.3
2024-12-26 17:00:00,150.8,735.82,639.79,1980.0,3506.42
2024-12-26 18:00:00,0.0,569.32,749.71,1712.96,3031.99
2024-12-26 19:00:00,0.0,330.05,748.66,1256.77,2335.48
2024-12-26 20:00:00,0.0,352.22,747.7,2224.88,3324.8
2024-12-26 21:00:00,0.0,502.78,726.05,1312.35,2541.17
2024-12-26 22:00:00,0.0,719.34,649.14,1806.45,3174.93
2024-12-26 23:00:00,0.0,439.27,651.0,1615.38,2705.66
2024-12-27 00:00:00,0.0,619.45,794.92,2296.37,3710.74
2024-12-27 01:00:00,0.0,610.75,728.44,1512.23,2851.43
2024-12-27 02:00:00,0.0,409.95,817.13,1622.28,2849.37
2024-12-27 03:00:00,0.0,509.27,663.22,1352.39,2524.88
2024-12-27 04:00:00,0.0,611.16,811.44,1409.93,2832.53
2024-12-27 05:00:00,0.0,556.7,712.3,1369.46,2638.46
2024-12-27 06:00:00,0.0,506.6,742.59,1923.66,3172.84
2024-12-27 07:00:00,173.12,262.3,676.48,1777.32,2889.22
2024-12-27 08:00:00,387.51,217.01,713.03,1472.71,2790.26
2024-12-27 09:00:00,547.95,358.98,631.54,1324.55,2863.02
2024-12-27 10:00:00,724.45,292.02,794.18,1356.42,3167.08
2024-12-27 11:00:00,905.13,345.82,663.22,1690.88,3605.06
2024-12-27 12:00:00,735.23,563.03,634.64,1690.85,3623.75
2024-12-27 13:00:00,620.85,294.0,656.31,1566.11,3137.27
2024-12-27 14:00:00,707.54,447.96,767.37,1509.71,3432.58
2024-12-27 15:00:00,497.62,557.16,746.82,1448.06,3249.66
2024-12-27 16:00:00,421.85,354.53,675.84,1504.27,2956.49
2024-12-27 17:00:00,225.53,458.38,749.33,1277.09,2710.33
2024-12-27 18:00:00,0.0,447.17,598.23,1242.2,2287.59
2024-12-27 19:00:00,0.0,402.94,606.47,1784.48,2793.89
2024-12-27 20:00:00,0.0,417.2,691.77,1684.66,2793.63
2024-12-27 21:00:00,0.0,432.71,689.58,1495.17,2617.46
2024-12-27 22:00:00,0.0,554.02,785.31,1811.99,3151.32
2024-12-27 23:00:00,0.0,368.6,664.19,2003.78,3036.57
2024-12-28 00:00:00,0.0,596.93,599.51,1776.76,2973.2
2024-12-28 01:00:00,0.0,402.78,673.23,1554.06,2630.07
2024-12-28 02:00:00,0.0,493.5,635.86,1695.68,2825.04
2024-12-28 03:00:00,0.0,674.9,638.86,1604.19,2917.96
2024-12-28 04:00:00,0.0,425.61,729.42,1615.58,2770.62
2024-12-28 05:00:00,0.0,489.04,744.15,1425.65,2658.83
2024-12-28 06:00:00,0.0,501.5,717.51,1954.37,3173.39
2024-12-28 07:00:00,255.21,433.92,657.76,1066.72,2413.61
2024-12-28 08:00:00,438.1,518.29,565.92,1068.92,2591.24
2024-12-28 09:00:00,653.26,586.2,699.16,1745.27,3683.89
2024-12-28 10:00:00,771.95,231.85,653.95,1608.97,3266.73
2024-12-28 11:00:00,522.15,470.91,695.21,1767.08,3455.35
2024-12-28 12:00:00,875.02,356.55,773.13,1585.08,3589.79
2024-12-28 13:00:00,833.97,429.03,655.11,1392.39,3310.5
2024-12-28 14:00:00,860.02,619.37,801.37,1540.74,3821.5
2024-12-28 15:00:00,538.2,379.15,793.6,1275.39,2986.34
2024-12-28 16:00:00,485.6,551.3,683.1,1493.7,3213.7
2024-12-28 17:00:00,205.65,448.26,689.54,2062.53,3405.98
2024-12-28 18:00:00,0.0,422.34,813.76,1141.15,2377.25
2024-12-28 19:00:00,0.0,539.06,602.5,1723.25,2864.82
2024-12-28 20:00:00,0.0,424.04,683.69,1464.72,2572.45
2024-12-28 21:00:00,0.0,558.59,608.53,1704.23,2871.35
2024-12-28 22:00:00,0.0,558.79,802.04,1761.23,3122.07
2024-12-28 23:00:00,0.0,739.29,676.82,1721.78,3137.89
2024-12-29 00:00:00,0.0,444.11,699.2,1902.25,3045.56
2024-12-29 01:00:00,0.0,510.35,780.3,1589.39,2880.05
2024-12-29 02:00:00,0.0,547.29,746.65,1389.96,2683.89
2024-12-29 03:00:00,0.0,609.13,647.7,1571.36,2828.19
2024-12-29 04:00:00,0.0,581.08,689.05,952.48,2222.6
2024-12-29 05:00:00,0.0,514.21,698.03,1756.95,2969.18
2024-12-29 06:00:00,0.0,438.37,672.46,1502.6,2613.43
2024-12-29 07:00:00,152.47,484.04,798.36,1741.18,3176.05
2024-12-29 08:00:00,369.32,500.97,687.11,1652.65,3210.05
2024-12-29 09:00:00,640.05,499.62,700.08,1858.21,3697.95
2024-12-29 10:00:00,792.87,499.17,703.46,1956.52,3952.02
2024-12-29 11:00:00,638.36,344.24,747.46,1604.93,3335.0
2024-12-29 12:00:00,850.07,634.66,764.8,1326.75,3576.28
2024-12-29 13:00:00,913.04,464.92,597.06,1888.31,3863.33
2024-12-29 14:00:00,673.86,493.43,706.64,1387.02,3260.94
2024-12-29 15:00:00,488.32,489.62,686.5,1204.11,2868.54
2024-12-29 16:00:00,404.45,285.68,783.69,1448.13,2921.96
2024-12-29 17:00:00,209.33,432.44,722.94,1507.53,2872.24
2024-12-29 18:00:00,0.0,538.87,711.9,1841.9,3092.67
2024-12-29 19:00:00,0.0,691.1,790.76,2137.33,3619.2
2024-12-29 20:00:00,0.0,449.54,674.19,1899.08,3022.81
2024-12-29 21:00:00,0.0,269.53,675.73,1487.23,2432.49
2024-12-29 22:00:00,0.0,428.79,762.68,2003.09,3194.55
2024-12-29 23:00:00,0.0,476.98,732.93,1434.21,2644.12
2024-12-30 00:00:00,0.0,647.64,618.92,1627.11,2893.67
2024-12-30 01:00:00,0.0,557.8,807.47,1437.84,2803.11
2024-12-30 02:00:00,0.0,340.44,639.89,1851.25,2831.58
2024-12-30 03:00:00,0.0,358.79,663.25,1630.67,2652.7
2024-12-30 04:00:00,0.0,396.13,798.22,1721.27,2915.63
2024-12-30 05:00:00,0.0,441.11,624.87,1660.32,2726.31
2024-12-30 06:00:00,0.0,471.43,670.13,1455.32,2596.88
2024-12-30 07:00:00,217.68,796.44,682.13,1775.66,3471.91
2024-12-30 08:00:00,411.37,451.26,737.51,2095.25,3695.39
2024-12-30 09:00:00,683.87,359.34,576.99,1903.76,3523.96
2024-12-30 10:00:00,712.71,572.24,654.21,1495.8,3434.97
2024-12-30 11:00:00,774.28,493.78,721.25,1076.09,3065.41
2024-12-30 12:00:00,591.6,333.61,656.07,1907.32,3488.59
2024-12-30 13:00:00,807.99,435.68,639.16,1412.96,3295.8
2024-12-30 14:00:00,770.94,397.38,686.42,1386.52,3241.27
2024-12-30 15:00:00,724.16,575.55,730.26,1993.0,4022.97
2024-12-30 16:00:00,415.68,607.3,675.98,1859.24,3558.2
2024-12-30 17:00:00,188.67,397.0,660.71,1572.97,2819.35
2024-12-30 18:00:00,0.0,430.4,728.77,1674.5,2833.67
2024-12-30 19:00:00,0.0,547.26,593.1,1521.16,2661.52
2024-12-30 20:00:00,0.0,404.73,727.3,1606.68,2738.7
2024-12-30 21:00:00,0.0,457.9,645.96,1244.33,2348.19
2024-12-30 22:00:00,0.0,541.27,769.81,1310.53,2621.61
2024-12-30 23:00:00,0.0,480.26,656.04,1655.5,2791.8
2024-12-31 00:00:00,0.0,538.37,644.43,1466.49,2649.29
2024-12-31 01:00:00,0.0,175.68,685.31,1293.5,2154.48
2024-12-31 02:00:00,0.0,490.94,755.07,1356.65,2602.66
2024-12-31 03:00:00,0.0,514.78,817.27,1627.54,2959.59
2024-12-31 04:00:00,0.0,554.25,784.77,1828.66,3167.68
2024-12-31 05:00:00,0.0,553.24,681.97,1200.03,2435.24
2024-12-31 06:00:00,0.0,483.38,553.16,1748.66,2785.2
2024-12-31 07:00:00,279.6,335.48,572.62,2046.56,3234.26
2024-12-31 08:00:00,346.95,730.65,725.83,1366.52,3169.96
2024-12-31 09:00:00,693.76,483.39,665.39,1436.76,3279.31
2024-12-31 10:00:00,715.46,683.08,675.79,1494.18,3568.51
2024-12-31 11:00:00,898.96,384.66,744.4,1648.03,3676.05
2024-12-31 12:00:00,802.14,632.27,738.97,1164.17,3337.54
2024-12-31 13:00:00,802.31,290.67,760.96,1810.15,3664.1
2024-12-31 14:00:00,694.29,452.49,617.1,1527.97,3291.85
2024-12-31 15:00:00,576.39,392.06,642.51,1538.85,3149.81
2024-12-31 16:00:00,379.78,550.86,664.56,1593.74,3188.93
2024-12-31 17:00:00,249.74,612.63,697.8,1892.0,3452.17
2024-12-31 18:00:00,0.0,375.22,738.62,1582.39,2696.24
2024-12-31 19:00:00,0.0,297.08,662.25,1953.95,2913.29
2024-12-31 20:00:00,0.0,593.42,675.16,1580.87,2849.45
2024-12-31 21:00:00,0.0,454.98,732.06,2332.72,3519.76
2024-12-31 22:00:00,0.0,464.7,804.8,1863.71,3133.21
2024-12-31 23:00:00,0.0,476.21,731.31,1881.28,3088.8
2025-01-01 00:00:00,0.0,506.3,712.74,1954.05,3173.1
2025-01-01 01:00:00,0.0,367.79,774.37,1710.07,2852.23
2025-01-01 02:00:00,0.0,585.62,782.55,1502.14,2870.31
2025-01-01 03:00:00,0.0,403.33,722.69,1854.63,2980.65
2025-01-01 04:00:00,0.0,527.95,659.42,1863.76,3051.13
2025-01-01 05:00:00,0.0,753.07,813.13,1432.29,2998.49
2025-01-01 06:00:00,0.0,556.04,751.43,1692.72,3000.18
2025-01-01 07:00:00,217.94,589.05,733.47,1305.26,2845.72
2025-01-01 08:00:00,516.59,485.85,861.08,2235.64,4099.16
2025-01-01 09:00:00,612.32,492.25,744.0,1843.41,3691.97
2025-01-01 10:00:00,676.84,612.2,670.15,1832.29,3791.48
2025-01-01 11:00:00,669.72,447.27,814.7,1781.66,3713.34
2025-01-01 12:00:00,895.01,381.09,818.9,1767.39,3862.39
2025-01-01 13:00:00,737.4,374.37,748.57,1567.46,3427.81
2025-01-01 14:00:00,766.06,546.11,847.1,1605.13,3764.4
2025-01-01 15:00:00,629.41,506.77,764.82,942.36,2843.36
2025-01-01 16:00:00,360.93,360.28,726.55,1836.67,3284.44
2025-01-01 17:00:00,283.87,531.57,747.24,1432.3,2994.98
2025-01-01 18:00:00,0.0,490.54,812.32,1436.25,2739.11
2025-01-01 19:00:00,0.0,579.06,764.53,1714.68,3058.27
2025-01-01 20:00:00,0.0,460.39,743.27,1543.53,2747.19
2025-01-01 21:00:00,0.0,419.2,811.7,1840.62,3071.52
2025-01-01 22:00:00,0.0,608.05,800.74,1669.11,3077.9
2025-01-01 23:00:00,0.0,433.77,694.78,1433.79,2562.34
2025-01-02 00:00:00,0.0,556.02,692.21,1599.25,2847.48
2025-01-02 01:00:00,0.0,449.68,812.98,1481.56,2744.22
2025-01-02 02:00:00,0.0,519.22,744.91,1383.02,2647.15
2025-01-02 03:00:00,0.0,558.1,714.28,1459.54,2731.91
2025-01-02 04:00:00,0.0,387.52,755.87,2246.73,3390.12
2025-01-02 05:00:00,0.0,353.55,734.73,1473.5,2561.78
2025-01-02 06:00:00,0.0,378.97,795.64,1749.91,2924.52
2025-01-02 07:00:00,237.18,649.16,672.99,1658.25,3217.58
2025-01-02 08:00:00,279.93,667.03,720.57,1352.47,3020.0
2025-01-02 09:00:00,643.41,527.61,752.11,1475.1,3398.23
2025-01-02 10:00:00,880.62,606.4,640.29,1669.69,3796.99
2025-01-02 11:00:00,932.9,541.26,720.04,1218.75,3412.95
2025-01-02 12:00:00,765.45,446.28,731.53,1810.59,3753.84
2025-01-02 13:00:00,777.45,535.45,645.25,1471.15,3429.29
2025-01-02 14:00:00,754.22,605.1,702.27,1738.4,3799.99
2025-01-02 15:00:00,644.38,848.07,718.13,1497.4,3707.97
2025-01-02 16:00:00,407.5,417.64,738.35,1640.65,3204.14
2025-01-02 17:00:00,202.85,600.78,688.44,2120.12,3612.19
2025-01-02 18:00:00,0.0,502.11,656.93,1899.52,3058.55
2025-01-02 19:00:00,0.0,559.04,713.3,1670.55,2942.89
2025-01-02 20:00:00,0.0,463.39,683.3,1245.7,2392.4
2025-01-02 21:00:00,0.0,522.87,824.73,1125.11,2472.71
2025-01-02 22:00:00,0.0,488.92,678.71,1420.96,2588.59
2025-01-02 23:00:00,0.0,679.46,795.93,1692.53,3167.92
2025-01-03 00:00:00,0.0,517.11,726.53,1688.09,2931.73
2025-01-03 01:00:00,0.0,377.48,801.84,1497.54,2676.86
2025-01-03 02:00:00,0.0,477.71,743.72,1229.64,2451.07
2025-01-03 03:00:00,0.0,633.99,659.74,1522.87,2816.6
2025-01-03 04:00:00,0.0,563.13,743.27,1802.54,3108.94
2025-01-03 05:00:00,0.0,476.82,763.88,1449.29,2689.98
2025-01-03 06:00:00,0.0,414.17,879.93,1519.65,2813.76
2025-01-03 07:00:00,236.86,634.01,612.78,1445.25,2928.9
2025-01-03 08:00:00,487.11,490.84,829.19,1998.72,3805.86
2025-01-03 09:00:00,581.53,436.89,713.27,1715.57,3447.27
2025-01-03 10:00:00,618.56,519.42,780.58,1702.9,3621.47
2025-01-03 11:00:00,706.42,521.18,821.13,1207.14,3255.87
2025-01-03 12:00:00,924.69,389.86,716.98,880.7,2912.23
2025-01-03 13:00:00,750.09,648.75,776.05,1834.42,4009.31
2025-01-03 14:00:00,795.57,477.79,785.97,1536.04,3595.37
2025-01-03 15:00:00,651.3,424.93,671.91,1743.16,3491.3
2025-01-03 16:00:00,474.95,648.24,853.23,1614.24,3590.67
2025-01-03 17:00:00,194.47,583.96,690.62,1839.69,3308.73
2025-01-03 18:00:00,0.0,663.17,666.46,1859.17,3188.81
2025-01-03 19:00:00,0.0,341.91,672.93,2093.01,3107.85
2025-01-03 20:00:00,0.0,578.93,869.83,1483.24,2932.01
2025-01-03 21:00:00,0.0,620.85,732.73,1745.72,3099.29
2025-01-03 22:00:00,0.0,500.87,871.22,1237.95,2610.05
2025-01-03 23:00:00,0.0,354.43,728.62,1039.58,2122.63
2025-01-04 00:00:00,0.0,773.06,859.5,1177.37,2809.94
2025-01-04 01:00:00,0.0,540.93,880.73,1251.12,2672.77
2025-01-04 02:00:00,0.0,530.65,789.19,1619.71,2939.55
2025-01-04 03:00:00,0.0,403.38,716.07,1744.94,2864.4
2025-01-04 04:00:00,0.0,433.17,640.07,1578.36,2651.59
2025-01-04 05:00:00,0.0,325.4,866.06,1432.58,2624.04
2025-01-04 06:00:00,0.0,453.83,827.94,1654.22,2935.99
2025-01-04 07:00:00,252.2,400.61,639.49,1534.86,2827.17
2025-01-04 08:00:00,355.19,734.34,705.55,1560.25,3355.34
2025-01-04 09:00:00,693.11,455.48,723.89,1916.43,3788.91
2025-01-04 10:00:00,762.67,335.36,803.55,1484.86,3386.44
2025-01-04 11:00:00,704.5,373.12,819.86,1863.39,3760.87
2025-01-04 12:00:00,1005.18,383.0,690.4,1866.52,3945.1
2025-01-04 13:00:00,776.13,564.47,770.97,1130.67,3242.24
2025-01-04 14:00:00,851.96,516.04,727.24,1980.99,4076.22
2025-01-04 15:00:00,558.47,319.1,699.42,1456.2,3033.19
2025-01-04 16:00:00,359.0,477.61,820.7,1590.02,3247.32
2025-01-04 17:00:00,275.07,461.54,817.54,1767.06,3321.21
2025-01-04 18:00:00,0.0,269.94,717.75,1781.07,2768.76
2025-01-04 19:00:00,0.0,639.37,808.2,1640.31,3087.87
2025-01-04 20:00:00,0.0,527.36,734.68,1173.04,2435.09
2025-01-04 21:00:00,0.0,480.24,700.52,1607.55,2788.31
2025-01-04 22:00:00,0.0,639.69,804.01,1544.91,2988.6
2025-01-04 23:00:00,0.0,562.17,778.38,1861.75,3202.3
2025-01-05 00:00:00,0.0,382.87,664.57,1364.54,2411.98
2025-01-05 01:00:00,0.0,64.69,712.98,1939.33,2717.0
2025-01-05 02:00:00,0.0,560.45,745.9,1640.77,2947.12
2025-01-05 03:00:00,0.0,758.97,822.93,1138.68,2720.58
2025-01-05 04:00:00,0.0,542.85,769.92,1760.51,3073.28
2025-01-05 05:00:00,0.0,630.45,807.27,1530.77,2968.49
2025-01-05 06:00:00,0.0,243.82,759.93,1345.79,2349.54
2025-01-05 07:00:00,245.93,508.99,657.64,1946.14,3358.69
2025-01-05 08:00:00,412.55,642.36,703.99,1890.04,3648.94
2025-01-05 09:00:00,663.31,565.28,697.07,1342.14,3267.8
2025-01-05 10:00:00,726.91,299.36,752.82,1060.62,2839.71
2025-01-05 11:00:00,742.21,392.9,783.84,2015.51,3934.46
2025-01-05 12:00:00,600.13,518.93,716.13,1591.41,3426.61
2025-01-05 13:00:00,849.62,504.88,759.51,1296.7,3410.72
2025-01-05 14:00:00,736.54,431.27,769.8,1210.8,3148.41
2025-01-05 15:00:00,798.85,487.57,774.42,1507.92,3568.76
2025-01-05 16:00:00,501.54,589.14,768.25,1633.88,3492.81
2025-01-05 17:00:00,204.5,329.49,793.03,1523.14,2850.15
2025-01-05 18:00:00,0.0,600.44,813.54,1685.91,3099.89
2025-01-05 19:00:00,0.0,504.1,776.9,1083.58,2364.58
2025-01-05 20:00:00,0.0,543.53,812.71,2182.92,3539.17
2025-01-05 21:00:00,0.0,535.99,741.75,1843.24,3120.98
2025-01-05 22:00:00,0.0,469.9,666.18,1942.18,3078.26
2025-01-05 23:00:00,0.0,326.43,831.18,1689.42,2847.03
2025-01-06 00:00:00,0.0,524.59,689.88,1319.76,2534.23
2025-01-06 01:00:00,0.0,464.4,769.44,1651.43,2885.27
2025-01-06 02:00:00,0.0,640.68,786.62,1562.81,2990.11
2025-01-06 03:00:00,0.0,482.33,809.04,1527.12,2818.5
2025-01-06 04:00:00,0.0,545.31,748.64,1531.89,2825.84
2025-01-06 05:00:00,0.0,447.31,700.63,1505.95,2653.9
2025-01-06 06:00:00,0.0,480.89,736.66,1308.59,2526.14
2025-01-06 07:00:00,259.75,568.15,804.43,1600.04,3232.37
2025-01-06 08:00:00,384.92,382.72,701.56,1007.08,2476.27
2025-01-06 09:00:00,602.77,414.64,644.6,1861.85,3523.86
2025-01-06 10:00:00,748.39,358.31,751.88,1480.78,3339.36
2025-01-06 11:00:00,910.62,554.8,779.19,1526.99,3771.6
2025-01-06 12:00:00,722.08,361.73,776.87,1280.98,3141.66
2025-01-06 13:00:00,666.82,554.8,743.93,1895.94,3861.49
2025-01-06 14:00:00,835.59,124.16,814.86,1438.86,3213.47
2025-01-06 15:00:00,554.23,534.24,777.76,1880.03,3746.26
2025-01-06 16:00:00,496.23,530.9,616.07,1427.23,3070.43
2025-01-06 17:00:00,205.36,464.18,833.99,1790.96,3294.49
2025-01-06 18:00:00,0.0,472.66,813.03,1660.39,2946.08
2025-01-06 19:00:00,0.0,690.52,815.94,1670.72,3177.18
2025-01-06 20:00:00,0.0,359.71,796.3,1729.97,2885.98
2025-01-06 21:00:00,0.0,670.32,680.86,1531.36,2882.54
2025-01-06 22:00:00,0.0,285.12,831.54,1676.31,2792.97
2025-01-06 23:00:00,0.0,572.58,699.77,1620.91,2893.26
2025-01-07 00:00:00,0.0,603.7,716.46,1282.69,2602.85
2025-01-07 01:00:00,0.0,555.56,702.6,1739.06,2997.22
2025-01-07 02:00:00,0.0,387.47,765.56,1254.2,2407.23
2025-01-07 03:00:00,0.0,526.42,725.78,1132.74,2384.94
2025-01-07 04:00:00,0.0,386.66,745.0,1475.15,2606.82
2025-01-07 05:00:00,0.0,251.86,812.84,1275.96,2340.66
2025-01-07 06:00:00,0.0,445.0,769.25,1558.99,2773.24
2025-01-07 07:00:00,184.79,575.35,733.77,1586.91,3080.83
2025-01-07 08:00:00,368.19,446.87,741.01,1438.01,2994.08
2025-01-07 09:00:00,540.63,403.66,738.08,1626.44,3308.8
2025-01-07 10:00:00,753.22,291.79,655.28,1802.36,3502.65
2025-01-07 11:00:00,896.85,539.69,712.69,1561.59,3710.82
2025-01-07 12:00:00,864.14,540.47,713.38,1758.93,3876.92
2025-01-07 13:00:00,846.55,269.42,758.29,1540.53,3414.79
2025-01-07 14:00:00,820.57,560.82,758.0,1493.99,3633.39
2025-01-07 15:00:00,552.2,399.03,954.21,1864.38,3769.82
2025-01-07 16:00:00,390.98,536.85,726.4,2012.17,3666.4
2025-01-07 17:00:00,279.04,426.46,806.24,1768.51,3280.25
2025-01-07 18:00:00,0.0,433.81,694.76,1414.14,2542.71
2025-01-07 19:00:00,0.0,583.95,799.39,1909.48,3292.82
2025-01-07 20:00:00,0.0,322.75,875.03,1578.07,2775.85
2025-01-07 21:00:00,0.0,382.14,689.94,1080.19,2152.27
2025-01-07 22:00:00,0.0,563.93,756.91,1636.09,2956.94
2025-01-07 23:00:00,0.0,516.48,793.7,1659.02,2969.2
2025-01-08 00:00:00,0.0,590.3,622.96,1666.06,2879.32
2025-01-08 01:00:00,0.0,481.63,655.84,1749.82,2887.3
2025-01-08 02:00:00,0.0,364.35,686.0,1802.45,2852.81
2025-01-08 03:00:00,0.0,673.77,612.01,1648.59,2934.37
2025-01-08 04:00:00,0.0,461.46,633.87,1497.56,2592.88
2025-01-08 05:00:00,0.0,369.64,731.68,1408.46,2509.79
2025-01-08 06:00:00,0.0,392.18,712.36,1605.2,2709.74
2025-01-08 07:00:00,250.83,577.45,716.72,1908.1,3453.1
2025-01-08 08:00:00,444.79,454.14,741.4,1157.74,2798.08
2025-01-08 09:00:00,697.25,638.2,720.11,1503.92,3559.48
2025-01-08 10:00:00,678.67,642.17,801.98,1859.66,3982.48
2025-01-08 11:00:00,566.07,231.47,830.72,1616.68,3244.95
2025-01-08 12:00:00,910.52,561.15,741.91,1521.68,3735.27
2025-01-08 13:00:00,779.21,552.9,706.94,2017.37,4056.43
2025-01-08 14:00:00,802.27,507.29,719.31,2129.12,4158.0
2025-01-08 15:00:00,535.32,663.0,703.93,1627.17,3529.43
2025-01-08 16:00:00,519.86,641.32,695.89,1816.61,3673.67
2025-01-08 17:00:00,260.49,318.08,751.25,1395.54,2725.35
2025-01-08 18:00:00,0.0,348.67,744.21,1573.33,2666.21
2025-01-08 19:00:00,0.0,479.22,697.03,1727.49,2903.74
2025-01-08 20:00:00,0.0,732.01,658.78,2058.36,3449.16
2025-01-08 21:00:00,0.0,432.01,730.63,1503.0,2665.64
2025-01-08 22:00:00,0.0,544.98,817.55,1549.34,2911.87
2025-01-08 23:00:00,0.0,181.61,699.88,1436.97,2318.46
2025-01-09 00:00:00,0.0,448.68,731.51,1958.19,3138.38
2025-01-09 01:00:00,0.0,458.98,761.48,1747.22,2967.68
2025-01-09 02:00:00,0.0,702.0,731.13,1628.43,3061.57
2025-01-09 03:00:00,0.0,445.42,778.8,1916.98,3141.2
2025-01-09 04:00:00,0.0,404.79,777.45,1600.01,2782.25
2025-01-09 05:00:00,0.0,481.28,816.45,2158.64,3456.37
2025-01-09 06:00:00,0.0,600.67,725.09,1435.07,2760.83
2025-01-09 07:00:00,231.56,270.54,773.31,1755.31,3030.72
2025-01-09 08:00:00,461.29,556.53,810.19,1396.87,3224.88
2025-01-09 09:00:00,545.48,549.36,664.4,1311.37,3070.61
2025-01-09 10:00:00,606.96,427.4,808.02,1593.74,3436.13
2025-01-09 11:00:00,942.59,526.32,803.36,1918.13,4190.4
2025-01-09 12:00:00,905.69,439.92,740.97,1374.41,3460.99
2025-01-09 13:00:00,776.04,522.72,723.76,1604.95,3627.47
2025-01-09 14:00:00,776.86,812.57,746.48,1782.01,4117.92
2025-01-09 15:00:00,600.11,440.85,848.29,2353.44,4242.69
2025-01-09 16:00:00,383.71,373.5,813.5,1891.83,3462.54
2025-01-09 17:00:00,225.65,393.19,756.97,1617.63,2993.43
2025-01-09 18:00:00,0.0,818.8,697.45,1671.21,3187.45
2025-01-09 19:00:00,0.0,404.15,785.13,1225.0,2414.28
2025-01-09 20:00:00,0.0,497.54,748.16,1709.6,2955.31
2025-01-09 21:00:00,0.0,572.8,803.64,1546.0,2922.44
2025-01-09 22:00:00,0.0,761.95,698.12,1514.48,2974.56
2025-01-09 23:00:00,0.0,486.28,772.51,1693.25,2952.05
2025-01-10 00:00:00,0.0,420.26,784.23,1384.46,2588.95
2025-01-10 01:00:00,0.0,413.66,673.79,1591.39,2678.83
2025-01-10 02:00:00,0.0,432.11,746.44,2036.55,3215.11
2025-01-10 03:00:00,0.0,787.41,782.75,1764.65,3334.81
2025-01-10 04:00:00,0.0,146.15,776.92,1714.72,2637.79
2025-01-10 05:00:00,0.0,524.75,627.62,1487.04,2639.4
2025-01-10 06:00:00,0.0,650.4,728.94,1592.0,2971.35
2025-01-10 07:00:00,176.8,394.91,752.56,1301.21,2625.48
2025-01-10 08:00:00,512.01,426.92,776.45,1309.27,3024.66
2025-01-10 09:00:00,636.25,421.64,744.01,1822.16,3624.05
2025-01-10 10:00:00,562.62,479.54,798.57,1985.49,3826.22
2025-01-10 11:00:00,687.57,573.42,734.67,1555.98,3551.64
2025-01-10 12:00:00,772.43,380.35,768.75,1170.85,3092.38
2025-01-10 13:00:00,718.97,320.43,754.18,1577.53,3371.12
2025-01-10 14:00:00,419.49,392.8,807.74,1821.61,3441.65
2025-01-10 15:00:00,583.13,560.31,680.18,1768.17,3591.79
2025-01-10 16:00:00,461.14,364.04,791.08,1881.12,3497.39
2025-01-10 17:00:00,199.7,569.11,732.45,1313.98,2815.24
2025-01-10 18:00:00,0.0,400.77,693.42,1159.8,2253.99
2025-01-10 19:00:00,0.0,344.72,782.38,1631.04,2758.14
2025-01-10 20:00:00,0.0,608.21,655.1,1522.53,2785.85
2025-01-10 21:00:00,0.0,433.44,838.64,1742.32,3014.4
2025-01-10 22:00:00,0.0,629.89,717.71,1623.75,2971.35
2025-01-10 23:00:00,0.0,491.24,737.43,1774.5,3003.17
2025-01-11 00:00:00,0.0,307.94,758.82,1754.08,2820.84
2025-01-11 01:00:00,0.0,613.76,699.28,1548.41,2861.45
2025-01-11 02:00:00,0.0,305.7,719.35,1204.36,2229.41
2025-01-11 03:00:00,0.0,402.14,699.74,1808.05,2909.93
2025-01-11 04:00:00,0.0,687.57,798.66,1928.19,3414.42
2025-01-11 05:00:00,0.0,637.28,760.92,1831.67,3229.87
2025-01-11 06:00:00,0.0,431.14,762.97,1782.24,2976.35
2025-01-11 07:00:00,246.22,434.65,826.67,1936.77,3444.31
2025-01-11 08:00:00,465.79,679.15,761.08,1289.77,3195.78
2025-01-11 09:00:00,703.09,527.6,795.22,1951.33,3977.24
2025-01-11 10:00:00,798.78,420.21,696.22,1462.26,3377.46
2025-01-11 11:00:00,798.65,475.47,767.7,1486.08,3527.89
2025-01-11 12:00:00,880.76,209.28,767.49,1610.41,3467.94
2025-01-11 13:00:00,802.71,642.97,891.0,1893.3,4229.98
2025-01-11 14:00:00,823.94,659.0,718.54,1752.01,3953.48
2025-01-11 15:00:00,778.57,306.73,821.07,1228.31,3134.69
2025-01-11 16:00:00,419.42,476.2,735.15,1706.51,3337.28
2025-01-11 17:00:00,215.91,478.1,792.34,1246.47,2732.81
2025-01-11 18:00:00,0.0,571.05,850.6,1840.16,3261.82
2025-01-11 19:00:00,0.0,383.8,756.13,1644.83,2784.75
2025-01-11 20:00:00,0.0,569.68,855.72,1894.5,3319.91
2025-01-11 21:00:00,0.0,389.04,625.65,1369.23,2383.92
2025-01-11 22:00:00,0.0,637.3,766.2,1832.82,3236.32
2025-01-11 23:00:00,0.0,520.81,794.28,1779.81,3094.91
2025-01-12 00:00:00,0.0,612.11,700.96,1948.78,3261.85
2025-01-12 01:00:00,0.0,287.25,702.28,1928.47,2918.0
2025-01-12 02:00:00,0.0,520.25,755.51,1483.22,2758.98
2025-01-12 03:00:00,0.0,432.3,750.07,1587.43,2769.8
2025-01-12 04:00:00,0.0,593.4,668.61,1889.42,3151.43
2025-01-12 05:00:00,0.0,890.54,672.08,1223.01,2785.63
2025-01-12 06:00:00,0.0,564.61,765.42,1553.78,2883.81
2025-01-12 07:00:00,224.66,476.42,794.35,1337.22,2832.65
2025-01-12 08:00:00,448.17,627.07,709.24,1332.42,3116.9
2025-01-12 09:00:00,677.65,519.16,675.16,1638.69,3510.66
2025-01-12 10:00:00,724.99,650.33,780.46,1559.71,3715.49
2025-01-12 11:00:00,816.99,619.14,752.05,1710.82,3899.0
2025-01-12 12:00:00,686.1,654.94,772.68,1692.42,3806.13
2025-01-12 13:00:00,717.28,595.93,736.15,1750.28,3799.63
2025-01-12 14:00:00,800.8,555.82,714.54,1992.09,4063.25
2025-01-12 15:00:00,529.38,499.34,661.77,1770.8,3461.28
2025-01-12 16:00:00,391.35,271.89,777.55,1712.49,3153.28
2025-01-12 17:00:00,240.75,703.76,732.98,1490.01,3167.5
2025-01-12 18:00:00,0.0,602.45,737.49,1742.34,3082.27
2025-01-12 19:00:00,0.0,370.65,802.9,1416.09,2589.64
2025-01-12 20:00:00,0.0,455.04,818.43,1825.05,3098.51
2025-01-12 21:00:00,0.0,475.93,693.91,1554.96,2724.8
2025-01-12 22:00:00,0.0,556.97,574.75,1734.97,2866.68
2025-01-12 23:00:00,0.0,595.47,700.95,1249.55,2545.96
2025-01-13 00:00:00,0.0,678.24,732.9,1572.04,2983.18
2025-01-13 01:00:00,0.0,868.16,650.96,1629.74,3148.87
2025-01-13 02:00:00,0.0,395.39,730.46,1503.84,2629.69
2025-01-13 03:00:00,0.0,823.07,631.28,1733.19,3187.54
2025-01-13 04:00:00,0.0,801.22,716.93,2085.05,3603.2
2025-01-13 05:00:00,0.0,744.35,793.28,1430.44,2968.07
2025-01-13 06:00:00,0.0,438.69,717.0,1594.89,2750.58
2025-01-13 07:00:00,262.38,502.19,693.77,993.53,2451.88
2025-01-13 08:00:00,442.44,633.09,839.88,2038.88,3954.28
2025-01-13 09:00:00,674.03,479.11,808.04,1568.89,3530.07
2025-01-13 10:00:00,573.7,491.49,674.45,1626.81,3366.45
2025-01-13 11:00:00,973.0,576.69,710.53,1734.82,3995.04
2025-01-13 12:00:00,980.77,389.44,871.26,1622.76,3864.22
2025-01-13 13:00:00,966.91,484.25,798.46,1671.34,3920.95
2025-01-13 14:00:00,866.37,365.79,780.57,1325.75,3338.48
2025-01-13 15:00:00,574.96,587.7,772.55,1521.38,3456.59
2025-01-13 16:00:00,506.5,522.24,728.63,1938.05,3695.41
2025-01-13 17:00:00,186.75,879.64,807.85,1542.7,3416.93
2025-01-13 18:00:00,0.0,377.94,837.91,2111.46,3327.31
2025-01-13 19:00:00,0.0,660.47,707.69,1543.97,2912.14
2025-01-13 20:00:00,0.0,589.57,765.89,2205.01,3560.48
2025-01-13 21:00:00,0.0,431.98,688.41,1816.53,2936.92
2025-01-13 22:00:00,0.0,885.37,807.16,1709.93,3402.46
2025-01-13 23:00:00,0.0,532.85,744.05,1483.78,2760.67
2025-01-14 00:00:00,0.0,565.39,728.97,1715.51,3009.87
2025-01-14 01:00:00,0.0,594.82,784.83,1999.53,3379.18
2025-01-14 02:00:00,0.0,598.9,712.92,2122.18,3433.99
2025-01-14 03:00:00,0.0,560.64,731.17,1001.37,2293.18
2025-01-14 04:00:00,0.0,598.57,758.82,1610.85,2968.24
2025-01-14 05:00:00,0.0,705.64,770.45,1694.63,3170.72
2025-01-14 06:00:00,0.0,400.74,736.16,1463.9,2600.8
2025-01-14 07:00:00,244.54,453.76,764.49,1802.37,3265.16
2025-01-14 08:00:00,404.89,485.45,707.78,1605.46,3203.57
2025-01-14 09:00:00,438.67,420.02,854.1,1212.92,2925.71
2025-01-14 10:00:00,735.28,611.47,711.01,1640.79,3698.54
2025-01-14 11:00:00,954.71,572.0,621.91,1645.32,3793.94
2025-01-14 12:00:00,661.57,589.05,802.67,1254.39,3307.69
2025-01-14 13:00:00,851.13,583.12,787.4,1352.88,3574.53
2025-01-14 14:00:00,597.86,390.09,653.86,1833.66,3475.46
2025-01-14 15:00:00,632.28,385.19,726.55,1719.09,3463.11
2025-01-14 16:00:00,384.6,456.51,748.76,1579.39,3169.26
2025-01-14 17:00:00,279.91,566.68,743.89,1935.85,3526.33
2025-01-14 18:00:00,0.0,559.85,788.33,1861.15,3209.33
2025-01-14 19:00:00,0.0,282.75,735.66,1673.16,2691.57
2025-01-14 20:00:00,0.0,362.74,693.37,1659.61,2715.71
2025-01-14 21:00:00,0.0,631.46,759.06,1552.41,2942.92
2025-01-14 22:00:00,0.0,483.8,823.27,1694.35,3001.42
2025-01-14 23:00:00,0.0,360.52,685.9,1289.33,2335.75
2025-01-15 00:00:00,0.0,605.83,754.18,1363.71,2723.72
2025-01-15 01:00:00,0.0,782.51,685.23,1818.1,3285.84
2025-01-15 02:00:00,0.0,634.68,845.27,1652.84,3132.79
2025-01-15 03:00:00,0.0,454.91,714.78,1104.94,2274.63
2025-01-15 04:00:00,0.0,391.21,834.21,1709.91,2935.33
2025-01-15 05:00:00,0.0,422.94,739.05,1261.74,2423.72
2025-01-15 06:00:00,0.0,372.17,693.53,1531.47,2597.16
2025-01-15 07:00:00,234.05,522.63,654.58,1542.43,2953.69
2025-01-15 08:00:00,422.15,615.28,799.59,1719.76,3556.78
2025-01-15 09:00:00,538.55,422.11,835.56,1918.89,3715.11
2025-01-15 10:00:00,814.82,590.01,775.51,1730.97,3911.31
2025-01-15 11:00:00,816.72,597.62,640.89,1497.44,3552.66
2025-01-15 12:00:00,878.58,539.69,801.59,1239.13,3458.99
2025-01-15 13:00:00,695.59,638.46,766.15,1471.13,3571.32
2025-01-15 14:00:00,880.61,550.4,801.12,1475.72,3707.85
2025-01-15 15:00:00,632.29,488.08,797.26,1647.62,3565.24
2025-01-15 16:00:00,420.53,490.69,773.02,1545.76,3230.01
2025-01-15 17:00:00,247.02,613.71,753.12,1410.71,3024.55
2025-01-15 18:00:00,0.0,676.69,770.32,1586.4,3033.42
2025-01-15 19:00:00,0.0,338.52,869.85,1904.88,3113.25
2025-01-15 20:00:00,0.0,491.2,848.6,1749.14,3088.94
2025-01-15 21:00:00,0.0,449.32,720.47,1379.84,2549.62
2025-01-15 22:00:00,0.0,354.56,768.37,1756.17,2879.1
2025-01-15 23:00:00,0.0,526.93,764.72,1180.29,2471.94
2025-01-16 00:00:00,0.0,298.35,719.17,1632.94,2650.47
2025-01-16 01:00:00,0.0,701.6,743.79,1520.33,2965.72
2025-01-16 02:00:00,0.0,467.08,719.13,1722.64,2908.86
2025-01-16 03:00:00,0.0,377.52,687.9,1475.4,2540.83
2025-01-16 04:00:00,0.0,536.85,632.19,1221.67,2390.72
2025-01-16 05:00:00,0.0,389.95,747.34,1075.18,2212.47
2025-01-16 06:00:00,0.0,747.87,825.77,1195.94,2769.58
2025-01-16 07:00:00,226.91,586.35,843.19,1373.5,3029.95
2025-01-16 08:00:00,559.74,438.77,769.37,1354.22,3122.09
2025-01-16 09:00:00,555.69,422.07,655.65,2036.4,3669.8
2025-01-16 10:00:00,856.79,479.98,698.63,2009.45,4044.86
2025-01-16 11:00:00,1035.28,519.91,769.42,1491.59,3816.2
2025-01-16 12:00:00,600.85,587.84,663.96,1616.62,3469.27
2025-01-16 13:00:00,691.59,478.34,671.08,1416.37,3257.38
2025-01-16 14:00:00,806.92,409.24,826.99,1579.28,3622.43
2025-01-16 15:00:00,538.56,661.26,742.44,1235.24,3177.5
2025-01-16 16:00:00,450.97,358.32,723.54,1329.74,2862.57
2025-01-16 17:00:00,245.92,312.15,787.15,1117.05,2462.28
2025-01-16 18:00:00,0.0,496.82,663.13,1517.01,2676.96
2025-01-16 19:00:00,0.0,428.12,702.43,1870.99,3001.54
2025-01-16 20:00:00,0.0,689.67,747.65,1537.94,2975.26
2025-01-16 21:00:00,0.0,449.83,766.22,1319.08,2535.13
2025-01-16 22:00:00,0.0,566.42,745.71,1268.69,2580.82
2025-01-16 23:00:00,0.0,515.21,792.95,1139.64,2447.8
2025-01-17 00:00:00,0.0,520.79,763.76,1740.71,3025.26
2025-01-17 01:00:00,0.0,357.79,701.48,1565.85,2625.11
2025-01-17 02:00:00,0.0,535.59,770.61,1694.12,3000.32
2025-01-17 03:00:00,0.0,387.71,723.1,1654.13,2764.94
2025-01-17 04:00:00,0.0,613.14,732.25,1725.48,3070.87
2025-01-17 05:00:00,0.0,353.4,712.42,1380.59,2446.41
2025-01-17 06:00:00,0.0,191.88,621.95,1618.18,2432.01
2025-01-17 07:00:00,245.56,635.2,691.22,1322.44,2894.42
2025-01-17 08:00:00,422.91,550.7,648.35,1545.21,3167.17
2025-01-17 09:00:00,650.24,483.69,796.98,1838.12,3769.02
2025-01-17 10:00:00,786.62,366.2,820.3,1552.32,3525.45
2025-01-17 11:00:00,769.82,411.79,693.35,2180.9,4055.86
2025-01-17 12:00:00,1118.8,536.98,732.54,1159.6,3547.92
2025-01-17 13:00:00,984.86,546.32,713.0,1524.66,3768.85
2025-01-17 14:00:00,765.69,309.45,668.92,1505.27,3249.33
2025-01-17 15:00:00,626.34,347.79,782.88,1822.97,3579.99
2025-01-17 16:00:00,444.33,518.5,751.36,1503.6,3217.79
2025-01-17 17:00:00,182.51,704.45,792.43,1302.87,2982.25
2025-01-17 18:00:00,0.0,510.25,645.18,1401.89,2557.32
2025-01-17 19:00:00,0.0,511.16,638.42,1772.4,2921.97
2025-01-17 20:00:00,0.0,503.63,791.18,1456.52,2751.33
2025-01-17 21:00:00,0.0,586.99,707.75,1652.32,2947.07
2025-01-17 22:00:00,0.0,665.05,739.57,1612.46,3017.07
2025-01-17 23:00:00,0.0,506.51,820.65,1457.7,2784.86
2025-01-18 00:00:00,0.0,443.27,722.05,1270.14,2435.46
2025-01-18 01:00:00,0.0,529.16,847.7,1513.15,2890.0
2025-01-18 02:00:00,0.0,355.83,689.36,1515.95,2561.14
2025-01-18 03:00:00,0.0,432.25,794.23,1795.29,3021.78
2025-01-18 04:00:00,0.0,609.77,768.65,1840.66,3219.08
2025-01-18 05:00:00,0.0,566.11,850.74,1742.3,3159.15
2025-01-18 06:00:00,0.0,340.59,715.19,1399.84,2455.62
2025-01-18 07:00:00,212.56,563.82,723.12,1517.82,3017.33
2025-01-18 08:00:00,521.77,242.56,740.88,1480.17,2985.39
2025-01-18 09:00:00,735.82,582.35,677.8,2032.72,4028.69
2025-01-18 10:00:00,802.38,434.96,827.73,1429.75,3494.81
2025-01-18 11:00:00,832.15,216.29,782.34,1529.68,3360.46
2025-01-18 12:00:00,797.12,573.95,728.84,1863.3,3963.21
2025-01-18 13:00:00,885.87,640.05,652.34,1397.73,3575.99
2025-01-18 14:00:00,745.87,737.26,864.68,1427.57,3775.38
2025-01-18 15:00:00,599.4,583.49,788.03,1643.37,3614.29
2025-01-18 16:00:00,437.27,380.72,747.01,2142.97,3707.97
2025-01-18 17:00:00,202.1,447.72,732.38,1309.18,2691.38
2025-01-18 18:00:00,0.0,438.32,790.01,1417.76,2646.09
2025-01-18 19:00:00,0.0,460.38,740.54,1545.99,2746.91
2025-01-18 20:00:00,0.0,689.84,691.93,1522.28,2904.05
2025-01-18 21:00:00,0.0,355.05,702.69,2086.94,3144.68
2025-01-18 22:00:00,0.0,640.52,777.71,1849.92,3268.15
2025-01-18 23:00:00,0.0,560.49,658.23,1665.99,2884.71
2025-01-19 00:00:00,0.0,599.13,752.34,1570.95,2922.42
2025-01-19 01:00:00,0.0,315.09,740.55,1687.5,2743.14
2025-01-19 02:00:00,0.0,510.01,760.38,1481.01,2751.41
2025-01-19 03:00:00,0.0,495.4,751.5,1792.76,3039.65
2025-01-19 04:00:00,0.0,378.81,778.69,1411.71,2569.2
2025-01-19 05:00:00,0.0,536.39,774.6,1475.59,2786.58
2025-01-19 06:00:00,0.0,512.76,791.37,1235.15,2539.27
2025-01-19 07:00:00,200.98,487.02,700.37,1719.79,3108.15
2025-01-19 08:00:00,532.41,344.45,816.54,1430.18,3123.57
2025-01-19 09:00:00,576.38,439.49,708.28,1480.33,3204.48
2025-01-19 10:00:00,938.58,421.7,760.48,1760.28,3881.03
2025-01-19 11:00:00,823.14,474.78,807.56,1670.88,3776.36
2025-01-19 12:00:00,991.86,382.45,749.92,1666.84,3791.07
2025-01-19 13:00:00,1082.12,584.78,740.38,2085.64,4492.92
2025-01-19 14:00:00,517.23,511.8,833.1,1396.28,3258.42
2025-01-19 15:00:00,576.1,532.67,736.92,1505.69,3351.37
2025-01-19 16:00:00,492.37,333.04,798.62,1778.43,3402.47
2025-01-19 17:00:00,213.61,537.03,705.62,1673.48,3129.74
2025-01-19 18:00:00,0.0,540.4,814.15,1735.75,3090.3
2025-01-19 19:00:00,0.0,402.49,748.7,1761.73,2912.92
2025-01-19 20:00:00,0.0,615.03,796.32,1853.64,3264.99
2025-01-19 21:00:00,0.0,484.78,768.04,1159.55,2412.37
2025-01-19 22:00:00,0.0,553.02,773.16,1593.64,2919.82
2025-01-19 23:00:00,0.0,564.36,701.57,1797.18,3063.11
2025-01-20 00:00:00,0.0,384.79,738.04,2277.08,3399.9
2025-01-20 01:00:00,0.0,559.06,782.73,1531.76,2873.55
2025-01-20 02:00:00,0.0,400.64,809.0,1901.43,3111.08
2025-01-20 03:00:00,0.0,709.05,659.47,1590.92,2959.45
2025-01-20 04:00:00,0.0,688.55,655.58,1436.77,2780.89
2025-01-20 05:00:00,0.0,521.31,737.66,1387.55,2646.52
2025-01-20 06:00:00,0.0,635.67,861.96,1569.61,3067.23
2025-01-20 07:00:00,224.09,574.09,805.83,1557.1,3161.1
2025-01-20 08:00:00,515.25,729.16,774.12,1587.15,3605.67
2025-01-20 09:00:00,634.59,539.66,808.33,1156.44,3139.03
2025-01-20 10:00:00,674.45,418.14,806.63,2088.9,3988.12
2025-01-20 11:00:00,717.84,476.79,687.33,1710.7,3592.65
2025-01-20 12:00:00,890.85,695.85,657.35,1241.79,3485.84
2025-01-20 13:00:00,1152.03,237.21,667.44,1839.05,3895.73
2025-01-20 14:00:00,708.05,638.8,730.82,1704.2,3781.87
2025-01-20 15:00:00,575.73,714.21,650.36,1800.33,3740.64
2025-01-20 16:00:00,415.94,474.1,706.84,1862.88,3459.76
2025-01-20 17:00:00,201.89,687.23,766.1,2288.37,3943.58
2025-01-20 18:00:00,0.0,580.39,802.08,1686.46,3068.93
2025-01-20 19:00:00,0.0,640.47,741.97,1545.81,2928.25
2025-01-20 20:00:00,0.0,423.33,737.18,1482.87,2643.37
2025-01-20 21:00:00,0.0,374.53,689.04,1714.17,2777.74
2025-01-20 22:00:00,0.0,611.54,725.4,1698.65,3035.59
2025-01-20 23:00:00,0.0,555.61,829.05,1431.01,2815.68
2025-01-21 00:00:00,0.0,495.06,795.19,1729.89,3020.15
2025-01-21 01:00:00,0.0,497.2,742.32,1611.81,2851.33
2025-01-21 02:00:00,0.0,603.99,818.4,1635.66,3058.05
2025-01-21 03:00:00,0.0,429.16,761.9,1660.72,2851.79
2025-01-21 04:00:00,0.0,500.03,801.34,1037.27,2338.64
2025-01-21 05:00:00,0.0,445.5,767.07,1618.35,2830.92
2025-01-21 06:00:00,0.0,461.5,739.84,1953.17,3154.51
2025-01-21 07:00:00,278.08,637.58,702.13,1603.76,3221.55
2025-01-21 08:00:00,282.96,445.75,728.59,860.28,2317.58
2025-01-21 09:00:00,504.0,466.89,753.95,1842.96,3567.81
2025-01-21 10:00:00,766.9,487.39,819.29,1860.31,3933.89
2025-01-21 11:00:00,910.31,601.72,751.56,1767.35,4030.93
2025-01-21 12:00:00,795.91,437.49,784.52,1626.56,3644.48
2025-01-21 13:00:00,686.71,559.59,737.11,1384.14,3367.55
2025-01-21 14:00:00,597.36,447.45,763.83,1763.19,3571.83
2025-01-21 15:00:00,575.7,616.07,663.81,1546.49,3402.07
2025-01-21 16:00:00,407.3,529.63,739.61,1303.48,2980.01
2025-01-21 17:00:00,242.28,365.76,771.02,1670.11,3049.17
2025-01-21 18:00:00,0.0,646.71,726.57,1889.16,3262.44
2025-01-21 19:00:00,0.0,526.98,715.63,1816.46,3059.06
2025-01-21 20:00:00,0.0,446.83,817.16,1696.09,2960.09
2025-01-21 21:00:00,0.0,240.92,792.68,1777.6,2811.2
2025-01-21 22:00:00,0.0,550.18,709.48,1803.27,3062.93
2025-01-21 23:00:00,0.0,277.78,863.91,1375.16,2516.85
2025-01-22 00:00:00,0.0,345.96,752.83,1330.74,2429.52
2025-01-22 01:00:00,0.0,645.95,752.55,876.3,2274.8
2025-01-22 02:00:00,0.0,618.43,716.0,1630.45,2964.88
2025-01-22 03:00:00,0.0,717.03,653.9,1803.18,3174.12
2025-01-22 04:00:00,0.0,476.3,809.23,1291.97,2577.5
2025-01-22 05:00:00,0.0,671.95,710.34,1314.32,2696.61
2025-01-22 06:00:00,0.0,625.92,547.61,1377.36,2550.9
2025-01-22 07:00:00,276.02,469.47,780.7,1841.87,3368.05
2025-01-22 08:00:00,475.42,478.41,653.9,1646.18,3253.91
2025-01-22 09:00:00,453.89,584.63,666.68,1768.67,3473.86
2025-01-22 10:00:00,883.35,574.98,713.73,1194.49,3366.56
2025-01-22 11:00:00,863.34,438.56,700.21,1087.4,3089.51
2025-01-22 12:00:00,1010.2,368.56,681.53,1544.55,3604.83
2025-01-22 13:00:00,928.35,439.25,793.1,1880.55,4041.26
2025-01-22 14:00:00,797.04,693.77,715.53,1112.71,3319.06
2025-01-22 15:00:00,492.65,554.17,739.8,1373.76,3160.38
2025-01-22 16:00:00,463.5,495.85,717.54,965.71,2642.6
2025-01-22 17:00:00,283.96,371.6,756.7,1969.52,3381.78
2025-01-22 18:00:00,0.0,452.92,677.5,1478.74,2609.16
2025-01-22 19:00:00,0.0,498.51,714.01,1589.31,2801.83
2025-01-22 20:00:00,0.0,596.0,937.61,1463.29,2996.9
2025-01-22 21:00:00,0.0,641.18,821.73,1341.44,2804.35
2025-01-22 22:00:00,0.0,725.91,860.9,1918.77,3505.58
2025-01-22 23:00:00,0.0,443.89,826.61,2071.02,3341.53
2025-01-23 00:00:00,0.0,437.16,752.37,1610.28,2799.81
2025-01-23 01:00:00,0.0,561.71,663.73,2056.44,3281.87
2025-01-23 02:00:00,0.0,566.18,722.29,1378.1,2666.57
2025-01-23 03:00:00,0.0,697.7,774.49,1493.32,2965.5
2025-01-23 04:00:00,0.0,466.14,886.0,1784.22,3136.36
2025-01-23 05:00:00,0.0,510.6,693.18,1718.5,2922.27
2025-01-23 06:00:00,0.0,721.23,801.3,1703.85,3226.38
2025-01-23 07:00:00,225.1,291.51,727.6,1269.72,2513.93
2025-01-23 08:00:00,465.25,635.94,708.82,1427.03,3237.04
2025-01-23 09:00:00,570.43,475.66,796.89,1644.84,3487.83
2025-01-23 10:00:00,875.87,465.56,763.25,1449.86,3554.54
2025-01-23 11:00:00,787.84,519.91,851.33,1487.91,3646.99
2025-01-23 12:00:00,669.97,500.56,738.99,1489.78,3399.3
2025-01-23 13:00:00,938.87,611.16,726.29,1738.64,4014.97
2025-01-23 14:00:00,632.61,521.0,839.64,1800.66,3793.91
2025-01-23 15:00:00,605.51,459.6,712.91,1753.41,3531.43
2025-01-23 16:00:00,285.96,640.06,840.12,1548.73,3314.87
2025-01-23 17:00:00,231.16,478.74,744.8,1867.53,3322.24
2025-01-23 18:00:00,0.0,355.76,676.91,1582.49,2615.17
2025-01-23 19:00:00,0.0,447.39,706.89,1950.38,3104.66
2025-01-23 20:00:00,0.0,514.34,705.62,1606.24,2826.2
2025-01-23 21:00:00,0.0,429.22,779.14,1549.51,2757.87
2025-01-23 22:00:00,0.0,397.7,807.91,1706.92,2912.53
2025-01-23 23:00:00,0.0,414.05,725.15,1691.47,2830.67
2025-01-24 00:00:00,0.0,493.47,724.39,1350.16,2568.01
2025-01-24 01:00:00,0.0,413.59,654.96,1471.94,2540.49
2025-01-24 02:00:00,0.0,323.16,692.79,1276.64,2292.58
2025-01-24 03:00:00,0.0,174.58,749.21,1636.42,2560.21
2025-01-24 04:00:00,0.0,733.9,698.12,1335.31,2767.33
2025-01-24 05:00:00,0.0,300.95,682.11,1586.63,2569.69
2025-01-24 06:00:00,0.0,811.53,802.51,1362.02,2976.05
2025-01-24 07:00:00,205.46,400.98,878.1,1537.31,3021.84
2025-01-24 08:00:00,434.21,464.86,711.57,1672.59,3283.23
2025-01-24 09:00:00,518.89,717.28,700.39,1919.4,3855.96
2025-01-24 10:00:00,652.03,503.54,757.38,1521.64,3434.59
2025-01-24 11:00:00,919.12,662.6,795.54,1672.38,4049.64
2025-01-24 12:00:00,944.49,596.97,806.61,1911.23,4259.29
2025-01-24 13:00:00,1096.12,716.4,746.9,1724.84,4284.27
2025-01-24 14:00:00,705.33,225.03,750.41,1189.94,2870.71
2025-01-24 15:00:00,510.01,465.45,727.96,1465.09,3168.5
2025-01-24 16:00:00,502.13,450.93,799.44,1457.29,3209.79
2025-01-24 17:00:00,226.79,391.96,755.9,1663.34,3037.99
2025-01-24 18:00:00,0.0,418.96,734.91,1198.44,2352.32
2025-01-24 19:00:00,0.0,718.46,790.41,1810.45,3319.32
2025-01-24 20:00:00,0.0,327.72,640.27,1779.4,2747.39
2025-01-24 21:00:00,0.0,329.66,822.39,1832.12,2984.17
2025-01-24 22:00:00,0.0,475.74,762.99,1609.53,2848.26
2025-01-24 23:00:00,0.0,680.3,739.21,1206.28,2625.79
2025-01-25 00:00:00,0.0,410.78,747.88,1319.96,2478.61
2025-01-25 01:00:00,0.0,393.07,705.89,1364.71,2463.67
2025-01-25 02:00:00,0.0,291.08,869.88,1483.68,2644.63
2025-01-25 03:00:00,0.0,513.41,699.96,1740.11,2953.48
2025-01-25 04:00:00,0.0,571.41,687.31,1299.59,2558.31
2025-01-25 05:00:00,0.0,390.83,786.49,1488.66,2665.98
2025-01-25 06:00:00,0.0,607.37,746.98,2025.0,3379.35
2025-01-25 07:00:00,209.08,383.66,799.11,1764.51,3156.37
2025-01-25 08:00:00,406.86,335.94,762.95,1319.9,2825.65
2025-01-25 09:00:00,534.92,635.14,801.33,1032.12,3003.51
2025-01-25 10:00:00,718.44,435.49,828.04,1577.26,3559.24
2025-01-25 11:00:00,752.99,205.11,748.38,1670.3,3376.78
2025-01-25 12:00:00,655.21,426.79,868.21,1928.48,3878.69
2025-01-25 13:00:00,1076.89,595.09,883.76,1240.34,3796.09
2025-01-25 14:00:00,730.65,409.29,758.85,1701.83,3600.62
2025-01-25 15:00:00,628.97,525.06,893.28,1877.81,3925.12
2025-01-25 16:00:00,471.13,448.81,721.58,1608.04,3249.57
2025-01-25 17:00:00,204.39,374.01,755.3,1706.79,3040.49
2025-01-25 18:00:00,0.0,562.28,768.39,1316.85,2647.53
2025-01-25 19:00:00,0.0,411.09,735.98,1673.13,2820.2
2025-01-25 20:00:00,0.0,589.32,837.68,1754.62,3181.62
2025-01-25 21:00:00,0.0,583.05,748.81,1627.1,2958.96
2025-01-25 22:00:00,0.0,357.85,778.02,2017.39,3153.26
2025-01-25 23:00:00,0.0,533.72,691.62,1798.81,3024.15
2025-01-26 00:00:00,0.0,426.73,740.24,1757.89,2924.86
2025-01-26 01:00:00,0.0,557.29,720.32,1385.37,2662.98
2025-01-26 02:00:00,0.0,680.99,782.2,1776.46,3239.64
2025-01-26 03:00:00,0.0,447.37,768.77,2034.62,3250.77
2025-01-26 04:00:00,0.0,397.14,728.87,1700.73,2826.74
2025-01-26 05:00:00,0.0,506.01,686.49,1555.74,2748.24
2025-01-26 06:00:00,0.0,420.89,808.03,2035.9,3264.81
2025-01-26 07:00:00,261.2,459.68,782.7,1534.17,3037.75
2025-01-26 08:00:00,464.8,573.44,806.73,1659.01,3503.98
2025-01-26 09:00:00,668.77,484.46,685.39,1234.2,3072.82
2025-01-26 10:00:00,780.05,275.73,713.03,1744.77,3513.59
2025-01-26 11:00:00,837.58,436.36,803.5,1108.02,3185.47
2025-01-26 12:00:00,882.92,460.32,812.48,1419.57,3575.3
2025-01-26 13:00:00,860.81,752.86,723.39,1615.21,3952.26
2025-01-26 14:00:00,818.46,615.91,703.96,1707.43,3845.76
2025-01-26 15:00:00,556.02,644.77,648.53,1258.9,3108.21
2025-01-26 16:00:00,301.05,551.58,665.75,2120.15,3638.52
2025-01-26 17:00:00,276.79,261.83,775.03,1858.67,3172.32
2025-01-26 18:00:00,0.0,538.27,712.11,1717.04,2967.42
2025-01-26 19:00:00,0.0,531.51,745.7,1359.9,2637.11
2025-01-26 20:00:00,0.0,355.78,688.68,1511.61,2556.07
2025-01-26 21:00:00,0.0,647.14,658.21,1235.93,2541.27
2025-01-26 22:00:00,0.0,486.07,670.98,1441.06,2598.12
2025-01-26 23:00:00,0.0,576.22,781.53,2001.37,3359.12
2025-01-27 00:00:00,0.0,511.32,824.54,1090.25,2426.11
2025-01-27 01:00:00,0.0,724.46,664.46,1689.89,3078.81
2025-01-27 02:00:00,0.0,559.81,764.02,1204.39,2528.22
2025-01-27 03:00:00,0.0,615.71,721.56,1174.83,2512.11
2025-01-27 04:00:00,0.0,241.83,676.16,1793.53,2711.53
2025-01-27 05:00:00,0.0,443.32,760.79,1719.06,2923.17
2025-01-27 06:00:00,0.0,626.37,697.27,1929.45,3253.09
2025-01-27 07:00:00,225.54,484.56,842.09,2075.8,3627.99
2025-01-27 08:00:00,363.47,591.04,676.56,2007.73,3638.79
2025-01-27 09:00:00,482.74,477.48,867.04,2021.66,3848.91
2025-01-27 10:00:00,785.87,504.99,893.08,1651.31,3835.25
2025-01-27 11:00:00,821.13,488.52,732.64,1443.47,3485.76
2025-01-27 12:00:00,653.3,453.88,725.09,1599.67,3431.95
2025-01-27 13:00:00,1014.35,511.19,719.4,1958.74,4203.68
2025-01-27 14:00:00,644.97,325.99,734.04,1201.55,2906.55
2025-01-27 15:00:00,502.83,580.33,653.96,1688.87,3426.0
2025-01-27 16:00:00,520.66,634.44,683.91,1940.42,3779.43
2025-01-27 17:00:00,236.23,546.2,811.83,1567.76,3162.02
2025-01-27 18:00:00,0.0,569.71,823.63,1856.74,3250.08
2025-01-27 19:00:00,0.0,676.94,758.02,1571.02,3005.98
2025-01-27 20:00:00,0.0,633.33,744.88,2024.88,3403.1
2025-01-27 21:00:00,0.0,491.5,724.54,1260.63,2476.67
2025-01-27 22:00:00,0.0,578.95,854.37,1696.22,3129.54
2025-01-27 23:00:00,0.0,442.85,759.4,1248.59,2450.84
2025-01-28 00:00:00,0.0,637.39,843.29,1477.65,2958.33
2025-01-28 01:00:00,0.0,326.96,651.44,1521.45,2499.85
2025-01-28 02:00:00,0.0,461.35,747.77,1224.96,2434.07
2025-01-28 03:00:00,0.0,487.84,722.33,2079.12,3289.29
2025-01-28 04:00:00,0.0,307.45,631.79,1667.51,2606.76
2025-01-28 05:00:00,0.0,287.43,730.4,1674.37,2692.2
2025-01-28 06:00:00,0.0,362.54,741.83,1689.52,2793.89
2025-01-28 07:00:00,260.08,496.85,830.83,1715.3,3303.07
2025-01-28 08:00:00,346.88,498.51,662.54,1323.2,2831.13
2025-01-28 09:00:00,546.38,558.77,759.15,1072.5,2936.81
2025-01-28 10:00:00,1010.29,646.0,709.1,1634.87,4000.27
2025-01-28 11:00:00,937.44,703.16,697.81,1743.6,4082.01
2025-01-28 12:00:00,671.23,595.24,763.47,1415.42,3445.36
2025-01-28 13:00:00,831.13,337.93,680.79,1831.86,3681.7
2025-01-28 14:00:00,698.94,511.61,790.7,1988.86,3990.11
2025-01-28 15:00:00,656.09,532.56,836.81,1221.89,3247.35
2025-01-28 16:00:00,360.62,143.56,751.92,1570.35,2826.46
2025-01-28 17:00:00,177.12,509.61,778.61,2050.45,3515.79
2025-01-28 18:00:00,0.0,485.23,752.56,1805.79,3043.59
2025-01-28 19:00:00,0.0,485.36,674.43,1629.19,2788.98
2025-01-28 20:00:00,0.0,662.85,744.75,1856.48,3264.09
2025-01-28 21:00:00,0.0,450.82,747.09,1683.87,2881.78
2025-01-28 22:00:00,0.0,595.12,689.48,1594.75,2879.35
2025-01-28 23:00:00,0.0,426.41,699.57,1747.61,2873.58
2025-01-29 00:00:00,0.0,515.55,745.9,1690.26,2951.71
2025-01-29 01:00:00,0.0,411.59,675.07,1350.73,2437.39
2025-01-29 02:00:00,0.0,728.93,769.9,1302.68,2801.51
2025-01-29 03:00:00,0.0,554.2,749.22,1777.24,3080.66
2025-01-29 04:00:00,0.0,428.09,695.29,1483.0,2606.38
2025-01-29 05:00:00,0.0,362.69,773.22,1847.32,2983.22
2025-01-29 06:00:00,0.0,814.51,735.41,1328.58,2878.5
2025-01-29 07:00:00,261.21,706.77,854.26,1196.93,3019.17
2025-01-29 08:00:00,495.01,565.9,745.37,1674.3,3480.58
2025-01-29 09:00:00,623.01,374.13,759.36,1592.36,3348.86
2025-01-29 10:00:00,720.73,531.95,789.37,1373.05,3415.11
2025-01-29 11:00:00,648.46,505.12,719.89,2034.51,3907.98
2025-01-29 12:00:00,767.77,475.63,772.96,1326.73,3343.09
2025-01-29 13:00:00,770.3,460.49,756.69,1204.34,3191.81
2025-01-29 14:00:00,645.09,517.82,714.07,1702.03,3579.01
2025-01-29 15:00:00,557.12,226.5,756.0,1295.2,2834.82
2025-01-29 16:00:00,359.14,670.89,759.6,1190.53,2980.16
2025-01-29 17:00:00,257.17,484.47,667.87,1823.38,3232.88
2025-01-29 18:00:00,0.0,384.93,747.27,1329.44,2461.64
2025-01-29 19:00:00,0.0,671.24,773.16,1433.66,2878.06
2025-01-29 20:00:00,0.0,405.5,831.74,1581.92,2819.17
2025-01-29 21:00:00,0.0,544.33,773.07,1599.06,2916.45
2025-01-29 22:00:00,0.0,561.9,752.82,1635.59,2950.31
2025-01-29 23:00:00,0.0,515.58,690.85,1770.28,2976.71
2025-01-30 00:00:00,0.0,469.96,796.73,1089.2,2355.89
2025-01-30 01:00:00,0.0,404.49,743.19,1952.54,3100.22
2025-01-30 02:00:00,0.0,661.31,772.86,1036.62,2470.79
2025-01-30 03:00:00,0.0,518.95,807.1,1575.49,2901.54
2025-01-30 04:00:00,0.0,482.58,753.53,1690.41,2926.52
2025-01-30 05:00:00,0.0,372.21,792.61,1772.91,2937.73
2025-01-30 06:00:00,0.0,673.25,678.94,1739.04,3091.23
2025-01-30 07:00:00,214.91,653.51,786.22,1611.81,3266.45
2025-01-30 08:00:00,516.69,434.8,786.38,1673.5,3411.37
2025-01-30 09:00:00,497.48,616.36,765.97,1520.4,3400.21
2025-01-30 10:00:00,704.27,465.37,747.08,1710.91,3627.62
2025-01-30 11:00:00,757.0,515.16,711.89,1309.37,3293.42
2025-01-30 12:00:00,894.53,385.52,726.55,1310.92,3317.51
2025-01-30 13:00:00,701.17,581.36,824.71,1340.42,3447.66
2025-01-30 14:00:00,727.96,654.56,807.73,1778.91,3969.17
2025-01-30 15:00:00,518.19,407.41,804.75,1918.42,3648.77
2025-01-30 16:00:00,394.59,377.11,800.95,1604.49,3177.14
2025-01-30 17:00:00,250.54,662.57,768.7,1492.76,3174.56
2025-01-30 18:00:00,0.0,523.44,717.11,1375.99,2616.55
2025-01-30 19:00:00,0.0,569.42,638.91,1432.97,2641.29
2025-01-30 20:00:00,0.0,378.56,790.63,1698.05,2867.25
2025-01-30 21:00:00,0.0,349.96,812.06,1908.45,3070.47
2025-01-30 22:00:00,0.0,526.49,698.62,1480.87,2705.98
2025-01-30 23:00:00,0.0,493.57,666.97,1271.15,2431.69
2025-01-31 00:00:00,0.0,516.75,739.7,1543.61,2800.06
2025-01-31 01:00:00,0.0,488.85,692.37,1417.09,2598.3
2025-01-31 02:00:00,0.0,614.08,636.95,1842.7,3093.73
2025-01-31 03:00:00,0.0,442.63,735.53,1369.63,2547.79
2025-01-31 04:00:00,0.0,356.97,782.08,1561.26,2700.31
2025-01-31 05:00:00,0.0,591.66,729.37,1894.51,3215.54
2025-01-31 06:00:00,0.0,563.85,684.09,1451.91,2699.84
2025-01-31 07:00:00,204.44,288.09,759.55,1948.45,3200.54
2025-01-31 08:00:00,373.16,578.34,810.7,998.92,2761.12
2025-01-31 09:00:00,684.03,361.97,792.21,1645.38,3483.59
2025-01-31 10:00:00,742.37,542.31,664.35,1150.94,3099.97
2025-01-31 11:00:00,918.17,417.77,714.77,1624.86,3675.57
2025-01-31 12:00:00,838.95,543.39,797.26,2093.8,4273.4
2025-01-31 13:00:00,738.89,501.06,750.21,1451.93,3442.08
2025-01-31 14:00:00,934.85,638.35,625.14,1571.73,3770.08
2025-01-31 15:00:00,531.17,660.13,773.35,1904.12,3868.78
2025-01-31 16:00:00,491.9,352.77,748.18,1545.97,3138.82
2025-01-31 17:00:00,212.36,549.56,916.79,1651.57,3330.28
2025-01-31 18:00:00,0.0,506.31,726.17,1863.35,3095.82
2025-01-31 19:00:00,0.0,383.94,743.75,1702.33,2830.01
2025-01-31 20:00:00,0.0,401.04,801.48,1230.18,2432.71
2025-01-31 21:00:00,0.0,405.58,852.19,2066.48,3324.25
2025-01-31 22:00:00,0.0,581.67,776.73,1535.32,2893.72
2025-01-31 23:00:00,0.0,505.39,744.22,2050.1,3299.71
2025-02-01 00:00:00,0.0,483.6,768.81,1188.88,2441.29
2025-02-01 01:00:00,0.0,630.4,827.21,1212.87,2670.48
2025-02-01 02:00:00,0.0,528.43,820.39,1333.94,2682.76
2025-02-01 03:00:00,0.0,580.7,869.53,1724.95,3175.17
2025-02-01 04:00:00,0.0,385.71,707.89,1585.47,2679.07
2025-02-01 05:00:00,0.0,301.87,899.57,1608.79,2810.23
2025-02-01 06:00:00,0.0,611.3,840.31,1505.16,2956.77
2025-02-01 07:00:00,231.73,363.57,652.18,1609.26,2856.73
2025-02-01 08:00:00,540.7,376.21,773.26,1559.26,3249.43
2025-02-01 09:00:00,588.29,592.78,788.21,1214.08,3183.35
2025-02-01 10:00:00,870.04,428.85,754.01,1705.3,3758.19
2025-02-01 11:00:00,861.94,498.23,797.17,1336.99,3494.33
2025-02-01 12:00:00,1050.33,590.5,789.08,1311.28,3741.19
2025-02-01 13:00:00,581.87,641.63,857.48,1061.95,3142.92
2025-02-01 14:00:00,749.63,401.6,805.46,1987.69,3944.38
2025-02-01 15:00:00,635.97,566.23,688.86,858.95,2750.0
2025-02-01 16:00:00,345.5,770.7,780.83,1652.39,3549.43
2025-02-01 17:00:00,218.04,610.45,792.0,1820.05,3440.54
2025-02-01 18:00:00,0.0,279.95,866.16,1820.32,2966.43
2025-02-01 19:00:00,0.0,447.08,815.82,1263.79,2526.7
2025-02-01 20:00:00,0.0,569.4,812.51,1478.94,2860.85
2025-02-01 21:00:00,0.0,482.5,771.67,1709.51,2963.68
2025-02-01 22:00:00,0.0,521.94,815.02,1413.2,2750.16
2025-02-01 23:00:00,0.0,675.78,759.8,1832.77,3268.35
2025-02-02 00:00:00,0.0,335.51,823.52,1886.12,3045.15
2025-02-02 01:00:00,0.0,539.56,788.35,1839.5,3167.41
2025-02-02 02:00:00,0.0,522.13,704.96,1513.3,2740.39
2025-02-02 03:00:00,0.0,528.05,719.2,1703.31,2950.57
2025-02-02 04:00:00,0.0,501.9,674.01,1693.34,2869.24
2025-02-02 05:00:00,0.0,642.17,732.8,1472.88,2847.85
2025-02-02 06:00:00,0.0,510.41,764.96,1914.92,3190.29
2025-02-02 07:00:00,223.83,545.05,809.11,1351.13,2929.12
2025-02-02 08:00:00,408.98,495.39,842.06,1582.76,3329.18
2025-02-02 09:00:00,508.15,473.19,750.54,1532.61,3264.5
2025-02-02 10:00:00,742.81,515.63,729.42,1640.4,3628.25
2025-02-02 11:00:00,907.62,409.8,797.87,1953.18,4068.47
2025-02-02 12:00:00,766.34,431.75,690.4,1714.77,3603.26
2025-02-02 13:00:00,738.64,698.01,821.64,1692.05,3950.33
2025-02-02 14:00:00,662.73,401.22,837.95,1688.79,3590.69
2025-02-02 15:00:00,611.68,469.17,816.29,1412.23,3309.37
2025-02-02 16:00:00,477.97,571.75,758.13,1655.24,3463.1
2025-02-02 17:00:00,166.29,369.79,740.8,1449.33,2726.21
2025-02-02 18:00:00,0.0,576.09,853.15,2023.99,3453.23
2025-02-02 19:00:00,0.0,447.31,849.89,1527.33,2824.53
2025-02-02 20:00:00,0.0,350.72,800.55,1525.84,2677.11
2025-02-02 21:00:00,0.0,461.3,904.49,1492.06,2857.85
2025-02-02 22:00:00,0.0,630.05,860.39,1272.82,2763.27
2025-02-02 23:00:00,0.0,445.73,893.94,1843.26,3182.93
2025-02-03 00:00:00,0.0,485.2,764.68,1821.19,3071.07
2025-02-03 01:00:00,0.0,458.12,719.61,1611.52,2789.25
2025-02-03 02:00:00,0.0,457.08,827.01,1824.8,3108.89
2025-02-03 03:00:00,0.0,738.82,777.34,1967.12,3483.28
2025-02-03 04:00:00,0.0,358.1,629.71,1908.61,2896.42
2025-02-03 05:00:00,0.0,611.95,817.08,1597.99,3027.01
2025-02-03 06:00:00,0.0,731.05,846.57,1828.6,3406.22
2025-02-03 07:00:00,284.01,404.77,772.13,1683.75,3144.66
2025-02-03 08:00:00,413.17,426.24,785.92,1573.04,3198.37
2025-02-03 09:00:00,505.72,561.61,768.98,1969.45,3805.76
2025-02-03 10:00:00,679.07,377.11,750.97,1610.55,3417.7
2025-02-03 11:00:00,777.88,316.92,726.94,2188.9,4010.64
2025-02-03 12:00:00,815.66,491.41,834.94,1721.62,3863.64
2025-02-03 13:00:00,830.96,498.95,851.13,1620.73,3801.77
2025-02-03 14:00:00,682.37,423.58,704.63,1613.55,3424.14
2025-02-03 15:00:00,707.95,546.84,790.64,1783.83,3829.26
2025-02-03 16:00:00,598.91,558.92,819.54,1390.21,3367.59
2025-02-03 17:00:00,202.89,593.77,831.66,1595.38,3223.69
2025-02-03 18:00:00,0.0,690.77,881.02,1967.57,3539.36
2025-02-03 19:00:00,0.0,533.69,802.16,1702.0,3037.86
2025-02-03 20:00:00,0.0,479.81,720.08,1811.13,3011.02
2025-02-03 21:00:00,0.0,404.06,818.15,1440.88,2663.09
2025-02-03 22:00:00,0.0,477.65,795.9,1853.97,3127.53
2025-02-03 23:00:00,0.0,349.35,772.22,1222.38,2343.94
2025-02-04 00:00:00,0.0,202.89,832.25,1512.4,2547.54
2025-02-04 01:00:00,0.0,609.73,767.95,1788.25,3165.93
2025-02-04 02:00:00,0.0,443.26,752.19,1493.54,2689.0
2025-02-04 03:00:00,0.0,446.08,740.98,1645.54,2832.6
2025-02-04 04:00:00,0.0,670.07,880.44,1988.16,3538.67
2025-02-04 05:00:00,0.0,657.37,758.57,1509.94,2925.87
2025-02-04 06:00:00,0.0,723.45,791.56,2127.91,3642.93
2025-02-04 07:00:00,179.85,819.71,750.01,1893.58,3643.16
2025-02-04 08:00:00,481.36,724.45,689.9,1668.53,3564.25
2025-02-04 09:00:00,567.17,430.7,715.32,1948.1,3661.29
2025-02-04 10:00:00,887.58,600.15,827.02,1481.14,3795.89
2025-02-04 11:00:00,830.67,764.15,796.56,1888.06,4279.44
2025-02-04 12:00:00,756.77,597.66,864.7,1255.3,3474.44
2025-02-04 13:00:00,699.39,491.2,719.26,1774.23,3684.08
2025-02-04 14:00:00,776.03,410.95,977.58,1597.48,3762.04
2025-02-04 15:00:00,669.55,660.35,787.07,1377.99,3494.96
2025-02-04 16:00:00,357.6,515.35,794.82,1507.19,3174.96
2025-02-04 17:00:00,281.63,431.94,822.61,1912.55,3448.72
2025-02-04 18:00:00,0.0,265.71,843.4,1764.54,2873.65
2025-02-04 19:00:00,0.0,600.11,837.6,1835.27,3272.97
2025-02-04 20:00:00,0.0,406.18,924.3,1613.85,2944.34
2025-02-04 21:00:00,0.0,761.37,664.14,1253.81,2679.33
2025-02-04 22:00:00,0.0,508.93,730.34,1738.18,2977.45
2025-02-04 23:00:00,0.0,499.01,823.18,1910.31,3232.5
2025-02-05 00:00:00,0.0,466.49,816.37,1575.08,2857.94
2025-02-05 01:00:00,0.0,336.73,770.8,1570.14,2677.68
2025-02-05 02:00:00,0.0,502.45,807.26,1531.43,2841.14
2025-02-05 03:00:00,0.0,503.94,720.26,1383.74,2607.94
2025-02-05 04:00:00,0.0,482.07,686.86,1865.74,3034.67
2025-02-05 05:00:00,0.0,300.43,819.25,1541.08,2660.76
2025-02-05 06:00:00,0.0,377.33,761.74,1688.77,2827.85
2025-02-05 07:00:00,226.27,531.6,842.83,1593.53,3194.24
2025-02-05 08:00:00,475.12,539.82,686.09,1549.39,3250.42
2025-02-05 09:00:00,608.19,644.69,760.88,1544.54,3558.3
2025-02-05 10:00:00,737.26,697.83,840.33,1798.33,4073.75
2025-02-05 11:00:00,939.66,632.92,778.15,1445.18,3795.92
2025-02-05 12:00:00,1036.12,736.68,788.1,1392.14,3953.05
2025-02-05 13:00:00,820.26,289.29,835.35,1240.39,3185.29
2025-02-05 14:00:00,711.99,509.63,799.62,1820.61,3841.85
2025-02-05 15:00:00,489.83,503.95,768.67,1899.76,3662.22
2025-02-05 16:00:00,444.6,497.13,763.53,1467.7,3172.96
2025-02-05 17:00:00,210.58,498.82,855.81,1191.28,2756.5
2025-02-05 18:00:00,0.0,659.25,941.55,1381.32,2982.12
2025-02-05 19:00:00,0.0,469.67,701.12,1583.64,2754.43
2025-02-05 20:00:00,0.0,493.86,749.33,1605.49,2848.69
2025-02-05 21:00:00,0.0,315.15,757.4,1652.16,2724.71
2025-02-05 22:00:00,0.0,414.1,867.05,1838.22,3119.37
2025-02-05 23:00:00,0.0,374.72,749.52,2092.2,3216.45
2025-02-06 00:00:00,0.0,590.76,846.47,1665.12,3102.34
2025-02-06 01:00:00,0.0,519.18,725.51,2208.98,3453.67
2025-02-06 02:00:00,0.0,647.63,854.94,1668.66,3171.23
2025-02-06 03:00:00,0.0,519.33,800.42,1753.65,3073.41
2025-02-06 04:00:00,0.0,448.06,876.15,1617.34,2941.55
2025-02-06 05:00:00,0.0,713.84,825.8,1327.27,2866.92
2025-02-06 06:00:00,0.0,677.33,708.92,1744.83,3131.09
2025-02-06 07:00:00,245.67,578.13,721.25,1878.53,3423.57
2025-02-06 08:00:00,423.2,405.83,789.58,1470.49,3089.1
2025-02-06 09:00:00,539.16,539.62,668.79,1688.06,3435.63
2025-02-06 10:00:00,903.98,594.93,686.05,1302.35,3487.3
2025-02-06 11:00:00,749.84,560.1,724.79,1439.54,3474.27
2025-02-06 12:00:00,979.44,592.21,799.78,1812.7,4184.13
2025-02-06 13:00:00,1045.13,580.78,824.09,1440.73,3890.73
2025-02-06 14:00:00,762.62,429.29,861.19,1343.31,3396.41
2025-02-06 15:00:00,701.8,496.49,769.48,1355.14,3322.92
2025-02-06 16:00:00,387.87,354.58,757.44,1591.99,3091.89
2025-02-06 17:00:00,168.59,465.85,797.1,1666.02,3097.56
2025-02-06 18:00:00,0.0,455.08,702.54,1869.52,3027.14
2025-02-06 19:00:00,0.0,708.89,747.89,961.59,2418.37
2025-02-06 20:00:00,0.0,387.47,821.95,2015.23,3224.64
2025-02-06 21:00:00,0.0,286.83,665.48,1353.83,2306.14
2025-02-06 22:00:00,0.0,517.64,851.43,1642.47,3011.54
2025-02-06 23:00:00,0.0,551.83,764.06,2260.4,3576.28
2025-02-07 00:00:00,0.0,589.68,787.6,1800.85,3178.13
2025-02-07 01:00:00,0.0,500.19,818.2,1435.58,2753.97
2025-02-07 02:00:00,0.0,354.25,854.81,1666.08,2875.14
2025-02-07 03:00:00,0.0,492.13,696.23,1270.43,2458.79
2025-02-07 04:00:00,0.0,470.86,762.98,1965.1,3198.93
2025-02-07 05:00:00,0.0,473.36,813.9,1343.48,2630.74
2025-02-07 06:00:00,0.0,682.06,899.18,1957.05,3538.3
2025-02-07 07:00:00,259.38,566.67,708.86,1828.06,3362.97
2025-02-07 08:00:00,363.86,716.1,760.44,1406.81,3247.2
2025-02-07 09:00:00,474.18,334.25,707.67,1756.24,3272.35
2025-02-07 10:00:00,758.75,373.07,892.36,1761.26,3785.44
2025-02-07 11:00:00,929.31,565.51,825.99,1550.56,3871.38
2025-02-07 12:00:00,824.46,564.15,776.78,1481.74,3647.12
2025-02-07 13:00:00,808.12,556.34,785.7,2168.38,4318.54
2025-02-07 14:00:00,750.91,525.4,837.64,1225.25,3339.21
2025-02-07 15:00:00,374.13,676.15,690.5,1727.83,3468.61
2025-02-07 16:00:00,336.17,617.15,739.17,1520.56,3213.05
2025-02-07 17:00:00,271.55,569.33,841.04,1833.02,3514.93
2025-02-07 18:00:00,0.0,329.07,790.3,1394.43,2513.79
2025-02-07 19:00:00,0.0,663.15,831.87,1611.41,3106.43
2025-02-07 20:00:00,0.0,478.47,764.18,2043.95,3286.6
2025-02-07 21:00:00,0.0,568.87,775.33,1896.19,3240.39
2025-02-07 22:00:00,0.0,451.02,808.26,1386.53,2645.8
2025-02-07 23:00:00,0.0,285.32,726.55,1746.64,2758.51
2025-02-08 00:00:00,0.0,509.62,780.83,1538.97,2829.41
2025-02-08 01:00:00,0.0,501.11,701.89,1848.72,3051.72
2025-02-08 02:00:00,0.0,638.95,852.36,1701.75,3193.06
2025-02-08 03:00:00,0.0,504.85,805.32,1901.4,3211.56
2025-02-08 04:00:00,0.0,528.23,772.13,1283.95,2584.32
2025-02-08 05:00:00,0.0,517.08,803.54,1478.5,2799.11
2025-02-08 06:00:00,0.0,468.08,716.45,1396.79,2581.33
2025-02-08 07:00:00,242.14,539.88,827.13,1957.75,3566.9
2025-02-08 08:00:00,571.06,533.13,750.95,1535.85,3390.99
2025-02-08 09:00:00,618.04,444.28,686.68,1758.76,3507.76
2025-02-08 10:00:00,875.04,609.29,819.42,1681.04,3984.78
2025-02-08 11:00:00,934.18,711.01,785.07,1506.26,3936.52
2025-02-08 12:00:00,937.96,579.79,878.9,1647.05,4043.69
2025-02-08 13:00:00,827.84,589.59,715.7,1848.0,3981.13
2025-02-08 14:00:00,751.73,447.1,762.31,1543.57,3504.71
2025-02-08 15:00:00,616.52,370.15,771.48,1161.45,2919.6
2025-02-08 16:00:00,494.09,392.56,787.37,1660.23,3334.25
2025-02-08 17:00:00,215.43,567.88,725.79,1752.9,3262.0
2025-02-08 18:00:00,0.0,725.65,845.0,1637.12,3207.76
2025-02-08 19:00:00,0.0,492.94,782.83,1639.16,2914.94
2025-02-08 20:00:00,0.0,315.47,824.28,1870.72,3010.48
2025-02-08 21:00:00,0.0,559.16,748.97,1221.71,2529.84
2025-02-08 22:00:00,0.0,474.23,734.07,1546.66,2754.95
2025-02-08 23:00:00,0.0,533.21,741.32,1484.27,2758.79
2025-02-09 00:00:00,0.0,471.42,762.47,1842.27,3076.15
2025-02-09 01:00:00,0.0,696.42,823.53,2039.08,3559.03
2025-02-09 02:00:00,0.0,409.15,701.72,1555.26,2666.13
2025-02-09 03:00:00,0.0,554.57,814.55,1558.31,2927.43
2025-02-09 04:00:00,0.0,443.64,754.56,1650.77,2848.97
2025-02-09 05:00:00,0.0,790.08,792.51,1820.83,3403.43
2025-02-09 06:00:00,0.0,247.97,701.99,1255.4,2205.36
2025-02-09 07:00:00,251.68,381.23,823.24,1377.99,2834.13
2025-02-09 08:00:00,398.44,369.41,742.55,1132.1,2642.51
2025-02-09 09:00:00,585.0,453.9,810.38,1693.74,3543.02
2025-02-09 10:00:00,662.41,536.46,767.42,1306.33,3272.62
2025-02-09 11:00:00,762.78,519.76,788.76,1726.76,3798.06
2025-02-09 12:00:00,831.81,602.49,711.48,1299.23,3445.02
2025-02-09 13:00:00,695.15,476.94,785.95,1571.57,3529.61
2025-02-09 14:00:00,813.5,469.48,704.18,1403.23,3390.39
2025-02-09 15:00:00,566.52,467.39,793.39,2027.94,3855.24
2025-02-09 16:00:00,515.44,662.4,692.4,1415.01,3285.26
2025-02-09 17:00:00,223.02,474.6,792.98,2090.64,3581.23
2025-02-09 18:00:00,0.0,317.37,763.29,1630.01,2710.67
2025-02-09 19:00:00,0.0,610.4,776.12,1266.72,2653.25
2025-02-09 20:00:00,0.0,536.77,738.64,1437.7,2713.11
2025-02-09 21:00:00,0.0,548.43,788.42,1508.53,2845.38
2025-02-09 22:00:00,0.0,445.28,722.08,1748.36,2915.73
2025-02-09 23:00:00,0.0,398.05,764.69,1534.56,2697.3
2025-02-10 00:00:00,0.0,561.38,689.43,1427.99,2678.8
2025-02-10 01:00:00,0.0,451.67,815.61,1443.35,2710.63
2025-02-10 02:00:00,0.0,410.39,803.75,1574.78,2788.92
2025-02-10 03:00:00,0.0,609.76,734.46,1913.94,3258.16
2025-02-10 04:00:00,0.0,568.8,770.78,1555.14,2894.72
2025-02-10 05:00:00,0.0,568.96,876.85,1752.81,3198.62
2025-02-10 06:00:00,0.0,489.38,819.08,1580.1,2888.56
2025-02-10 07:00:00,236.15,655.94,720.5,1431.1,3043.69
2025-02-10 08:00:00,512.85,672.0,741.38,1737.58,3663.8
2025-02-10 09:00:00,610.5,591.49,804.86,1831.5,3838.34
2025-02-10 10:00:00,748.31,604.6,710.54,1673.68,3737.12
2025-02-10 11:00:00,824.24,408.85,840.8,1343.01,3416.9
2025-02-10 12:00:00,816.65,556.7,779.78,1550.14,3703.27
2025-02-10 13:00:00,739.19,260.29,821.76,1589.89,3411.13
2025-02-10 14:00:00,776.29,577.68,765.86,1829.4,3949.23
2025-02-10 15:00:00,682.63,556.46,749.28,1357.9,3346.27
2025-02-10 16:00:00,364.4,362.2,799.32,1522.39,3048.31
2025-02-10 17:00:00,221.2,545.62,821.12,1329.35,2917.29
2025-02-10 18:00:00,0.0,389.15,749.78,1832.83,2971.76
2025-02-10 19:00:00,0.0,443.09,789.25,1813.12,3045.46
2025-02-10 20:00:00,0.0,544.59,762.57,1499.04,2806.2
2025-02-10 21:00:00,0.0,461.81,819.76,1178.93,2460.5
2025-02-10 22:00:00,0.0,551.42,860.17,1166.81,2578.4
2025-02-10 23:00:00,0.0,652.36,741.01,1274.48,2667.84
2025-02-11 00:00:00,0.0,673.09,663.37,1131.31,2467.77
2025-02-11 01:00:00,0.0,313.94,743.53,2036.98,3094.46
2025-02-11 02:00:00,0.0,285.67,789.81,1739.7,2815.18
2025-02-11 03:00:00,0.0,502.94,824.21,1666.1,2993.24
2025-02-11 04:00:00,0.0,322.45,782.91,1569.68,2675.04
2025-02-11 05:00:00,0.0,480.64,864.55,1308.52,2653.71
2025-02-11 06:00:00,0.0,496.71,782.81,1269.46,2548.98
2025-02-11 07:00:00,241.37,248.39,769.84,1750.91,3010.51
2025-02-11 08:00:00,480.4,507.42,780.66,1486.17,3254.65
2025-02-11 09:00:00,565.61,399.74,686.32,1778.24,3429.93
2025-02-11 10:00:00,608.48,458.83,841.95,1248.66,3157.92
2025-02-11 11:00:00,754.07,428.58,801.43,1526.06,3510.14
2025-02-11 12:00:00,876.69,462.3,852.45,1304.02,3495.46
2025-02-11 13:00:00,924.76,461.06,721.22,1422.54,3529.58
2025-02-11 14:00:00,507.4,384.72,739.09,1370.33,3001.54
2025-02-11 15:00:00,525.55,494.91,837.77,1657.09,3515.32
2025-02-11 16:00:00,362.01,565.54,816.18,1727.89,3471.62
2025-02-11 17:00:00,202.26,634.91,743.21,1975.9,3556.28
2025-02-11 18:00:00,0.0,761.18,744.83,1771.1,3277.11
2025-02-11 19:00:00,0.0,468.94,837.96,1464.14,2771.04
2025-02-11 20:00:00,0.0,575.57,770.29,1345.16,2691.02
2025-02-11 21:00:00,0.0,642.17,839.12,2082.75,3564.04
2025-02-11 22:00:00,0.0,523.09,651.78,1657.76,2832.62
2025-02-11 23:00:00,0.0,433.38,804.97,1441.81,2680.16
2025-02-12 00:00:00,0.0,551.59,749.15,1486.4,2787.14
2025-02-12 01:00:00,0.0,275.96,850.34,1926.19,3052.48
2025-02-12 02:00:00,0.0,608.11,728.85,1873.09,3210.05
2025-02-12 03:00:00,0.0,655.1,958.6,1643.26,3256.96
2025-02-12 04:00:00,0.0,490.12,776.7,1155.99,2422.81
2025-02-12 05:00:00,0.0,561.0,867.21,1469.23,2897.44
2025-02-12 06:00:00,0.0,543.06,764.86,1726.45,3034.37
2025-02-12 07:00:00,151.7,488.12,786.14,1736.44,3162.4
2025-02-12 08:00:00,487.39,343.03,784.37,2179.1,3793.88
2025-02-12 09:00:00,627.86,614.61,889.04,1737.78,3869.3
2025-02-12 10:00:00,883.12,516.07,731.64,1668.29,3799.11
2025-02-12 11:00:00,939.12,387.84,868.01,1830.73,4025.7
2025-02-12 12:00:00,955.21,585.38,790.94,1186.23,3517.75
2025-02-12 13:00:00,651.53,701.62,825.93,1690.63,3869.71
2025-02-12 14:00:00,778.21,591.88,765.05,1544.79,3679.92
2025-02-12 15:00:00,741.25,500.03,838.93,1724.61,3804.83
2025-02-12 16:00:00,447.58,408.9,740.22,1542.3,3138.99
2025-02-12 17:00:00,266.58,417.0,759.48,1760.57,3203.63
2025-02-12 18:00:00,0.0,392.86,726.86,1856.55,2976.27
2025-02-12 19:00:00,0.0,436.28,870.06,1465.45,2771.79
2025-02-12 20:00:00,0.0,670.22,796.85,2117.7,3584.77
2025-02-12 21:00:00,0.0,635.7,747.27,1538.93,2921.91
2025-02-12 22:00:00,0.0,381.65,736.03,1580.29,2697.97
2025-02-12 23:00:00,0.0,403.33,887.13,1568.04,2858.5
2025-02-13 00:00:00,0.0,485.6,795.98,1534.32,2815.9
2025-02-13 01:00:00,0.0,468.67,823.79,1813.24,3105.7
2025-02-13 02:00:00,0.0,836.18,740.88,1354.08,2931.14
2025-02-13 03:00:00,0.0,448.68,783.56,1829.61,3061.85
2025-02-13 04:00:00,0.0,568.0,907.54,1784.44,3259.97
2025-02-13 05:00:00,0.0,598.32,839.68,1409.84,2847.85
2025-02-13 06:00:00,0.0,334.79,700.39,1154.63,2189.81
2025-02-13 07:00:00,248.51,493.3,803.47,1650.62,3195.9
2025-02-13 08:00:00,439.99,176.25,714.5,1441.41,2772.16
2025-02-13 09:00:00,660.88,305.07,845.84,1516.62,3328.4
2025-02-13 10:00:00,831.39,750.0,817.74,1599.93,3999.07
2025-02-13 11:00:00,1103.16,470.2,737.48,1225.9,3536.74
2025-02-13 12:00:00,834.94,581.72,714.12,1099.59,3230.38
2025-02-13 13:00:00,800.96,348.29,778.15,1404.77,3332.17
2025-02-13 14:00:00,807.71,461.47,728.05,2221.98,4219.21
2025-02-13 15:00:00,583.42,338.42,828.53,1912.23,3662.6
2025-02-13 16:00:00,473.07,449.52,717.2,1492.22,3132.02
2025-02-13 17:00:00,222.63,378.48,695.98,1676.52,2973.62
2025-02-13 18:00:00,0.0,603.63,745.97,1257.12,2606.72
2025-02-13 19:00:00,0.0,520.57,794.46,1755.93,3070.95
2025-02-13 20:00:00,0.0,368.91,766.41,1284.79,2420.11
2025-02-13 21:00:00,0.0,634.19,838.03,1909.16,3381.38
2025-02-13 22:00:00,0.0,618.8,804.45,1714.65,3137.91
2025-02-13 23:00:00,0.0,375.71,784.55,1678.52,2838.78
2025-02-14 00:00:00,0.0,374.81,682.84,1549.65,2607.29
2025-02-14 01:00:00,0.0,598.24,750.28,1775.67,3124.19
2025-02-14 02:00:00,0.0,370.51,849.6,1436.11,2656.22
2025-02-14 03:00:00,0.0,376.84,789.53,2126.48,3292.85
2025-02-14 04:00:00,0.0,505.67,807.16,1062.65,2375.48
2025-02-14 05:00:00,0.0,551.53,691.89,1563.65,2807.07
2025-02-14 06:00:00,0.0,669.46,796.33,1519.77,2985.57
2025-02-14 07:00:00,199.72,588.03,817.97,1583.25,3188.97
2025-02-14 08:00:00,467.92,628.76,875.75,1840.39,3812.82
2025-02-14 09:00:00,486.74,414.38,804.23,1551.45,3256.8
2025-02-14 10:00:00,808.2,426.25,921.87,1400.85,3557.19
2025-02-14 11:00:00,517.5,433.84,774.01,1680.23,3405.58
2025-02-14 12:00:00,1056.49,494.43,697.71,2230.79,4479.43
2025-02-14 13:00:00,972.02,311.82,873.5,1301.45,3458.79
2025-02-14 14:00:00,888.7,526.81,755.41,1226.24,3397.17
2025-02-14 15:00:00,626.57,612.79,700.36,1504.72,3444.45
2025-02-14 16:00:00,439.91,401.63,863.85,1470.68,3176.08
2025-02-14 17:00:00,263.67,539.25,854.59,1269.34,2926.86
2025-02-14 18:00:00,0.0,665.16,830.98,1562.54,3058.68
2025-02-14 19:00:00,0.0,658.69,942.18,1768.39,3369.26
2025-02-14 20:00:00,0.0,504.7,787.25,1468.56,2760.52
2025-02-14 21:00:00,0.0,419.29,705.97,1040.16,2165.42
2025-02-14 22:00:00,0.0,387.44,831.58,1522.56,2741.58
2025-02-14 23:00:00,0.0,650.81,751.67,1408.66,2811.13
2025-02-15 00:00:00,0.0,399.79,732.47,1625.52,2757.78
2025-02-15 01:00:00,0.0,283.9,859.37,1334.27,2477.54
2025-02-15 02:00:00,0.0,573.85,690.44,1488.07,2752.36
2025-02-15 03:00:00,0.0,551.09,713.15,1537.33,2801.58
2025-02-15 04:00:00,0.0,390.27,747.04,1712.91,2850.22
2025-02-15 05:00:00,0.0,527.3,759.82,1213.32,2500.45
2025-02-15 06:00:00,0.0,323.73,688.24,1617.37,2629.34
2025-02-15 07:00:00,222.13,365.34,877.81,1574.33,3039.61
2025-02-15 08:00:00,448.8,299.31,769.39,1923.23,3440.74
2025-02-15 09:00:00,519.82,359.44,810.72,1678.94,3368.93
2025-02-15 10:00:00,604.88,547.56,641.12,1334.17,3127.73
2025-02-15 11:00:00,693.82,645.12,759.0,1734.25,3832.19
2025-02-15 12:00:00,694.99,565.62,806.4,1214.87,3281.87
2025-02-15 13:00:00,744.47,310.7,771.51,1776.66,3603.33
2025-02-15 14:00:00,695.1,436.68,840.66,1738.74,3711.18
2025-02-15 15:00:00,548.08,503.44,858.36,1659.5,3569.38
2025-02-15 16:00:00,424.22,363.03,848.92,1845.31,3481.48
2025-02-15 17:00:00,179.47,411.46,850.36,1722.99,3164.28
2025-02-15 18:00:00,0.0,729.58,866.33,1484.17,3080.07
2025-02-15 19:00:00,0.0,599.69,775.7,1776.46,3151.85
2025-02-15 20:00:00,0.0,529.47,795.51,1882.02,3207.0
2025-02-15 21:00:00,0.0,670.77,782.82,1942.87,3396.47
2025-02-15 22:00:00,0.0,593.28,660.77,1368.21,2622.26
2025-02-15 23:00:00,0.0,514.75,627.69,2013.19,3155.62
2025-02-16 00:00:00,0.0,456.04,780.4,1780.72,3017.15
2025-02-16 01:00:00,0.0,536.81,837.42,2010.03,3384.26
2025-02-16 02:00:00,0.0,612.47,764.09,1697.24,3073.79
2025-02-16 03:00:00,0.0,335.29,748.48,1285.12,2368.88
2025-02-16 04:00:00,0.0,394.77,893.8,1815.32,3103.89
2025-02-16 05:00:00,0.0,622.26,722.8,1818.63,3163.69
2025-02-16 06:00:00,0.0,523.1,888.19,1528.73,2940.02
2025-02-16 07:00:00,188.62,328.08,904.38,1872.92,3294.0
2025-02-16 08:00:00,403.72,669.1,926.03,1750.74,3749.6
2025-02-16 09:00:00,686.55,282.55,801.56,2010.29,3780.95
2025-02-16 10:00:00,969.66,514.41,753.8,1190.82,3428.7
2025-02-16 11:00:00,1101.36,600.89,791.1,1240.32,3733.66
2025-02-16 12:00:00,791.71,459.21,811.45,1246.45,3308.82
2025-02-16 13:00:00,991.78,442.56,759.97,1670.91,3865.22
2025-02-16 14:00:00,681.23,742.66,752.05,1700.37,3876.31
2025-02-16 15:00:00,589.43,552.51,774.61,1347.33,3263.88
2025-02-16 16:00:00,307.84,526.04,710.29,1751.42,3295.59
2025-02-16 17:00:00,266.53,540.24,830.39,1813.0,3450.15
2025-02-16 18:00:00,0.0,601.67,827.66,1571.22,3000.55
2025-02-16 19:00:00,0.0,537.26,679.63,1857.96,3074.84
2025-02-16 20:00:00,0.0,611.33,881.2,1766.94,3259.47
2025-02-16 21:00:00,0.0,667.89,859.56,1785.77,3313.22
2025-02-16 22:00:00,0.0,642.03,770.05,1653.72,3065.8
2025-02-16 23:00:00,0.0,538.05,844.76,1627.13,3009.95
2025-02-17 00:00:00,0.0,771.73,686.44,1195.1,2653.27
2025-02-17 01:00:00,0.0,486.17,696.16,1453.92,2636.25
2025-02-17 02:00:00,0.0,427.71,757.66,1536.58,2721.95
2025-02-17 03:00:00,0.0,360.93,741.24,1301.23,2403.4
2025-02-17 04:00:00,0.0,600.97,675.28,1997.57,3273.81
2025-02-17 05:00:00,0.0,483.85,746.27,1569.64,2799.76
2025-02-17 06:00:00,0.0,563.2,891.5,850.37,2305.07
2025-02-17 07:00:00,176.03,415.74,826.02,2000.63,3418.43
2025-02-17 08:00:00,327.12,488.96,738.1,1610.22,3164.39
2025-02-17 09:00:00,830.1,399.6,855.03,1771.38,3856.12
2025-02-17 10:00:00,660.53,221.57,830.4,2084.85,3797.35
2025-02-17 11:00:00,762.8,500.99,741.93,1557.58,3563.3
2025-02-17 12:00:00,811.05,438.03,750.3,1367.89,3367.27
2025-02-17 13:00:00,927.91,696.38,863.86,1644.23,4132.38
2025-02-17 14:00:00,653.51,580.49,744.1,1549.77,3527.88
2025-02-17 15:00:00,581.22,419.3,759.21,1861.65,3621.38
2025-02-17 16:00:00,327.65,485.25,803.77,1489.74,3106.41
2025-02-17 17:00:00,184.64,609.14,831.74,1628.46,3253.99
2025-02-17 18:00:00,0.0,506.79,751.66,1659.67,2918.13
2025-02-17 19:00:00,0.0,702.43,776.27,1749.48,3228.18
2025-02-17 20:00:00,0.0,419.66,827.29,1932.42,3179.36
2025-02-17 21:00:00,0.0,651.88,891.97,1513.39,3057.23
2025-02-17 22:00:00,0.0,419.51,799.1,1566.54,2785.15
2025-02-17 23:00:00,0.0,379.7,753.3,1705.24,2838.25
2025-02-18 00:00:00,0.0,555.43,716.91,1518.36,2790.71
2025-02-18 01:00:00,0.0,465.49,809.49,1588.8,2863.78
2025-02-18 02:00:00,0.0,324.97,663.75,1545.19,2533.9
2025-02-18 03:00:00,0.0,654.07,855.15,1747.19,3256.42
2025-02-18 04:00:00,0.0,231.18,860.12,1505.07,2596.36
2025-02-18 05:00:00,0.0,591.03,827.59,1634.35,3052.98
2025-02-18 06:00:00,0.0,427.8,755.14,1732.05,2914.99
2025-02-18 07:00:00,226.31,574.89,865.51,1086.0,2752.71
2025-02-18 08:00:00,410.73,629.88,857.29,1775.95,3673.85
2025-02-18 09:00:00,521.77,651.96,793.68,2022.75,3990.16
2025-02-18 10:00:00,801.95,645.1,690.16,1104.68,3241.89
2025-02-18 11:00:00,915.43,379.22,734.42,1713.86,3742.92
2025-02-18 12:00:00,987.99,626.38,790.31,1124.04,3528.72
2025-02-18 13:00:00,876.37,445.52,804.64,2256.18,4382.72
2025-02-18 14:00:00,733.98,368.63,877.04,1718.67,3698.32
2025-02-18 15:00:00,511.06,328.34,804.4,1586.05,3229.85
2025-02-18 16:00:00,372.63,650.61,744.65,1808.8,3576.68
2025-02-18 17:00:00,193.49,610.89,848.87,1271.16,2924.41
2025-02-18 18:00:00,0.0,499.92,718.42,1562.3,2780.64
2025-02-18 19:00:00,0.0,657.69,855.98,2278.56,3792.24
2025-02-18 20:00:00,0.0,407.77,710.67,1745.38,2863.82
2025-02-18 21:00:00,0.0,527.94,860.62,1890.65,3279.21
2025-02-18 22:00:00,0.0,621.0,875.26,1798.23,3294.5
2025-02-18 23:00:00,0.0,548.46,665.87,1642.86,2857.2
2025-02-19 00:00:00,0.0,424.9,742.03,1417.34,2584.27
2025-02-19 01:00:00,0.0,475.54,691.03,1601.85,2768.42
2025-02-19 02:00:00,0.0,729.16,750.28,1842.04,3321.48
2025-02-19 03:00:00,0.0,761.62,874.63,1334.03,2970.29
2025-02-19 04:00:00,0.0,630.62,762.33,1701.75,3094.69
2025-02-19 05:00:00,0.0,277.9,784.46,1880.52,2942.88
2025-02-19 06:00:00,0.0,599.4,763.33,1549.37,2912.1
2025-02-19 07:00:00,250.1,359.45,842.75,1334.37,2786.67
2025-02-19 08:00:00,440.03,459.33,951.09,1619.21,3469.66
2025-02-19 09:00:00,414.55,435.42,763.18,1843.3,3456.45
2025-02-19 10:00:00,734.2,425.0,851.44,1656.25,3666.89
2025-02-19 11:00:00,782.18,482.09,765.36,1410.03,3439.66
2025-02-19 12:00:00,775.55,631.8,735.04,1706.97,3849.36
2025-02-19 13:00:00,833.98,363.84,759.3,1568.56,3525.68
2025-02-19 14:00:00,700.16,549.58,752.18,1561.8,3563.72
2025-02-19 15:00:00,780.99,493.71,847.12,1787.12,3908.94
2025-02-19 16:00:00,399.64,366.05,785.57,1566.9,3118.16
2025-02-19 17:00:00,192.51,540.96,764.44,1814.72,3312.63
2025-02-19 18:00:00,0.0,602.61,799.54,1835.67,3237.81
2025-02-19 19:00:00,0.0,411.93,817.45,1634.89,2864.27
2025-02-19 20:00:00,0.0,329.94,754.33,1792.1,2876.38
2025-02-19 21:00:00,0.0,546.95,761.04,1721.66,3029.65
2025-02-19 22:00:00,0.0,251.66,811.5,1615.02,2678.19
2025-02-19 23:00:00,0.0,315.84,793.61,1252.67,2362.12
2025-02-20 00:00:00,0.0,708.93,787.66,1853.49,3350.08
2025-02-20 01:00:00,0.0,279.22,811.56,1375.38,2466.16
2025-02-20 02:00:00,0.0,496.96,764.37,1480.86,2742.2
2025-02-20 03:00:00,0.0,294.42,755.22,1552.0,2601.65
2025-02-20 04:00:00,0.0,505.06,829.94,1633.13,2968.13
2025-02-20 05:00:00,0.0,685.14,746.2,1593.41,3024.75
2025-02-20 06:00:00,0.0,447.79,845.52,1978.54,3271.85
2025-02-20 07:00:00,267.31,593.62,776.44,1761.64,3399.01
2025-02-20 08:00:00,363.16,432.69,736.47,1244.55,2776.87
2025-02-20 09:00:00,465.04,532.89,740.45,1665.7,3404.08
2025-02-20 10:00:00,755.3,522.66,824.15,1674.45,3776.55
2025-02-20 11:00:00,813.38,339.79,781.63,1387.32,3322.12
2025-02-20 12:00:00,856.87,367.13,804.98,1481.67,3510.66
2025-02-20 13:00:00,826.5,648.98,809.2,1261.71,3546.39
2025-02-20 14:00:00,616.37,583.11,749.6,1258.06,3207.14
2025-02-20 15:00:00,708.18,569.7,873.59,1840.41,3991.88
2025-02-20 16:00:00,418.3,250.26,860.04,1545.99,3074.58
2025-02-20 17:00:00,197.4,493.77,683.48,1401.77,2776.43
2025-02-20 18:00:00,0.0,397.34,766.96,1554.98,2719.28
2025-02-20 19:00:00,0.0,394.12,858.43,1411.21,2663.76
2025-02-20 20:00:00,0.0,569.59,891.01,1959.19,3419.78
2025-02-20 21:00:00,0.0,604.44,695.67,1385.71,2685.82
2025-02-20 22:00:00,0.0,413.91,704.17,1888.76,3006.84
2025-02-20 23:00:00,0.0,774.36,702.88,1706.1,3183.34
2025-02-21 00:00:00,0.0,653.58,764.21,1522.64,2940.43
2025-02-21 01:00:00,0.0,613.57,858.31,1013.08,2484.96
2025-02-21 02:00:00,0.0,546.46,783.92,1720.46,3050.83
2025-02-21 03:00:00,0.0,510.63,821.46,1670.23,3002.32
2025-02-21 04:00:00,0.0,540.79,732.32,2072.43,3345.54
2025-02-21 05:00:00,0.0,455.71,867.57,1481.18,2804.47
2025-02-21 06:00:00,0.0,542.39,667.5,1734.52,2944.41
2025-02-21 07:00:00,200.64,356.1,810.18,1437.29,2804.21
2025-02-21 08:00:00,430.75,369.8,758.99,1709.82,3269.37
2025-02-21 09:00:00,658.01,361.68,865.27,1241.83,3126.8
2025-02-21 10:00:00,782.36,599.45,787.26,1407.88,3576.95
2025-02-21 11:00:00,622.37,449.8,817.97,1415.3,3305.45
2025-02-21 12:00:00,564.43,560.96,718.8,1226.26,3070.45
2025-02-21 13:00:00,992.82,566.45,843.58,985.49,3388.34
2025-02-21 14:00:00,588.82,495.92,832.59,1662.22,3579.56
2025-02-21 15:00:00,765.64,500.33,792.52,1418.87,3477.36
2025-02-21 16:00:00,363.73,442.23,758.54,1670.63,3235.13
2025-02-21 17:00:00,216.21,438.68,781.56,1879.2,3315.65
2025-02-21 18:00:00,0.0,453.64,794.9,1606.61,2855.15
2025-02-21 19:00:00,0.0,299.4,800.14,1619.81,2719.35
2025-02-21 20:00:00,0.0,385.49,770.7,1698.46,2854.65
2025-02-21 21:00:00,0.0,536.17,911.85,1471.03,2919.06
2025-02-21 22:00:00,0.0,597.38,748.29,1816.59,3162.26
2025-02-21 23:00:00,0.0,442.73,831.79,1188.6,2463.12
2025-02-22 00:00:00,0.0,730.51,782.2,1397.12,2909.82
2025-02-22 01:00:00,0.0,363.2,709.53,1776.45,2849.19
2025-02-22 02:00:00,0.0,646.56,722.98,1505.01,2874.55
2025-02-22 03:00:00,0.0,563.05,784.3,1869.5,3216.85
2025-02-22 04:00:00,0.0,348.11,731.99,1370.81,2450.92
2025-02-22 05:00:00,0.0,659.9,750.55,1455.47,2865.92
2025-02-22 06:00:00,0.0,823.5,742.79,1259.43,2825.72
2025-02-22 07:00:00,159.01,573.31,737.7,1919.71,3389.73
2025-02-22 08:00:00,467.54,572.75,794.86,1765.51,3600.66
2025-02-22 09:00:00,640.9,539.03,793.52,1697.39,3670.84
2025-02-22 10:00:00,807.44,393.91,774.73,2001.44,3977.53
2025-02-22 11:00:00,1010.81,489.44,846.07,1559.5,3905.82
2025-02-22 12:00:00,778.0,490.36,732.31,1689.89,3690.56
2025-02-22 13:00:00,904.54,437.78,887.54,1823.94,4053.8
2025-02-22 14:00:00,784.49,604.47,850.45,1418.99,3658.4
2025-02-22 15:00:00,735.46,517.35,757.92,1342.76,3353.49
2025-02-22 16:00:00,362.46,538.05,634.08,2214.24,3748.83
2025-02-22 17:00:00,209.2,509.78,720.94,1671.67,3111.59
2025-02-22 18:00:00,0.0,402.65,691.77,1378.31,2472.73
2025-02-22 19:00:00,0.0,382.59,801.24,1665.33,2849.15
2025-02-22 20:00:00,0.0,431.16,846.69,1454.07,2731.93
2025-02-22 21:00:00,0.0,350.24,801.88,1159.26,2311.38
2025-02-22 22:00:00,0.0,612.53,666.16,1385.29,2663.98
2025-02-22 23:00:00,0.0,452.37,694.57,1500.28,2647.23
2025-02-23 00:00:00,0.0,439.78,854.41,1843.9,3138.09
2025-02-23 01:00:00,0.0,549.97,745.69,1488.8,2784.46
2025-02-23 02:00:00,0.0,490.75,767.4,1812.22,3070.36
2025-02-23 03:00:00,0.0,388.98,751.91,1199.27,2340.15
2025-02-23 04:00:00,0.0,383.88,842.18,1625.41,2851.47
2025-02-23 05:00:00,0.0,478.91,832.79,1692.1,3003.8
2025-02-23 06:00:00,0.0,694.07,862.56,1276.28,2832.91
2025-02-23 07:00:00,246.08,366.54,718.3,1850.38,3181.3
2025-02-23 08:00:00,410.57,312.19,782.92,1751.49,3257.17
2025-02-23 09:00:00,609.6,595.21,699.26,1709.97,3614.04
2025-02-23 10:00:00,648.89,610.18,877.2,1449.57,3585.84
2025-02-23 11:00:00,717.05,703.37,696.71,1678.78,3795.91
2025-02-23 12:00:00,925.45,379.64,781.45,1803.1,3889.63
2025-02-23 13:00:00,755.32,489.02,624.27,1838.9,3707.51
2025-02-23 14:00:00,762.42,314.32,836.26,1406.84,3319.84
2025-02-23 15:00:00,675.8,417.39,793.65,1958.78,3845.62
2025-02-23 16:00:00,487.69,444.26,827.81,1656.4,3416.16
2025-02-23 17:00:00,219.64,421.49,799.9,1257.92,2698.94
2025-02-23 18:00:00,0.0,485.12,695.32,1692.31,2872.75
2025-02-23 19:00:00,0.0,549.6,816.53,1542.84,2908.96
2025-02-23 20:00:00,0.0,398.21,668.81,1555.8,2622.82
2025-02-23 21:00:00,0.0,407.93,711.73,1384.16,2503.83
2025-02-23 22:00:00,0.0,614.18,817.4,1775.16,3206.75
2025-02-23 23:00:00,0.0,610.94,834.85,1795.77,3241.56
2025-02-24 00:00:00,0.0,516.86,840.77,1096.07,2453.7
2025-02-24 01:00:00,0.0,547.13,868.32,1774.94,3190.39
2025-02-24 02:00:00,0.0,526.5,724.46,1443.11,2694.07
2025-02-24 03:00:00,0.0,509.83,847.85,1805.51,3163.19
2025-02-24 04:00:00,0.0,795.71,735.99,2015.16,3546.86
2025-02-24 05:00:00,0.0,287.07,932.17,1561.79,2781.03
2025-02-24 06:00:00,0.0,554.54,898.64,1519.52,2972.71
2025-02-24 07:00:00,247.54,568.68,894.6,1198.38,2909.19
2025-02-24 08:00:00,325.41,537.02,669.93,1398.87,2931.24
2025-02-24 09:00:00,566.2,681.46,826.41,1302.38,3376.45
2025-02-24 10:00:00,642.95,456.08,754.27,1499.9,3353.2
2025-02-24 11:00:00,820.58,572.92,808.29,1680.75,3882.54
2025-02-24 12:00:00,755.64,464.41,795.72,1551.61,3567.37
2025-02-24 13:00:00,910.14,779.72,844.92,1569.24,4104.03
2025-02-24 14:00:00,678.28,487.64,758.91,1727.76,3652.59
2025-02-24 15:00:00,553.16,620.98,761.78,1541.11,3477.04
2025-02-24 16:00:00,428.23,588.65,955.47,1901.17,3873.52
2025-02-24 17:00:00,197.67,453.22,906.17,1514.67,3071.73
2025-02-24 18:00:00,0.0,460.75,839.74,2070.66,3371.15
2025-02-24 19:00:00,0.0,669.04,851.83,1435.59,2956.46
2025-02-24 20:00:00,0.0,409.8,758.46,1836.12,3004.38
2025-02-24 21:00:00,0.0,584.05,711.9,1434.09,2730.03
2025-02-24 22:00:00,0.0,647.5,786.13,1394.34,2827.97
2025-02-24 23:00:00,0.0,476.4,790.43,1127.25,2394.08
2025-02-25 00:00:00,0.0,573.55,701.21,1396.29,2671.05
2025-02-25 01:00:00,0.0,605.14,789.72,1654.48,3049.34
2025-02-25 02:00:00,0.0,476.34,821.91,1392.56,2690.81
2025-02-25 03:00:00,0.0,573.44,722.14,1302.93,2598.51
2025-02-25 04:00:00,0.0,671.64,710.55,1295.22,2677.41
2025-02-25 05:00:00,0.0,532.02,806.53,1934.61,3273.15
2025-02-25 06:00:00,0.0,747.16,728.48,1706.98,3182.62
2025-02-25 07:00:00,292.58,563.94,742.4,1636.39,3235.31
2025-02-25 08:00:00,372.01,468.71,744.55,1533.48,3118.75
2025-02-25 09:00:00,495.11,376.08,736.12,1055.49,2662.8
2025-02-25 10:00:00,802.21,475.51,783.2,1490.75,3551.66
2025-02-25 11:00:00,737.86,524.06,810.48,1411.69,3484.1
2025-02-25 12:00:00,657.35,503.05,882.03,1510.92,3553.35
2025-02-25 13:00:00,965.54,423.47,868.6,2064.66,4322.27
2025-02-25 14:00:00,697.47,353.8,748.96,1941.64,3741.87
2025-02-25 15:00:00,481.36,462.99,866.47,1354.66,3165.49
2025-02-25 16:00:00,446.32,539.69,807.46,1564.36,3357.83
2025-02-25 17:00:00,223.08,500.07,735.08,1817.33,3275.56
2025-02-25 18:00:00,0.0,512.43,734.8,1705.53,2952.76
2025-02-25 19:00:00,0.0,593.18,806.1,1506.64,2905.91
2025-02-25 20:00:00,0.0,549.26,826.16,1927.77,3303.2
2025-02-25 21:00:00,0.0,504.67,827.35,1280.99,2613.01
2025-02-25 22:00:00,0.0,639.26,897.56,1806.08,3342.9
2025-02-25 23:00:00,0.0,468.51,779.99,1785.25,3033.75
2025-02-26 00:00:00,0.0,545.72,746.26,1278.03,2570.01
2025-02-26 01:00:00,0.0,426.71,781.58,1536.87,2745.17
2025-02-26 02:00:00,0.0,481.31,624.87,1638.87,2745.05
2025-02-26 03:00:00,0.0,623.82,783.86,1663.13,3070.81
2025-02-26 04:00:00,0.0,377.25,723.57,1357.17,2457.99
2025-02-26 05:00:00,0.0,599.24,906.52,2274.29,3780.05
2025-02-26 06:00:00,0.0,266.62,747.27,1547.0,2560.9
2025-02-26 07:00:00,230.92,628.0,756.8,1844.01,3459.73
2025-02-26 08:00:00,340.57,293.8,753.35,1416.88,2804.59
2025-02-26 09:00:00,628.34,437.52,767.79,1323.09,3156.73
2025-02-26 10:00:00,753.51,547.04,845.63,1728.86,3875.04
2025-02-26 11:00:00,855.12,320.63,790.64,1644.72,3611.11
2025-02-26 12:00:00,906.61,471.24,818.09,1781.39,3977.33
2025-02-26 13:00:00,645.4,488.29,814.45,1964.87,3913.02
2025-02-26 14:00:00,1002.1,561.99,736.08,1692.15,3992.33
2025-02-26 15:00:00,638.84,520.94,680.67,1311.42,3151.87
2025-02-26 16:00:00,400.17,562.44,779.96,1629.81,3372.38
2025-02-26 17:00:00,211.51,375.71,930.26,1534.32,3051.8
2025-02-26 18:00:00,0.0,546.93,878.11,1809.24,3234.28
2025-02-26 19:00:00,0.0,716.84,769.14,1899.43,3385.41
2025-02-26 20:00:00,0.0,558.79,708.26,956.7,2223.75
2025-02-26 21:00:00,0.0,528.29,760.34,1759.54,3048.16
2025-02-26 22:00:00,0.0,397.37,781.8,1487.1,2666.26
2025-02-26 23:00:00,0.0,661.32,764.71,2035.34,3461.37
2025-02-27 00:00:00,0.0,523.51,762.79,1697.45,2983.75
2025-02-27 01:00:00,0.0,623.83,647.74,1660.39,2931.95
2025-02-27 02:00:00,0.0,334.18,800.4,1311.45,2446.03
2025-02-27 03:00:00,0.0,432.45,724.51,1678.21,2835.17
2025-02-27 04:00:00,0.0,589.59,892.14,1363.62,2845.35
2025-02-27 05:00:00,0.0,380.02,796.71,1300.44,2477.17
2025-02-27 06:00:00,0.0,577.61,782.18,1796.63,3156.42
2025-02-27 07:00:00,226.44,519.25,764.88,1708.73,3219.3
2025-02-27 08:00:00,493.44,457.37,711.93,1478.58,3141.32
2025-02-27 09:00:00,638.44,391.3,860.39,1608.41,3498.54
2025-02-27 10:00:00,931.16,528.35,856.79,1736.73,4053.03
2025-02-27 11:00:00,971.55,347.42,789.73,1730.04,3838.74
2025-02-27 12:00:00,1086.99,742.17,807.01,1456.23,4092.4
2025-02-27 13:00:00,955.29,520.53,909.3,2089.44,4474.55
2025-02-27 14:00:00,689.34,154.57,765.26,1978.51,3587.68
2025-02-27 15:00:00,563.47,603.94,653.42,1147.98,2968.82
2025-02-27 16:00:00,496.05,415.61,841.98,1638.58,3392.22
2025-02-27 17:00:00,231.36,453.27,728.0,1384.2,2796.83
2025-02-27 18:00:00,0.0,573.24,737.32,1911.7,3222.25
2025-02-27 19:00:00,0.0,513.35,697.48,1710.54,2921.36
2025-02-27 20:00:00,0.0,453.44,769.42,1711.47,2934.34
2025-02-27 21:00:00,0.0,313.01,884.36,1463.23,2660.6
2025-02-27 22:00:00,0.0,596.4,794.49,1574.15,2965.04
2025-02-27 23:00:00,0.0,626.15,870.06,1369.94,2866.15
2025-02-28 00:00:00,0.0,444.63,804.34,1741.96,2990.94
2025-02-28 01:00:00,0.0,565.45,842.4,1571.48,2979.34
2025-02-28 02:00:00,0.0,532.13,749.63,1552.51,2834.28
2025-02-28 03:00:00,0.0,743.56,775.05,1760.69,3279.3
2025-02-28 04:00:00,0.0,696.7,915.06,1885.72,3497.48
2025-02-28 05:00:00,0.0,477.72,825.51,1633.77,2936.99
2025-02-28 06:00:00,0.0,614.11,824.02,1740.34,3178.47
2025-02-28 07:00:00,211.07,575.72,775.11,1462.59,3024.49
2025-02-28 08:00:00,403.57,193.29,837.52,1562.82,2997.2
2025-02-28 09:00:00,660.96,384.15,810.03,1324.02,3179.15
2025-02-28 10:00:00,1008.3,290.71,789.16,1458.76,3546.93
2025-02-28 11:00:00,709.96,627.24,849.87,1728.38,3915.45
2025-02-28 12:00:00,571.63,464.21,792.52,1715.43,3543.79
2025-02-28 13:00:00,1035.55,405.33,780.71,2099.5,4321.09
2025-02-28 14:00:00,870.4,405.34,794.69,1635.55,3705.98
2025-02-28 15:00:00,667.61,566.36,805.92,1670.02,3709.92
2025-02-28 16:00:00,389.29,369.99,807.41,1494.34,3061.03
2025-02-28 17:00:00,209.7,264.74,801.54,1596.79,2872.78
2025-02-28 18:00:00,0.0,617.39,801.38,1563.94,2982.71
2025-02-28 19:00:00,0.0,595.59,763.07,2168.81,3527.47
2025-02-28 20:00:00,0.0,660.98,785.71,1778.81,3225.49
2025-02-28 21:00:00,0.0,606.94,748.01,1504.56,2859.51
2025-02-28 22:00:00,0.0,403.12,915.18,1482.1,2800.4
2025-02-28 23:00:00,0.0,643.45,806.81,1579.31,3029.56
2025-03-01 00:00:00,0.0,547.75,851.29,1454.33,2853.37
2025-03-01 01:00:00,0.0,629.32,842.25,1604.13,3075.7
2025-03-01 02:00:00,0.0,475.28,749.3,1426.42,2651.0
2025-03-01 03:00:00,0.0,637.16,800.98,1812.77,3250.91
2025-03-01 04:00:00,0.0,734.68,881.3,1795.1,3411.08
2025-03-01 05:00:00,0.0,331.93,823.63,1690.63,2846.19
2025-03-01 06:00:00,0.0,721.22,792.71,2010.99,3524.92
2025-03-01 07:00:00,238.66,443.09,841.13,1982.72,3505.6
2025-03-01 08:00:00,400.3,566.91,793.11,1587.38,3347.7
2025-03-01 09:00:00,599.37,485.71,758.15,1869.1,3712.33
2025-03-01 10:00:00,916.86,631.29,703.29,2074.56,4325.99
2025-03-01 11:00:00,723.54,267.93,800.81,1451.2,3243.48
2025-03-01 12:00:00,947.98,453.26,848.48,1249.61,3499.34
2025-03-01 13:00:00,849.71,521.04,827.09,1692.31,3890.15
2025-03-01 14:00:00,686.32,545.32,894.5,1574.19,3700.33
2025-03-01 15:00:00,567.48,490.93,795.51,2007.34,3861.27
2025-03-01 16:00:00,442.45,689.26,737.36,1876.49,3745.56
2025-03-01 17:00:00,249.41,219.89,746.39,1451.3,2666.99
2025-03-01 18:00:00,0.0,326.1,785.08,1504.54,2615.72
2025-03-01 19:00:00,0.0,535.08,786.54,1382.01,2703.63
2025-03-01 20:00:00,0.0,464.07,789.62,1381.5,2635.19
2025-03-01 21:00:00,0.0,375.35,688.46,1578.46,2642.28
2025-03-01 22:00:00,0.0,533.79,786.82,1430.26,2750.87
2025-03-01 23:00:00,0.0,495.93,914.15,1560.83,2970.92
2025-03-02 00:00:00,0.0,287.08,786.38,2007.34,3080.8
2025-03-02 01:00:00,0.0,433.25,802.23,1149.29,2384.77
2025-03-02 02:00:00,0.0,341.6,763.35,1272.02,2376.97
2025-03-02 03:00:00,0.0,528.54,804.66,1761.69,3094.89
2025-03-02 04:00:00,0.0,221.85,881.81,1852.9,2956.56
2025-03-02 05:00:00,0.0,681.26,774.07,1692.43,3147.76
2025-03-02 06:00:00,0.0,380.69,751.19,1206.32,2338.2
2025-03-02 07:00:00,263.91,303.54,727.47,1569.04,2863.96
2025-03-02 08:00:00,493.25,469.46,744.56,1579.29,3286.56
2025-03-02 09:00:00,661.99,393.0,801.67,1813.91,3670.58
2025-03-02 10:00:00,900.37,306.29,752.23,1811.33,3770.23
2025-03-02 11:00:00,743.25,228.71,741.18,1907.06,3620.2
2025-03-02 12:00:00,982.03,469.77,775.35,1323.42,3550.57
2025-03-02 13:00:00,867.17,439.76,712.13,1717.08,3736.14
2025-03-02 14:00:00,842.63,596.28,784.33,1641.91,3865.15
2025-03-02 15:00:00,674.82,323.38,727.96,1807.27,3533.42
2025-03-02 16:00:00,516.08,534.64,810.61,1418.36,3279.69
2025-03-02 17:00:00,183.59,382.06,806.2,2033.09,3404.94
2025-03-02 18:00:00,0.0,516.03,802.96,1137.89,2456.87
2025-03-02 19:00:00,0.0,538.58,738.7,1311.08,2588.35
2025-03-02 20:00:00,0.0,578.96,870.43,1426.83,2876.21
2025-03-02 21:00:00,0.0,513.59,831.9,1696.77,3042.26
2025-03-02 22:00:00,0.0,558.77,747.53,1355.69,2661.99
2025-03-02 23:00:00,0.0,550.47,755.22,1547.95,2853.64
2025-03-03 00:00:00,0.0,851.31,874.58,1622.04,3347.93
2025-03-03 01:00:00,0.0,359.01,794.56,1300.4,2453.96
2025-03-03 02:00:00,0.0,504.3,856.38,1416.35,2777.02
2025-03-03 03:00:00,0.0,499.8,821.87,1526.91,2848.59
2025-03-03 04:00:00,0.0,499.35,790.13,1827.96,3117.44
2025-03-03 05:00:00,0.0,639.29,884.03,1381.74,2905.06
2025-03-03 06:00:00,0.0,602.53,754.42,1741.58,3098.53
2025-03-03 07:00:00,236.58,645.9,768.0,1643.24,3293.72
2025-03-03 08:00:00,409.07,408.1,792.93,1636.62,3246.72
2025-03-03 09:00:00,621.52,358.5,915.48,1310.0,3205.5
2025-03-03 10:00:00,696.45,670.69,772.74,1456.48,3596.35
2025-03-03 11:00:00,675.52,572.22,821.43,1810.14,3879.31
2025-03-03 12:00:00,669.65,456.85,787.96,1556.84,3471.31
2025-03-03 13:00:00,544.18,637.18,821.61,1267.71,3270.68
2025-03-03 14:00:00,630.56,385.19,808.2,1718.64,3542.59
2025-03-03 15:00:00,593.49,762.18,720.28,1266.11,3342.06
2025-03-03 16:00:00,495.29,347.39,844.1,1789.19,3475.97
2025-03-03 17:00:00,189.93,585.87,766.69,1581.71,3124.19
2025-03-03 18:00:00,0.0,631.96,622.73,1563.05,2817.74
2025-03-03 19:00:00,0.0,589.98,726.37,1268.28,2584.63
2025-03-03 20:00:00,0.0,229.57,825.13,1709.81,2764.51
2025-03-03 21:00:00,0.0,614.37,920.67,1484.42,3019.47
2025-03-03 22:00:00,0.0,582.31,781.14,1626.89,2990.35
2025-03-03 23:00:00,0.0,441.83,852.79,1705.15,2999.77
2025-03-04 00:00:00,0.0,422.95,870.0,1998.98,3291.93
2025-03-04 01:00:00,0.0,445.91,673.91,1617.61,2737.42
2025-03-04 02:00:00,0.0,370.42,724.17,1785.93,2880.52
2025-03-04 03:00:00,0.0,572.58,835.06,1618.84,3026.49
2025-03-04 04:00:00,0.0,491.09,689.53,1652.23,2832.85
2025-03-04 05:00:00,0.0,369.28,863.05,1680.61,2912.95
2025-03-04 06:00:00,0.0,443.86,705.8,1774.29,2923.95
2025-03-04 07:00:00,264.75,415.98,796.93,1523.89,3001.56
2025-03-04 08:00:00,313.95,495.12,822.66,1760.5,3392.24
2025-03-04 09:00:00,671.92,738.66,848.5,1898.18,4157.27
2025-03-04 10:00:00,565.47,646.69,865.95,1798.68,3876.79
2025-03-04 11:00:00,757.68,406.05,742.0,1635.46,3541.19
2025-03-04 12:00:00,805.25,295.12,770.82,1549.27,3420.46
2025-03-04 13:00:00,550.48,499.4,754.14,1737.77,3541.79
2025-03-04 14:00:00,541.94,477.28,821.84,1649.56,3490.62
2025-03-04 15:00:00,543.51,462.62,836.21,1796.12,3638.46
2025-03-04 16:00:00,364.19,412.67,893.57,1393.84,3064.27
2025-03-04 17:00:00,160.78,577.73,849.87,1523.09,3111.46
2025-03-04 18:00:00,0.0,640.77,757.5,1734.03,3132.31
2025-03-04 19:00:00,0.0,314.73,696.54,1395.72,2406.99
2025-03-04 20:00:00,0.0,715.59,979.52,1506.96,3202.07
2025-03-04 21:00:00,0.0,509.54,767.69,1422.31,2699.53
2025-03-04 22:00:00,0.0,455.96,864.82,1807.17,3127.95
2025-03-04 23:00:00,0.0,518.62,735.19,1925.85,3179.67
2025-03-05 00:00:00,0.0,558.44,823.8,1744.9,3127.13
2025-03-05 01:00:00,0.0,507.45,861.08,1350.48,2719.01
2025-03-05 02:00:00,0.0,475.92,759.15,1343.39,2578.47
2025-03-05 03:00:00,0.0,417.76,731.23,1447.75,2596.73
2025-03-05 04:00:00,0.0,347.28,632.7,1912.75,2892.73
2025-03-05 05:00:00,0.0,673.97,868.3,1540.53,3082.8
2025-03-05 06:00:00,0.0,453.67,797.36,1600.75,2851.78
2025-03-05 07:00:00,153.88,368.57,870.8,1754.16,3147.4
2025-03-05 08:00:00,500.04,526.11,824.12,1493.51,3343.78
2025-03-05 09:00:00,576.05,541.81,790.36,1618.75,3526.97
2025-03-05 10:00:00,724.17,552.96,693.82,1776.81,3747.76
2025-03-05 11:00:00,920.71,444.24,745.22,1591.6,3701.78
2025-03-05 12:00:00,928.13,571.21,749.08,1311.76,3560.18
2025-03-05 13:00:00,927.93,565.71,760.27,1853.28,4107.19
2025-03-05 14:00:00,684.08,527.73,783.4,1402.97,3398.18
2025-03-05 15:00:00,575.17,433.05,784.59,1243.44,3036.26
2025-03-05 16:00:00,493.65,388.55,852.48,1755.81,3490.48
2025-03-05 17:00:00,213.44,500.22,752.1,1405.82,2871.58
2025-03-05 18:00:00,0.0,350.37,758.27,1935.05,3043.7
2025-03-05 19:00:00,0.0,476.31,847.52,1816.03,3139.86
2025-03-05 20:00:00,0.0,479.17,737.31,1690.28,2906.76
2025-03-05 21:00:00,0.0,810.93,671.09,1365.14,2847.16
2025-03-05 22:00:00,0.0,365.18,673.36,2048.23,3086.78
2025-03-05 23:00:00,0.0,462.93,770.38,1589.76,2823.07
2025-03-06 00:00:00,0.0,607.65,668.52,1685.51,2961.68
2025-03-06 01:00:00,0.0,523.45,798.59,1240.27,2562.31
2025-03-06 02:00:00,0.0,458.27,764.39,1676.2,2898.86
2025-03-06 03:00:00,0.0,503.11,815.88,1535.28,2854.28
2025-03-06 04:00:00,0.0,567.1,925.9,1593.6,3086.6
2025-03-06 05:00:00,0.0,436.19,615.66,1959.51,3011.36
2025-03-06 06:00:00,0.0,400.61,811.09,1626.16,2837.86
2025-03-06 07:00:00,225.89,447.13,636.86,1659.44,2969.33
2025-03-06 08:00:00,400.82,476.25,826.6,1315.14,3018.81
2025-03-06 09:00:00,616.18,319.45,972.7,1659.42,3567.76
2025-03-06 10:00:00,858.5,265.79,738.6,1181.62,3044.5
2025-03-06 11:00:00,706.24,468.79,835.3,1578.35,3588.68
2025-03-06 12:00:00,909.07,640.02,758.22,1643.41,3950.74
2025-03-06 13:00:00,718.44,372.32,721.87,1884.01,3696.63
2025-03-06 14:00:00,739.64,508.01,865.13,1581.24,3694.03
2025-03-06 15:00:00,577.89,459.21,787.81,1390.76,3215.67
2025-03-06 16:00:00,318.27,677.3,847.21,1715.19,3557.98
2025-03-06 17:00:00,216.3,446.07,718.34,1141.8,2522.52
2025-03-06 18:00:00,0.0,480.9,776.87,1434.17,2691.94
2025-03-06 19:00:00,0.0,756.05,882.2,1342.89,2981.14
2025-03-06 20:00:00,0.0,505.64,825.64,1586.35,2917.64
2025-03-06 21:00:00,0.0,408.28,823.47,1331.02,2562.78
2025-03-06 22:00:00,0.0,649.55,858.28,1409.23,2917.07
2025-03-06 23:00:00,0.0,417.38,729.77,1344.64,2491.79
2025-03-07 00:00:00,0.0,505.09,761.21,1292.84,2559.14
2025-03-07 01:00:00,0.0,628.91,784.17,1350.86,2763.94
2025-03-07 02:00:00,0.0,218.85,686.35,1255.56,2160.76
2025-03-07 03:00:00,0.0,409.26,730.94,1360.52,2500.72
2025-03-07 04:00:00,0.0,631.22,813.55,1792.29,3237.06
2025-03-07 05:00:00,0.0,452.01,860.17,1534.72,2846.9
2025-03-07 06:00:00,0.0,459.41,809.14,1356.12,2624.67
2025-03-07 07:00:00,223.34,480.85,789.82,1513.46,3007.47
2025-03-07 08:00:00,487.85,435.05,713.75,1903.05,3539.7
2025-03-07 09:00:00,587.88,420.89,744.29,1379.45,3132.51
2025-03-07 10:00:00,863.18,570.23,767.01,1837.3,4037.72
2025-03-07 11:00:00,887.54,385.27,800.82,1446.25,3519.88
2025-03-07 12:00:00,904.32,429.74,813.93,1796.54,3944.53
2025-03-07 13:00:00,588.46,407.44,821.96,1650.99,3468.84
2025-03-07 14:00:00,620.21,550.85,749.66,1892.31,3813.02
2025-03-07 15:00:00,510.76,653.31,715.8,1620.97,3500.84
2025-03-07 16:00:00,461.4,502.86,754.92,1980.17,3699.35
2025-03-07 17:00:00,193.45,753.62,709.82,1769.2,3426.09
2025-03-07 18:00:00,0.0,258.68,749.98,1593.36,2602.03
2025-03-07 19:00:00,0.0,546.49,792.95,1824.64,3164.08
2025-03-07 20:00:00,0.0,302.93,656.09,1785.22,2744.24
2025-03-07 21:00:00,0.0,468.04,799.05,1365.87,2632.96
2025-03-07 22:00:00,0.0,551.13,829.83,1683.62,3064.58
2025-03-07 23:00:00,0.0,518.83,787.32,1500.79,2806.94
2025-03-08 00:00:00,0.0,350.76,759.44,1434.61,2544.82
2025-03-08 01:00:00,0.0,616.71,627.45,1609.27,2853.43
2025-03-08 02:00:00,0.0,651.45,696.51,989.41,2337.36
2025-03-08 03:00:00,0.0,470.51,851.71,1577.4,2899.62
2025-03-08 04:00:00,0.0,589.92,731.65,1320.32,2641.9
2025-03-08 05:00:00,0.0,829.37,861.21,1235.81,2926.39
2025-03-08 06:00:00,0.0,323.67,801.38,1252.27,2377.33
2025-03-08 07:00:00,239.1,441.88,848.49,1493.46,3022.93
2025-03-08 08:00:00,539.44,593.02,689.74,1467.79,3289.98
2025-03-08 09:00:00,638.41,457.22,878.81,1594.22,3568.65
2025-03-08 10:00:00,825.61,569.83,832.86,1326.61,3554.91
2025-03-08 11:00:00,1053.74,329.78,870.02,1963.29,4216.83
2025-03-08 12:00:00,687.37,607.22,938.69,1591.61,3824.88
2025-03-08 13:00:00,869.91,428.53,828.73,1534.41,3661.57
2025-03-08 14:00:00,706.01,415.1,851.81,1817.94,3790.86
2025-03-08 15:00:00,662.7,381.37,873.7,1541.59,3459.36
2025-03-08 16:00:00,398.53,507.75,710.19,1719.47,3335.94
2025-03-08 17:00:00,205.53,354.91,976.31,1612.03,3148.78
2025-03-08 18:00:00,0.0,535.29,832.56,1587.21,2955.06
2025-03-08 19:00:00,0.0,525.56,790.8,1827.26,3143.63
2025-03-08 20:00:00,0.0,400.4,794.86,1621.34,2816.59
2025-03-08 21:00:00,0.0,394.01,798.15,2146.78,3338.94
2025-03-08 22:00:00,0.0,448.68,852.99,1533.72,2835.39
2025-03-08 23:00:00,0.0,256.45,935.98,1289.02,2481.45
2025-03-09 00:00:00,0.0,500.01,869.11,1677.47,3046.59
2025-03-09 01:00:00,0.0,534.93,715.86,1029.43,2280.22
2025-03-09 02:00:00,0.0,433.45,755.33,1953.12,3141.9
2025-03-09 03:00:00,0.0,720.87,847.07,1586.25,3154.19
2025-03-09 04:00:00,0.0,534.45,827.07,1681.56,3043.08
2025-03-09 05:00:00,0.0,372.02,791.59,1425.61,2589.22
2025-03-09 06:00:00,0.0,568.67,773.6,1552.93,2895.2
2025-03-09 07:00:00,148.67,513.31,830.27,1772.24,3264.49
2025-03-09 08:00:00,398.36,663.34,921.46,1522.3,3505.46
2025-03-09 09:00:00,562.7,498.8,737.65,1525.79,3324.95
2025-03-09 10:00:00,722.37,427.87,798.8,1223.65,3172.68
2025-03-09 11:00:00,972.35,574.17,783.66,1726.69,4056.87
2025-03-09 12:00:00,1093.53,317.29,809.16,1132.12,3352.11
2025-03-09 13:00:00,694.44,610.37,842.0,1654.06,3800.87
2025-03-09 14:00:00,526.14,653.34,862.52,1572.76,3614.76
2025-03-09 15:00:00,560.85,580.4,866.08,1976.79,3984.12
2025-03-09 16:00:00,358.7,348.99,731.97,2149.66,3589.32
2025-03-09 17:00:00,192.86,404.44,857.42,1445.94,2900.66
2025-03-09 18:00:00,0.0,557.21,874.93,1812.76,3244.9
2025-03-09 19:00:00,0.0,700.82,723.22,1922.21,3346.25
2025-03-09 20:00:00,0.0,406.88,874.19,1860.34,3141.41
2025-03-09 21:00:00,0.0,411.36,776.17,1524.69,2712.23
2025-03-09 22:00:00,0.0,550.22,824.7,1337.25,2712.17
2025-03-09 23:00:00,0.0,565.83,960.94,1945.49,3472.25
2025-03-10 00:00:00,0.0,500.16,903.14,1947.07,3350.37
2025-03-10 01:00:00,0.0,555.78,836.67,1511.34,2903.79
2025-03-10 02:00:00,0.0,639.66,772.67,1289.91,2702.23
2025-03-10 03:00:00,0.0,665.05,860.65,2208.92,3734.62
2025-03-10 04:00:00,0.0,535.51,826.21,1211.62,2573.34
2025-03-10 05:00:00,0.0,585.64,721.52,2010.41,3317.57
2025-03-10 06:00:00,0.0,474.63,720.5,1436.86,2631.99
2025-03-10 07:00:00,162.56,619.53,773.31,1539.42,3094.83
2025-03-10 08:00:00,493.97,687.51,758.2,1480.4,3420.08
2025-03-10 09:00:00,586.15,496.49,718.9,2177.91,3979.46
2025-03-10 10:00:00,865.13,801.42,887.75,2177.2,4731.5
2025-03-10 11:00:00,726.57,356.13,843.22,1393.67,3319.59
2025-03-10 12:00:00,981.36,649.02,727.29,1759.4,4117.07
2025-03-10 13:00:00,631.74,697.21,881.85,1660.02,3870.82
2025-03-10 14:00:00,676.45,492.06,818.59,1663.0,3650.11
2025-03-10 15:00:00,609.16,485.59,764.71,1960.94,3820.4
2025-03-10 16:00:00,521.84,494.0,757.95,1463.54,3237.33
2025-03-10 17:00:00,180.41,473.73,880.62,1663.64,3198.4
2025-03-10 18:00:00,0.0,467.2,787.72,1332.01,2586.92
2025-03-10 19:00:00,0.0,455.23,824.35,1973.79,3253.37
2025-03-10 20:00:00,0.0,626.66,807.03,1639.87,3073.56
2025-03-10 21:00:00,0.0,523.36,770.21,1273.16,2566.72
2025-03-10 22:00:00,0.0,444.85,717.54,1777.71,2940.09
2025-03-10 23:00:00,0.0,504.3,831.06,1052.59,2387.94
2025-03-11 00:00:00,0.0,642.98,830.05,1472.94,2945.97
2025-03-11 01:00:00,0.0,342.41,723.4,1597.81,2663.62
2025-03-11 02:00:00,0.0,436.2,805.2,1604.98,2846.38
2025-03-11 03:00:00,0.0,433.78,733.24,2007.21,3174.22
2025-03-11 04:00:00,0.0,545.11,787.05,1540.49,2872.64
2025-03-11 05:00:00,0.0,364.25,852.61,1556.27,2773.13
2025-03-11 06:00:00,0.0,439.73,777.84,1832.23,3049.8
2025-03-11 07:00:00,224.38,478.64,734.9,1635.5,3073.41
2025-03-11 08:00:00,401.91,361.86,825.38,1572.04,3161.19
2025-03-11 09:00:00,614.12,367.05,659.95,1190.93,2832.04
2025-03-11 10:00:00,652.04,526.98,904.33,1644.69,3728.03
2025-03-11 11:00:00,775.96,247.5,778.62,1609.31,3411.39
2025-03-11 12:00:00,782.02,534.77,740.7,1210.31,3267.79
2025-03-11 13:00:00,808.88,434.56,837.86,1612.56,3693.86
2025-03-11 14:00:00,908.82,423.35,727.19,1892.01,3951.38
2025-03-11 15:00:00,617.99,584.17,766.96,1609.2,3578.32
2025-03-11 16:00:00,498.23,533.83,770.26,2197.5,3999.82
2025-03-11 17:00:00,255.0,545.41,839.16,1622.6,3262.16
2025-03-11 18:00:00,0.0,880.99,832.07,1770.8,3483.86
2025-03-11 19:00:00,0.0,463.87,815.51,1413.62,2693.0
2025-03-11 20:00:00,0.0,470.83,859.48,1871.14,3201.46
2025-03-11 21:00:00,0.0,732.24,735.54,1906.89,3374.67
2025-03-11 22:00:00,0.0,507.56,770.05,1830.5,3108.11
2025-03-11 23:00:00,0.0,331.91,804.3,1473.09,2609.31
2025-03-12 00:00:00,0.0,732.43,828.58,1800.07,3361.08
2025-03-12 01:00:00,0.0,502.63,880.82,1585.56,2969.02
2025-03-12 02:00:00,0.0,510.48,799.96,2099.89,3410.33
2025-03-12 03:00:00,0.0,443.6,738.24,1608.46,2790.29
2025-03-12 04:00:00,0.0,617.58,775.04,1377.03,2769.64
2025-03-12 05:00:00,0.0,306.25,859.75,1798.81,2964.8
2025-03-12 06:00:00,0.0,380.72,730.67,1648.33,2759.73
2025-03-12 07:00:00,229.37,643.84,733.95,1775.51,3382.67
2025-03-12 08:00:00,353.38,571.49,827.36,1698.16,3450.4
2025-03-12 09:00:00,653.12,516.37,763.95,1328.29,3261.74
2025-03-12 10:00:00,776.75,714.43,795.98,1473.5,3760.65
2025-03-12 11:00:00,729.31,407.68,786.22,1491.3,3414.51
2025-03-12 12:00:00,899.08,518.0,859.79,1506.61,3783.48
2025-03-12 13:00:00,964.41,411.94,839.5,1345.86,3561.72
2025-03-12 14:00:00,855.69,449.09,711.32,1242.15,3258.24
2025-03-12 15:00:00,476.25,582.89,801.14,1137.8,2998.08
2025-03-12 16:00:00,392.69,655.92,890.39,1962.47,3901.47
2025-03-12 17:00:00,155.25,413.31,798.9,1534.42,2901.87
2025-03-12 18:00:00,0.0,391.01,820.23,1933.44,3144.68
2025-03-12 19:00:00,0.0,493.48,818.49,1229.54,2541.5
2025-03-12 20:00:00,0.0,389.66,839.03,1716.68,2945.37
2025-03-12 21:00:00,0.0,535.14,801.46,1732.38,3068.99
2025-03-12 22:00:00,0.0,520.41,779.68,1436.98,2737.07
2025-03-12 23:00:00,0.0,565.14,776.34,1883.9,3225.38
2025-03-13 00:00:00,0.0,575.05,796.39,1703.7,3075.15
2025-03-13 01:00:00,0.0,486.45,912.85,1675.87,3075.16
2025-03-13 02:00:00,0.0,513.73,765.2,1533.35,2812.28
2025-03-13 03:00:00,0.0,592.53,797.17,1348.16,2737.86
2025-03-13 04:00:00,0.0,319.18,733.43,1561.78,2614.39
2025-03-13 05:00:00,0.0,626.22,876.16,1817.49,3319.88
2025-03-13 06:00:00,0.0,566.87,777.49,1158.43,2502.79
2025-03-13 07:00:00,236.45,498.99,801.71,1677.06,3214.2
2025-03-13 08:00:00,355.94,347.87,698.6,1283.64,2686.05
2025-03-13 09:00:00,757.21,557.23,778.14,1637.7,3730.28
2025-03-13 10:00:00,574.53,625.74,823.93,1500.75,3524.95
2025-03-13 11:00:00,901.74,565.12,819.03,1386.15,3672.05
2025-03-13 12:00:00,931.61,808.48,797.64,1193.06,3730.79
2025-03-13 13:00:00,902.99,733.77,647.8,2110.3,4394.85
2025-03-13 14:00:00,586.37,533.31,812.2,2175.63,4107.51
2025-03-13 15:00:00,569.02,672.07,828.82,1564.02,3633.92
2025-03-13 16:00:00,459.03,412.38,762.64,1449.41,3083.45
2025-03-13 17:00:00,234.94,466.02,880.38,1280.41,2861.74
2025-03-13 18:00:00,0.0,266.43,891.47,1607.29,2765.19
2025-03-13 19:00:00,0.0,395.05,758.92,1306.89,2460.86
2025-03-13 20:00:00,0.0,495.36,762.61,1887.31,3145.28
2025-03-13 21:00:00,0.0,585.96,731.09,2105.18,3422.23
2025-03-13 22:00:00,0.0,633.71,774.22,1840.19,3248.12
2025-03-13 23:00:00,0.0,505.75,853.99,2322.0,3681.74
2025-03-14 00:00:00,0.0,385.42,645.24,1826.14,2856.8
2025-03-14 01:00:00,0.0,495.26,908.82,2117.13,3521.2
2025-03-14 02:00:00,0.0,510.04,720.15,2137.72,3367.92
2025-03-14 03:00:00,0.0,428.12,871.8,1439.83,2739.75
2025-03-14 04:00:00,0.0,558.47,824.57,1536.76,2919.79
2025-03-14 05:00:00,0.0,300.81,727.9,1857.36,2886.07
2025-03-14 06:00:00,0.0,461.56,715.0,1681.49,2858.05
2025-03-14 07:00:00,246.52,680.41,791.1,1939.2,3657.23
2025-03-14 08:00:00,431.36,493.73,810.39,1595.42,3330.9
2025-03-14 09:00:00,666.59,402.58,751.46,1671.49,3492.13
2025-03-14 10:00:00,873.1,482.09,946.22,1707.7,4009.11
2025-03-14 11:00:00,661.0,737.79,908.86,1631.77,3939.43
2025-03-14 12:00:00,754.05,422.7,738.16,1773.95,3688.86
2025-03-14 13:00:00,774.29,381.78,877.55,1449.51,3483.13
2025-03-14 14:00:00,867.81,533.03,847.83,1777.0,4025.67
2025-03-14 15:00:00,623.66,423.97,758.6,1092.63,2898.86
2025-03-14 16:00:00,458.32,526.19,758.37,1280.8,3023.68
2025-03-14 17:00:00,241.92,656.01,778.4,1628.75,3305.08
2025-03-14 18:00:00,0.0,409.3,611.83,2022.38,3043.51
2025-03-14 19:00:00,0.0,399.82,808.66,1978.86,3187.34
2025-03-14 20:00:00,0.0,398.52,719.27,1067.81,2185.6
2025-03-14 21:00:00,0.0,556.93,720.41,1628.07,2905.41
2025-03-14 22:00:00,0.0,666.95,876.5,1514.42,3057.87
2025-03-14 23:00:00,0.0,350.11,786.9,1445.81,2582.82
2025-03-15 00:00:00,0.0,637.6,831.77,1788.2,3257.57
2025-03-15 01:00:00,0.0,774.03,784.03,1585.85,3143.9
2025-03-15 02:00:00,0.0,584.98,799.66,1197.22,2581.86
2025-03-15 03:00:00,0.0,595.44,893.32,2046.59,3535.35
2025-03-15 04:00:00,0.0,515.32,775.79,1206.04,2497.15
2025-03-15 05:00:00,0.0,664.0,804.97,1822.94,3291.91
2025-03-15 06:00:00,0.0,425.66,797.09,1857.49,3080.24
2025-03-15 07:00:00,277.93,376.84,952.57,1363.31,2970.65
2025-03-15 08:00:00,383.16,541.33,817.07,1500.65,3242.22
2025-03-15 09:00:00,694.28,559.35,862.36,1452.57,3568.56
2025-03-15 10:00:00,826.41,389.66,866.58,1682.03,3764.68
2025-03-15 11:00:00,846.18,407.14,830.2,1180.65,3264.17
2025-03-15 12:00:00,1090.88,447.95,870.39,1668.88,4078.11
2025-03-15 13:00:00,737.32,640.46,843.8,1669.73,3891.31
2025-03-15 14:00:00,819.2,428.36,779.19,1868.08,3894.83
2025-03-15 15:00:00,694.73,452.73,668.46,1644.5,3460.41
2025-03-15 16:00:00,429.32,238.97,824.14,1367.9,2860.32
2025-03-15 17:00:00,183.97,484.18,756.05,1229.33,2653.52
2025-03-15 18:00:00,0.0,747.39,791.2,1610.19,3148.78
2025-03-15 19:00:00,0.0,702.38,921.09,1744.97,3368.44
2025-03-15 20:00:00,0.0,399.26,878.46,1411.88,2689.61
2025-03-15 21:00:00,0.0,509.13,756.37,1818.68,3084.18
2025-03-15 22:00:00,0.0,567.4,777.35,1762.47,3107.22
2025-03-15 23:00:00,0.0,579.48,812.59,1840.02,3232.09
2025-03-16 00:00:00,0.0,820.66,687.93,1177.73,2686.33
2025-03-16 01:00:00,0.0,517.1,802.98,1752.56,3072.64
2025-03-16 02:00:00,0.0,437.47,895.31,1981.64,3314.42
2025-03-16 03:00:00,0.0,531.42,715.34,1913.34,3160.1
2025-03-16 04:00:00,0.0,573.18,749.99,1920.75,3243.92
2025-03-16 05:00:00,0.0,356.81,593.2,1372.92,2322.93
2025-03-16 06:00:00,0.0,436.31,824.74,1649.6,2910.66
2025-03-16 07:00:00,240.57,546.14,858.34,1370.49,3015.55
2025-03-16 08:00:00,405.46,724.57,812.96,1392.37,3335.36
2025-03-16 09:00:00,583.93,478.31,870.01,1668.63,3600.88
2025-03-16 10:00:00,882.16,612.38,868.64,1408.23,3771.41
2025-03-16 11:00:00,789.13,667.54,801.13,1788.93,4046.72
2025-03-16 12:00:00,933.95,567.65,813.52,1659.92,3975.05
2025-03-16 13:00:00,766.64,594.9,770.33,1207.38,3339.24
2025-03-16 14:00:00,863.96,558.44,817.6,1256.25,3496.26
2025-03-16 15:00:00,638.52,526.07,802.97,1326.59,3294.15
2025-03-16 16:00:00,469.9,552.7,815.0,1728.92,3566.52
2025-03-16 17:00:00,168.73,596.69,709.09,1611.56,3086.07
2025-03-16 18:00:00,0.0,460.53,717.89,1451.75,2630.17
2025-03-16 19:00:00,0.0,605.54,772.54,1313.51,2691.6
2025-03-16 20:00:00,0.0,552.64,818.04,1141.76,2512.43
2025-03-16 21:00:00,0.0,428.45,746.48,1262.81,2437.75
2025-03-16 22:00:00,0.0,274.88,782.55,1901.26,2958.69
2025-03-16 23:00:00,0.0,479.6,782.37,1534.15,2796.12
2025-03-17 00:00:00,0.0,566.02,847.25,1974.72,3387.99
2025-03-17 01:00:00,0.0,465.84,813.95,1803.09,3082.88
2025-03-17 02:00:00,0.0,454.66,740.41,1469.2,2664.27
2025-03-17 03:00:00,0.0,594.76,791.0,1516.44,2902.21
2025-03-17 04:00:00,0.0,650.92,761.07,1557.24,2969.23
2025-03-17 05:00:00,0.0,600.36,789.13,2108.32,3497.8
2025-03-17 06:00:00,0.0,373.02,822.35,1966.26,3161.62
2025-03-17 07:00:00,201.81,735.95,862.94,1342.83,3143.53
2025-03-17 08:00:00,447.65,319.45,808.12,1758.2,3333.41
2025-03-17 09:00:00,379.17,595.19,795.82,1784.37,3554.55
2025-03-17 10:00:00,614.2,609.33,891.73,1433.4,3548.65
2025-03-17 11:00:00,911.99,293.25,817.61,1502.19,3525.03
2025-03-17 12:00:00,820.3,410.33,858.25,1527.79,3616.67
2025-03-17 13:00:00,855.88,391.52,669.09,1410.22,3326.71
2025-03-17 14:00:00,956.02,422.75,755.01,1734.46,3868.25
2025-03-17 15:00:00,369.41,489.67,931.77,1636.87,3427.71
2025-03-17 16:00:00,414.65,587.33,812.27,1964.44,3778.7
2025-03-17 17:00:00,154.61,419.02,748.37,1489.84,2811.83
2025-03-17 18:00:00,0.0,430.76,805.61,1516.07,2752.44
2025-03-17 19:00:00,0.0,653.38,827.09,1904.85,3385.33
2025-03-17 20:00:00,0.0,556.18,871.42,1739.89,3167.49
2025-03-17 21:00:00,0.0,358.46,910.69,1802.48,3071.63
2025-03-17 22:00:00,0.0,520.15,764.06,926.49,2210.7
2025-03-17 23:00:00,0.0,794.54,740.07,1589.09,3123.7
2025-03-18 00:00:00,0.0,424.0,751.39,1649.92,2825.31
2025-03-18 01:00:00,0.0,395.69,839.33,1669.89,2904.92
2025-03-18 02:00:00,0.0,375.82,811.33,1886.96,3074.11
2025-03-18 03:00:00,0.0,318.61,759.01,1190.05,2267.67
2025-03-18 04:00:00,0.0,452.88,811.3,1466.34,2730.52
2025-03-18 05:00:00,0.0,489.59,877.19,1589.61,2956.38
2025-03-18 06:00:00,0.0,569.71,761.23,1414.04,2744.97
2025-03-18 07:00:00,249.71,557.4,720.5,1443.15,2970.77
2025-03-18 08:00:00,480.83,511.7,838.08,1671.59,3502.21
2025-03-18 09:00:00,534.32,274.27,856.77,1757.27,3422.63
2025-03-18 10:00:00,698.12,476.49,748.67,1531.18,3454.46
2025-03-18 11:00:00,934.14,720.05,750.44,2483.57,4888.2
2025-03-18 12:00:00,852.21,525.42,780.59,1690.84,3849.07
2025-03-18 13:00:00,923.07,424.12,843.09,1716.75,3907.03
2025-03-18 14:00:00,765.76,399.61,820.95,1544.37,3530.7
2025-03-18 15:00:00,531.93,338.57,893.26,1246.38,3010.13
2025-03-18 16:00:00,449.25,660.05,804.8,1597.82,3511.91
2025-03-18 17:00:00,157.03,563.26,702.04,1664.43,3086.76
2025-03-18 18:00:00,0.0,468.11,834.69,1564.79,2867.59
2025-03-18 19:00:00,0.0,260.0,909.16,1578.79,2747.95
2025-03-18 20:00:00,0.0,391.46,778.35,1753.53,2923.34
2025-03-18 21:00:00,0.0,730.62,799.98,1358.45,2889.04
2025-03-18 22:00:00,0.0,391.03,746.23,1808.13,2945.4
2025-03-18 23:00:00,0.0,506.7,827.2,1191.44,2525.34
2025-03-19 00:00:00,0.0,556.91,765.22,1068.62,2390.75
2025-03-19 01:00:00,0.0,608.1,804.16,1346.27,2758.54
2025-03-19 02:00:00,0.0,500.78,768.21,1861.95,3130.94
2025-03-19 03:00:00,0.0,419.13,742.01,1521.88,2683.02
2025-03-19 04:00:00,0.0,526.94,799.91,1786.42,3113.27
2025-03-19 05:00:00,0.0,499.96,884.3,2232.01,3616.27
2025-03-19 06:00:00,0.0,621.4,869.12,1546.6,3037.11
2025-03-19 07:00:00,234.55,462.98,801.08,1414.0,2912.61
2025-03-19 08:00:00,398.31,511.99,805.97,1616.15,3332.42
2025-03-19 09:00:00,560.6,518.93,749.94,1444.47,3273.93
2025-03-19 10:00:00,760.43,669.96,803.62,1326.96,3560.97
2025-03-19 11:00:00,950.73,584.44,831.67,1534.27,3901.11
2025-03-19 12:00:00,601.79,512.84,777.35,1921.32,3813.3
2025-03-19 13:00:00,865.81,555.73,786.81,1577.96,3786.31
2025-03-19 14:00:00,661.12,523.64,880.84,1854.97,3920.55
2025-03-19 15:00:00,632.2,461.77,731.71,1457.17,3282.85
2025-03-19 16:00:00,507.0,636.33,705.31,1071.98,2920.63
2025-03-19 17:00:00,211.84,698.35,837.88,1661.25,3409.34
2025-03-19 18:00:00,0.0,592.95,722.91,1504.61,2820.47
2025-03-19 19:00:00,0.0,661.43,907.24,1525.19,3093.86
2025-03-19 20:00:00,0.0,590.98,839.1,1583.31,3013.38
2025-03-19 21:00:00,0.0,583.72,806.06,1752.58,3142.36
2025-03-19 22:00:00,0.0,509.65,900.83,1336.76,2747.24
2025-03-19 23:00:00,0.0,504.99,898.16,1454.04,2857.19
2025-03-20 00:00:00,0.0,434.61,875.31,1961.33,3271.26
2025-03-20 01:00:00,0.0,371.69,824.26,1324.74,2520.69
2025-03-20 02:00:00,0.0,591.71,712.16,1649.55,2953.41
2025-03-20 03:00:00,0.0,503.86,799.7,1461.28,2764.84
2025-03-20 04:00:00,0.0,443.37,624.91,1558.53,2626.82
2025-03-20 05:00:00,0.0,360.83,828.71,1705.43,2894.96
2025-03-20 06:00:00,0.0,598.17,789.16,1907.97,3295.3
2025-03-20 07:00:00,237.61,445.03,731.72,1539.9,2954.26
2025-03-20 08:00:00,428.92,338.05,807.11,1738.94,3313.02
2025-03-20 09:00:00,704.73,473.14,788.21,1282.26,3248.34
2025-03-20 10:00:00,697.15,462.89,686.53,2057.83,3904.4
2025-03-20 11:00:00,772.16,519.33,794.54,1290.03,3376.06
2025-03-20 12:00:00,909.52,578.97,772.68,1149.89,3411.05
2025-03-20 13:00:00,842.01,438.71,812.54,1615.99,3709.25
2025-03-20 14:00:00,949.83,629.68,785.98,1202.06,3567.54
2025-03-20 15:00:00,609.68,485.19,831.69,1706.25,3632.81
2025-03-20 16:00:00,554.64,445.53,861.25,1327.77,3189.19
2025-03-20 17:00:00,294.86,491.26,711.09,1884.18,3381.39
2025-03-20 18:00:00,0.0,446.67,658.88,1116.97,2222.52
2025-03-20 19:00:00,0.0,569.17,686.93,1454.08,2710.18
2025-03-20 20:00:00,0.0,542.84,850.19,1557.0,2950.03
2025-03-20 21:00:00,0.0,592.43,820.37,1539.14,2951.95
2025-03-20 22:00:00,0.0,526.92,796.43,2082.09,3405.45
2025-03-20 23:00:00,0.0,549.64,802.1,1542.55,2894.29
2025-03-21 00:00:00,0.0,513.74,860.2,1525.63,2899.57
2025-03-21 01:00:00,0.0,455.76,814.85,2518.16,3788.77
2025-03-21 02:00:00,0.0,450.94,869.1,995.56,2315.59
2025-03-21 03:00:00,0.0,526.48,873.72,1379.12,2779.32
2025-03-21 04:00:00,0.0,420.5,828.73,1724.89,2974.12
2025-03-21 05:00:00,0.0,581.75,748.5,1791.8,3122.05
2025-03-21 06:00:00,0.0,418.01,782.25,1319.37,2519.63
2025-03-21 07:00:00,260.14,348.99,775.24,1493.47,2877.84
2025-03-21 08:00:00,539.92,517.8,824.61,1626.55,3508.88
2025-03-21 09:00:00,582.14,404.34,664.23,1766.49,3417.2
2025-03-21 10:00:00,655.11,515.86,748.95,1386.48,3306.4
2025-03-21 11:00:00,734.98,529.6,810.73,1493.3,3568.6
2025-03-21 12:00:00,915.08,549.03,846.6,1874.88,4185.59
2025-03-21 13:00:00,741.44,404.97,841.14,1648.19,3635.74
2025-03-21 14:00:00,799.39,707.05,763.01,1548.82,3818.27
2025-03-21 15:00:00,694.08,324.97,774.28,1484.29,3277.62
2025-03-21 16:00:00,389.88,618.16,714.65,1933.04,3655.73
2025-03-21 17:00:00,204.4,569.0,832.93,1343.38,2949.72
2025-03-21 18:00:00,0.0,547.19,764.27,1657.65,2969.11
2025-03-21 19:00:00,0.0,476.91,921.72,1279.17,2677.8
2025-03-21 20:00:00,0.0,496.56,767.65,1531.11,2795.32
2025-03-21 21:00:00,0.0,675.54,881.73,1784.18,3341.45
2025-03-21 22:00:00,0.0,518.09,908.82,1780.13,3207.04
2025-03-21 23:00:00,0.0,403.8,872.53,1608.96,2885.3
2025-03-22 00:00:00,0.0,668.84,806.94,1768.81,3244.6
2025-03-22 01:00:00,0.0,446.37,789.86,1326.81,2563.04
2025-03-22 02:00:00,0.0,323.37,922.04,1182.59,2428.0
2025-03-22 03:00:00,0.0,677.34,814.28,1605.59,3097.21
2025-03-22 04:00:00,0.0,737.63,856.6,1637.18,3231.41
2025-03-22 05:00:00,0.0,452.27,765.8,1737.05,2955.12
2025-03-22 06:00:00,0.0,600.21,714.01,1716.07,3030.29
2025-03-22 07:00:00,278.45,379.78,816.68,1557.63,3032.53
2025-03-22 08:00:00,430.71,337.56,788.26,1398.97,2955.5
2025-03-22 09:00:00,551.65,548.1,887.02,1579.52,3566.29
2025-03-22 10:00:00,707.12,513.77,697.29,1734.72,3652.9
2025-03-22 11:00:00,789.63,349.98,745.92,1480.34,3365.87
2025-03-22 12:00:00,818.91,397.49,887.22,1894.37,3997.99
2025-03-22 13:00:00,607.79,623.39,789.07,1240.98,3261.24
2025-03-22 14:00:00,654.54,310.04,751.84,1457.78,3174.21
2025-03-22 15:00:00,487.19,540.55,731.63,1607.25,3366.62
2025-03-22 16:00:00,355.51,477.54,779.69,1712.73,3325.46
2025-03-22 17:00:00,173.02,388.9,824.03,1314.26,2700.22
2025-03-22 18:00:00,0.0,534.04,880.96,1473.07,2888.07
2025-03-22 19:00:00,0.0,516.37,727.83,1459.2,2703.4
2025-03-22 20:00:00,0.0,329.38,678.2,1976.36,2983.94
2025-03-22 21:00:00,0.0,613.06,793.17,1385.72,2791.95
2025-03-22 22:00:00,0.0,438.72,792.64,1593.47,2824.83
2025-03-22 23:00:00,0.0,476.68,755.83,1719.83,2952.34
2025-03-23 00:00:00,0.0,619.41,803.07,2048.69,3471.17
2025-03-23 01:00:00,0.0,599.16,856.21,1581.12,3036.49
2025-03-23 02:00:00,0.0,505.67,694.95,1185.87,2386.49
2025-03-23 03:00:00,0.0,453.49,816.87,1548.7,2819.06
2025-03-23 04:00:00,0.0,683.35,807.93,1462.3,2953.59
2025-03-23 05:00:00,0.0,486.39,787.16,1561.72,2835.28
2025-03-23 06:00:00,0.0,399.84,902.0,1576.0,2877.84
2025-03-23 07:00:00,238.29,420.35,830.09,1718.94,3207.67
2025-03-23 08:00:00,514.91,527.7,696.88,1577.8,3317.29
2025-03-23 09:00:00,522.46,509.36,787.33,1357.82,3176.97
2025-03-23 10:00:00,746.0,460.67,830.57,1833.55,3870.79
2025-03-23 11:00:00,790.67,736.6,851.09,1732.55,4110.91
2025-03-23 12:00:00,830.25,444.87,712.1,1798.14,3785.36
2025-03-23 13:00:00,902.12,569.9,772.94,1330.99,3575.95
2025-03-23 14:00:00,799.74,489.77,774.8,1865.9,3930.21
2025-03-23 15:00:00,575.8,322.26,783.26,1636.13,3317.44
2025-03-23 16:00:00,479.21,636.88,758.3,1227.03,3101.43
2025-03-23 17:00:00,230.61,487.07,811.71,1755.23,3284.63
2025-03-23 18:00:00,0.0,508.33,851.33,1687.99,3047.65
2025-03-23 19:00:00,0.0,405.05,810.27,1547.97,2763.3
2025-03-23 20:00:00,0.0,685.51,787.1,961.54,2434.15
2025-03-23 21:00:00,0.0,516.89,750.82,1491.37,2759.08
2025-03-23 22:00:00,0.0,441.56,792.92,1613.48,2847.96
2025-03-23 23:00:00,0.0,569.37,823.23,1626.01,3018.6
2025-03-24 00:00:00,0.0,494.16,770.22,1921.42,3185.8
2025-03-24 01:00:00,0.0,448.55,611.21,1521.73,2581.48
2025-03-24 02:00:00,0.0,435.39,815.46,1651.49,2902.34
2025-03-24 03:00:00,0.0,637.42,832.69,2327.29,3797.4
2025-03-24 04:00:00,0.0,438.47,768.9,1584.4,2791.76
2025-03-24 05:00:00,0.0,319.07,803.72,1481.71,2604.5
2025-03-24 06:00:00,0.0,392.41,778.81,1630.93,2802.16
2025-03-24 07:00:00,239.79,518.72,836.36,2135.94,3730.81
2025-03-24 08:00:00,395.97,252.96,768.45,1483.75,2901.13
2025-03-24 09:00:00,544.98,598.62,756.68,2149.97,4050.24
2025-03-24 10:00:00,905.64,334.86,756.45,1432.26,3429.21
2025-03-24 11:00:00,750.59,262.53,730.34,1785.9,3529.36
2025-03-24 12:00:00,870.37,440.73,874.73,1723.41,3909.24
2025-03-24 13:00:00,957.54,539.5,785.88,1318.63,3601.55
2025-03-24 14:00:00,639.91,549.07,821.1,1706.88,3716.95
2025-03-24 15:00:00,733.11,408.63,723.35,1225.56,3090.65
2025-03-24 16:00:00,448.85,413.76,737.08,1718.49,3318.19
2025-03-24 17:00:00,243.6,685.4,791.83,1927.75,3648.59
2025-03-24 18:00:00,0.0,447.79,782.58,1986.8,3217.16
2025-03-24 19:00:00,0.0,504.44,787.74,1296.3,2588.47
2025-03-24 20:00:00,0.0,255.37,835.95,1438.27,2529.59
2025-03-24 21:00:00,0.0,419.19,878.36,1782.74,3080.28
2025-03-24 22:00:00,0.0,469.7,779.85,1870.15,3119.69
2025-03-24 23:00:00,0.0,303.42,794.0,1589.27,2686.69
2025-03-25 00:00:00,0.0,514.67,677.7,1220.31,2412.68
2025-03-25 01:00:00,0.0,541.66,793.82,1576.8,2912.28
2025-03-25 02:00:00,0.0,656.81,731.2,1645.66,3033.66
2025-03-25 03:00:00,0.0,482.31,822.54,1284.44,2589.29
2025-03-25 04:00:00,0.0,475.9,848.61,1403.22,2727.73
2025-03-25 05:00:00,0.0,335.92,752.72,1839.53,2928.17
2025-03-25 06:00:00,0.0,632.4,714.26,1646.06,2992.73
2025-03-25 07:00:00,259.61,660.71,851.05,1799.57,3570.94
2025-03-25 08:00:00,426.88,611.38,722.6,1569.9,3330.76
2025-03-25 09:00:00,742.24,275.55,795.83,1930.43,3744.04
2025-03-25 10:00:00,781.27,710.77,823.13,1674.27,3989.43
2025-03-25 11:00:00,881.19,533.69,734.33,1690.39,3839.6
2025-03-25 12:00:00,830.69,748.21,793.93,1560.84,3933.67
2025-03-25 13:00:00,1035.78,750.36,872.84,1451.1,4110.09
2025-03-25 14:00:00,833.1,523.72,840.73,1864.22,4061.77
2025-03-25 15:00:00,544.69,595.82,682.06,1552.65,3375.22
2025-03-25 16:00:00,407.31,555.98,778.31,1211.42,2953.03
2025-03-25 17:00:00,189.4,533.89,761.3,1802.97,3287.56
2025-03-25 18:00:00,0.0,681.55,825.48,1975.2,3482.22
2025-03-25 19:00:00,0.0,348.67,857.73,1743.63,2950.02
2025-03-25 20:00:00,0.0,511.31,718.65,1546.72,2776.67
2025-03-25 21:00:00,0.0,580.75,836.72,1740.26,3157.73
2025-03-25 22:00:00,0.0,582.84,775.88,1829.92,3188.64
2025-03-25 23:00:00,0.0,565.82,749.33,1247.48,2562.63
2025-03-26 00:00:00,0.0,277.82,864.53,1466.18,2608.53
2025-03-26 01:00:00,0.0,407.71,871.91,1352.77,2632.39
2025-03-26 02:00:00,0.0,475.42,768.24,1351.28,2594.94
2025-03-26 03:00:00,0.0,532.39,713.7,1318.39,2564.47
2025-03-26 04:00:00,0.0,345.22,629.67,1823.16,2798.05
2025-03-26 05:00:00,0.0,654.91,686.47,1491.04,2832.41
2025-03-26 06:00:00,0.0,421.6,815.59,1694.29,2931.49
2025-03-26 07:00:00,194.12,361.53,864.66,1589.39,3009.69
2025-03-26 08:00:00,378.73,407.62,853.6,1242.8,2882.75
2025-03-26 09:00:00,576.08,447.54,816.15,1963.38,3803.15
2025-03-26 10:00:00,844.8,711.25,808.5,1531.15,3895.69
2025-03-26 11:00:00,895.32,514.25,870.08,1555.01,3834.65
2025-03-26 12:00:00,829.21,444.29,825.44,1448.79,3547.73
2025-03-26 13:00:00,737.06,276.77,881.13,1259.16,3154.11
2025-03-26 14:00:00,757.55,465.27,908.06,1752.21,3883.09
2025-03-26 15:00:00,758.68,483.13,829.02,1720.42,3791.25
2025-03-26 16:00:00,316.51,576.43,762.33,1602.65,3257.92
2025-03-26 17:00:00,168.56,414.75,711.11,1242.82,2537.24
2025-03-26 18:00:00,0.0,668.18,864.84,1864.4,3397.41
2025-03-26 19:00:00,0.0,527.42,800.8,1383.47,2711.68
2025-03-26 20:00:00,0.0,438.96,761.28,1121.78,2322.02
2025-03-26 21:00:00,0.0,621.1,817.38,1952.97,3391.45
2025-03-26 22:00:00,0.0,469.58,811.57,1810.26,3091.42
2025-03-26 23:00:00,0.0,259.71,766.58,1862.52,2888.8
2025-03-27 00:00:00,0.0,643.59,774.55,1272.77,2690.91
2025-03-27 01:00:00,0.0,579.87,862.29,1926.81,3368.96
2025-03-27 02:00:00,0.0,720.43,732.13,1544.66,2997.21
2025-03-27 03:00:00,0.0,528.26,770.85,1265.94,2565.06
2025-03-27 04:00:00,0.0,509.48,800.25,1337.37,2647.1
2025-03-27 05:00:00,0.0,425.04,816.45,1877.24,3118.73
2025-03-27 06:00:00,0.0,613.69,852.18,1605.44,3071.32
2025-03-27 07:00:00,255.16,394.91,839.46,1931.98,3421.5
2025-03-27 08:00:00,436.23,528.32,745.35,1600.7,3310.6
2025-03-27 09:00:00,470.03,412.38,760.29,1587.41,3230.11
2025-03-27 10:00:00,647.26,563.14,783.91,1809.75,3804.06
2025-03-27 11:00:00,709.74,508.93,847.73,1507.51,3573.91
2025-03-27 12:00:00,776.14,593.9,824.46,1005.32,3199.83
2025-03-27 13:00:00,857.4,483.33,733.66,1992.91,4067.31
2025-03-27 14:00:00,873.67,763.28,777.41,1452.26,3866.61
2025-03-27 15:00:00,667.93,568.82,699.0,1557.99,3493.74
2025-03-27 16:00:00,477.45,430.49,801.25,2214.91,3924.1
2025-03-27 17:00:00,198.81,487.5,857.62,1612.14,3156.06
2025-03-27 18:00:00,0.0,407.78,811.06,1620.85,2839.68
2025-03-27 19:00:00,0.0,498.28,834.16,1776.91,3109.35
2025-03-27 20:00:00,0.0,557.43,705.55,1580.24,2843.23
2025-03-27 21:00:00,0.0,422.9,820.27,1832.89,3076.07
2025-03-27 22:00:00,0.0,282.58,876.09,1742.34,2901.01
2025-03-27 23:00:00,0.0,531.88,877.64,1516.55,2926.07
2025-03-28 00:00:00,0.0,593.23,746.27,1431.0,2770.51
2025-03-28 01:00:00,0.0,599.86,730.22,1526.8,2856.88
2025-03-28 02:00:00,0.0,499.84,741.62,1582.73,2824.2
2025-03-28 03:00:00,0.0,330.16,859.54,1911.75,3101.45
2025-03-28 04:00:00,0.0,540.82,686.56,1072.69,2300.07
2025-03-28 05:00:00,0.0,460.57,700.89,1788.1,2949.56
2025-03-28 06:00:00,0.0,493.03,777.99,1933.98,3205.0
2025-03-28 07:00:00,190.98,485.41,756.03,1327.86,2760.29
2025-03-28 08:00:00,476.42,371.74,757.57,1403.89,3009.61
2025-03-28 09:00:00,546.01,511.08,835.82,1635.4,3528.3
2025-03-28 10:00:00,847.65,519.75,822.79,1330.99,3521.18
2025-03-28 11:00:00,697.82,413.06,754.88,2110.05,3975.81
2025-03-28 12:00:00,887.04,395.84,853.43,1764.56,3900.86
2025-03-28 13:00:00,598.11,565.08,837.49,1411.03,3411.71
2025-03-28 14:00:00,970.8,383.86,745.99,1881.05,3981.7
2025-03-28 15:00:00,667.38,579.49,809.35,1524.71,3580.93
2025-03-28 16:00:00,372.61,431.26,913.64,1238.66,2956.17
2025-03-28 17:00:00,262.42,486.22,828.35,1991.21,3568.19
2025-03-28 18:00:00,0.0,495.29,920.63,1821.11,3237.02
2025-03-28 19:00:00,0.0,525.81,743.95,1589.67,2859.44
2025-03-28 20:00:00,0.0,619.97,853.09,1200.13,2673.19
2025-03-28 21:00:00,0.0,581.31,842.39,1876.28,3299.98
2025-03-28 22:00:00,0.0,488.02,770.21,1459.82,2718.06
2025-03-28 23:00:00,0.0,648.41,820.41,1304.4,2773.22
2025-03-29 00:00:00,0.0,544.03,756.09,1949.33,3249.45
2025-03-29 01:00:00,0.0,691.17,813.5,1768.25,3272.92
2025-03-29 02:00:00,0.0,498.54,777.66,1705.81,2982.01
2025-03-29 03:00:00,0.0,620.49,863.08,1298.98,2782.54
2025-03-29 04:00:00,0.0,562.29,878.86,1522.84,2963.98
2025-03-29 05:00:00,0.0,241.58,829.9,1691.52,2763.0
2025-03-29 06:00:00,0.0,531.84,790.42,1486.77,2809.02
2025-03-29 07:00:00,224.73,557.64,774.73,1842.71,3399.81
2025-03-29 08:00:00,474.22,490.18,699.9,1423.16,3087.47
2025-03-29 09:00:00,638.51,551.72,735.45,1565.56,3491.24
2025-03-29 10:00:00,881.06,135.43,748.08,1651.6,3416.17
2025-03-29 11:00:00,811.18,498.36,882.62,1937.07,4129.23
2025-03-29 12:00:00,997.24,538.98,791.46,1504.08,3831.76
2025-03-29 13:00:00,802.63,397.31,928.0,1592.26,3720.2
2025-03-29 14:00:00,762.76,454.86,812.8,1883.99,3914.41
2025-03-29 15:00:00,805.56,452.74,931.49,1616.24,3806.03
2025-03-29 16:00:00,575.81,418.49,788.7,1538.62,3321.62
2025-03-29 17:00:00,211.14,461.88,803.91,1389.92,2866.86
2025-03-29 18:00:00,0.0,617.67,836.32,1789.91,3243.9
2025-03-29 19:00:00,0.0,533.11,790.57,1659.48,2983.16
2025-03-29 20:00:00,0.0,371.35,836.33,1379.94,2587.62
2025-03-29 21:00:00,0.0,601.58,835.71,1524.95,2962.24
2025-03-29 22:00:00,0.0,545.62,819.4,1773.93,3138.96
2025-03-29 23:00:00,0.0,476.87,733.29,2111.7,3321.85
2025-03-30 00:00:00,0.0,334.58,717.38,1756.01,2807.97
2025-03-30 01:00:00,0.0,605.6,674.77,1284.36,2564.73
2025-03-30 02:00:00,0.0,533.72,737.29,2075.6,3346.6
2025-03-30 03:00:00,0.0,286.32,850.33,1584.89,2721.55
2025-03-30 04:00:00,0.0,309.93,742.01,1290.34,2342.28
2025-03-30 05:00:00,0.0,641.96,749.74,1798.66,3190.36
2025-03-30 06:00:00,0.0,449.65,776.82,1466.83,2693.29
2025-03-30 07:00:00,167.03,442.37,822.94,1567.86,3000.2
2025-03-30 08:00:00,367.25,528.77,870.97,1454.97,3221.96
2025-03-30 09:00:00,542.13,695.48,896.98,1563.64,3698.23
2025-03-30 10:00:00,840.51,557.38,774.05,1857.63,4029.57
2025-03-30 11:00:00,679.65,525.38,726.75,1587.55,3519.32
2025-03-30 12:00:00,687.92,512.15,785.83,1836.6,3822.5
2025-03-30 13:00:00,769.77,438.24,878.71,1919.3,4006.03
2025-03-30 14:00:00,715.66,443.24,660.44,1580.81,3400.14
2025-03-30 15:00:00,682.01,630.02,880.97,1718.71,3911.71
2025-03-30 16:00:00,337.74,511.7,845.65,1320.36,3015.44
2025-03-30 17:00:00,222.76,469.51,864.49,1703.65,3260.4
2025-03-30 18:00:00,0.0,477.94,768.61,1379.1,2625.64
2025-03-30 19:00:00,0.0,422.51,826.68,1474.25,2723.44
2025-03-30 20:00:00,0.0,480.78,809.78,1760.21,3050.77
2025-03-30 21:00:00,0.0,647.5,896.57,1501.73,3045.8
2025-03-30 22:00:00,0.0,645.9,811.42,1737.09,3194.42
2025-03-30 23:00:00,0.0,594.23,878.77,1523.69,2996.69
2025-03-31 00:00:00,0.0,570.67,779.43,1271.86,2621.97
2025-03-31 01:00:00,0.0,775.6,715.56,1753.95,3245.12
2025-03-31 02:00:00,0.0,398.28,793.37,1614.12,2805.77
2025-03-31 03:00:00,0.0,329.29,768.57,1762.19,2860.05
2025-03-31 04:00:00,0.0,862.74,854.76,1324.44,3041.95
2025-03-31 05:00:00,0.0,427.2,810.91,1522.21,2760.32
2025-03-31 06:00:00,0.0,566.89,684.87,1751.83,3003.59
2025-03-31 07:00:00,183.3,513.01,829.01,2082.14,3607.46
2025-03-31 08:00:00,375.1,202.65,820.8,1893.7,3292.25
2025-03-31 09:00:00,723.92,503.05,824.5,1558.14,3609.61
2025-03-31 10:00:00,692.06,320.92,772.12,1775.2,3560.3
2025-03-31 11:00:00,720.03,457.79,911.66,1995.85,4085.33
2025-03-31 12:00:00,764.69,246.48,786.54,1243.28,3040.99
2025-03-31 13:00:00,729.75,558.04,767.14,1815.19,3870.13
2025-03-31 14:00:00,840.0,476.11,783.55,1961.12,4060.79
2025-03-31 15:00:00,614.48,535.0,712.59,1183.31,3045.39
2025-03-31 16:00:00,444.36,286.97,748.77,1513.67,2993.77
2025-03-31 17:00:00,227.78,422.16,879.67,1560.31,3089.93
2025-03-31 18:00:00,0.0,463.47,748.86,1328.77,2541.1
2025-03-31 19:00:00,0.0,551.54,782.46,1666.15,3000.15
2025-03-31 20:00:00,0.0,354.48,828.62,1552.08,2735.19
2025-03-31 21:00:00,0.0,624.06,837.01,1431.94,2893.02
2025-03-31 22:00:00,0.0,370.05,725.14,1203.59,2298.78
2025-03-31 23:00:00,0.0,338.16,764.57,1571.88,2674.61
2025-04-01 00:00:00,0.0,802.21,791.46,1405.52,2999.19
2025-04-01 01:00:00,0.0,607.55,858.43,1517.85,2983.83
2025-04-01 02:00:00,0.0,554.59,803.57,1879.85,3238.02
2025-04-01 03:00:00,0.0,451.16,772.37,1836.87,3060.4
2025-04-01 04:00:00,0.0,528.06,777.06,1621.72,2926.84
2025-04-01 05:00:00,0.0,679.74,906.08,1691.27,3277.08
2025-04-01 06:00:00,0.0,650.42,746.22,1579.39,2976.03
2025-04-01 07:00:00,181.83,557.63,712.06,1620.48,3071.99
2025-04-01 08:00:00,493.57,614.77,816.15,1664.86,3589.36
2025-04-01 09:00:00,630.59,645.45,861.89,1234.61,3372.53
2025-04-01 10:00:00,691.7,383.26,863.66,1493.33,3431.95
2025-04-01 11:00:00,879.4,422.55,799.87,1713.15,3814.96
2025-04-01 12:00:00,399.35,364.99,809.68,1194.6,2768.63
2025-04-01 13:00:00,849.45,447.21,796.51,1971.99,4065.17
2025-04-01 14:00:00,673.38,489.93,727.97,1531.64,3422.92
2025-04-01 15:00:00,746.73,352.89,892.56,1406.51,3398.69
2025-04-01 16:00:00,387.74,431.78,785.69,1351.86,2957.07
2025-04-01 17:00:00,214.59,618.14,734.88,1170.92,2738.53
2025-04-01 18:00:00,0.0,417.59,860.51,2056.02,3334.12
2025-04-01 19:00:00,0.0,367.61,785.51,1522.66,2675.78
2025-04-01 20:00:00,0.0,757.09,668.65,1551.42,2977.16
2025-04-01 21:00:00,0.0,415.12,741.93,1539.26,2696.31
2025-04-01 22:00:00,0.0,584.41,825.72,1612.27,3022.4
2025-04-01 23:00:00,0.0,512.53,792.92,2096.3,3401.76
2025-04-02 00:00:00,0.0,334.77,847.44,1481.09,2663.29
2025-04-02 01:00:00,0.0,255.6,692.12,1109.4,2057.12
2025-04-02 02:00:00,0.0,482.2,862.55,1545.0,2889.75
2025-04-02 03:00:00,0.0,679.81,847.8,1947.01,3474.61
2025-04-02 04:00:00,0.0,349.45,687.25,1658.3,2695.01
2025-04-02 05:00:00,0.0,521.54,884.51,1651.56,3057.61
2025-04-02 06:00:00,0.0,598.55,753.62,1807.22,3159.39
2025-04-02 07:00:00,207.93,444.98,861.35,941.02,2455.28
2025-04-02 08:00:00,386.13,279.54,753.86,1889.12,3308.64
2025-04-02 09:00:00,564.06,475.04,731.76,1507.27,3278.14
2025-04-02 10:00:00,837.07,543.81,767.55,1508.2,3656.64
2025-04-02 11:00:00,727.48,634.38,803.25,1561.23,3726.35
2025-04-02 12:00:00,836.5,636.71,756.16,1669.91,3899.27
2025-04-02 13:00:00,961.92,483.36,720.01,1156.77,3322.05
2025-04-02 14:00:00,839.32,641.12,807.62,1668.34,3956.4
2025-04-02 15:00:00,649.61,367.06,817.49,1252.12,3086.28
2025-04-02 16:00:00,394.72,531.14,798.09,1333.9,3057.85
2025-04-02 17:00:00,266.64,510.04,753.81,1668.59,3199.09
2025-04-02 18:00:00,0.0,474.89,790.33,1331.77,2596.99
2025-04-02 19:00:00,0.0,377.18,789.83,1271.24,2438.25
2025-04-02 20:00:00,0.0,528.14,817.7,1520.69,2866.54
2025-04-02 21:00:00,0.0,815.66,831.79,1399.96,3047.4
2025-04-02 22:00:00,0.0,685.21,801.11,1829.07,3315.39
2025-04-02 23:00:00,0.0,552.01,752.99,876.79,2181.79
2025-04-03 00:00:00,0.0,664.91,839.69,2274.6,3779.2
2025-04-03 01:00:00,0.0,452.26,842.95,1669.27,2964.48
2025-04-03 02:00:00,0.0,529.82,722.55,1776.21,3028.58
2025-04-03 03:00:00,0.0,754.79,753.0,1855.09,3362.87
2025-04-03 04:00:00,0.0,480.57,802.5,1380.54,2663.61
2025-04-03 05:00:00,0.0,559.95,804.38,1166.49,2530.82
2025-04-03 06:00:00,0.0,564.21,818.14,1899.05,3281.39
2025-04-03 07:00:00,202.48,464.64,869.64,1631.36,3168.12
2025-04-03 08:00:00,367.25,701.83,888.63,1655.39,3613.1
2025-04-03 09:00:00,620.88,563.73,734.89,1804.29,3723.79
2025-04-03 10:00:00,703.94,376.05,781.6,1609.2,3470.8
2025-04-03 11:00:00,915.53,583.13,930.56,1802.09,4231.3
2025-04-03 12:00:00,828.93,342.32,772.92,1123.92,3068.1
2025-04-03 13:00:00,764.52,567.62,784.95,980.19,3097.29
2025-04-03 14:00:00,615.04,409.23,829.84,2053.67,3907.78
2025-04-03 15:00:00,544.18,557.46,742.42,1515.87,3359.93
2025-04-03 16:00:00,482.96,360.19,697.03,1690.58,3230.77
2025-04-03 17:00:00,231.94,533.61,708.43,1807.53,3281.5
2025-04-03 18:00:00,0.0,583.1,712.07,1739.29,3034.46
2025-04-03 19:00:00,0.0,289.79,816.61,1579.58,2685.98
2025-04-03 20:00:00,0.0,495.32,812.68,1123.93,2431.93
2025-04-03 21:00:00,0.0,401.07,840.8,1634.69,2876.55
2025-04-03 22:00:00,0.0,355.76,811.83,1443.05,2610.64
2025-04-03 23:00:00,0.0,524.61,744.57,1360.49,2629.67
2025-04-04 00:00:00,0.0,413.26,704.41,1645.24,2762.91
2025-04-04 01:00:00,0.0,400.23,771.02,1765.2,2936.45
2025-04-04 02:00:00,0.0,339.43,776.32,1762.9,2878.66
2025-04-04 03:00:00,0.0,432.29,881.84,1679.16,2993.3
2025-04-04 04:00:00,0.0,593.0,832.42,1637.85,3063.26
2025-04-04 05:00:00,0.0,447.33,739.5,1560.49,2747.33
2025-04-04 06:00:00,0.0,590.56,719.4,1523.26,2833.21
2025-04-04 07:00:00,180.28,526.33,869.55,1937.16,3513.32
2025-04-04 08:00:00,343.11,501.04,846.94,1390.77,3081.86
2025-04-04 09:00:00,616.13,574.95,794.38,1751.97,3737.43
2025-04-04 10:00:00,666.9,451.49,817.75,1472.98,3409.11
2025-04-04 11:00:00,834.45,531.88,801.26,1627.8,3795.4
2025-04-04 12:00:00,866.38,473.57,733.89,1478.59,3552.43
2025-04-04 13:00:00,1025.52,757.35,830.16,1598.61,4211.65
2025-04-04 14:00:00,692.91,602.61,782.63,1520.34,3598.5
2025-04-04 15:00:00,607.2,514.47,731.35,1792.49,3645.51
2025-04-04 16:00:00,302.47,381.65,779.55,2110.44,3574.11
2025-04-04 17:00:00,208.5,527.63,719.08,1409.96,2865.17
2025-04-04 18:00:00,0.0,720.63,795.46,1436.77,2952.86
2025-04-04 19:00:00,0.0,258.62,711.43,1702.32,2672.37
2025-04-04 20:00:00,0.0,483.19,777.48,1311.73,2572.4
2025-04-04 21:00:00,0.0,603.13,797.3,1583.27,2983.7
2025-04-04 22:00:00,0.0,527.54,858.99,1645.25,3031.79
2025-04-04 23:00:00,0.0,473.81,802.56,1793.21,3069.58
2025-04-05 00:00:00,0.0,696.22,769.67,1547.68,3013.58
2025-04-05 01:00:00,0.0,555.78,824.19,2006.91,3386.87
2025-04-05 02:00:00,0.0,510.82,786.41,1636.95,2934.17
2025-04-05 03:00:00,0.0,657.12,781.31,1886.0,3324.42
2025-04-05 04:00:00,0.0,466.92,761.86,1870.61,3099.39
2025-04-05 05:00:00,0.0,571.97,897.45,1663.78,3133.19
2025-04-05 06:00:00,0.0,517.84,813.52,1942.14,3273.51
2025-04-05 07:00:00,236.45,549.9,813.88,2044.99,3645.22
2025-04-05 08:00:00,423.44,434.94,845.27,1891.3,3594.96
2025-04-05 09:00:00,717.73,717.0,849.82,1611.6,3896.14
2025-04-05 10:00:00,777.94,283.27,766.32,1895.28,3722.82
2025-04-05 11:00:00,758.12,664.74,806.37,1694.77,3923.99
2025-04-05 12:00:00,752.67,561.99,829.45,1685.74,3829.84
2025-04-05 13:00:00,1062.18,490.28,853.56,1307.26,3713.28
2025-04-05 14:00:00,796.78,352.51,713.03,1330.16,3192.48
2025-04-05 15:00:00,584.61,489.05,934.31,1773.47,3781.43
2025-04-05 16:00:00,409.03,577.68,908.59,1397.53,3292.82
2025-04-05 17:00:00,299.56,600.77,791.37,1811.56,3503.26
2025-04-05 18:00:00,0.0,700.13,787.53,1677.95,3165.6
2025-04-05 19:00:00,0.0,321.11,872.16,1399.14,2592.41
2025-04-05 20:00:00,0.0,495.19,822.25,1663.21,2980.64
2025-04-05 21:00:00,0.0,612.9,830.37,2073.23,3516.5
2025-04-05 22:00:00,0.0,525.39,752.67,1476.48,2754.54
2025-04-05 23:00:00,0.0,416.77,744.42,1345.99,2507.18
2025-04-06 00:00:00,0.0,393.87,823.19,1114.02,2331.08
2025-04-06 01:00:00,0.0,498.07,808.52,1740.52,3047.11
2025-04-06 02:00:00,0.0,442.28,750.62,1949.81,3142.71
2025-04-06 03:00:00,0.0,516.01,791.67,2351.52,3659.2
2025-04-06 04:00:00,0.0,406.87,728.9,1570.21,2705.98
2025-04-06 05:00:00,0.0,367.43,762.22,1310.67,2440.32
2025-04-06 06:00:00,0.0,389.27,677.85,1629.03,2696.14
2025-04-06 07:00:00,210.2,684.33,798.92,1929.07,3622.52
2025-04-06 08:00:00,459.11,513.73,734.14,1600.22,3307.2
2025-04-06 09:00:00,636.37,636.72,766.16,1537.97,3577.21
2025-04-06 10:00:00,674.38,557.76,843.0,1551.71,3626.85
2025-04-06 11:00:00,913.72,567.46,769.02,1870.46,4120.65
2025-04-06 12:00:00,938.2,525.36,964.09,1620.61,4048.26
2025-04-06 13:00:00,797.15,542.46,822.83,1385.56,3548.0
2025-04-06 14:00:00,704.32,485.13,822.79,1029.34,3041.58
2025-04-06 15:00:00,565.22,597.09,790.3,1340.88,3293.48
2025-04-06 16:00:00,463.19,399.81,894.77,1057.17,2814.95
2025-04-06 17:00:00,216.95,373.49,758.6,1703.48,3052.52
2025-04-06 18:00:00,0.0,507.69,773.12,1412.63,2693.45
2025-04-06 19:00:00,0.0,569.72,853.53,1829.86,3253.12
2025-04-06 20:00:00,0.0,642.89,791.95,1549.26,2984.09
2025-04-06 21:00:00,0.0,744.49,840.01,1712.47,3296.97
2025-04-06 22:00:00,0.0,163.27,805.39,1686.54,2655.19
2025-04-06 23:00:00,0.0,658.1,722.42,1641.4,3021.91
2025-04-07 00:00:00,0.0,468.99,883.58,1658.03,3010.6
2025-04-07 01:00:00,0.0,477.92,795.82,1642.29,2916.03
2025-04-07 02:00:00,0.0,495.48,843.83,1542.93,2882.25
2025-04-07 03:00:00,0.0,502.26,805.83,1685.15,2993.24
2025-04-07 04:00:00,0.0,558.91,667.96,1673.64,2900.51
2025-04-07 05:00:00,0.0,448.17,835.51,1724.03,3007.7
2025-04-07 06:00:00,0.0,650.01,768.66,1649.06,3067.73
2025-04-07 07:00:00,205.32,509.68,783.06,1819.45,3317.51
2025-04-07 08:00:00,338.59,483.51,718.26,2034.83,3575.19
2025-04-07 09:00:00,602.56,628.88,817.15,1551.66,3600.25
2025-04-07 10:00:00,771.77,372.69,766.33,1358.72,3269.51
2025-04-07 11:00:00,763.86,602.21,800.52,1333.14,3499.74
2025-04-07 12:00:00,785.34,372.22,848.1,1159.82,3165.48
2025-04-07 13:00:00,766.05,582.0,774.82,1300.55,3423.42
2025-04-07 14:00:00,669.84,440.27,826.61,1718.71,3655.44
2025-04-07 15:00:00,489.63,478.37,724.42,1287.85,2980.27
2025-04-07 16:00:00,385.66,300.71,794.4,1877.34,3358.11
2025-04-07 17:00:00,220.68,645.99,759.14,1602.74,3228.55
2025-04-07 18:00:00,0.0,470.22,762.7,1732.5,2965.42
2025-04-07 19:00:00,0.0,412.67,702.62,1953.33,3068.61
2025-04-07 20:00:00,0.0,673.23,807.15,1795.78,3276.15
2025-04-07 21:00:00,0.0,659.23,791.64,2051.54,3502.4
2025-04-07 22:00:00,0.0,499.3,738.84,1032.28,2270.42
2025-04-07 23:00:00,0.0,517.89,783.87,1773.57,3075.33
2025-04-08 00:00:00,0.0,461.32,772.68,1227.28,2461.28
2025-04-08 01:00:00,0.0,608.22,822.33,1514.01,2944.57
2025-04-08 02:00:00,0.0,317.15,737.29,1401.69,2456.13
2025-04-08 03:00:00,0.0,447.93,767.11,1348.9,2563.95
2025-04-08 04:00:00,0.0,687.85,749.43,1181.72,2619.0
2025-04-08 05:00:00,0.0,484.39,728.88,1411.95,2625.22
2025-04-08 06:00:00,0.0,650.4,786.2,1843.79,3280.4
2025-04-08 07:00:00,264.12,575.74,807.86,1177.72,2825.44
2025-04-08 08:00:00,497.87,237.59,743.64,1338.36,2817.46
2025-04-08 09:00:00,761.36,633.24,819.46,1505.56,3719.61
2025-04-08 10:00:00,783.82,427.37,799.26,1316.8,3327.25
2025-04-08 11:00:00,970.9,592.72,690.79,1418.4,3672.81
2025-04-08 12:00:00,793.04,519.09,736.3,1363.9,3412.32
2025-04-08 13:00:00,781.8,515.52,789.74,1454.34,3541.4
2025-04-08 14:00:00,928.25,514.04,765.54,1047.62,3255.46
2025-04-08 15:00:00,609.15,377.88,747.85,1011.32,2746.21
2025-04-08 16:00:00,375.95,456.05,755.99,1836.65,3424.65
2025-04-08 17:00:00,288.54,688.92,734.4,1474.44,3186.31
2025-04-08 18:00:00,0.0,571.33,840.11,1502.86,2914.3
2025-04-08 19:00:00,0.0,573.14,956.94,1818.27,3348.34
2025-04-08 20:00:00,0.0,439.14,788.22,1947.37,3174.73
2025-04-08 21:00:00,0.0,304.21,872.24,1544.76,2721.21
2025-04-08 22:00:00,0.0,567.31,845.14,1542.98,2955.43
2025-04-08 23:00:00,0.0,655.38,855.59,1721.29,3232.26
2025-04-09 00:00:00,0.0,586.43,654.28,1481.68,2722.39
2025-04-09 01:00:00,0.0,649.11,831.04,1539.64,3019.8
2025-04-09 02:00:00,0.0,642.7,735.5,1166.57,2544.77
2025-04-09 03:00:00,0.0,465.85,849.08,1069.34,2384.27
2025-04-09 04:00:00,0.0,514.09,738.31,1788.48,3040.89
2025-04-09 05:00:00,0.0,377.63,767.37,1794.08,2939.08
2025-04-09 06:00:00,0.0,410.6,807.59,1598.87,2817.06
2025-04-09 07:00:00,200.45,536.73,785.46,1221.72,2744.36
2025-04-09 08:00:00,397.64,633.62,767.38,1982.38,3781.01
2025-04-09 09:00:00,682.78,490.53,772.24,1334.01,3279.56
2025-04-09 10:00:00,607.44,569.01,725.84,1402.55,3304.84
2025-04-09 11:00:00,850.96,397.55,859.12,1381.54,3489.18
2025-04-09 12:00:00,861.63,649.48,754.12,1904.09,4169.33
2025-04-09 13:00:00,939.4,589.75,723.94,1497.32,3750.4
2025-04-09 14:00:00,741.16,602.13,791.43,1659.17,3793.88
2025-04-09 15:00:00,653.2,410.58,855.09,1686.45,3605.32
2025-04-09 16:00:00,514.77,545.85,811.07,1370.57,3242.25
2025-04-09 17:00:00,273.06,512.31,680.74,1754.02,3220.13
2025-04-09 18:00:00,0.0,467.08,816.07,1976.84,3259.99
2025-04-09 19:00:00,0.0,683.2,794.81,1599.21,3077.22
2025-04-09 20:00:00,0.0,560.73,678.19,1695.63,2934.56
2025-04-09 21:00:00,0.0,360.76,717.64,1219.7,2298.1
2025-04-09 22:00:00,0.0,461.13,810.72,1618.99,2890.84
2025-04-09 23:00:00,0.0,372.93,804.02,1381.65,2558.59
2025-04-10 00:00:00,0.0,450.4,851.79,1650.47,2952.67
2025-04-10 01:00:00,0.0,775.16,651.28,1234.27,2660.71
2025-04-10 02:00:00,0.0,592.1,765.0,1473.08,2830.17
2025-04-10 03:00:00,0.0,476.98,835.35,1660.93,2973.26
2025-04-10 04:00:00,0.0,396.78,940.38,2096.06,3433.21
2025-04-10 05:00:00,0.0,314.02,803.16,1381.26,2498.45
2025-04-10 06:00:00,0.0,752.33,786.59,1528.03,3066.94
2025-04-10 07:00:00,201.43,698.0,814.56,1569.35,3283.34
2025-04-10 08:00:00,465.14,353.35,839.19,1840.29,3497.97
2025-04-10 09:00:00,659.89,596.08,757.53,1670.88,3684.37
2025-04-10 10:00:00,762.77,484.13,742.43,1666.72,3656.05
2025-04-10 11:00:00,570.3,617.03,773.16,1714.93,3675.41
2025-04-10 12:00:00,866.71,499.58,779.13,1697.86,3843.28
2025-04-10 13:00:00,782.54,575.86,803.77,1728.84,3891.01
2025-04-10 14:00:00,716.76,627.83,752.31,1642.97,3739.85
2025-04-10 15:00:00,478.94,563.49,751.59,1606.22,3400.24
2025-04-10 16:00:00,432.59,385.73,819.78,1401.24,3039.33
2025-04-10 17:00:00,204.43,391.51,739.87,1512.74,2848.55
2025-04-10 18:00:00,0.0,365.91,707.82,2196.22,3269.95
2025-04-10 19:00:00,0.0,564.52,823.12,2015.51,3403.16
2025-04-10 20:00:00,0.0,602.14,800.07,1167.2,2569.41
2025-04-10 21:00:00,0.0,483.53,754.01,1172.88,2410.42
2025-04-10 22:00:00,0.0,604.33,763.31,1781.77,3149.41
2025-04-10 23:00:00,0.0,508.76,810.26,1663.5,2982.51
2025-04-11 00:00:00,0.0,524.62,809.13,1814.36,3148.12
2025-04-11 01:00:00,0.0,626.7,711.77,1652.6,2991.06
2025-04-11 02:00:00,0.0,588.84,721.14,1474.14,2784.12
2025-04-11 03:00:00,0.0,384.2,808.05,1834.73,3026.99
2025-04-11 04:00:00,0.0,419.21,799.64,1569.21,2788.06
2025-04-11 05:00:00,0.0,650.48,851.79,1626.05,3128.32
2025-04-11 06:00:00,0.0,526.38,768.22,1326.27,2620.87
2025-04-11 07:00:00,251.32,648.86,840.72,1591.81,3332.71
2025-04-11 08:00:00,444.64,417.41,750.56,1417.02,3029.63
2025-04-11 09:00:00,512.02,360.3,793.22,1559.39,3224.93
2025-04-11 10:00:00,648.06,427.36,720.96,1260.6,3056.99
2025-04-11 11:00:00,577.11,669.57,911.21,1574.93,3732.82
2025-04-11 12:00:00,802.39,478.36,772.89,1373.33,3426.98
2025-04-11 13:00:00,741.9,420.83,798.95,1514.97,3476.65
2025-04-11 14:00:00,589.25,728.85,667.9,1563.41,3549.41
2025-04-11 15:00:00,521.74,380.02,980.45,1428.28,3310.49
2025-04-11 16:00:00,499.32,373.27,882.83,1276.96,3032.38
2025-04-11 17:00:00,269.45,486.81,724.74,1569.73,3050.72
2025-04-11 18:00:00,0.0,536.25,816.18,1647.07,2999.5
2025-04-11 19:00:00,0.0,524.93,726.5,1455.25,2706.68
2025-04-11 20:00:00,0.0,607.12,808.65,2034.58,3450.36
2025-04-11 21:00:00,0.0,343.84,815.5,797.37,1956.71
2025-04-11 22:00:00,0.0,715.81,781.53,1957.9,3455.24
2025-04-11 23:00:00,0.0,465.19,800.91,1489.95,2756.05
2025-04-12 00:00:00,0.0,473.4,697.97,2031.81,3203.18
2025-04-12 01:00:00,0.0,548.89,763.48,1877.12,3189.49
2025-04-12 02:00:00,0.0,481.95,725.21,1601.69,2808.85
2025-04-12 03:00:00,0.0,573.24,760.27,1686.89,3020.4
2025-04-12 04:00:00,0.0,635.03,795.87,1459.97,2890.87
2025-04-12 05:00:00,0.0,508.92,761.53,1559.12,2829.57
2025-04-12 06:00:00,0.0,427.7,806.17,1456.03,2689.9
2025-04-12 07:00:00,243.48,566.51,817.53,1846.64,3474.15
2025-04-12 08:00:00,481.03,566.0,820.61,1414.11,3281.74
2025-04-12 09:00:00,692.16,561.39,767.5,1631.27,3652.33
2025-04-12 10:00:00,625.67,432.11,856.32,1591.07,3505.17
2025-04-12 11:00:00,684.25,530.25,819.25,1541.22,3574.98
2025-04-12 12:00:00,768.6,511.22,820.0,2016.46,4116.28
2025-04-12 13:00:00,803.99,734.62,725.26,1422.68,3686.55
2025-04-12 14:00:00,679.91,377.73,825.97,1333.34,3216.96
2025-04-12 15:00:00,501.91,470.08,858.81,1449.03,3279.83
2025-04-12 16:00:00,469.12,395.33,811.96,1916.12,3592.52
2025-04-12 17:00:00,264.82,451.2,706.23,1628.9,3051.15
2025-04-12 18:00:00,0.0,469.34,771.62,1714.86,2955.81
2025-04-12 19:00:00,0.0,394.08,751.24,1626.52,2771.83
2025-04-12 20:00:00,0.0,299.12,808.36,1518.85,2626.33
2025-04-12 21:00:00,0.0,602.62,781.0,1666.23,3049.85
2025-04-12 22:00:00,0.0,434.68,764.71,1607.74,2807.14
2025-04-12 23:00:00,0.0,457.72,759.4,1688.97,2906.09
2025-04-13 00:00:00,0.0,419.65,733.77,1200.32,2353.73
2025-04-13 01:00:00,0.0,241.78,866.53,1482.08,2590.38
2025-04-13 02:00:00,0.0,610.98,760.01,1844.09,3215.07
2025-04-13 03:00:00,0.0,443.33,839.56,1703.3,2986.18
2025-04-13 04:00:00,0.0,443.54,666.71,1543.1,2653.35
2025-04-13 05:00:00,0.0,360.06,748.14,1578.46,2686.66
2025-04-13 06:00:00,0.0,358.36,766.88,1840.3,2965.55
2025-04-13 07:00:00,227.38,654.68,719.67,1428.16,3029.89
2025-04-13 08:00:00,417.47,480.58,752.84,1691.94,3342.83
2025-04-13 09:00:00,666.39,475.74,765.71,1705.54,3613.38
2025-04-13 10:00:00,735.72,481.62,824.94,1889.76,3932.04
2025-04-13 11:00:00,838.14,529.9,711.18,1490.69,3569.91
2025-04-13 12:00:00,1147.39,619.14,709.16,1774.16,4249.85
2025-04-13 13:00:00,1010.66,663.22,715.53,1220.98,3610.39
2025-04-13 14:00:00,775.8,463.02,896.05,1727.61,3862.47
2025-04-13 15:00:00,552.65,551.87,969.69,1678.63,3752.83
2025-04-13 16:00:00,502.82,280.92,746.85,1415.99,2946.58
2025-04-13 17:00:00,154.03,537.35,814.84,1815.67,3321.89
2025-04-13 18:00:00,0.0,554.62,843.75,1387.53,2785.9
2025-04-13 19:00:00,0.0,415.24,833.24,1473.88,2722.36
2025-04-13 20:00:00,0.0,445.98,859.76,1802.44,3108.18
2025-04-13 21:00:00,0.0,548.47,784.62,1762.58,3095.66
2025-04-13 22:00:00,0.0,521.4,811.56,1487.25,2820.21
2025-04-13 23:00:00,0.0,636.42,815.13,1244.63,2696.19
2025-04-14 00:00:00,0.0,430.59,801.0,1318.42,2550.02
2025-04-14 01:00:00,0.0,374.93,790.95,1605.2,2771.08
2025-04-14 02:00:00,0.0,567.41,688.86,1742.42,2998.69
2025-04-14 03:00:00,0.0,467.97,722.45,1476.21,2666.63
2025-04-14 04:00:00,0.0,709.39,796.76,1994.06,3500.21
2025-04-14 05:00:00,0.0,458.57,756.55,1406.67,2621.8
2025-04-14 06:00:00,0.0,430.74,843.61,1983.16,3257.51
2025-04-14 07:00:00,224.72,385.86,715.02,2093.05,3418.66
2025-04-14 08:00:00,423.27,631.52,782.23,1612.14,3449.16
2025-04-14 09:00:00,593.77,561.4,805.6,1889.26,3850.03
2025-04-14 10:00:00,685.05,495.63,682.19,1854.75,3717.61
2025-04-14 11:00:00,913.12,691.25,780.28,1606.54,3991.18
2025-04-14 12:00:00,930.86,477.02,863.8,1490.03,3761.71
2025-04-14 13:00:00,939.52,273.02,720.8,1848.07,3781.42
2025-04-14 14:00:00,735.01,283.8,764.01,1640.55,3423.37
2025-04-14 15:00:00,564.99,594.92,799.46,1710.44,3669.81
2025-04-14 16:00:00,390.01,498.26,770.4,1820.99,3479.67
2025-04-14 17:00:00,238.67,638.1,800.16,2036.5,3713.43
2025-04-14 18:00:00,0.0,481.14,826.09,1616.36,2923.58
2025-04-14 19:00:00,0.0,609.95,815.24,2029.37,3454.56
2025-04-14 20:00:00,0.0,175.84,831.83,1640.91,2648.57
2025-04-14 21:00:00,0.0,421.4,778.18,1300.64,2500.22
2025-04-14 22:00:00,0.0,369.14,733.91,1723.92,2826.98
2025-04-14 23:00:00,0.0,401.66,702.68,1706.28,2810.62
2025-04-15 00:00:00,0.0,657.26,818.86,1952.91,3429.03
2025-04-15 01:00:00,0.0,603.45,778.67,1471.78,2853.89
2025-04-15 02:00:00,0.0,477.97,814.75,1548.87,2841.59
2025-04-15 03:00:00,0.0,620.68,631.39,1562.98,2815.06
2025-04-15 04:00:00,0.0,414.75,960.97,1385.52,2761.23
2025-04-15 05:00:00,0.0,625.3,770.65,2074.86,3470.81
2025-04-15 06:00:00,0.0,373.3,756.74,1617.6,2747.63
2025-04-15 07:00:00,191.46,622.86,817.25,1631.98,3263.56
2025-04-15 08:00:00,382.72,484.4,667.26,1720.0,3254.39
2025-04-15 09:00:00,692.14,570.88,829.17,1697.35,3789.54
2025-04-15 10:00:00,707.94,499.77,716.17,1989.15,3913.03
2025-04-15 11:00:00,821.72,540.13,796.36,1574.66,3732.86
2025-04-15 12:00:00,917.18,390.51,779.87,1453.33,3540.89
2025-04-15 13:00:00,812.35,373.7,736.99,1689.63,3612.67
2025-04-15 14:00:00,845.53,527.53,787.69,2111.61,4272.36
2025-04-15 15:00:00,524.95,539.84,820.16,1337.31,3222.25
2025-04-15 16:00:00,470.86,424.07,923.65,1432.91,3251.49
2025-04-15 17:00:00,160.14,650.85,777.99,1920.86,3509.83
2025-04-15 18:00:00,0.0,435.56,754.32,1957.4,3147.28
2025-04-15 19:00:00,0.0,398.7,753.97,1645.23,2797.9
2025-04-15 20:00:00,0.0,498.75,766.77,1188.77,2454.29
2025-04-15 21:00:00,0.0,440.52,637.76,1317.83,2396.11
2025-04-15 22:00:00,0.0,363.42,797.18,1672.54,2833.14
2025-04-15 23:00:00,0.0,553.34,714.14,1597.61,2865.09
2025-04-16 00:00:00,0.0,265.94,833.98,1143.75,2243.67
2025-04-16 01:00:00,0.0,608.58,782.18,1832.88,3223.64
2025-04-16 02:00:00,0.0,462.04,785.36,1416.32,2663.72
2025-04-16 03:00:00,0.0,467.71,769.73,2079.49,3316.93
2025-04-16 04:00:00,0.0,562.77,837.52,1095.73,2496.02
2025-04-16 05:00:00,0.0,453.17,882.87,1708.03,3044.07
2025-04-16 06:00:00,0.0,586.89,824.22,1372.86,2783.97
2025-04-16 07:00:00,221.05,524.01,840.96,1324.82,2910.84
2025-04-16 08:00:00,342.46,587.61,771.29,1427.32,3128.69
2025-04-16 09:00:00,653.44,387.88,835.64,1929.19,3806.15
2025-04-16 10:00:00,820.71,476.7,750.59,1997.98,4045.98
2025-04-16 11:00:00,843.5,393.63,592.85,1767.91,3597.89
2025-04-16 12:00:00,804.32,474.36,804.35,1342.81,3425.85
2025-04-16 13:00:00,754.43,475.75,799.11,1870.43,3899.72
2025-04-16 14:00:00,871.01,570.98,890.47,1557.72,3890.18
2025-04-16 15:00:00,519.96,640.97,702.17,1090.71,2953.81
2025-04-16 16:00:00,336.8,248.17,803.02,2131.56,3519.55
2025-04-16 17:00:00,233.59,628.79,810.29,1615.78,3288.45
2025-04-16 18:00:00,0.0,742.15,782.53,1760.84,3285.53
2025-04-16 19:00:00,0.0,488.18,890.66,1714.12,3092.96
2025-04-16 20:00:00,0.0,725.81,811.88,1650.61,3188.3
2025-04-16 21:00:00,0.0,489.26,775.85,1496.91,2762.02
2025-04-16 22:00:00,0.0,656.58,733.58,1734.19,3124.35
2025-04-16 23:00:00,0.0,592.65,810.3,1439.14,2842.09
2025-04-17 00:00:00,0.0,422.51,757.65,1035.09,2215.25
2025-04-17 01:00:00,0.0,651.38,763.03,1598.61,3013.02
2025-04-17 02:00:00,0.0,472.45,870.95,1322.1,2665.5
2025-04-17 03:00:00,0.0,381.79,611.92,1602.02,2595.74
2025-04-17 04:00:00,0.0,444.51,900.79,1760.9,3106.19
2025-04-17 05:00:00,0.0,483.44,790.73,1367.07,2641.25
2025-04-17 06:00:00,0.0,507.83,751.25,1877.56,3136.64
2025-04-17 07:00:00,221.8,409.1,650.86,1567.19,2848.95
2025-04-17 08:00:00,411.52,505.87,927.68,1577.83,3422.9
2025-04-17 09:00:00,584.53,491.75,789.31,1707.56,3573.15
2025-04-17 10:00:00,795.42,478.73,950.3,1846.66,4071.1
2025-04-17 11:00:00,750.46,231.46,880.89,1673.66,3536.47
2025-04-17 12:00:00,837.01,353.14,712.83,1697.25,3600.24
2025-04-17 13:00:00,660.22,498.07,663.73,1667.34,3489.37
2025-04-17 14:00:00,666.77,552.88,748.71,1554.83,3523.19
2025-04-17 15:00:00,634.75,404.59,873.19,1877.05,3789.59
2025-04-17 16:00:00,406.7,588.45,684.53,1170.2,2849.88
2025-04-17 17:00:00,268.85,431.73,846.16,1780.34,3327.08
2025-04-17 18:00:00,0.0,449.25,778.81,1357.41,2585.47
2025-04-17 19:00:00,0.0,547.44,885.52,1577.25,3010.21
2025-04-17 20:00:00,0.0,502.01,946.69,1616.58,3065.28
2025-04-17 21:00:00,0.0,543.59,825.48,1117.98,2487.05
2025-04-17 22:00:00,0.0,346.05,711.83,1979.54,3037.42
2025-04-17 23:00:00,0.0,751.87,765.53,1988.32,3505.73
2025-04-18 00:00:00,0.0,630.4,904.8,2039.0,3574.21
2025-04-18 01:00:00,0.0,444.34,771.75,1159.48,2375.57
2025-04-18 02:00:00,0.0,518.16,786.36,1605.46,2909.98
2025-04-18 03:00:00,0.0,331.95,837.85,1638.09,2807.89
2025-04-18 04:00:00,0.0,376.75,864.2,1494.12,2735.06
2025-04-18 05:00:00,0.0,621.92,695.35,1199.74,2517.01
2025-04-18 06:00:00,0.0,714.11,776.25,1912.66,3403.02
2025-04-18 07:00:00,282.5,581.29,799.26,1408.16,3071.21
2025-04-18 08:00:00,401.17,418.49,840.18,1748.76,3408.6
2025-04-18 09:00:00,586.28,511.58,761.73,1250.32,3109.91
2025-04-18 10:00:00,807.65,567.55,860.55,1507.44,3743.19
2025-04-18 11:00:00,778.19,587.51,863.01,1264.03,3492.74
2025-04-18 12:00:00,772.28,671.36,826.44,1298.47,3568.55
2025-04-18 13:00:00,770.69,488.44,724.61,1074.0,3057.75
2025-04-18 14:00:00,774.51,535.18,699.89,1952.42,3962.0
2025-04-18 15:00:00,574.26,475.98,761.39,1726.07,3537.7
2025-04-18 16:00:00,411.22,374.59,902.15,1981.1,3669.05
2025-04-18 17:00:00,221.72,469.06,748.53,1842.94,3282.25
2025-04-18 18:00:00,0.0,634.19,774.43,1992.99,3401.6
2025-04-18 19:00:00,0.0,421.44,754.43,1135.73,2311.6
2025-04-18 20:00:00,0.0,309.04,776.65,1789.78,2875.47
2025-04-18 21:00:00,0.0,595.05,729.96,1419.5,2744.51
2025-04-18 22:00:00,0.0,651.31,766.37,1693.0,3110.68
2025-04-18 23:00:00,0.0,531.01,776.91,2001.9,3309.83
2025-04-19 00:00:00,0.0,367.7,746.2,1277.99,2391.88
2025-04-19 01:00:00,0.0,521.55,804.62,1617.96,2944.13
2025-04-19 02:00:00,0.0,620.91,777.0,1936.05,3333.96
2025-04-19 03:00:00,0.0,532.46,801.84,1570.05,2904.34
2025-04-19 04:00:00,0.0,411.07,725.28,1784.61,2920.97
2025-04-19 05:00:00,0.0,588.68,818.35,1470.17,2877.21
2025-04-19 06:00:00,0.0,337.22,733.66,1982.32,3053.21
2025-04-19 07:00:00,247.81,633.94,845.87,1425.02,3152.65
2025-04-19 08:00:00,378.93,462.19,773.65,1411.74,3026.51
2025-04-19 09:00:00,527.16,661.78,860.24,1541.24,3590.43
2025-04-19 10:00:00,710.8,549.86,891.09,841.65,2993.39
2025-04-19 11:00:00,1002.44,658.13,793.98,1880.54,4335.1
2025-04-19 12:00:00,953.28,644.73,759.97,1757.24,4115.21
2025-04-19 13:00:00,967.17,647.13,844.02,1608.1,4066.42
2025-04-19 14:00:00,872.46,309.5,709.33,1782.45,3673.74
2025-04-19 15:00:00,712.3,470.16,833.62,1902.41,3918.49
2025-04-19 16:00:00,340.78,558.92,830.26,1191.7,2921.65
2025-04-19 17:00:00,235.2,255.32,801.36,1928.06,3219.95
2025-04-19 18:00:00,0.0,451.87,850.34,1777.95,3080.15
2025-04-19 19:00:00,0.0,526.56,775.85,1538.14,2840.55
2025-04-19 20:00:00,0.0,691.73,706.04,1451.11,2848.89
2025-04-19 21:00:00,0.0,574.57,732.8,1526.84,2834.22
2025-04-19 22:00:00,0.0,530.91,812.84,1638.24,2982.0
2025-04-19 23:00:00,0.0,799.34,857.07,1673.3,3329.71
2025-04-20 00:00:00,0.0,459.2,858.19,1198.68,2516.07
2025-04-20 01:00:00,0.0,291.17,731.86,1584.41,2607.44
2025-04-20 02:00:00,0.0,386.57,858.21,1820.03,3064.81
2025-04-20 03:00:00,0.0,586.16,830.75,1691.41,3108.33
2025-04-20 04:00:00,0.0,532.83,850.99,1167.27,2551.08
2025-04-20 05:00:00,0.0,716.8,685.8,1477.39,2879.99
2025-04-20 06:00:00,0.0,672.73,853.03,1608.65,3134.41
2025-04-20 07:00:00,242.27,300.99,733.52,1511.88,2788.66
2025-04-20 08:00:00,420.22,692.77,786.41,1621.38,3520.77
2025-04-20 09:00:00,542.6,662.05,840.98,1845.53,3891.16
2025-04-20 10:00:00,566.78,543.95,884.22,1585.53,3580.48
2025-04-20 11:00:00,812.13,566.98,846.95,1584.15,3810.21
2025-04-20 12:00:00,854.72,428.13,868.1,1766.01,3916.96
2025-04-20 13:00:00,878.43,543.58,802.58,2066.72,4291.31
2025-04-20 14:00:00,714.31,605.36,800.23,1735.02,3854.92
2025-04-20 15:00:00,852.85,253.07,794.96,1355.89,3256.77
2025-04-20 16:00:00,468.47,679.72,836.2,1264.86,3249.26
2025-04-20 17:00:00,233.25,235.17,860.59,1604.04,2933.04
2025-04-20 18:00:00,0.0,594.45,846.16,1136.34,2576.95
2025-04-20 19:00:00,0.0,496.24,802.95,1510.62,2809.81
2025-04-20 20:00:00,0.0,443.66,818.85,1793.85,3056.36
2025-04-20 21:00:00,0.0,419.73,840.69,1680.46,2940.88
2025-04-20 22:00:00,0.0,511.11,816.81,2049.93,3377.85
2025-04-20 23:00:00,0.0,482.33,798.48,1882.08,3162.89
2025-04-21 00:00:00,0.0,590.47,817.8,1931.75,3340.02
2025-04-21 01:00:00,0.0,473.05,779.24,1183.78,2436.07
2025-04-21 02:00:00,0.0,507.41,717.39,1600.01,2824.82
2025-04-21 03:00:00,0.0,455.93,777.5,1189.7,2423.13
2025-04-21 04:00:00,0.0,527.32,778.21,1545.71,2851.24
2025-04-21 05:00:00,0.0,480.41,834.28,1403.69,2718.37
2025-04-21 06:00:00,0.0,522.78,791.74,1210.69,2525.2
2025-04-21 07:00:00,258.13,521.03,723.07,1859.95,3362.18
2025-04-21 08:00:00,377.28,370.88,705.96,1398.6,2852.72
2025-04-21 09:00:00,745.54,569.26,643.23,1753.29,3711.32
2025-04-21 10:00:00,763.03,494.12,746.73,1551.69,3555.57
2025-04-21 11:00:00,900.62,719.47,774.82,1252.18,3647.09
2025-04-21 12:00:00,1080.03,876.77,826.32,1743.71,4526.84
2025-04-21 13:00:00,720.19,629.33,783.87,1201.5,3334.89
2025-04-21 14:00:00,781.65,559.2,808.28,1591.38,3740.51
2025-04-21 15:00:00,452.97,483.75,785.35,1892.71,3614.77
2025-04-21 16:00:00,388.41,455.28,893.82,2028.67,3766.18
2025-04-21 17:00:00,228.25,601.12,793.39,1483.42,3106.17
2025-04-21 18:00:00,0.0,631.67,769.33,1705.75,3106.75
2025-04-21 19:00:00,0.0,399.34,764.55,1847.22,3011.11
2025-04-21 20:00:00,0.0,365.79,879.25,2020.26,3265.3
2025-04-21 21:00:00,0.0,725.6,714.02,2079.33,3518.96
2025-04-21 22:00:00,0.0,542.61,724.11,1821.56,3088.28
2025-04-21 23:00:00,0.0,243.65,783.66,1679.7,2707.01
2025-04-22 00:00:00,0.0,510.06,720.23,1433.65,2663.94
2025-04-22 01:00:00,0.0,607.3,896.35,1230.67,2734.31
2025-04-22 02:00:00,0.0,368.2,792.73,1440.22,2601.15
2025-04-22 03:00:00,0.0,499.22,823.87,1643.02,2966.11
2025-04-22 04:00:00,0.0,403.87,796.05,1652.66,2852.58
2025-04-22 05:00:00,0.0,536.26,672.01,1619.36,2827.62
2025-04-22 06:00:00,0.0,361.33,754.56,1313.65,2429.54
2025-04-22 07:00:00,206.27,696.99,807.24,2038.99,3749.49
2025-04-22 08:00:00,409.68,678.9,828.27,1374.59,3291.44
2025-04-22 09:00:00,601.79,516.27,718.65,1463.79,3300.5
2025-04-22 10:00:00,565.89,390.33,762.81,1412.89,3131.93
2025-04-22 11:00:00,989.95,410.04,828.41,1156.36,3384.76
2025-04-22 12:00:00,826.54,396.18,787.6,1435.34,3445.67
2025-04-22 13:00:00,748.79,355.21,758.05,1489.35,3351.39
2025-04-22 14:00:00,706.06,470.42,663.82,1811.3,3651.61
2025-04-22 15:00:00,671.55,453.59,818.69,1749.83,3693.66
2025-04-22 16:00:00,443.63,598.18,795.66,1699.51,3536.97
2025-04-22 17:00:00,165.74,353.5,744.26,1930.69,3194.2
2025-04-22 18:00:00,0.0,146.52,899.87,2076.89,3123.28
2025-04-22 19:00:00,0.0,300.6,808.04,1654.5,2763.14
2025-04-22 20:00:00,0.0,462.32,846.58,1469.35,2778.26
2025-04-22 21:00:00,0.0,467.06,819.93,1589.04,2876.02
2025-04-22 22:00:00,0.0,685.61,739.54,1844.96,3270.11
2025-04-22 23:00:00,0.0,672.52,710.79,1268.7,2652.0
2025-04-23 00:00:00,0.0,571.51,917.76,1191.94,2681.21
2025-04-23 01:00:00,0.0,385.47,774.94,1371.02,2531.42
2025-04-23 02:00:00,0.0,566.09,738.75,1781.95,3086.79
2025-04-23 03:00:00,0.0,468.29,590.08,1849.95,2908.32
2025-04-23 04:00:00,0.0,580.78,791.29,1231.01,2603.07
2025-04-23 05:00:00,0.0,606.94,687.97,1578.62,2873.53
2025-04-23 06:00:00,0.0,513.89,759.03,1237.56,2510.48
2025-04-23 07:00:00,243.69,533.02,651.8,1807.24,3235.75
2025-04-23 08:00:00,417.15,456.21,809.31,1631.38,3314.05
2025-04-23 09:00:00,601.75,642.49,750.6,1722.35,3717.18
2025-04-23 10:00:00,791.49,573.83,727.45,1394.13,3486.9
2025-04-23 11:00:00,747.12,682.59,860.03,2062.39,4352.13
2025-04-23 12:00:00,852.32,603.2,757.91,1998.76,4212.19
2025-04-23 13:00:00,878.58,155.4,738.38,1504.5,3276.85
2025-04-23 14:00:00,953.63,438.54,786.17,1920.93,4099.26
2025-04-23 15:00:00,787.92,377.8,845.31,1259.63,3270.66
2025-04-23 16:00:00,406.8,508.04,756.78,1525.07,3196.7
2025-04-23 17:00:00,234.18,724.73,820.68,1949.42,3729.01
2025-04-23 18:00:00,0.0,440.24,808.09,1298.18,2546.5
2025-04-23 19:00:00,0.0,481.63,864.81,1493.21,2839.65
2025-04-23 20:00:00,0.0,639.99,781.32,1501.54,2922.86
2025-04-23 21:00:00,0.0,667.29,773.8,1097.6,2538.69
2025-04-23 22:00:00,0.0,603.37,826.81,1801.32,3231.5
2025-04-23 23:00:00,0.0,755.92,842.33,1559.44,3157.69
2025-04-24 00:00:00,0.0,664.11,655.91,1694.85,3014.87
2025-04-24 01:00:00,0.0,306.98,811.8,1520.2,2638.98
2025-04-24 02:00:00,0.0,520.41,683.25,1857.7,3061.35
2025-04-24 03:00:00,0.0,413.2,779.97,1275.42,2468.6
2025-04-24 04:00:00,0.0,561.23,816.73,1399.63,2777.59
2025-04-24 05:00:00,0.0,542.07,828.07,1835.43,3205.57
2025-04-24 06:00:00,0.0,295.68,851.51,1599.7,2746.89
2025-04-24 07:00:00,240.44,362.77,781.46,1264.24,2648.91
2025-04-24 08:00:00,358.7,451.57,703.58,1760.91,3274.76
2025-04-24 09:00:00,569.96,563.87,771.71,2056.08,3961.61
2025-04-24 10:00:00,803.9,380.02,920.2,1697.18,3801.3
2025-04-24 11:00:00,793.74,582.43,777.23,1540.32,3693.71
2025-04-24 12:00:00,729.4,391.25,858.88,1759.7,3739.22
2025-04-24 13:00:00,795.97,459.3,763.97,1315.91,3335.15
2025-04-24 14:00:00,838.25,446.07,679.14,1272.04,3235.5
2025-04-24 15:00:00,581.39,296.92,783.58,1418.97,3080.86
2025-04-24 16:00:00,446.46,797.07,874.28,2115.48,4233.29
2025-04-24 17:00:00,175.63,292.14,826.61,1160.13,2454.51
2025-04-24 18:00:00,0.0,534.75,714.08,1679.69,2928.52
2025-04-24 19:00:00,0.0,572.44,813.68,1239.95,2626.07
2025-04-24 20:00:00,0.0,429.57,929.69,1270.2,2629.46
2025-04-24 21:00:00,0.0,798.3,753.19,1769.63,3321.13
2025-04-24 22:00:00,0.0,541.29,887.44,1554.43,2983.15
2025-04-24 23:00:00,0.0,560.39,697.8,1569.04,2827.23
2025-04-25 00:00:00,0.0,646.94,752.54,1766.02,3165.5
2025-04-25 01:00:00,0.0,492.68,843.02,1742.72,3078.43
2025-04-25 02:00:00,0.0,368.64,790.43,1718.47,2877.53
2025-04-25 03:00:00,0.0,412.54,748.19,1726.51,2887.24
2025-04-25 04:00:00,0.0,439.88,741.35,1972.94,3154.18
2025-04-25 05:00:00,0.0,397.13,744.22,1789.89,2931.23
2025-04-25 06:00:00,0.0,559.06,805.56,1161.7,2526.32
2025-04-25 07:00:00,258.93,586.64,725.01,1594.11,3164.69
2025-04-25 08:00:00,486.94,459.94,802.65,1374.45,3123.98
2025-04-25 09:00:00,597.76,367.84,827.3,2125.35,3918.25
2025-04-25 10:00:00,597.68,334.98,717.28,1528.97,3178.92
2025-04-25 11:00:00,839.97,625.61,773.28,1784.24,4023.09
2025-04-25 12:00:00,827.08,504.11,727.77,1578.66,3637.62
2025-04-25 13:00:00,871.83,467.3,851.24,1572.83,3763.2
2025-04-25 14:00:00,859.55,390.58,767.78,1375.01,3392.92
2025-04-25 15:00:00,551.37,159.58,821.43,1619.04,3151.42
2025-04-25 16:00:00,436.36,486.57,681.78,1255.22,2859.94
2025-04-25 17:00:00,175.95,601.11,838.34,1224.75,2840.15
2025-04-25 18:00:00,0.0,409.92,760.15,1478.34,2648.41
2025-04-25 19:00:00,0.0,363.99,771.79,1391.37,2527.16
2025-04-25 20:00:00,0.0,326.65,697.31,1438.15,2462.12
2025-04-25 21:00:00,0.0,648.42,805.2,1257.75,2711.37
2025-04-25 22:00:00,0.0,508.53,732.56,1485.78,2726.86
2025-04-25 23:00:00,0.0,479.48,782.89,1062.57,2324.93
2025-04-26 00:00:00,0.0,350.46,770.38,1316.59,2437.43
2025-04-26 01:00:00,0.0,562.93,794.87,1623.17,2980.97
2025-04-26 02:00:00,0.0,534.01,875.45,1828.64,3238.1
2025-04-26 03:00:00,0.0,550.4,779.39,1631.75,2961.54
2025-04-26 04:00:00,0.0,459.43,807.74,1613.34,2880.51
2025-04-26 05:00:00,0.0,514.87,791.76,2170.16,3476.8
2025-04-26 06:00:00,0.0,653.78,823.96,1367.88,2845.62
2025-04-26 07:00:00,279.08,512.86,726.8,1889.74,3408.47
2025-04-26 08:00:00,353.27,533.68,755.42,1639.36,3281.72
2025-04-26 09:00:00,635.95,607.18,755.55,1487.53,3486.21
2025-04-26 10:00:00,778.68,441.43,817.14,1626.38,3663.63
2025-04-26 11:00:00,805.39,450.93,785.65,1988.34,4030.31
2025-04-26 12:00:00,960.84,451.75,743.6,1712.78,3868.98
2025-04-26 13:00:00,578.44,396.2,668.5,1178.7,2821.84
2025-04-26 14:00:00,815.73,486.55,740.71,1532.24,3575.23
2025-04-26 15:00:00,448.25,571.77,659.42,1794.88,3474.33
2025-04-26 16:00:00,410.27,630.07,843.44,1891.64,3775.41
2025-04-26 17:00:00,259.49,628.93,780.07,1501.25,3169.74
2025-04-26 18:00:00,0.0,536.01,862.11,1604.5,3002.62
2025-04-26 19:00:00,0.0,929.69,790.3,2010.97,3730.96
2025-04-26 20:00:00,0.0,444.15,911.76,1723.41,3079.31
2025-04-26 21:00:00,0.0,431.71,775.99,1535.71,2743.4
2025-04-26 22:00:00,0.0,525.48,828.94,1882.24,3236.67
2025-04-26 23:00:00,0.0,494.85,847.35,1795.62,3137.82
2025-04-27 00:00:00,0.0,463.46,733.22,1577.76,2774.45
2025-04-27 01:00:00,0.0,253.72,863.07,1170.72,2287.51
2025-04-27 02:00:00,0.0,516.15,772.93,1467.15,2756.22
2025-04-27 03:00:00,0.0,492.26,738.25,1587.92,2818.43
2025-04-27 04:00:00,0.0,814.68,804.75,1851.77,3471.2
2025-04-27 05:00:00,0.0,450.57,863.9,2057.46,3371.93
2025-04-27 06:00:00,0.0,381.04,823.79,1154.35,2359.19
2025-04-27 07:00:00,209.79,604.79,754.98,1734.65,3304.2
2025-04-27 08:00:00,433.57,400.81,791.66,1777.36,3403.39
2025-04-27 09:00:00,654.28,384.67,678.87,2050.72,3768.54
2025-04-27 10:00:00,677.66,494.6,737.26,1685.93,3595.46
2025-04-27 11:00:00,863.11,598.56,854.79,1550.48,3866.93
2025-04-27 12:00:00,803.16,591.25,747.81,1705.51,3847.73
2025-04-27 13:00:00,955.52,590.07,719.32,1585.36,3850.26
2025-04-27 14:00:00,669.93,654.97,848.3,1612.01,3785.22
2025-04-27 15:00:00,431.44,620.26,729.68,1919.73,3701.12
2025-04-27 16:00:00,477.5,519.11,790.96,1487.04,3274.6
2025-04-27 17:00:00,189.95,423.31,691.97,1838.17,3143.4
2025-04-27 18:00:00,0.0,645.28,785.8,1298.95,2730.04
2025-04-27 19:00:00,0.0,592.73,805.3,1584.06,2982.09
2025-04-27 20:00:00,0.0,434.61,803.01,1530.66,2768.29
2025-04-27 21:00:00,0.0,598.28,781.61,1523.64,2903.53
2025-04-27 22:00:00,0.0,696.56,729.53,1562.53,2988.61
2025-04-27 23:00:00,0.0,684.32,798.63,1805.19,3288.15
2025-04-28 00:00:00,0.0,456.79,728.1,1344.66,2529.55
2025-04-28 01:00:00,0.0,587.35,825.27,1749.16,3161.78
2025-04-28 02:00:00,0.0,668.76,817.34,1025.31,2511.41
2025-04-28 03:00:00,0.0,462.01,773.3,2133.02,3368.33
2025-04-28 04:00:00,0.0,586.43,898.28,1565.66,3050.37
2025-04-28 05:00:00,0.0,694.68,851.07,1326.92,2872.67
2025-04-28 06:00:00,0.0,270.04,782.77,1581.88,2634.69
2025-04-28 07:00:00,215.31,442.52,816.3,1578.48,3052.6
2025-04-28 08:00:00,451.07,572.88,788.55,1413.52,3226.02
2025-04-28 09:00:00,679.72,466.95,825.45,1547.85,3519.97
2025-04-28 10:00:00,382.48,473.26,660.78,1969.57,3486.1
2025-04-28 11:00:00,870.45,612.78,721.65,1779.97,3984.85
2025-04-28 12:00:00,766.39,412.19,828.95,1419.78,3427.32
2025-04-28 13:00:00,733.82,564.83,768.01,2074.37,4141.02
2025-04-28 14:00:00,909.02,491.74,679.97,1966.48,4047.2
2025-04-28 15:00:00,713.33,505.57,726.29,1340.62,3285.8
2025-04-28 16:00:00,416.4,426.41,875.98,1698.06,3416.86
2025-04-28 17:00:00,208.91,441.78,871.16,1615.85,3137.7
2025-04-28 18:00:00,0.0,660.69,682.19,1796.91,3139.79
2025-04-28 19:00:00,0.0,431.6,776.66,1624.04,2832.3
2025-04-28 20:00:00,0.0,376.15,806.1,2057.28,3239.53
2025-04-28 21:00:00,0.0,504.16,781.84,1655.39,2941.39
2025-04-28 22:00:00,0.0,326.12,781.76,1428.67,2536.56
2025-04-28 23:00:00,0.0,477.44,761.29,1465.78,2704.52
2025-04-29 00:00:00,0.0,554.85,765.74,1736.67,3057.27
2025-04-29 01:00:00,0.0,521.86,795.6,1861.39,3178.85
2025-04-29 02:00:00,0.0,227.18,821.02,1404.68,2452.87
2025-04-29 03:00:00,0.0,257.76,781.4,1226.56,2265.72
2025-04-29 04:00:00,0.0,694.09,778.69,1770.13,3242.91
2025-04-29 05:00:00,0.0,275.0,716.69,1427.26,2418.95
2025-04-29 06:00:00,0.0,433.61,784.17,1784.22,3002.0
2025-04-29 07:00:00,277.15,460.71,837.33,1945.45,3520.64
2025-04-29 08:00:00,418.83,541.61,871.32,1718.7,3550.46
2025-04-29 09:00:00,737.47,220.47,819.05,1423.05,3200.03
2025-04-29 10:00:00,924.67,498.28,716.7,1276.64,3416.29
2025-04-29 11:00:00,807.04,534.08,737.1,1381.25,3459.46
2025-04-29 12:00:00,915.42,563.08,819.0,1468.06,3765.56
2025-04-29 13:00:00,856.86,556.03,700.6,1694.28,3807.77
2025-04-29 14:00:00,966.04,538.04,840.16,1435.44,3779.68
2025-04-29 15:00:00,482.82,590.5,803.01,1582.36,3458.69
2025-04-29 16:00:00,532.56,707.03,826.73,1522.77,3589.1
2025-04-29 17:00:00,248.26,564.87,829.64,1746.5,3389.27
2025-04-29 18:00:00,0.0,500.62,882.27,1672.42,3055.31
2025-04-29 19:00:00,0.0,375.09,604.66,1385.2,2364.95
2025-04-29 20:00:00,0.0,318.27,682.67,1180.63,2181.57
2025-04-29 21:00:00,0.0,370.02,730.64,1950.89,3051.55
2025-04-29 22:00:00,0.0,514.2,808.51,1659.8,2982.5
2025-04-29 23:00:00,0.0,480.77,784.57,1986.14,3251.49
2025-04-30 00:00:00,0.0,662.0,743.22,1404.04,2809.25
2025-04-30 01:00:00,0.0,414.72,805.1,1845.28,3065.1
2025-04-30 02:00:00,0.0,488.98,838.97,1657.29,2985.24
2025-04-30 03:00:00,0.0,374.11,849.68,1730.44,2954.22
2025-04-30 04:00:00,0.0,631.06,830.95,1757.86,3219.87
2025-04-30 05:00:00,0.0,639.05,681.89,1668.59,2989.54
2025-04-30 06:00:00,0.0,583.88,865.99,1650.74,3100.62
2025-04-30 07:00:00,188.91,564.5,766.43,1809.9,3329.74
2025-04-30 08:00:00,432.11,515.61,890.23,1483.06,3321.01
2025-04-30 09:00:00,698.02,675.99,834.63,1394.75,3603.4
2025-04-30 10:00:00,661.6,621.47,828.39,1307.17,3418.63
2025-04-30 11:00:00,797.88,389.87,872.49,1417.28,3477.52
2025-04-30 12:00:00,625.83,710.35,728.46,1658.91,3723.54
2025-04-30 13:00:00,675.22,452.23,786.18,1716.57,3630.2
2025-04-30 14:00:00,695.9,534.91,780.55,1876.76,3888.12
2025-04-30 15:00:00,589.78,537.25,660.8,1784.55,3572.39
2025-04-30 16:00:00,468.83,548.99,769.2,1623.87,3410.88
2025-04-30 17:00:00,204.83,557.98,773.57,1659.09,3195.47
2025-04-30 18:00:00,0.0,518.06,770.85,1993.44,3282.35
2025-04-30 19:00:00,0.0,647.39,780.26,1555.83,2983.48
2025-04-30 20:00:00,0.0,424.67,833.99,1409.35,2668.01
2025-04-30 21:00:00,0.0,375.47,767.03,1630.8,2773.29
2025-04-30 22:00:00,0.0,539.15,883.64,1517.75,2940.54
2025-04-30 23:00:00,0.0,465.99,741.32,1262.79,2470.1
2025-05-01 00:00:00,0.0,467.7,812.28,1998.66,3278.63
2025-05-01 01:00:00,0.0,442.08,812.07,1836.37,3090.52
2025-05-01 02:00:00,0.0,828.47,701.97,1680.95,3211.39
2025-05-01 03:00:00,0.0,661.5,729.64,1341.46,2732.6
2025-05-01 04:00:00,0.0,417.09,863.63,1552.83,2833.55
2025-05-01 05:00:00,0.0,489.37,721.49,1223.68,2434.54
2025-05-01 06:00:00,0.0,623.95,748.44,1621.44,2993.83
2025-05-01 07:00:00,188.21,542.14,681.36,1996.66,3408.37
2025-05-01 08:00:00,533.53,525.58,759.47,1912.78,3731.35
2025-05-01 09:00:00,578.15,217.72,641.43,1842.68,3279.97
2025-05-01 10:00:00,638.26,475.93,762.27,1283.27,3159.73
2025-05-01 11:00:00,1087.87,553.53,743.38,1537.0,3921.78
2025-05-01 12:00:00,1020.15,677.4,730.9,1861.38,4289.83
2025-05-01 13:00:00,627.23,485.2,774.52,1676.7,3563.65
2025-05-01 14:00:00,473.99,296.12,839.02,1592.51,3201.64
2025-05-01 15:00:00,584.75,628.46,757.8,1683.15,3654.16
2025-05-01 16:00:00,456.46,256.48,816.07,1371.28,2900.3
2025-05-01 17:00:00,152.81,526.06,787.31,1898.5,3364.68
2025-05-01 18:00:00,0.0,608.27,705.86,1598.03,2912.16
2025-05-01 19:00:00,0.0,425.2,685.31,1864.15,2974.66
2025-05-01 20:00:00,0.0,559.6,728.92,1228.09,2516.61
2025-05-01 21:00:00,0.0,226.84,767.34,1505.91,2500.09
2025-05-01 22:00:00,0.0,533.26,751.63,1594.55,2879.44
2025-05-01 23:00:00,0.0,518.17,784.46,1435.04,2737.66
2025-05-02 00:00:00,0.0,533.44,705.84,1655.61,2894.89
2025-05-02 01:00:00,0.0,355.74,736.1,2198.95,3290.79
2025-05-02 02:00:00,0.0,532.7,744.66,1379.65,2657.01
2025-05-02 03:00:00,0.0,349.09,731.34,1700.6,2781.03
2025-05-02 04:00:00,0.0,469.7,871.25,1625.35,2966.3
2025-05-02 05:00:00,0.0,477.42,695.07,1633.85,2806.34
2025-05-02 06:00:00,0.0,507.84,707.61,1683.21,2898.67
2025-05-02 07:00:00,206.72,362.5,702.72,875.27,2147.22
2025-05-02 08:00:00,517.59,565.33,746.74,1437.57,3267.24
2025-05-02 09:00:00,664.63,424.05,834.93,1490.65,3414.25
2025-05-02 10:00:00,711.89,544.27,765.57,1332.64,3354.38
2025-05-02 11:00:00,841.3,311.2,633.65,1495.43,3281.58
2025-05-02 12:00:00,761.41,336.02,664.92,1180.75,2943.11
2025-05-02 13:00:00,819.88,429.14,774.11,1513.11,3536.23
2025-05-02 14:00:00,654.27,744.69,612.73,1567.27,3578.96
2025-05-02 15:00:00,624.3,441.61,711.22,1760.0,3537.13
2025-05-02 16:00:00,368.48,506.89,791.68,1670.17,3337.22
2025-05-02 17:00:00,199.89,761.25,846.91,1538.99,3347.04
2025-05-02 18:00:00,0.0,652.19,735.92,1517.08,2905.19
2025-05-02 19:00:00,0.0,533.51,783.9,1328.71,2646.11
2025-05-02 20:00:00,0.0,571.01,751.97,1471.47,2794.45
2025-05-02 21:00:00,0.0,552.59,805.66,1669.24,3027.49
2025-05-02 22:00:00,0.0,410.82,651.83,1403.77,2466.42
2025-05-02 23:00:00,0.0,446.23,774.41,1373.93,2594.57
2025-05-03 00:00:00,0.0,523.29,705.3,1728.7,2957.29
2025-05-03 01:00:00,0.0,325.73,656.24,1361.67,2343.65
2025-05-03 02:00:00,0.0,334.77,748.24,1846.13,2929.13
2025-05-03 03:00:00,0.0,543.58,770.11,2319.26,3632.95
2025-05-03 04:00:00,0.0,415.29,731.3,1880.76,3027.34
2025-05-03 05:00:00,0.0,521.5,728.84,1382.18,2632.53
2025-05-03 06:00:00,0.0,562.65,708.1,1252.32,2523.07
2025-05-03 07:00:00,161.84,457.34,780.33,1566.13,2965.64
2025-05-03 08:00:00,332.24,592.72,640.25,1492.19,3057.41
2025-05-03 09:00:00,651.84,399.53,762.87,1208.08,3022.32
2025-05-03 10:00:00,551.29,304.08,717.13,1282.62,2855.12
2025-05-03 11:00:00,867.55,586.7,759.81,1497.62,3711.68
2025-05-03 12:00:00,762.51,724.76,639.19,1442.26,3568.71
2025-05-03 13:00:00,762.09,464.76,802.43,1040.03,3069.3
2025-05-03 14:00:00,870.86,321.77,765.94,1468.19,3426.76
2025-05-03 15:00:00,465.51,402.5,760.9,1287.29,2916.2
2025-05-03 16:00:00,516.39,464.86,792.83,1448.32,3222.4
2025-05-03 17:00:00,173.62,647.76,735.12,1170.87,2727.37
2025-05-03 18:00:00,0.0,592.95,650.84,2006.72,3250.51
2025-05-03 19:00:00,0.0,527.91,795.0,1164.92,2487.83
2025-05-03 20:00:00,0.0,437.53,857.09,2252.12,3546.74
2025-05-03 21:00:00,0.0,685.17,720.45,1418.84,2824.47
2025-05-03 22:00:00,0.0,585.58,809.75,1882.13,3277.46
2025-05-03 23:00:00,0.0,741.2,817.3,1929.21,3487.71
2025-05-04 00:00:00,0.0,530.6,748.85,1461.99,2741.44
2025-05-04 01:00:00,0.0,479.9,727.7,1783.62,2991.23
2025-05-04 02:00:00,0.0,443.81,824.11,1824.23,3092.15
2025-05-04 03:00:00,0.0,159.51,774.15,1835.02,2768.68
2025-05-04 04:00:00,0.0,394.81,635.01,1561.99,2591.82
2025-05-04 05:00:00,0.0,482.02,797.52,1671.0,2950.53
2025-05-04 06:00:00,0.0,530.77,723.18,1355.74,2609.69
2025-05-04 07:00:00,202.87,348.55,638.2,1696.92,2886.53
2025-05-04 08:00:00,418.09,462.96,688.45,1735.68,3305.18
2025-05-04 09:00:00,503.28,715.02,657.17,1212.43,3087.89
2025-05-04 10:00:00,707.72,701.87,713.51,1764.85,3887.94
2025-05-04 11:00:00,950.01,678.55,746.57,2131.09,4506.21
2025-05-04 12:00:00,811.11,607.34,744.0,1627.62,3790.07
2025-05-04 13:00:00,584.82,516.55,728.08,1779.44,3608.9
2025-05-04 14:00:00,800.76,651.4,755.85,1765.52,3973.52
2025-05-04 15:00:00,683.16,582.1,747.99,1903.32,3916.56
2025-05-04 16:00:00,437.08,451.64,759.37,1937.75,3585.84
2025-05-04 17:00:00,276.38,439.45,684.82,1333.55,2734.19
2025-05-04 18:00:00,0.0,411.43,702.93,1457.72,2572.08
2025-05-04 19:00:00,0.0,255.61,688.72,1672.18,2616.51
2025-05-04 20:00:00,0.0,539.54,713.13,1538.99,2791.66
2025-05-04 21:00:00,0.0,520.64,758.87,1906.75,3186.26
2025-05-04 22:00:00,0.0,327.89,723.38,1666.2,2717.46
2025-05-04 23:00:00,0.0,444.17,739.82,1686.84,2870.83
2025-05-05 00:00:00,0.0,559.18,877.56,1517.52,2954.26
2025-05-05 01:00:00,0.0,646.25,721.13,1762.68,3130.06
2025-05-05 02:00:00,0.0,539.55,800.4,1579.92,2919.88
2025-05-05 03:00:00,0.0,556.95,769.41,1837.67,3164.03
2025-05-05 04:00:00,0.0,394.57,679.1,1793.13,2866.79
2025-05-05 05:00:00,0.0,404.59,650.41,1729.91,2784.92
2025-05-05 06:00:00,0.0,549.86,602.09,1286.39,2438.34
2025-05-05 07:00:00,209.7,509.63,848.66,1433.21,3001.19
2025-05-05 08:00:00,407.31,512.08,791.89,1674.73,3386.01
2025-05-05 09:00:00,586.8,660.04,727.84,1673.22,3647.9
2025-05-05 10:00:00,725.74,559.35,686.98,1542.71,3514.78
2025-05-05 11:00:00,644.7,641.56,813.7,1543.82,3643.78
2025-05-05 12:00:00,903.15,652.61,695.08,1190.16,3441.0
2025-05-05 13:00:00,913.21,306.08,784.88,1930.25,3934.43
2025-05-05 14:00:00,719.86,484.91,683.95,1677.05,3565.78
2025-05-05 15:00:00,735.81,652.48,737.44,1615.71,3741.43
2025-05-05 16:00:00,340.94,328.31,600.77,1357.63,2627.65
2025-05-05 17:00:00,199.0,435.46,758.11,1593.03,2985.6
2025-05-05 18:00:00,0.0,513.26,670.98,1368.58,2552.82
2025-05-05 19:00:00,0.0,646.04,699.63,1831.82,3177.49
2025-05-05 20:00:00,0.0,462.39,810.23,1801.02,3073.65
2025-05-05 21:00:00,0.0,478.94,660.59,1715.11,2854.64
2025-05-05 22:00:00,0.0,392.14,742.6,1766.14,2900.88
2025-05-05 23:00:00,0.0,560.12,770.46,2381.3,3711.88
2025-05-06 00:00:00,0.0,467.03,766.13,1841.5,3074.66
2025-05-06 01:00:00,0.0,578.15,745.56,1405.54,2729.25
2025-05-06 02:00:00,0.0,477.69,879.29,1750.93,3107.91
2025-05-06 03:00:00,0.0,374.44,886.39,1629.35,2890.19
2025-05-06 04:00:00,0.0,493.23,689.22,1724.19,2906.64
2025-05-06 05:00:00,0.0,382.74,757.54,1606.77,2747.05
2025-05-06 06:00:00,0.0,300.49,820.95,1461.58,2583.01
2025-05-06 07:00:00,209.4,478.41,710.67,1442.58,2841.06
2025-05-06 08:00:00,384.78,360.08,715.42,1288.61,2748.89
2025-05-06 09:00:00,504.55,482.49,739.63,1871.4,3598.06
2025-05-06 10:00:00,888.34,556.54,666.87,2009.91,4121.66
2025-05-06 11:00:00,900.04,306.47,760.74,1770.23,3737.48
2025-05-06 12:00:00,765.42,649.11,770.9,1945.7,4131.13
2025-05-06 13:00:00,868.95,379.99,819.01,1538.78,3606.73
2025-05-06 14:00:00,778.34,510.24,704.06,1645.21,3637.84
2025-05-06 15:00:00,564.11,587.86,787.23,1542.22,3481.43
2025-05-06 16:00:00,447.69,310.56,912.5,1704.1,3374.85
2025-05-06 17:00:00,192.22,537.95,719.38,1553.94,3003.48
2025-05-06 18:00:00,0.0,387.63,733.42,1392.57,2513.62
2025-05-06 19:00:00,0.0,452.54,722.52,1650.8,2825.86
2025-05-06 20:00:00,0.0,273.6,788.79,1571.5,2633.89
2025-05-06 21:00:00,0.0,523.21,824.25,1278.28,2625.74
2025-05-06 22:00:00,0.0,305.23,740.37,1345.15,2390.75
2025-05-06 23:00:00,0.0,700.27,752.52,1554.45,3007.23
2025-05-07 00:00:00,0.0,389.1,785.22,2018.6,3192.92
2025-05-07 01:00:00,0.0,579.42,644.96,1197.99,2422.37
2025-05-07 02:00:00,0.0,491.67,722.41,1965.47,3179.55
2025-05-07 03:00:00,0.0,387.32,653.66,2001.0,3041.99
2025-05-07 04:00:00,0.0,647.51,750.72,1700.53,3098.76
2025-05-07 05:00:00,0.0,692.82,779.0,1559.78,3031.6
2025-05-07 06:00:00,0.0,485.48,789.28,1888.47,3163.23
2025-05-07 07:00:00,209.33,360.49,667.94,1397.36,2635.12
2025-05-07 08:00:00,400.02,400.37,778.5,2036.56,3615.44
2025-05-07 09:00:00,466.88,414.63,753.56,1349.92,2984.98
2025-05-07 10:00:00,721.73,473.36,679.83,1767.25,3642.17
2025-05-07 11:00:00,807.98,455.08,692.97,2044.11,4000.15
2025-05-07 12:00:00,661.6,554.53,740.84,1712.65,3669.63
2025-05-07 13:00:00,929.71,559.48,787.67,1585.75,3862.61
2025-05-07 14:00:00,639.5,670.73,704.2,1402.69,3417.11
2025-05-07 15:00:00,582.39,507.59,714.57,1707.77,3512.32
2025-05-07 16:00:00,414.22,334.71,672.81,1651.98,3073.73
2025-05-07 17:00:00,260.29,644.66,897.74,1402.61,3205.3
2025-05-07 18:00:00,0.0,495.46,846.42,1583.84,2925.72
2025-05-07 19:00:00,0.0,623.5,691.9,1657.39,2972.8
2025-05-07 20:00:00,0.0,589.06,683.17,1673.78,2946.01
2025-05-07 21:00:00,0.0,588.4,669.27,1691.46,2949.13
2025-05-07 22:00:00,0.0,482.81,848.02,1325.01,2655.84
2025-05-07 23:00:00,0.0,642.43,736.6,1401.6,2780.62
2025-05-08 00:00:00,0.0,494.14,811.83,1686.84,2992.82
2025-05-08 01:00:00,0.0,637.02,706.68,1152.66,2496.36
2025-05-08 02:00:00,0.0,461.47,776.22,1442.5,2680.19
2025-05-08 03:00:00,0.0,375.34,851.75,1789.71,3016.8
2025-05-08 04:00:00,0.0,328.48,805.67,1545.32,2679.47
2025-05-08 05:00:00,0.0,485.85,745.93,1373.08,2604.86
2025-05-08 06:00:00,0.0,347.22,710.54,1416.26,2474.02
2025-05-08 07:00:00,249.63,505.49,796.08,1082.25,2633.45
2025-05-08 08:00:00,387.76,533.48,751.9,1679.07,3352.21
2025-05-08 09:00:00,587.9,489.54,756.78,1257.48,3091.7
2025-05-08 10:00:00,686.77,440.88,711.77,1203.59,3043.0
2025-05-08 11:00:00,895.42,307.49,807.45,1365.35,3375.7
2025-05-08 12:00:00,1004.44,528.57,728.44,2037.01,4298.46
2025-05-08 13:00:00,992.12,491.59,770.35,1235.46,3489.52
2025-05-08 14:00:00,1020.65,386.54,804.01,1459.66,3670.86
2025-05-08 15:00:00,587.54,436.94,788.84,1518.44,3331.77
2025-05-08 16:00:00,471.74,597.76,772.74,1802.2,3644.45
2025-05-08 17:00:00,188.53,352.19,834.33,1425.78,2800.83
2025-05-08 18:00:00,0.0,414.02,736.79,1749.04,2899.85
2025-05-08 19:00:00,0.0,382.68,840.96,1541.15,2764.8
2025-05-08 20:00:00,0.0,430.41,657.58,1726.86,2814.85
2025-05-08 21:00:00,0.0,317.23,800.68,1568.65,2686.57
2025-05-08 22:00:00,0.0,435.0,808.51,1548.75,2792.26
2025-05-08 23:00:00,0.0,262.57,640.77,1358.62,2261.97
2025-05-09 00:00:00,0.0,476.29,661.9,1635.24,2773.43
2025-05-09 01:00:00,0.0,533.92,718.26,1653.51,2905.7
2025-05-09 02:00:00,0.0,571.05,792.41,1558.02,2921.48
2025-05-09 03:00:00,0.0,564.43,780.03,1531.77,2876.23
2025-05-09 04:00:00,0.0,435.12,779.63,1576.46,2791.21
2025-05-09 05:00:00,0.0,471.18,734.63,1596.35,2802.16
2025-05-09 06:00:00,0.0,602.02,769.78,1120.36,2492.16
2025-05-09 07:00:00,149.57,583.37,675.6,1222.44,2630.98
2025-05-09 08:00:00,398.77,599.92,716.82,1346.4,3061.92
2025-05-09 09:00:00,730.79,437.49,651.09,2193.48,4012.85
2025-05-09 10:00:00,773.41,538.05,730.59,1980.48,4022.53
2025-05-09 11:00:00,831.39,652.2,670.32,1626.66,3780.58
2025-05-09 12:00:00,1062.89,510.37,760.0,1530.45,3863.7
2025-05-09 13:00:00,935.91,416.19,683.45,1995.98,4031.53
2025-05-09 14:00:00,808.1,304.29,770.77,1575.2,3458.37
2025-05-09 15:00:00,665.72,588.23,772.75,1380.22,3406.93
2025-05-09 16:00:00,419.43,421.55,751.9,1431.92,3024.78
2025-05-09 17:00:00,151.57,399.08,643.52,2007.37,3201.53
2025-05-09 18:00:00,0.0,302.35,656.55,1564.35,2523.25
2025-05-09 19:00:00,0.0,507.83,620.74,1451.36,2579.94
2025-05-09 20:00:00,0.0,397.8,731.02,1476.49,2605.31
2025-05-09 21:00:00,0.0,634.55,663.26,1565.24,2863.04
2025-05-09 22:00:00,0.0,785.05,711.07,1637.97,3134.09
2025-05-09 23:00:00,0.0,393.31,686.99,1710.65,2790.95
2025-05-10 00:00:00,0.0,725.33,732.13,1935.65,3393.1
2025-05-10 01:00:00,0.0,574.5,662.6,1770.02,3007.12
2025-05-10 02:00:00,0.0,443.6,785.8,1625.73,2855.13
2025-05-10 03:00:00,0.0,497.29,840.36,1571.95,2909.6
2025-05-10 04:00:00,0.0,539.7,734.44,1807.66,3081.8
2025-05-10 05:00:00,0.0,484.22,789.66,1301.62,2575.5
2025-05-10 06:00:00,0.0,432.94,742.61,2032.06,3207.61
2025-05-10 07:00:00,201.79,398.15,668.81,1703.27,2972.02
2025-05-10 08:00:00,510.15,571.02,724.16,1780.99,3586.31
2025-05-10 09:00:00,538.34,695.81,795.14,1875.67,3904.96
2025-05-10 10:00:00,759.79,602.33,756.85,1412.06,3531.03
2025-05-10 11:00:00,851.91,678.26,717.37,1856.32,4103.86
2025-05-10 12:00:00,775.03,464.96,781.36,995.35,3016.71
2025-05-10 13:00:00,771.71,416.2,637.87,1718.8,3544.58
2025-05-10 14:00:00,744.21,536.51,850.09,1477.7,3608.52
2025-05-10 15:00:00,623.8,423.28,809.28,1589.45,3445.81
2025-05-10 16:00:00,283.45,479.24,776.67,1802.29,3341.66
2025-05-10 17:00:00,207.62,491.98,755.97,1580.85,3036.41
2025-05-10 18:00:00,0.0,405.46,758.41,1659.57,2823.44
2025-05-10 19:00:00,0.0,548.82,808.15,1595.81,2952.78
2025-05-10 20:00:00,0.0,476.02,815.24,1453.94,2745.21
2025-05-10 21:00:00,0.0,378.46,726.29,1606.26,2711.0
2025-05-10 22:00:00,0.0,618.83,702.62,1592.11,2913.55
2025-05-10 23:00:00,0.0,340.2,751.54,1285.85,2377.59
2025-05-11 00:00:00,0.0,604.01,796.86,1635.38,3036.25
2025-05-11 01:00:00,0.0,302.6,734.91,1656.52,2694.03
2025-05-11 02:00:00,0.0,617.78,784.71,1609.07,3011.56
2025-05-11 03:00:00,0.0,586.7,718.91,2195.9,3501.51
2025-05-11 04:00:00,0.0,669.17,781.7,2167.05,3617.92
2025-05-11 05:00:00,0.0,356.92,755.08,1585.32,2697.32
2025-05-11 06:00:00,0.0,545.34,792.89,1495.8,2834.03
2025-05-11 07:00:00,233.77,452.51,754.2,1811.34,3251.82
2025-05-11 08:00:00,416.61,668.74,836.67,1207.95,3129.97
2025-05-11 09:00:00,572.67,444.24,676.05,1531.04,3224.0
2025-05-11 10:00:00,765.08,684.87,728.19,1861.97,4040.1
2025-05-11 11:00:00,1003.94,620.57,745.99,1560.34,3930.84
2025-05-11 12:00:00,1071.88,283.67,739.0,1671.98,3766.53
2025-05-11 13:00:00,737.96,537.96,664.97,1726.47,3667.36
2025-05-11 14:00:00,577.0,732.48,702.63,1716.43,3728.54
2025-05-11 15:00:00,623.04,536.44,640.96,1474.85,3275.28
2025-05-11 16:00:00,466.31,492.12,724.66,1572.87,3255.95
2025-05-11 17:00:00,211.29,414.73,836.0,1913.5,3375.52
2025-05-11 18:00:00,0.0,484.44,810.88,1991.9,3287.23
2025-05-11 19:00:00,0.0,551.94,639.87,1151.03,2342.84
2025-05-11 20:00:00,0.0,231.12,760.28,1252.37,2243.77
2025-05-11 21:00:00,0.0,284.67,765.78,1630.06,2680.51
2025-05-11 22:00:00,0.0,270.86,749.52,1994.58,3014.96
2025-05-11 23:00:00,0.0,675.79,690.05,2608.7,3974.54
2025-05-12 00:00:00,0.0,391.9,725.73,1947.25,3064.89
2025-05-12 01:00:00,0.0,513.37,726.82,1221.25,2461.44
2025-05-12 02:00:00,0.0,602.23,826.62,2006.13,3434.98
2025-05-12 03:00:00,0.0,380.32,748.47,1818.4,2947.19
2025-05-12 04:00:00,0.0,544.25,707.99,1210.73,2462.97
2025-05-12 05:00:00,0.0,653.03,755.15,1581.3,2989.48
2025-05-12 06:00:00,0.0,527.49,730.06,1445.69,2703.23
2025-05-12 07:00:00,199.16,351.53,693.52,1465.96,2710.17
2025-05-12 08:00:00,480.22,559.03,682.28,1737.0,3458.53
2025-05-12 09:00:00,643.2,459.83,744.8,1638.08,3485.91
2025-05-12 10:00:00,797.68,404.52,714.03,1724.96,3641.17
2025-05-12 11:00:00,783.44,592.42,777.68,1550.44,3703.97
2025-05-12 12:00:00,591.33,570.33,771.76,1959.98,3893.4
2025-05-12 13:00:00,753.56,595.83,782.38,1434.8,3566.56
2025-05-12 14:00:00,841.92,482.56,776.45,1510.76,3611.69
2025-05-12 15:00:00,564.44,477.82,763.01,966.81,2772.08
2025-05-12 16:00:00,471.14,393.79,706.37,1971.92,3543.22
2025-05-12 17:00:00,217.52,502.23,792.99,1250.29,2763.03
2025-05-12 18:00:00,0.0,595.91,721.45,1381.42,2698.78
2025-05-12 19:00:00,0.0,251.19,758.25,1526.08,2535.51
2025-05-12 20:00:00,0.0,622.94,782.45,2034.56,3439.95
2025-05-12 21:00:00,0.0,386.02,761.0,870.33,2017.34
2025-05-12 22:00:00,0.0,474.96,783.39,1487.36,2745.71
2025-05-12 23:00:00,0.0,292.34,755.2,1475.96,2523.5
2025-05-13 00:00:00,0.0,520.59,834.3,2049.31,3404.2
2025-05-13 01:00:00,0.0,514.19,823.43,1703.97,3041.59
2025-05-13 02:00:00,0.0,282.28,831.11,1631.52,2744.9
2025-05-13 03:00:00,0.0,586.62,640.9,1331.11,2558.63
2025-05-13 04:00:00,0.0,442.73,703.51,1697.1,2843.35
2025-05-13 05:00:00,0.0,491.19,664.09,1763.89,2919.18
2025-05-13 06:00:00,0.0,496.87,613.09,1448.0,2557.97
2025-05-13 07:00:00,232.84,437.8,723.7,2151.95,3546.29
2025-05-13 08:00:00,465.39,436.07,836.61,1963.02,3701.09
2025-05-13 09:00:00,719.18,514.13,698.02,1502.36,3433.68
2025-05-13 10:00:00,488.0,575.41,790.4,1431.84,3285.65
2025-05-13 11:00:00,935.96,495.91,726.1,1682.44,3840.41
2025-05-13 12:00:00,1015.41,437.96,761.82,1625.33,3840.52
2025-05-13 13:00:00,787.32,440.16,758.36,1688.7,3674.55
2025-05-13 14:00:00,720.77,741.12,702.64,1480.47,3645.0
2025-05-13 15:00:00,475.5,637.67,746.41,1584.43,3444.01
2025-05-13 16:00:00,371.2,732.75,647.91,1629.31,3381.18
2025-05-13 17:00:00,258.71,605.17,709.37,1398.44,2971.69
2025-05-13 18:00:00,0.0,591.57,757.91,1694.66,3044.15
2025-05-13 19:00:00,0.0,400.03,753.36,1872.19,3025.58
2025-05-13 20:00:00,0.0,441.33,738.46,1830.53,3010.31
2025-05-13 21:00:00,0.0,350.4,823.15,1685.1,2858.66
2025-05-13 22:00:00,0.0,442.04,694.99,1330.73,2467.77
2025-05-13 23:00:00,0.0,264.8,659.81,2292.39,3217.01
2025-05-14 00:00:00,0.0,435.38,767.69,1822.1,3025.17
2025-05-14 01:00:00,0.0,442.85,807.47,1698.73,2949.04
2025-05-14 02:00:00,0.0,606.41,715.79,1806.34,3128.54
2025-05-14 03:00:00,0.0,570.31,882.18,1821.87,3274.36
2025-05-14 04:00:00,0.0,535.83,763.14,1276.05,2575.02
2025-05-14 05:00:00,0.0,360.11,660.41,1323.97,2344.49
2025-05-14 06:00:00,0.0,611.97,712.01,1907.84,3231.83
2025-05-14 07:00:00,259.58,735.06,697.69,2029.21,3721.53
2025-05-14 08:00:00,468.78,737.86,662.8,1604.63,3474.08
2025-05-14 09:00:00,551.17,401.69,704.63,1468.03,3125.51
2025-05-14 10:00:00,745.33,448.38,801.07,1379.84,3374.62
2025-05-14 11:00:00,927.5,410.25,731.51,938.18,3007.44
2025-05-14 12:00:00,870.97,488.73,776.97,1470.51,3607.19
2025-05-14 13:00:00,906.38,492.1,849.98,1096.0,3344.45
2025-05-14 14:00:00,760.26,719.35,682.88,1816.52,3979.01
2025-05-14 15:00:00,631.28,618.98,772.98,1114.91,3138.14
2025-05-14 16:00:00,225.42,453.5,795.11,1457.03,2931.06
2025-05-14 17:00:00,176.06,690.18,811.16,2136.16,3813.56
2025-05-14 18:00:00,0.0,424.28,750.34,1840.91,3015.53
2025-05-14 19:00:00,0.0,289.6,750.15,1639.57,2679.31
2025-05-14 20:00:00,0.0,571.43,791.29,1436.12,2798.84
2025-05-14 21:00:00,0.0,447.46,750.55,1273.52,2471.53
2025-05-14 22:00:00,0.0,304.36,622.8,1905.16,2832.32
2025-05-14 23:00:00,0.0,541.2,727.62,1499.16,2767.98
2025-05-15 00:00:00,0.0,565.68,802.69,1406.95,2775.32
2025-05-15 01:00:00,0.0,715.28,831.71,1990.65,3537.64
2025-05-15 02:00:00,0.0,595.55,690.49,1414.23,2700.27
2025-05-15 03:00:00,0.0,650.62,772.11,1846.7,3269.43
2025-05-15 04:00:00,0.0,657.38,807.45,1397.99,2862.82
2025-05-15 05:00:00,0.0,462.04,775.67,1618.29,2856.0
2025-05-15 06:00:00,0.0,614.99,752.85,1556.54,2924.38
2025-05-15 07:00:00,202.82,326.67,787.51,2051.89,3368.89
2025-05-15 08:00:00,437.14,404.04,695.47,2082.53,3619.19
2025-05-15 09:00:00,520.5,481.78,772.64,910.92,2685.85
2025-05-15 10:00:00,933.64,460.36,753.52,1655.23,3802.75
2025-05-15 11:00:00,911.05,290.63,682.61,1493.63,3377.92
2025-05-15 12:00:00,684.25,402.53,617.31,1626.34,3330.43
2025-05-15 13:00:00,633.7,376.5,710.24,2078.34,3798.78
2025-05-15 14:00:00,840.74,387.57,750.01,1280.23,3258.55
2025-05-15 15:00:00,403.48,426.97,788.55,1381.76,3000.76
2025-05-15 16:00:00,411.11,422.6,656.6,1575.62,3065.93
2025-05-15 17:00:00,160.36,534.48,848.99,1452.6,2996.43
2025-05-15 18:00:00,0.0,232.51,836.05,1351.32,2419.88
2025-05-15 19:00:00,0.0,420.59,776.47,1686.75,2883.81
2025-05-15 20:00:00,0.0,425.69,756.55,1767.93,2950.17
2025-05-15 21:00:00,0.0,434.43,664.28,1647.0,2745.71
2025-05-15 22:00:00,0.0,507.74,742.59,1583.97,2834.3
2025-05-15 23:00:00,0.0,419.65,758.94,1497.32,2675.92
2025-05-16 00:00:00,0.0,244.15,737.14,1818.91,2800.2
2025-05-16 01:00:00,0.0,554.25,765.29,1854.68,3174.23
2025-05-16 02:00:00,0.0,503.03,729.27,1098.18,2330.47
2025-05-16 03:00:00,0.0,702.36,679.17,1693.75,3075.28
2025-05-16 04:00:00,0.0,451.56,720.18,1832.32,3004.05
2025-05-16 05:00:00,0.0,540.45,745.63,1953.25,3239.33
2025-05-16 06:00:00,0.0,604.94,705.62,1603.12,2913.68
2025-05-16 07:00:00,263.18,459.95,713.73,1321.91,2758.77
2025-05-16 08:00:00,351.52,576.27,693.62,1486.43,3107.85
2025-05-16 09:00:00,523.18,330.11,679.62,1413.21,2946.13
2025-05-16 10:00:00,736.76,304.21,748.93,1690.7,3480.6
2025-05-16 11:00:00,1004.3,597.8,725.04,1338.5,3665.64
2025-05-16 12:00:00,1118.0,562.18,722.32,2020.85,4423.34
2025-05-16 13:00:00,863.79,598.29,735.06,1511.47,3708.61
2025-05-16 14:00:00,841.4,566.49,771.3,2131.35,4310.54
2025-05-16 15:00:00,607.48,488.51,784.29,1668.54,3548.81
2025-05-16 16:00:00,535.71,545.37,742.02,1663.82,3486.91
2025-05-16 17:00:00,235.56,449.26,816.79,1433.53,2935.15
2025-05-16 18:00:00,0.0,454.08,647.91,1439.5,2541.49
2025-05-16 19:00:00,0.0,533.75,680.38,1840.36,3054.49
2025-05-16 20:00:00,0.0,454.77,869.56,1617.79,2942.13
2025-05-16 21:00:00,0.0,641.72,729.08,1685.79,3056.59
2025-05-16 22:00:00,0.0,582.99,829.17,1434.83,2846.99
2025-05-16 23:00:00,0.0,400.25,654.6,1667.32,2722.18
2025-05-17 00:00:00,0.0,541.17,787.78,1537.32,2866.27
2025-05-17 01:00:00,0.0,308.62,804.63,1839.21,2952.46
2025-05-17 02:00:00,0.0,574.56,846.28,1449.92,2870.76
2025-05-17 03:00:00,0.0,560.42,717.03,1072.63,2350.08
2025-05-17 04:00:00,0.0,682.05,723.92,1348.77,2754.74
2025-05-17 05:00:00,0.0,397.75,754.36,1991.82,3143.93
2025-05-17 06:00:00,0.0,560.83,703.63,1328.62,2593.09
2025-05-17 07:00:00,233.52,663.21,640.94,1636.34,3174.0
2025-05-17 08:00:00,347.33,383.5,729.53,2088.82,3549.18
2025-05-17 09:00:00,704.18,274.61,705.18,1463.64,3147.6
2025-05-17 10:00:00,851.66,360.69,634.31,945.46,2792.12
2025-05-17 11:00:00,781.23,625.36,752.78,1194.23,3353.6
2025-05-17 12:00:00,872.48,417.58,744.48,1737.29,3771.83
2025-05-17 13:00:00,832.29,738.82,737.23,1537.89,3846.23
2025-05-17 14:00:00,814.0,560.6,785.86,1697.8,3858.26
2025-05-17 15:00:00,865.69,427.67,653.78,1228.7,3175.84
2025-05-17 16:00:00,519.47,498.46,750.18,1266.89,3035.0
2025-05-17 17:00:00,213.54,424.1,844.41,1711.34,3193.38
2025-05-17 18:00:00,0.0,211.23,879.03,1673.06,2763.32
2025-05-17 19:00:00,0.0,427.47,834.55,1370.38,2632.4
2025-05-17 20:00:00,0.0,321.65,795.74,1646.4,2763.79
2025-05-17 21:00:00,0.0,429.24,716.62,1155.66,2301.52
2025-05-17 22:00:00,0.0,555.26,737.21,1606.72,2899.18
2025-05-17 23:00:00,0.0,791.65,723.42,1810.13,3325.2
2025-05-18 00:00:00,0.0,446.51,748.77,1970.45,3165.72
2025-05-18 01:00:00,0.0,558.6,670.08,1692.43,2921.12
2025-05-18 02:00:00,0.0,350.62,730.64,1920.02,3001.28
2025-05-18 03:00:00,0.0,606.73,738.57,1476.5,2821.8
2025-05-18 04:00:00,0.0,578.8,676.19,1545.9,2800.89
2025-05-18 05:00:00,0.0,714.53,716.18,2013.79,3444.5
2025-05-18 06:00:00,0.0,715.93,746.75,1972.42,3435.09
2025-05-18 07:00:00,177.8,336.27,615.09,1542.42,2671.58
2025-05-18 08:00:00,452.38,613.0,800.79,1449.62,3315.79
2025-05-18 09:00:00,588.79,376.83,810.8,1110.59,2887.0
2025-05-18 10:00:00,863.88,477.32,657.4,1717.6,3716.2
2025-05-18 11:00:00,982.24,434.45,800.41,1699.96,3917.06
2025-05-18 12:00:00,988.83,373.29,761.84,1784.5,3908.46
2025-05-18 13:00:00,619.97,545.33,928.27,1471.94,3565.5
2025-05-18 14:00:00,661.23,545.33,809.76,1486.31,3502.63
2025-05-18 15:00:00,530.97,569.62,711.92,1833.58,3646.09
2025-05-18 16:00:00,345.01,398.74,724.19,1507.08,2975.02
2025-05-18 17:00:00,186.89,730.25,733.22,1389.7,3040.07
2025-05-18 18:00:00,0.0,327.93,706.63,1874.34,2908.91
2025-05-18 19:00:00,0.0,533.6,783.14,1680.16,2996.91
2025-05-18 20:00:00,0.0,567.39,791.18,1741.04,3099.61
2025-05-18 21:00:00,0.0,515.38,732.67,1253.53,2501.58
2025-05-18 22:00:00,0.0,437.26,743.24,1607.67,2788.18
2025-05-18 23:00:00,0.0,519.05,746.27,1637.57,2902.89
2025-05-19 00:00:00,0.0,376.64,774.81,1415.35,2566.8
2025-05-19 01:00:00,0.0,562.82,737.29,1962.98,3263.08
2025-05-19 02:00:00,0.0,417.84,722.61,1740.92,2881.37
2025-05-19 03:00:00,0.0,585.98,783.53,1549.11,2918.62
2025-05-19 04:00:00,0.0,645.44,663.11,2006.15,3314.7
2025-05-19 05:00:00,0.0,624.2,755.52,1759.97,3139.69
2025-05-19 06:00:00,0.0,526.7,763.29,1533.71,2823.7
2025-05-19 07:00:00,207.22,584.72,865.95,1907.46,3565.35
2025-05-19 08:00:00,402.04,520.96,751.47,1833.69,3508.15
2025-05-19 09:00:00,559.8,354.28,766.32,2041.93,3722.33
2025-05-19 10:00:00,685.61,159.15,754.59,1826.49,3425.83
2025-05-19 11:00:00,739.04,417.24,754.45,1434.93,3345.66
2025-05-19 12:00:00,938.74,653.71,754.13,1714.02,4060.61
2025-05-19 13:00:00,897.05,562.09,688.52,1463.84,3611.49
2025-05-19 14:00:00,688.09,563.51,772.61,1566.41,3590.61
2025-05-19 15:00:00,664.32,334.94,843.2,1636.3,3478.76
2025-05-19 16:00:00,477.01,652.89,794.9,1481.99,3406.79
2025-05-19 17:00:00,238.06,552.15,786.93,1880.46,3457.6
2025-05-19 18:00:00,0.0,358.87,735.65,2404.75,3499.27
2025-05-19 19:00:00,0.0,344.33,734.55,1513.74,2592.62
2025-05-19 20:00:00,0.0,435.77,710.3,1365.43,2511.49
2025-05-19 21:00:00,0.0,638.67,892.7,1950.96,3482.33
2025-05-19 22:00:00,0.0,412.44,767.35,1530.17,2709.96
2025-05-19 23:00:00,0.0,575.04,693.22,1586.25,2854.51
2025-05-20 00:00:00,0.0,774.33,697.22,1621.97,3093.52
2025-05-20 01:00:00,0.0,433.3,785.24,1675.63,2894.17
2025-05-20 02:00:00,0.0,279.65,755.3,1573.62,2608.58
2025-05-20 03:00:00,0.0,523.06,747.03,1600.93,2871.02
2025-05-20 04:00:00,0.0,757.94,774.47,1350.29,2882.71
2025-05-20 05:00:00,0.0,515.56,642.62,1446.96,2605.14
2025-05-20 06:00:00,0.0,405.47,736.26,2232.18,3373.91
2025-05-20 07:00:00,236.89,349.96,714.17,1418.65,2719.67
2025-05-20 08:00:00,474.11,539.09,793.09,1603.49,3409.79
2025-05-20 09:00:00,611.07,429.65,750.87,1809.49,3601.08
2025-05-20 10:00:00,780.84,351.05,716.28,1673.91,3522.08
2025-05-20 11:00:00,818.63,420.74,651.43,1629.21,3520.02
2025-05-20 12:00:00,816.62,564.49,712.78,1481.59,3575.48
2025-05-20 13:00:00,803.84,497.17,777.72,1575.24,3653.97
2025-05-20 14:00:00,782.71,425.35,842.55,1047.2,3097.81
2025-05-20 15:00:00,497.55,588.93,777.8,1636.8,3501.08
2025-05-20 16:00:00,401.47,540.0,805.92,1455.99,3203.38
2025-05-20 17:00:00,272.74,400.71,752.32,1611.58,3037.35
2025-05-20 18:00:00,0.0,571.52,752.42,1499.68,2823.62
2025-05-20 19:00:00,0.0,508.88,716.01,1583.51,2808.4
2025-05-20 20:00:00,0.0,786.1,757.58,2080.79,3624.47
2025-05-20 21:00:00,0.0,528.22,848.97,1911.32,3288.51
2025-05-20 22:00:00,0.0,413.28,783.15,1409.0,2605.43
2025-05-20 23:00:00,0.0,549.8,773.31,1281.44,2604.56
2025-05-21 00:00:00,0.0,442.7,884.73,1884.07,3211.5
2025-05-21 01:00:00,0.0,522.13,747.39,1040.27,2309.79
2025-05-21 02:00:00,0.0,591.05,610.7,1659.7,2861.45
2025-05-21 03:00:00,0.0,792.6,686.0,1158.52,2637.12
2025-05-21 04:00:00,0.0,519.5,835.06,1415.74,2770.29
2025-05-21 05:00:00,0.0,455.53,796.08,1569.25,2820.86
2025-05-21 06:00:00,0.0,630.32,777.14,1506.63,2914.09
2025-05-21 07:00:00,144.49,459.98,805.9,1616.33,3026.7
2025-05-21 08:00:00,472.58,615.55,813.47,1762.76,3664.35
2025-05-21 09:00:00,712.69,583.66,730.26,1908.66,3935.27
2025-05-21 10:00:00,760.22,663.97,764.13,1282.82,3471.14
2025-05-21 11:00:00,959.41,597.42,783.68,1657.71,3998.22
2025-05-21 12:00:00,819.76,489.1,728.93,1678.06,3715.85
2025-05-21 13:00:00,798.64,411.3,748.93,1684.59,3643.45
2025-05-21 14:00:00,740.22,682.37,719.51,1652.3,3794.41
2025-05-21 15:00:00,661.94,512.01,805.55,1592.38,3571.88
2025-05-21 16:00:00,466.51,618.48,773.09,1423.15,3281.24
2025-05-21 17:00:00,228.2,336.85,698.89,1178.58,2442.52
2025-05-21 18:00:00,0.0,448.36,814.78,1797.83,3060.98
2025-05-21 19:00:00,0.0,596.46,700.81,1360.54,2657.81
2025-05-21 20:00:00,0.0,563.4,888.04,1643.78,3095.22
2025-05-21 21:00:00,0.0,436.11,893.46,1807.96,3137.53
2025-05-21 22:00:00,0.0,319.11,812.96,1716.16,2848.23
2025-05-21 23:00:00,0.0,397.44,884.58,2441.04,3723.06
2025-05-22 00:00:00,0.0,309.83,682.72,1693.38,2685.93
2025-05-22 01:00:00,0.0,644.7,739.48,1512.26,2896.44
2025-05-22 02:00:00,0.0,498.54,619.31,1524.91,2642.76
2025-05-22 03:00:00,0.0,623.17,736.68,1087.7,2447.55
2025-05-22 04:00:00,0.0,417.9,761.19,1457.74,2636.83
2025-05-22 05:00:00,0.0,314.58,738.5,1555.57,2608.66
2025-05-22 06:00:00,0.0,470.45,823.94,1588.62,2883.0
2025-05-22 07:00:00,186.37,522.68,705.48,1667.91,3082.43
2025-05-22 08:00:00,260.39,473.72,798.36,1653.04,3185.51
2025-05-22 09:00:00,630.39,407.89,786.35,1257.22,3081.86
2025-05-22 10:00:00,787.93,447.5,827.34,1856.98,3919.76
2025-05-22 11:00:00,937.84,526.8,758.14,1544.02,3766.8
2025-05-22 12:00:00,1082.94,575.11,791.98,1470.42,3920.45
2025-05-22 13:00:00,609.82,556.01,678.55,1666.35,3510.74
2025-05-22 14:00:00,709.68,523.41,750.61,1669.82,3653.52
2025-05-22 15:00:00,422.04,582.11,669.88,1828.33,3502.37
2025-05-22 16:00:00,428.04,648.39,702.47,1525.77,3304.67
2025-05-22 17:00:00,158.18,540.49,747.63,1696.65,3142.95
2025-05-22 18:00:00,0.0,438.37,755.93,1530.28,2724.59
2025-05-22 19:00:00,0.0,537.1,795.49,1576.23,2908.82
2025-05-22 20:00:00,0.0,605.2,796.79,1946.96,3348.95
2025-05-22 21:00:00,0.0,526.47,842.79,1659.89,3029.15
2025-05-22 22:00:00,0.0,272.8,854.6,1524.92,2652.32
2025-05-22 23:00:00,0.0,474.06,671.31,1676.67,2822.05
2025-05-23 00:00:00,0.0,557.51,708.0,1620.65,2886.17
2025-05-23 01:00:00,0.0,652.39,774.62,1296.07,2723.09
2025-05-23 02:00:00,0.0,562.47,685.44,1417.0,2664.91
2025-05-23 03:00:00,0.0,647.58,766.43,2020.02,3434.02
2025-05-23 04:00:00,0.0,464.44,759.16,1411.94,2635.55
2025-05-23 05:00:00,0.0,332.06,685.65,1267.51,2285.22
2025-05-23 06:00:00,0.0,645.89,713.19,1832.36,3191.44
2025-05-23 07:00:00,224.78,566.95,848.85,1483.93,3124.52
2025-05-23 08:00:00,399.04,576.2,806.01,1703.38,3484.63
2025-05-23 09:00:00,577.19,442.78,713.5,1194.32,2927.79
2025-05-23 10:00:00,762.34,616.51,741.66,1621.24,3741.76
2025-05-23 11:00:00,1004.94,617.57,770.82,1767.49,4160.82
2025-05-23 12:00:00,819.57,499.8,778.56,1754.19,3852.12
2025-05-23 13:00:00,712.05,476.28,711.48,1405.45,3305.27
2025-05-23 14:00:00,806.08,479.05,715.32,1811.69,3812.14
2025-05-23 15:00:00,716.01,459.03,794.46,1451.36,3420.87
2025-05-23 16:00:00,399.02,586.33,769.95,1770.81,3526.12
2025-05-23 17:00:00,229.05,456.13,755.53,1622.54,3063.25
2025-05-23 18:00:00,0.0,517.25,794.33,1099.82,2411.4
2025-05-23 19:00:00,0.0,499.43,722.21,1672.62,2894.27
2025-05-23 20:00:00,0.0,359.11,811.69,1481.43,2652.24
2025-05-23 21:00:00,0.0,579.93,648.5,1535.78,2764.21
2025-05-23 22:00:00,0.0,650.95,669.95,1737.25,3058.15
2025-05-23 23:00:00,0.0,526.86,730.25,2166.91,3424.02
2025-05-24 00:00:00,0.0,703.41,791.25,1401.49,2896.16
2025-05-24 01:00:00,0.0,526.26,715.66,1396.44,2638.35
2025-05-24 02:00:00,0.0,332.17,715.19,2318.28,3365.64
2025-05-24 03:00:00,0.0,437.44,781.54,2109.49,3328.47
2025-05-24 04:00:00,0.0,540.26,698.72,2072.21,3311.19
2025-05-24 05:00:00,0.0,329.19,810.25,1476.96,2616.4
2025-05-24 06:00:00,0.0,593.24,770.72,1709.37,3073.34
2025-05-24 07:00:00,244.3,411.28,654.88,1314.38,2624.84
2025-05-24 08:00:00,372.12,506.85,737.92,1717.22,3334.1
2025-05-24 09:00:00,588.35,583.23,691.25,2000.28,3863.1
2025-05-24 10:00:00,789.66,426.9,752.94,1574.37,3543.88
2025-05-24 11:00:00,884.09,473.54,730.67,1302.65,3390.95
2025-05-24 12:00:00,1002.02,391.47,741.44,1763.0,3897.93
2025-05-24 13:00:00,855.09,430.53,812.84,1725.44,3823.89
2025-05-24 14:00:00,888.44,304.51,767.19,1728.42,3688.56
2025-05-24 15:00:00,746.12,313.02,727.72,2033.9,3820.76
2025-05-24 16:00:00,479.03,372.19,803.11,1418.07,3072.4
2025-05-24 17:00:00,270.05,532.67,750.61,1611.08,3164.42
2025-05-24 18:00:00,0.0,638.18,706.52,1916.51,3261.21
2025-05-24 19:00:00,0.0,648.31,726.13,1229.57,2604.01
2025-05-24 20:00:00,0.0,524.54,769.64,1513.38,2807.55
2025-05-24 21:00:00,0.0,472.72,680.75,1958.02,3111.49
2025-05-24 22:00:00,0.0,405.57,654.53,1614.61,2674.71
2025-05-24 23:00:00,0.0,570.37,738.6,1384.85,2693.81
2025-05-25 00:00:00,0.0,554.33,672.46,1747.35,2974.15
2025-05-25 01:00:00,0.0,400.14,744.52,1754.11,2898.77
2025-05-25 02:00:00,0.0,582.11,791.7,1319.73,2693.54
2025-05-25 03:00:00,0.0,444.35,776.69,1481.24,2702.29
2025-05-25 04:00:00,0.0,774.75,660.37,1235.86,2670.97
2025-05-25 05:00:00,0.0,670.38,806.95,2038.05,3515.38
2025-05-25 06:00:00,0.0,607.9,745.58,1669.3,3022.78
2025-05-25 07:00:00,206.66,372.92,733.96,1433.95,2747.49
2025-05-25 08:00:00,435.86,447.2,663.77,1199.35,2746.18
2025-05-25 09:00:00,400.79,507.61,880.28,1489.07,3277.76
2025-05-25 10:00:00,723.03,474.96,863.09,1366.24,3427.32
2025-05-25 11:00:00,796.62,646.78,687.5,1046.94,3177.84
2025-05-25 12:00:00,800.82,454.25,783.56,1336.87,3375.5
2025-05-25 13:00:00,749.67,550.25,778.11,1495.65,3573.69
2025-05-25 14:00:00,797.81,569.28,843.56,1419.46,3630.11
2025-05-25 15:00:00,699.68,641.23,786.02,1820.61,3947.54
2025-05-25 16:00:00,408.81,448.72,735.17,1119.58,2712.29
2025-05-25 17:00:00,239.11,457.29,631.65,1444.24,2772.3
2025-05-25 18:00:00,0.0,578.32,738.54,1621.06,2937.93
2025-05-25 19:00:00,0.0,682.68,763.3,1217.42,2663.41
2025-05-25 20:00:00,0.0,406.28,690.93,1562.13,2659.34
2025-05-25 21:00:00,0.0,622.69,700.22,1924.31,3247.21
2025-05-25 22:00:00,0.0,529.85,659.7,2161.9,3351.45
2025-05-25 23:00:00,0.0,507.73,720.15,1472.64,2700.51
2025-05-26 00:00:00,0.0,530.91,748.27,1710.28,2989.46
2025-05-26 01:00:00,0.0,396.85,739.41,1797.26,2933.52
2025-05-26 02:00:00,0.0,542.0,715.29,1696.48,2953.77
2025-05-26 03:00:00,0.0,615.8,778.25,1407.16,2801.21
2025-05-26 04:00:00,0.0,520.87,735.09,1571.28,2827.24
2025-05-26 05:00:00,0.0,678.07,813.94,1324.38,2816.39
2025-05-26 06:00:00,0.0,622.12,675.42,1565.05,2862.59
2025-05-26 07:00:00,250.87,512.14,656.25,1571.46,2990.73
2025-05-26 08:00:00,402.65,402.3,705.19,1467.23,2977.38
2025-05-26 09:00:00,451.94,410.13,664.16,1198.4,2724.62
2025-05-26 10:00:00,562.41,584.0,742.96,1487.3,3376.68
2025-05-26 11:00:00,815.59,517.13,681.67,1752.44,3766.83
2025-05-26 12:00:00,739.04,531.67,745.7,1649.49,3665.9
2025-05-26 13:00:00,936.96,599.58,777.48,1480.74,3794.75
2025-05-26 14:00:00,602.81,338.65,667.75,1981.49,3590.69
2025-05-26 15:00:00,665.01,469.81,716.27,1564.35,3415.44
2025-05-26 16:00:00,459.64,486.74,721.67,1568.79,3236.84
2025-05-26 17:00:00,138.17,368.57,732.19,1760.89,2999.82
2025-05-26 18:00:00,0.0,490.67,751.11,1480.18,2721.96
2025-05-26 19:00:00,0.0,451.0,686.2,1644.34,2781.54
2025-05-26 20:00:00,0.0,448.09,768.12,1706.64,2922.86
2025-05-26 21:00:00,0.0,499.7,838.66,1451.76,2790.12
2025-05-26 22:00:00,0.0,218.26,795.01,1428.89,2442.16
2025-05-26 23:00:00,0.0,427.69,823.51,1612.53,2863.73
2025-05-27 00:00:00,0.0,369.19,722.73,1848.9,2940.81
2025-05-27 01:00:00,0.0,356.81,754.66,1873.57,2985.03
2025-05-27 02:00:00,0.0,579.81,739.43,1872.42,3191.66
2025-05-27 03:00:00,0.0,536.2,617.14,1481.45,2634.79
2025-05-27 04:00:00,0.0,373.04,792.5,2014.46,3180.01
2025-05-27 05:00:00,0.0,379.27,629.25,1014.49,2023.01
2025-05-27 06:00:00,0.0,403.45,716.42,1819.99,2939.86
2025-05-27 07:00:00,139.52,445.85,891.21,1655.1,3131.67
2025-05-27 08:00:00,484.98,401.19,804.74,2057.4,3748.31
2025-05-27 09:00:00,590.69,428.69,688.59,1653.55,3361.52
2025-05-27 10:00:00,610.64,518.5,690.49,1537.67,3357.29
2025-05-27 11:00:00,806.72,581.27,763.69,1559.92,3711.6
2025-05-27 12:00:00,995.29,683.58,814.49,1351.31,3844.66
2025-05-27 13:00:00,885.48,395.35,790.16,1484.29,3555.28
2025-05-27 14:00:00,752.87,271.54,768.74,1795.45,3588.6
2025-05-27 15:00:00,589.0,474.96,740.37,1802.65,3606.98
2025-05-27 16:00:00,420.98,508.8,682.33,1905.87,3517.99
2025-05-27 17:00:00,183.66,461.17,781.1,1473.37,2899.31
2025-05-27 18:00:00,0.0,444.19,649.94,1937.39,3031.51
2025-05-27 19:00:00,0.0,538.73,654.63,1319.18,2512.54
2025-05-27 20:00:00,0.0,362.04,698.32,1467.7,2528.06
2025-05-27 21:00:00,0.0,567.11,866.4,2160.19,3593.7
2025-05-27 22:00:00,0.0,410.88,725.31,1891.99,3028.19
2025-05-27 23:00:00,0.0,457.41,761.18,1845.97,3064.56
2025-05-28 00:00:00,0.0,695.34,788.72,1309.57,2793.63
2025-05-28 01:00:00,0.0,544.96,764.08,1623.66,2932.7
2025-05-28 02:00:00,0.0,263.69,779.37,1373.86,2416.93
2025-05-28 03:00:00,0.0,580.73,884.04,2118.98,3583.75
2025-05-28 04:00:00,0.0,479.64,826.95,1783.13,3089.72
2025-05-28 05:00:00,0.0,457.57,743.84,1698.47,2899.88
2025-05-28 06:00:00,0.0,532.16,693.03,1217.53,2442.72
2025-05-28 07:00:00,241.26,231.94,743.25,1383.84,2600.29
2025-05-28 08:00:00,463.52,485.51,730.47,1629.54,3309.03
2025-05-28 09:00:00,656.2,336.51,840.37,1418.33,3251.41
2025-05-28 10:00:00,769.37,526.86,738.12,1639.39,3673.75
2025-05-28 11:00:00,854.73,546.59,794.07,1706.37,3901.77
2025-05-28 12:00:00,982.57,756.64,775.56,1946.25,4461.02
2025-05-28 13:00:00,645.68,454.98,766.5,1317.25,3184.42
2025-05-28 14:00:00,549.86,327.7,718.76,1717.66,3313.98
2025-05-28 15:00:00,591.09,598.38,769.07,1493.92,3452.46
2025-05-28 16:00:00,263.12,585.3,774.77,1740.36,3363.56
2025-05-28 17:00:00,179.38,492.88,738.8,1637.96,3049.02
2025-05-28 18:00:00,0.0,595.97,707.92,1496.55,2800.45
2025-05-28 19:00:00,0.0,660.53,660.06,1377.16,2697.75
2025-05-28 20:00:00,0.0,342.85,638.42,1799.09,2780.36
2025-05-28 21:00:00,0.0,694.79,674.26,1264.3,2633.35
2025-05-28 22:00:00,0.0,332.69,736.2,1764.51,2833.4
2025-05-28 23:00:00,0.0,604.79,693.31,1712.4,3010.5
2025-05-29 00:00:00,0.0,532.96,774.88,1348.98,2656.81
2025-05-29 01:00:00,0.0,503.1,766.34,1783.63,3053.07
2025-05-29 02:00:00,0.0,587.53,661.7,1208.98,2458.2
2025-05-29 03:00:00,0.0,481.02,809.07,1882.84,3172.93
2025-05-29 04:00:00,0.0,497.12,735.82,1646.86,2879.8
2025-05-29 05:00:00,0.0,566.24,681.55,1813.37,3061.16
2025-05-29 06:00:00,0.0,510.85,834.72,1700.9,3046.47
2025-05-29 07:00:00,158.45,507.78,769.8,1432.33,2868.36
2025-05-29 08:00:00,455.58,391.94,812.83,1926.88,3587.24
2025-05-29 09:00:00,657.16,321.07,813.59,1610.13,3401.94
2025-05-29 10:00:00,916.7,576.51,620.26,1705.08,3818.57
2025-05-29 11:00:00,783.96,445.81,708.4,1640.87,3579.04
2025-05-29 12:00:00,954.61,488.09,849.03,1243.45,3535.19
2025-05-29 13:00:00,864.16,587.65,821.42,1470.95,3744.18
2025-05-29 14:00:00,704.91,564.28,811.9,1943.63,4024.72
2025-05-29 15:00:00,470.64,395.43,681.29,1759.83,3307.19
2025-05-29 16:00:00,392.12,553.06,709.63,1857.81,3512.63
2025-05-29 17:00:00,203.82,518.71,692.68,1654.18,3069.38
2025-05-29 18:00:00,0.0,253.63,741.29,1639.42,2634.34
2025-05-29 19:00:00,0.0,535.09,737.7,1647.66,2920.45
2025-05-29 20:00:00,0.0,476.34,817.0,1694.58,2987.92
2025-05-29 21:00:00,0.0,413.4,791.7,1545.03,2750.12
2025-05-29 22:00:00,0.0,503.69,739.57,1874.52,3117.78
2025-05-29 23:00:00,0.0,375.2,756.02,1772.1,2903.32
2025-05-30 00:00:00,0.0,430.75,740.66,1679.05,2850.46
2025-05-30 01:00:00,0.0,688.93,794.95,1972.9,3456.77
2025-05-30 02:00:00,0.0,581.8,648.34,1682.94,2913.09
2025-05-30 03:00:00,0.0,498.35,713.14,1716.4,2927.88
2025-05-30 04:00:00,0.0,423.25,737.19,1501.51,2661.95
2025-05-30 05:00:00,0.0,512.26,771.9,1540.25,2824.41
2025-05-30 06:00:00,0.0,386.84,756.13,1683.62,2826.59
2025-05-30 07:00:00,214.45,754.59,835.46,1831.74,3636.24
2025-05-30 08:00:00,516.96,404.79,832.6,2023.72,3778.08
2025-05-30 09:00:00,608.62,467.67,805.3,2286.58,4168.16
2025-05-30 10:00:00,839.9,417.03,769.6,1500.0,3526.51
2025-05-30 11:00:00,832.65,746.28,792.98,1637.08,4008.98
2025-05-30 12:00:00,1000.69,553.2,668.86,1535.47,3758.22
2025-05-30 13:00:00,805.23,818.59,723.44,2109.0,4456.27
2025-05-30 14:00:00,718.42,491.0,853.2,1202.38,3264.99
2025-05-30 15:00:00,691.73,665.97,772.72,1603.66,3734.09
2025-05-30 16:00:00,447.5,427.45,756.86,1766.8,3398.62
2025-05-30 17:00:00,208.87,231.27,696.3,1276.15,2412.58
2025-05-30 18:00:00,0.0,608.85,790.61,1534.84,2934.29
2025-05-30 19:00:00,0.0,378.91,808.76,1661.17,2848.84
2025-05-30 20:00:00,0.0,468.42,791.5,1568.09,2828.0
2025-05-30 21:00:00,0.0,554.92,751.39,1950.54,3256.85
2025-05-30 22:00:00,0.0,417.16,742.87,1655.12,2815.16
2025-05-30 23:00:00,0.0,583.88,807.63,1763.02,3154.53
2025-05-31 00:00:00,0.0,419.28,754.57,1530.63,2704.48
2025-05-31 01:00:00,0.0,656.57,717.72,1113.59,2487.88
2025-05-31 02:00:00,0.0,544.0,762.11,1184.73,2490.84
2025-05-31 03:00:00,0.0,383.84,779.75,1890.6,3054.19
2025-05-31 04:00:00,0.0,574.8,868.74,1640.64,3084.18
2025-05-31 05:00:00,0.0,726.8,745.01,1424.36,2896.18
2025-05-31 06:00:00,0.0,452.86,745.42,1351.68,2549.96
2025-05-31 07:00:00,220.73,443.19,738.4,1685.47,3087.78
2025-05-31 08:00:00,430.29,525.89,751.61,1579.32,3287.11
2025-05-31 09:00:00,682.12,252.6,653.26,1637.97,3225.96
2025-05-31 10:00:00,664.87,626.79,745.41,1297.7,3334.77
2025-05-31 11:00:00,798.73,539.53,803.13,1368.7,3510.09
2025-05-31 12:00:00,599.37,542.29,764.25,1470.87,3376.78
2025-05-31 13:00:00,872.86,520.37,756.35,1481.29,3630.87
2025-05-31 14:00:00,778.07,584.0,753.98,1704.71,3820.77
2025-05-31 15:00:00,543.12,714.17,748.05,1677.12,3682.46
2025-05-31 16:00:00,426.39,685.53,872.95,1662.38,3647.25
2025-05-31 17:00:00,192.25,534.42,723.27,1318.37,2768.31
2025-05-31 18:00:00,0.0,531.45,790.7,1736.86,3059.01
2025-05-31 19:00:00,0.0,328.75,773.88,2112.87,3215.5
2025-05-31 20:00:00,0.0,374.36,624.77,1408.76,2407.88
2025-05-31 21:00:00,0.0,706.84,723.81,1609.63,3040.28
2025-05-31 22:00:00,0.0,321.92,865.74,1571.35,2759.01
2025-05-31 23:00:00,0.0,395.77,718.08,1563.13,2676.98
2025-06-01 00:00:00,0.0,342.98,774.88,1715.03,2832.9
2025-06-01 01:00:00,0.0,269.99,690.91,1597.04,2557.94
2025-06-01 02:00:00,0.0,465.95,724.94,1023.58,2214.47
2025-06-01 03:00:00,0.0,448.79,648.44,1773.52,2870.75
2025-06-01 04:00:00,0.0,536.41,662.97,1325.65,2525.03
2025-06-01 05:00:00,0.0,375.22,640.68,1661.35,2677.26
2025-06-01 06:00:00,0.0,369.15,671.03,1895.49,2935.67
2025-06-01 07:00:00,186.47,565.75,666.06,1265.24,2683.53
2025-06-01 08:00:00,293.63,598.95,729.22,1500.08,3121.88
2025-06-01 09:00:00,417.95,696.82,543.91,1711.14,3369.83
2025-06-01 10:00:00,746.06,562.78,713.99,1902.47,3925.31
2025-06-01 11:00:00,711.63,394.14,701.96,1737.55,3545.28
2025-06-01 12:00:00,752.97,432.69,663.38,1928.58,3777.63
2025-06-01 13:00:00,606.62,456.35,738.56,1573.06,3374.57
2025-06-01 14:00:00,553.84,497.84,771.49,1970.14,3793.31
2025-06-01 15:00:00,720.5,537.07,681.08,1301.1,3239.75
2025-06-01 16:00:00,422.09,353.81,782.06,2069.93,3627.89
2025-06-01 17:00:00,219.45,375.6,685.63,1735.12,3015.8
2025-06-01 18:00:00,0.0,499.94,678.35,1355.99,2534.28
2025-06-01 19:00:00,0.0,627.91,702.44,1870.08,3200.43
2025-06-01 20:00:00,0.0,674.64,686.24,1875.68,3236.56
2025-06-01 21:00:00,0.0,694.17,709.1,1944.5,3347.76
2025-06-01 22:00:00,0.0,378.33,664.9,1638.89,2682.13
2025-06-01 23:00:00,0.0,531.65,658.68,1318.66,2509.0
2025-06-02 00:00:00,0.0,511.96,699.84,1583.88,2795.68
2025-06-02 01:00:00,0.0,384.45,742.85,1635.67,2762.96
2025-06-02 02:00:00,0.0,424.37,630.57,2041.05,3096.0
2025-06-02 03:00:00,0.0,501.16,706.75,1810.98,3018.89
2025-06-02 04:00:00,0.0,421.19,689.78,2281.48,3392.45
2025-06-02 05:00:00,0.0,662.91,761.5,1746.04,3170.45
2025-06-02 06:00:00,0.0,561.86,725.24,851.41,2138.51
2025-06-02 07:00:00,211.59,502.04,632.22,1860.9,3206.75
2025-06-02 08:00:00,364.18,405.96,623.04,1754.88,3148.06
2025-06-02 09:00:00,628.45,542.54,698.62,1380.47,3250.08
2025-06-02 10:00:00,867.42,636.01,707.82,1312.57,3523.81
2025-06-02 11:00:00,1051.41,686.43,702.89,1781.7,4222.44
2025-06-02 12:00:00,732.99,685.1,697.25,1761.19,3876.54
2025-06-02 13:00:00,728.32,366.19,750.81,1241.85,3087.17
2025-06-02 14:00:00,819.41,633.11,765.38,1910.27,4128.17
2025-06-02 15:00:00,594.38,645.84,667.2,1643.29,3550.71
2025-06-02 16:00:00,464.42,365.11,679.28,1699.39,3208.2
2025-06-02 17:00:00,185.98,457.16,676.0,1778.1,3097.23
2025-06-02 18:00:00,0.0,429.96,675.89,1652.35,2758.2
2025-06-02 19:00:00,0.0,351.12,679.16,1797.91,2828.19
2025-06-02 20:00:00,0.0,567.01,658.34,1602.9,2828.25
2025-06-02 21:00:00,0.0,418.31,726.39,1701.08,2845.78
2025-06-02 22:00:00,0.0,687.8,721.33,1570.81,2979.93
2025-06-02 23:00:00,0.0,626.29,662.87,1888.99,3178.15
2025-06-03 00:00:00,0.0,709.19,593.6,1604.63,2907.43
2025-06-03 01:00:00,0.0,439.09,659.47,1697.99,2796.56
2025-06-03 02:00:00,0.0,685.51,710.17,1779.36,3175.04
2025-06-03 03:00:00,0.0,543.93,616.12,1297.11,2457.16
2025-06-03 04:00:00,0.0,613.06,691.59,1973.57,3278.22
2025-06-03 05:00:00,0.0,410.3,683.16,1889.11,2982.57
2025-06-03 06:00:00,0.0,342.07,640.51,1619.03,2601.61
2025-06-03 07:00:00,218.01,596.36,676.58,1601.83,3092.78
2025-06-03 08:00:00,398.47,298.09,654.18,1756.15,3106.9
2025-06-03 09:00:00,684.73,698.64,799.8,1507.19,3690.36
2025-06-03 10:00:00,625.07,595.05,724.31,1376.65,3321.08
2025-06-03 11:00:00,748.81,623.39,686.49,1526.25,3584.95
2025-06-03 12:00:00,805.99,393.61,760.82,1828.0,3788.43
2025-06-03 13:00:00,678.95,409.61,600.24,1678.96,3367.76
2025-06-03 14:00:00,693.69,525.06,660.99,1670.19,3549.92
2025-06-03 15:00:00,498.24,607.34,741.79,1387.02,3234.39
2025-06-03 16:00:00,470.35,542.35,692.51,1788.91,3494.13
2025-06-03 17:00:00,228.71,631.23,681.07,958.24,2499.25
2025-06-03 18:00:00,0.0,600.99,827.57,1574.0,3002.56
2025-06-03 19:00:00,0.0,444.14,621.25,1540.3,2605.69
2025-06-03 20:00:00,0.0,191.03,705.62,1921.4,2818.05
2025-06-03 21:00:00,0.0,574.43,790.39,1769.12,3133.94
2025-06-03 22:00:00,0.0,558.26,703.66,1257.51,2519.43
2025-06-03 23:00:00,0.0,552.33,768.33,1336.19,2656.84
2025-06-04 00:00:00,0.0,485.14,591.72,1638.64,2715.5
2025-06-04 01:00:00,0.0,378.25,699.08,1665.73,2743.06
2025-06-04 02:00:00,0.0,295.2,677.76,1442.47,2415.44
2025-06-04 03:00:00,0.0,343.55,728.98,1743.71,2816.24
2025-06-04 04:00:00,0.0,441.9,668.15,1094.19,2204.24
2025-06-04 05:00:00,0.0,466.33,626.46,1376.67,2469.46
2025-06-04 06:00:00,0.0,595.94,690.45,1507.88,2794.27
2025-06-04 07:00:00,210.6,434.55,703.72,2034.94,3383.82
2025-06-04 08:00:00,411.89,489.71,537.06,1782.58,3221.24
2025-06-04 09:00:00,553.98,456.03,689.08,1616.07,3315.17
2025-06-04 10:00:00,719.42,765.94,709.28,1513.09,3707.72
2025-06-04 11:00:00,808.34,406.05,712.09,1165.83,3092.31
2025-06-04 12:00:00,865.21,646.0,571.55,1904.47,3987.23
2025-06-04 13:00:00,857.66,259.6,619.84,1476.67,3213.77
2025-06-04 14:00:00,431.84,675.71,685.41,1319.07,3112.03
2025-06-04 15:00:00,721.95,409.88,633.72,1467.74,3233.3
2025-06-04 16:00:00,419.52,419.16,657.08,1388.65,2884.41
2025-06-04 17:00:00,220.11,374.59,756.17,1548.02,2898.89
2025-06-04 18:00:00,0.0,566.37,619.29,2109.59,3295.25
2025-06-04 19:00:00,0.0,558.92,734.76,1457.07,2750.75
2025-06-04 20:00:00,0.0,421.7,672.53,1738.56,2832.79
2025-06-04 21:00:00,0.0,489.27,655.39,1522.09,2666.74
2025-06-04 22:00:00,0.0,487.11,717.67,1441.16,2645.94
2025-06-04 23:00:00,0.0,378.28,708.4,1836.91,2923.59
2025-06-05 00:00:00,0.0,571.56,749.9,1258.09,2579.55
2025-06-05 01:00:00,0.0,389.99,607.62,1290.61,2288.21
2025-06-05 02:00:00,0.0,352.65,603.09,1791.72,2747.46
2025-06-05 03:00:00,0.0,623.63,729.32,1275.21,2628.16
2025-06-05 04:00:00,0.0,455.07,718.14,1594.83,2768.04
2025-06-05 05:00:00,0.0,420.22,636.99,1941.18,2998.39
2025-06-05 06:00:00,0.0,435.72,668.81,1446.69,2551.23
2025-06-05 07:00:00,231.58,660.58,697.78,1890.5,3480.43
2025-06-05 08:00:00,462.47,333.49,733.12,1556.79,3085.87
2025-06-05 09:00:00,426.77,455.05,710.99,1686.04,3278.84
2025-06-05 10:00:00,733.96,480.74,594.84,1682.29,3491.83
2025-06-05 11:00:00,725.46,408.42,770.36,1871.35,3775.59
2025-06-05 12:00:00,773.91,477.86,677.92,1466.47,3396.17
2025-06-05 13:00:00,841.78,326.67,655.88,1516.4,3340.73
2025-06-05 14:00:00,741.95,326.76,651.4,2075.43,3795.54
2025-06-05 15:00:00,513.53,604.66,684.0,1528.36,3330.55
2025-06-05 16:00:00,421.14,595.77,670.62,2115.56,3803.08
2025-06-05 17:00:00,201.16,430.11,698.77,1258.03,2588.06
2025-06-05 18:00:00,0.0,390.87,778.15,1712.4,2881.42
2025-06-05 19:00:00,0.0,713.78,557.19,1432.53,2703.49
2025-06-05 20:00:00,0.0,434.09,635.01,1908.08,2977.18
2025-06-05 21:00:00,0.0,287.06,609.18,1567.48,2463.72
2025-06-05 22:00:00,0.0,315.03,628.24,1647.77,2591.04
2025-06-05 23:00:00,0.0,516.55,709.62,1792.75,3018.93
2025-06-06 00:00:00,0.0,604.75,760.82,1667.52,3033.09
2025-06-06 01:00:00,0.0,605.69,650.87,1279.24,2535.8
2025-06-06 02:00:00,0.0,326.07,658.57,1423.52,2408.16
2025-06-06 03:00:00,0.0,623.38,658.44,1442.95,2724.77
2025-06-06 04:00:00,0.0,551.7,664.35,1059.35,2275.4
2025-06-06 05:00:00,0.0,460.1,653.05,1263.45,2376.6
2025-06-06 06:00:00,0.0,573.9,615.66,1393.13,2582.69
2025-06-06 07:00:00,247.61,488.19,663.65,1737.92,3137.37
2025-06-06 08:00:00,433.68,552.82,681.03,1741.64,3409.18
2025-06-06 09:00:00,633.74,337.52,715.38,1088.05,2774.68
2025-06-06 10:00:00,585.85,257.38,721.46,1915.47,3480.17
2025-06-06 11:00:00,719.11,535.61,777.8,1446.38,3478.9
2025-06-06 12:00:00,865.49,609.44,724.56,1848.52,4048.0
2025-06-06 13:00:00,698.1,499.55,692.74,1502.4,3392.79
2025-06-06 14:00:00,792.44,402.5,674.04,2371.29,4240.27
2025-06-06 15:00:00,546.13,386.29,731.95,1295.55,2959.92
2025-06-06 16:00:00,352.94,368.51,709.44,1618.65,3049.54
2025-06-06 17:00:00,202.49,408.39,655.16,2246.38,3512.43
2025-06-06 18:00:00,0.0,263.32,807.44,1594.06,2664.82
2025-06-06 19:00:00,0.0,292.72,700.98,1633.97,2627.67
2025-06-06 20:00:00,0.0,543.1,734.32,1964.91,3242.34
2025-06-06 21:00:00,0.0,527.86,750.05,1647.86,2925.77
2025-06-06 22:00:00,0.0,683.71,772.54,1575.92,3032.18
2025-06-06 23:00:00,0.0,501.93,673.83,1399.21,2574.97
2025-06-07 00:00:00,0.0,258.36,617.51,1741.63,2617.49
2025-06-07 01:00:00,0.0,302.64,753.43,1146.23,2202.29
2025-06-07 02:00:00,0.0,393.22,728.44,1413.12,2534.78
2025-06-07 03:00:00,0.0,566.83,671.11,1229.84,2467.79
2025-06-07 04:00:00,0.0,372.91,678.35,2252.54,3303.79
2025-06-07 05:00:00,0.0,249.99,668.47,1553.17,2471.63
2025-06-07 06:00:00,0.0,446.35,680.81,1568.32,2695.49
2025-06-07 07:00:00,215.09,336.44,718.28,1404.2,2674.01
2025-06-07 08:00:00,531.38,380.59,674.57,1577.14,3163.68
2025-06-07 09:00:00,700.6,432.66,626.67,1734.48,3494.41
2025-06-07 10:00:00,573.03,573.2,697.82,1628.97,3473.01
2025-06-07 11:00:00,866.63,617.31,696.86,1560.76,3741.56
2025-06-07 12:00:00,754.02,515.14,814.69,1486.83,3570.69
2025-06-07 13:00:00,1013.04,483.11,631.64,1803.45,3931.23
2025-06-07 14:00:00,625.99,619.95,686.61,1661.79,3594.35
2025-06-07 15:00:00,583.29,272.59,767.73,1300.51,2924.12
2025-06-07 16:00:00,526.43,674.91,659.92,1422.78,3284.04
2025-06-07 17:00:00,277.41,530.67,646.47,1895.9,3350.44
2025-06-07 18:00:00,0.0,563.78,778.11,1583.74,2925.62
2025-06-07 19:00:00,0.0,474.38,696.33,1173.89,2344.6
2025-06-07 20:00:00,0.0,383.45,782.02,1644.97,2810.45
2025-06-07 21:00:00,0.0,522.76,706.35,1800.4,3029.51
2025-06-07 22:00:00,0.0,582.4,638.62,1298.28,2519.3
2025-06-07 23:00:00,0.0,519.9,685.95,1630.5,2836.35
2025-06-08 00:00:00,0.0,579.99,790.13,1349.7,2719.82
2025-06-08 01:00:00,0.0,288.2,531.58,1328.04,2147.82
2025-06-08 02:00:00,0.0,245.26,716.18,1191.81,2153.26
2025-06-08 03:00:00,0.0,458.66,759.79,1440.63,2659.08
2025-06-08 04:00:00,0.0,522.06,728.77,1229.08,2479.92
2025-06-08 05:00:00,0.0,740.15,640.4,1456.71,2837.26
2025-06-08 06:00:00,0.0,207.25,681.38,1540.74,2429.36
2025-06-08 07:00:00,244.33,512.43,674.45,1583.79,3015.0
2025-06-08 08:00:00,406.7,618.59,817.44,1897.77,3740.49
2025-06-08 09:00:00,575.82,509.02,732.86,1441.64,3259.34
2025-06-08 10:00:00,771.21,596.62,686.3,1263.94,3318.05
2025-06-08 11:00:00,856.32,567.51,778.14,1261.92,3463.88
2025-06-08 12:00:00,830.94,397.39,623.11,1490.64,3342.08
2025-06-08 13:00:00,720.83,276.86,675.27,1498.59,3171.54
2025-06-08 14:00:00,824.47,486.11,646.97,2161.94,4119.5
2025-06-08 15:00:00,532.72,360.54,675.98,1297.08,2866.32
2025-06-08 16:00:00,459.65,574.42,688.83,1347.98,3070.88
2025-06-08 17:00:00,254.97,510.19,774.22,1765.36,3304.73
2025-06-08 18:00:00,0.0,484.1,614.8,1760.21,2859.1
2025-06-08 19:00:00,0.0,509.62,660.14,1685.57,2855.34
2025-06-08 20:00:00,0.0,387.82,789.69,1597.62,2775.13
2025-06-08 21:00:00,0.0,281.24,709.08,1664.59,2654.91
2025-06-08 22:00:00,0.0,338.03,731.51,1978.26,3047.8
2025-06-08 23:00:00,0.0,527.72,670.46,1616.49,2814.67
2025-06-09 00:00:00,0.0,475.81,670.93,1540.93,2687.67
2025-06-09 01:00:00,0.0,419.42,738.38,1561.32,2719.11
2025-06-09 02:00:00,0.0,411.83,637.85,1471.79,2521.47
2025-06-09 03:00:00,0.0,445.33,633.85,1446.48,2525.66
2025-06-09 04:00:00,0.0,388.73,739.61,1237.61,2365.95
2025-06-09 05:00:00,0.0,467.43,653.0,1568.16,2688.6
2025-06-09 06:00:00,0.0,241.06,671.75,1582.74,2495.55
2025-06-09 07:00:00,277.71,701.37,689.19,1656.22,3324.48
2025-06-09 08:00:00,402.67,463.78,720.62,1879.6,3466.66
2025-06-09 09:00:00,626.35,413.52,661.47,1769.55,3470.89
2025-06-09 10:00:00,587.03,557.14,784.38,1237.87,3166.42
2025-06-09 11:00:00,891.1,210.02,648.19,1716.28,3465.59
2025-06-09 12:00:00,1068.58,381.18,609.84,1672.06,3731.66
2025-06-09 13:00:00,900.54,365.44,674.79,1370.09,3310.86
2025-06-09 14:00:00,741.43,706.82,806.38,1824.74,4079.37
2025-06-09 15:00:00,582.01,506.34,729.56,1510.73,3328.65
2025-06-09 16:00:00,342.97,346.01,694.17,1407.02,2790.17
2025-06-09 17:00:00,197.1,717.34,672.13,1719.31,3305.88
2025-06-09 18:00:00,0.0,241.53,761.5,1561.61,2564.64
2025-06-09 19:00:00,0.0,392.15,714.62,1777.59,2884.36
2025-06-09 20:00:00,0.0,621.32,702.42,2043.74,3367.48
2025-06-09 21:00:00,0.0,511.62,567.02,1748.89,2827.53
2025-06-09 22:00:00,0.0,582.45,752.08,997.67,2332.2
2025-06-09 23:00:00,0.0,401.32,693.55,1558.67,2653.54
2025-06-10 00:00:00,0.0,581.69,640.22,1798.71,3020.61
2025-06-10 01:00:00,0.0,647.04,774.15,1820.05,3241.25
2025-06-10 02:00:00,0.0,425.05,856.72,1480.11,2761.88
2025-06-10 03:00:00,0.0,502.8,697.59,1806.84,3007.23
2025-06-10 04:00:00,0.0,460.82,725.67,1754.36,2940.85
2025-06-10 05:00:00,0.0,419.82,707.13,1524.08,2651.03
2025-06-10 06:00:00,0.0,484.93,697.09,1403.17,2585.19
2025-06-10 07:00:00,178.01,407.19,598.64,1481.52,2665.37
2025-06-10 08:00:00,431.8,583.93,652.21,1803.04,3470.98
2025-06-10 09:00:00,535.26,416.44,703.47,1664.51,3319.67
2025-06-10 10:00:00,923.62,488.21,662.18,1484.73,3558.73
2025-06-10 11:00:00,553.85,470.36,664.43,1271.04,2959.68
2025-06-10 12:00:00,848.16,494.11,747.27,1590.5,3680.04
2025-06-10 13:00:00,854.18,293.84,695.83,1826.03,3669.88
2025-06-10 14:00:00,757.1,188.22,669.26,1761.53,3376.11
2025-06-10 15:00:00,470.35,544.79,593.49,1877.87,3486.49
2025-06-10 16:00:00,415.09,512.2,571.74,1361.48,2860.51
2025-06-10 17:00:00,279.85,489.6,594.6,1325.8,2689.85
2025-06-10 18:00:00,0.0,717.85,743.48,2206.18,3667.51
2025-06-10 19:00:00,0.0,464.89,683.39,1390.65,2538.93
2025-06-10 20:00:00,0.0,588.23,794.61,1394.17,2777.02
2025-06-10 21:00:00,0.0,452.36,718.7,1343.93,2514.99
2025-06-10 22:00:00,0.0,503.09,820.68,1676.65,3000.43
2025-06-10 23:00:00,0.0,515.5,732.11,1369.36,2616.97
2025-06-11 00:00:00,0.0,369.71,781.29,1927.4,3078.39
2025-06-11 01:00:00,0.0,535.79,675.49,1574.42,2785.69
2025-06-11 02:00:00,0.0,473.63,683.0,1550.7,2707.34
2025-06-11 03:00:00,0.0,704.7,679.45,1252.21,2636.36
2025-06-11 04:00:00,0.0,303.7,687.09,1658.59,2649.38
2025-06-11 05:00:00,0.0,492.51,694.41,1962.76,3149.68
2025-06-11 06:00:00,0.0,487.65,772.19,1789.01,3048.84
2025-06-11 07:00:00,254.92,587.42,655.44,1326.72,2824.51
2025-06-11 08:00:00,318.87,585.65,786.15,1548.59,3239.26
2025-06-11 09:00:00,586.84,402.36,702.42,1258.79,2950.4
2025-06-11 10:00:00,620.2,330.14,711.45,2299.92,3961.71
2025-06-11 11:00:00,797.98,527.86,644.93,1605.37,3576.14
2025-06-11 12:00:00,945.6,435.11,653.81,1473.65,3508.16
2025-06-11 13:00:00,894.91,653.15,768.06,1427.2,3743.31
2025-06-11 14:00:00,838.26,472.97,703.22,1328.66,3343.11
2025-06-11 15:00:00,652.94,414.08,715.08,1732.79,3514.9
2025-06-11 16:00:00,409.05,464.18,677.4,1444.5,2995.13
2025-06-11 17:00:00,186.86,298.0,605.69,1725.82,2816.36
2025-06-11 18:00:00,0.0,507.61,748.49,1834.99,3091.1
2025-06-11 19:00:00,0.0,550.59,658.58,1550.65,2759.82
2025-06-11 20:00:00,0.0,613.03,745.35,1494.47,2852.86
2025-06-11 21:00:00,0.0,417.84,762.47,1749.72,2930.03
2025-06-11 22:00:00,0.0,420.39,663.07,1639.98,2723.44
2025-06-11 23:00:00,0.0,614.65,603.14,1648.22,2866.01
2025-06-12 00:00:00,0.0,500.43,586.58,2026.63,3113.64
2025-06-12 01:00:00,0.0,450.18,690.02,1224.6,2364.8
2025-06-12 02:00:00,0.0,414.84,636.1,1677.71,2728.64
2025-06-12 03:00:00,0.0,495.83,662.78,1902.21,3060.81
2025-06-12 04:00:00,0.0,515.81,708.42,1663.85,2888.08
2025-06-12 05:00:00,0.0,375.18,709.85,1508.89,2593.92
2025-06-12 06:00:00,0.0,497.6,589.46,1021.22,2108.28
2025-06-12 07:00:00,191.65,460.14,764.18,1323.42,2739.39
2025-06-12 08:00:00,433.29,398.09,651.92,1622.7,3106.0
2025-06-12 09:00:00,656.41,593.33,742.33,1242.23,3234.3
2025-06-12 10:00:00,869.48,566.07,767.15,1086.54,3289.23
2025-06-12 11:00:00,674.5,523.49,658.57,1434.18,3290.74
2025-06-12 12:00:00,727.85,570.58,748.73,2234.78,4281.94
2025-06-12 13:00:00,986.07,368.36,697.96,1381.84,3434.23
2025-06-12 14:00:00,603.07,294.1,769.18,1494.19,3160.54
2025-06-12 15:00:00,663.39,425.59,576.61,1722.06,3387.66
2025-06-12 16:00:00,431.21,513.75,775.84,1875.42,3596.23
2025-06-12 17:00:00,219.48,386.81,711.84,1625.2,2943.32
2025-06-12 18:00:00,0.0,562.05,719.21,1624.76,2906.02
2025-06-12 19:00:00,0.0,629.57,746.55,1480.11,2856.22
2025-06-12 20:00:00,0.0,509.67,640.28,1450.62,2600.57
2025-06-12 21:00:00,0.0,557.55,695.15,1366.35,2619.05
2025-06-12 22:00:00,0.0,593.1,682.28,1303.23,2578.61
2025-06-12 23:00:00,0.0,778.23,737.01,1510.94,3026.17
2025-06-13 00:00:00,0.0,521.34,754.08,1403.09,2678.51
2025-06-13 01:00:00,0.0,384.73,582.11,1324.03,2290.87
2025-06-13 02:00:00,0.0,592.24,698.3,1807.05,3097.6
2025-06-13 03:00:00,0.0,542.34,692.39,1364.03,2598.76
2025-06-13 04:00:00,0.0,546.12,713.9,1186.2,2446.22
2025-06-13 05:00:00,0.0,633.32,755.9,1414.03,2803.25
2025-06-13 06:00:00,0.0,696.03,644.1,1209.94,2550.07
2025-06-13 07:00:00,240.59,603.84,732.68,1617.71,3194.82
2025-06-13 08:00:00,458.21,247.76,626.1,1895.46,3227.52
2025-06-13 09:00:00,502.63,669.2,719.07,1364.16,3255.07
2025-06-13 10:00:00,800.65,309.96,633.63,1329.41,3073.66
2025-06-13 11:00:00,955.06,580.04,790.91,1664.23,3990.24
2025-06-13 12:00:00,954.93,481.02,725.35,1967.73,4129.04
2025-06-13 13:00:00,985.15,392.41,739.26,1427.2,3544.01
2025-06-13 14:00:00,591.44,356.55,736.38,1905.33,3589.7
2025-06-13 15:00:00,617.24,426.61,811.6,1371.13,3226.58
2025-06-13 16:00:00,412.64,457.95,669.25,1410.88,2950.72
2025-06-13 17:00:00,196.66,628.03,773.71,1784.23,3382.63
2025-06-13 18:00:00,0.0,654.81,739.9,1077.09,2471.8
2025-06-13 19:00:00,0.0,416.66,669.42,1570.0,2656.07
2025-06-13 20:00:00,0.0,348.12,722.34,1307.27,2377.72
2025-06-13 21:00:00,0.0,486.16,762.05,1981.95,3230.15
2025-06-13 22:00:00,0.0,357.96,685.14,1411.24,2454.34
2025-06-13 23:00:00,0.0,583.03,747.98,1549.11,2880.12
2025-06-14 00:00:00,0.0,437.44,669.0,1308.57,2415.01
2025-06-14 01:00:00,0.0,439.29,693.64,2216.79,3349.72
2025-06-14 02:00:00,0.0,608.24,796.03,2020.54,3424.82
2025-06-14 03:00:00,0.0,451.01,789.15,1509.41,2749.57
2025-06-14 04:00:00,0.0,494.61,717.19,1990.37,3202.16
2025-06-14 05:00:00,0.0,507.23,781.11,1587.83,2876.17
2025-06-14 06:00:00,0.0,531.33,760.69,1852.72,3144.73
2025-06-14 07:00:00,207.69,606.08,732.9,1730.9,3277.56
2025-06-14 08:00:00,377.43,689.72,769.12,1595.11,3431.39
2025-06-14 09:00:00,696.19,570.34,805.15,1116.06,3187.74
2025-06-14 10:00:00,719.67,559.91,698.74,1731.68,3710.0
2025-06-14 11:00:00,741.27,506.84,682.93,1257.72,3188.76
2025-06-14 12:00:00,733.02,607.45,748.2,1718.88,3807.55
2025-06-14 13:00:00,797.48,316.6,727.46,1832.05,3673.59
2025-06-14 14:00:00,544.56,551.8,611.63,1257.23,2965.22
2025-06-14 15:00:00,530.73,646.97,769.42,1947.9,3895.02
2025-06-14 16:00:00,443.71,544.8,681.42,1500.64,3170.56
2025-06-14 17:00:00,213.81,471.93,711.45,1595.37,2992.56
2025-06-14 18:00:00,0.0,374.91,656.17,1766.68,2797.76
2025-06-14 19:00:00,0.0,409.71,753.42,1410.75,2573.88
2025-06-14 20:00:00,0.0,370.22,601.07,1531.09,2502.37
2025-06-14 21:00:00,0.0,437.94,580.63,1519.02,2537.59
2025-06-14 22:00:00,0.0,350.08,815.12,1769.37,2934.57
2025-06-14 23:00:00,0.0,652.04,769.8,1553.8,2975.65
2025-06-15 00:00:00,0.0,521.65,641.1,1494.06,2656.81
2025-06-15 01:00:00,0.0,422.74,761.02,1738.81,2922.58
2025-06-15 02:00:00,0.0,302.98,684.77,1722.0,2709.75
2025-06-15 03:00:00,0.0,458.16,782.35,1750.1,2990.62
2025-06-15 04:00:00,0.0,731.19,746.01,1950.9,3428.1
2025-06-15 05:00:00,0.0,448.53,796.92,1183.28,2428.73
2025-06-15 06:00:00,0.0,251.88,694.17,1358.96,2305.01
2025-06-15 07:00:00,245.61,555.99,683.16,1491.72,2976.49
2025-06-15 08:00:00,342.24,658.81,651.31,1453.74,3106.1
2025-06-15 09:00:00,587.51,536.76,740.87,1713.61,3578.75
2025-06-15 10:00:00,597.83,716.32,588.64,1690.9,3593.68
2025-06-15 11:00:00,896.05,496.38,722.43,1740.22,3855.08
2025-06-15 12:00:00,945.09,430.07,710.78,1434.65,3520.59
2025-06-15 13:00:00,695.84,440.43,691.13,1332.99,3160.39
2025-06-15 14:00:00,797.06,788.97,694.15,1347.33,3627.51
2025-06-15 15:00:00,527.39,285.84,703.85,1391.14,2908.22
2025-06-15 16:00:00,370.99,335.94,641.25,1610.57,2958.74
2025-06-15 17:00:00,213.04,544.61,654.44,1218.79,2630.88
2025-06-15 18:00:00,0.0,659.8,696.22,1844.6,3200.63
2025-06-15 19:00:00,0.0,560.22,662.39,1894.1,3116.71
2025-06-15 20:00:00,0.0,414.06,774.59,1167.65,2356.3
2025-06-15 21:00:00,0.0,464.88,660.52,1235.06,2360.47
2025-06-15 22:00:00,0.0,643.01,542.67,1461.77,2647.45
2025-06-15 23:00:00,0.0,499.86,689.35,1389.23,2578.44
2025-06-16 00:00:00,0.0,438.66,764.98,1356.12,2559.76
2025-06-16 01:00:00,0.0,307.84,623.06,1689.28,2620.17
2025-06-16 02:00:00,0.0,506.18,660.78,1085.43,2252.39
2025-06-16 03:00:00,0.0,534.91,812.13,1790.85,3137.89
2025-06-16 04:00:00,0.0,399.78,685.92,1916.88,3002.58
2025-06-16 05:00:00,0.0,286.21,663.69,1328.04,2277.94
2025-06-16 06:00:00,0.0,577.86,697.36,1749.41,3024.62
2025-06-16 07:00:00,246.87,500.26,697.84,1378.4,2823.36
2025-06-16 08:00:00,303.75,576.09,721.5,1575.48,3176.82
2025-06-16 09:00:00,513.74,327.13,716.44,1202.14,2759.45
2025-06-16 10:00:00,796.9,622.43,675.64,1413.24,3508.2
2025-06-16 11:00:00,637.46,448.62,741.41,1805.23,3632.73
2025-06-16 12:00:00,815.94,496.66,842.16,1684.45,3839.2
2025-06-16 13:00:00,770.53,498.91,709.54,1678.88,3657.85
2025-06-16 14:00:00,703.44,397.94,719.82,1898.73,3719.93
2025-06-16 15:00:00,539.85,556.53,670.75,1697.94,3465.07
2025-06-16 16:00:00,289.08,623.95,676.49,1656.23,3245.75
2025-06-16 17:00:00,197.8,476.42,655.66,1690.91,3020.79
2025-06-16 18:00:00,0.0,618.05,673.97,1548.63,2840.66
2025-06-16 19:00:00,0.0,410.39,705.82,1336.71,2452.92
2025-06-16 20:00:00,0.0,508.52,587.35,1327.81,2423.68
2025-06-16 21:00:00,0.0,666.38,685.32,1941.92,3293.63
2025-06-16 22:00:00,0.0,489.94,642.93,1621.19,2754.06
2025-06-16 23:00:00,0.0,539.98,667.46,1910.42,3117.85
2025-06-17 00:00:00,0.0,553.26,652.39,1771.39,2977.03
2025-06-17 01:00:00,0.0,442.28,780.79,1476.55,2699.63
2025-06-17 02:00:00,0.0,743.55,650.79,1675.45,3069.79
2025-06-17 03:00:00,0.0,536.01,696.95,1920.71,3153.66
2025-06-17 04:00:00,0.0,403.39,772.22,1694.66,2870.27
2025-06-17 05:00:00,0.0,575.39,741.09,1731.42,3047.9
2025-06-17 06:00:00,0.0,516.3,667.67,1753.39,2937.37
2025-06-17 07:00:00,256.82,541.28,645.86,1872.54,3316.5
2025-06-17 08:00:00,482.65,508.09,681.89,1321.46,2994.09
2025-06-17 09:00:00,677.47,441.11,757.93,1454.4,3330.91
2025-06-17 10:00:00,842.14,448.28,723.28,1737.96,3751.65
2025-06-17 11:00:00,812.27,558.09,675.0,1827.51,3872.87
2025-06-17 12:00:00,780.08,438.95,588.53,1575.92,3383.48
2025-06-17 13:00:00,820.45,663.52,687.83,1335.1,3506.9
2025-06-17 14:00:00,811.29,604.95,670.73,1857.96,3944.92
2025-06-17 15:00:00,642.65,256.77,690.81,1699.49,3289.72
2025-06-17 16:00:00,441.25,486.36,808.6,1885.98,3622.19
2025-06-17 17:00:00,239.63,505.44,727.44,1342.62,2815.14
2025-06-17 18:00:00,0.0,574.32,682.52,1669.31,2926.16
2025-06-17 19:00:00,0.0,621.5,730.71,1921.77,3273.98
2025-06-17 20:00:00,0.0,465.28,802.25,1553.11,2820.65
2025-06-17 21:00:00,0.0,673.03,690.55,1300.59,2664.17
2025-06-17 22:00:00,0.0,434.82,668.96,1674.56,2778.33
2025-06-17 23:00:00,0.0,458.23,655.45,1637.79,2751.47
2025-06-18 00:00:00,0.0,645.42,754.85,1708.72,3108.98
2025-06-18 01:00:00,0.0,610.16,913.47,1232.92,2756.55
2025-06-18 02:00:00,0.0,640.55,761.68,1370.86,2773.09
2025-06-18 03:00:00,0.0,656.85,675.04,1636.87,2968.76
2025-06-18 04:00:00,0.0,573.5,643.35,1765.69,2982.54
2025-06-18 05:00:00,0.0,578.57,711.69,1135.85,2426.12
2025-06-18 06:00:00,0.0,582.49,664.9,1889.83,3137.22
2025-06-18 07:00:00,183.94,521.0,675.75,1447.57,2828.26
2025-06-18 08:00:00,355.65,377.91,679.86,1393.4,2806.81
2025-06-18 09:00:00,570.74,390.2,667.38,1740.29,3368.62
2025-06-18 10:00:00,720.83,432.54,715.1,1581.53,3450.01
2025-06-18 11:00:00,971.38,717.76,715.25,1489.57,3893.96
2025-06-18 12:00:00,760.21,593.03,767.99,1630.58,3751.81
2025-06-18 13:00:00,758.55,552.74,755.12,1235.38,3301.8
2025-06-18 14:00:00,817.03,460.17,663.42,1834.23,3774.84
2025-06-18 15:00:00,615.85,500.06,662.89,1525.07,3303.86
2025-06-18 16:00:00,600.55,431.75,662.69,1754.94,3449.93
2025-06-18 17:00:00,215.58,515.67,684.38,1207.14,2622.77
2025-06-18 18:00:00,0.0,446.29,767.73,1436.9,2650.92
2025-06-18 19:00:00,0.0,648.32,671.64,1177.46,2497.41
2025-06-18 20:00:00,0.0,380.07,743.37,1507.91,2631.35
2025-06-18 21:00:00,0.0,475.58,567.61,1607.69,2650.88
2025-06-18 22:00:00,0.0,233.38,745.99,1567.19,2546.57
2025-06-18 23:00:00,0.0,524.51,714.6,1647.26,2886.37
2025-06-19 00:00:00,0.0,413.65,738.87,1272.38,2424.9
2025-06-19 01:00:00,0.0,681.29,769.64,1544.13,2995.06
2025-06-19 02:00:00,0.0,453.98,660.05,1320.71,2434.75
2025-06-19 03:00:00,0.0,467.59,792.66,1449.57,2709.81
2025-06-19 04:00:00,0.0,630.12,610.56,1778.07,3018.75
2025-06-19 05:00:00,0.0,343.29,721.43,1589.58,2654.31
2025-06-19 06:00:00,0.0,505.39,701.76,1431.15,2638.29
2025-06-19 07:00:00,203.75,628.61,835.42,1626.91,3294.69
2025-06-19 08:00:00,339.71,599.48,555.37,1762.29,3256.84
2025-06-19 09:00:00,524.25,562.95,640.24,1898.88,3626.31
2025-06-19 10:00:00,674.3,290.03,618.1,1895.31,3477.74
2025-06-19 11:00:00,960.19,542.94,717.23,1349.96,3570.33
2025-06-19 12:00:00,982.45,506.0,698.03,1340.35,3526.84
2025-06-19 13:00:00,820.55,365.5,739.58,996.15,2921.78
2025-06-19 14:00:00,936.1,452.46,692.42,1685.83,3766.8
2025-06-19 15:00:00,601.67,597.33,654.11,1428.28,3281.39
2025-06-19 16:00:00,447.45,357.44,680.62,1788.74,3274.24
2025-06-19 17:00:00,201.19,809.07,732.95,1475.34,3218.55
2025-06-19 18:00:00,0.0,605.93,691.54,1565.92,2863.39
2025-06-19 19:00:00,0.0,526.14,624.32,1306.12,2456.58
2025-06-19 20:00:00,0.0,561.59,670.73,1911.9,3144.22
2025-06-19 21:00:00,0.0,284.26,668.24,1118.18,2070.69
2025-06-19 22:00:00,0.0,476.51,598.78,2094.72,3170.01
2025-06-19 23:00:00,0.0,341.02,701.88,1274.46,2317.36
2025-06-20 00:00:00,0.0,304.65,687.01,1609.37,2601.02
2025-06-20 01:00:00,0.0,512.29,602.06,1181.02,2295.37
2025-06-20 02:00:00,0.0,656.43,656.68,1683.88,2996.99
2025-06-20 03:00:00,0.0,532.41,694.2,1713.97,2940.58
2025-06-20 04:00:00,0.0,704.82,634.06,1817.21,3156.09
2025-06-20 05:00:00,0.0,351.49,638.56,1887.71,2877.76
2025-06-20 06:00:00,0.0,595.07,768.23,1893.65,3256.96
2025-06-20 07:00:00,196.47,607.7,735.77,1473.09,3013.04
2025-06-20 08:00:00,385.12,248.06,778.5,1853.64,3265.32
2025-06-20 09:00:00,547.63,586.42,787.82,1650.26,3572.14
2025-06-20 10:00:00,837.39,710.89,597.01,1746.32,3891.6
2025-06-20 11:00:00,976.5,462.64,655.15,1216.66,3310.96
2025-06-20 12:00:00,799.07,589.39,610.29,1855.3,3854.06
2025-06-20 13:00:00,794.39,510.54,657.99,1605.87,3568.78
2025-06-20 14:00:00,632.15,506.75,722.74,2557.91,4419.55
2025-06-20 15:00:00,586.95,371.64,728.57,1664.31,3351.47
2025-06-20 16:00:00,399.35,413.74,703.42,2275.87,3792.39
2025-06-20 17:00:00,261.8,411.68,763.13,2082.67,3519.29
2025-06-20 18:00:00,0.0,388.24,720.39,1725.64,2834.27
2025-06-20 19:00:00,0.0,515.09,536.34,1586.03,2637.46
2025-06-20 20:00:00,0.0,479.08,634.26,1740.35,2853.69
2025-06-20 21:00:00,0.0,536.91,697.52,1451.53,2685.97
2025-06-20 22:00:00,0.0,463.68,723.68,1598.49,2785.85
2025-06-20 23:00:00,0.0,772.23,754.81,1073.47,2600.52
2025-06-21 00:00:00,0.0,640.55,753.65,1211.21,2605.41
2025-06-21 01:00:00,0.0,458.77,638.51,1357.53,2454.81
2025-06-21 02:00:00,0.0,553.53,678.3,984.9,2216.73
2025-06-21 03:00:00,0.0,455.98,726.81,1787.85,2970.63
2025-06-21 04:00:00,0.0,463.59,852.97,1502.63,2819.19
2025-06-21 05:00:00,0.0,599.15,698.63,1510.27,2808.04
2025-06-21 06:00:00,0.0,682.45,636.88,1642.19,2961.52
2025-06-21 07:00:00,221.6,509.13,736.0,1375.63,2842.36
2025-06-21 08:00:00,463.42,418.85,643.13,1470.82,2996.22
2025-06-21 09:00:00,465.37,650.15,761.38,2119.9,3996.81
2025-06-21 10:00:00,722.2,632.46,690.43,1545.24,3590.33
2025-06-21 11:00:00,802.51,610.49,669.37,1518.24,3600.61
2025-06-21 12:00:00,848.11,370.11,728.42,1375.04,3321.68
2025-06-21 13:00:00,736.21,472.58,748.12,1673.44,3630.35
2025-06-21 14:00:00,664.78,514.47,699.79,1849.23,3728.27
2025-06-21 15:00:00,665.79,605.87,730.93,1366.74,3369.33
2025-06-21 16:00:00,401.23,343.98,637.38,1607.43,2990.02
2025-06-21 17:00:00,214.5,644.18,676.68,1625.84,3161.2
2025-06-21 18:00:00,0.0,486.41,580.19,1832.04,2898.64
2025-06-21 19:00:00,0.0,361.72,793.0,1403.6,2558.31
2025-06-21 20:00:00,0.0,755.38,622.33,2076.12,3453.83
2025-06-21 21:00:00,0.0,548.1,690.04,1464.26,2702.39
2025-06-21 22:00:00,0.0,514.43,664.39,1104.5,2283.32
2025-06-21 23:00:00,0.0,435.78,694.04,1763.03,2892.84
2025-06-22 00:00:00,0.0,420.45,611.56,2101.38,3133.38
2025-06-22 01:00:00,0.0,364.7,673.86,1596.49,2635.05
2025-06-22 02:00:00,0.0,388.78,625.98,1309.38,2324.14
2025-06-22 03:00:00,0.0,450.16,708.11,1291.37,2449.64
2025-06-22 04:00:00,0.0,384.21,626.88,1885.7,2896.78
2025-06-22 05:00:00,0.0,506.48,696.97,1395.46,2598.91
2025-06-22 06:00:00,0.0,488.89,799.08,1417.57,2705.54
2025-06-22 07:00:00,277.26,465.15,681.32,1708.47,3132.21
2025-06-22 08:00:00,444.55,551.29,677.35,1720.27,3393.45
2025-06-22 09:00:00,493.32,292.5,692.4,1411.01,2889.23
2025-06-22 10:00:00,809.94,508.47,774.78,1360.45,3453.64
2025-06-22 11:00:00,1248.73,639.63,703.83,1561.43,4153.62
2025-06-22 12:00:00,788.6,569.46,676.9,1587.47,3622.43
2025-06-22 13:00:00,1113.13,619.72,570.66,1298.33,3601.84
2025-06-22 14:00:00,807.3,620.06,697.54,1668.21,3793.12
2025-06-22 15:00:00,531.23,576.21,666.48,1717.41,3491.33
2025-06-22 16:00:00,446.32,684.56,734.05,1218.23,3083.17
2025-06-22 17:00:00,246.37,603.57,669.22,1950.12,3469.28
2025-06-22 18:00:00,0.0,587.35,622.39,1765.49,2975.23
2025-06-22 19:00:00,0.0,302.37,727.99,1226.83,2257.19
2025-06-22 20:00:00,0.0,522.47,722.79,1242.17,2487.44
2025-06-22 21:00:00,0.0,637.4,728.3,1209.85,2575.55
2025-06-22 22:00:00,0.0,472.29,756.3,1521.53,2750.12
2025-06-22 23:00:00,0.0,559.37,823.73,1767.46,3150.56
2025-06-23 00:00:00,0.0,473.06,732.31,1771.03,2976.4
2025-06-23 01:00:00,0.0,400.12,713.29,2059.43,3172.85
2025-06-23 02:00:00,0.0,503.29,632.51,1796.33,2932.13
2025-06-23 03:00:00,0.0,539.32,761.56,1621.54,2922.42
2025-06-23 04:00:00,0.0,299.0,615.78,1482.06,2396.84
2025-06-23 05:00:00,0.0,508.26,622.0,1337.97,2468.23
2025-06-23 06:00:00,0.0,543.85,719.5,1327.23,2590.58
2025-06-23 07:00:00,264.71,429.3,693.84,1996.2,3384.05
2025-06-23 08:00:00,396.5,558.12,618.07,1534.21,3106.9
2025-06-23 09:00:00,542.73,642.49,623.99,1595.83,3405.04
2025-06-23 10:00:00,742.33,592.89,718.73,1324.5,3378.46
2025-06-23 11:00:00,597.02,581.32,766.84,1508.59,3453.77
2025-06-23 12:00:00,963.68,404.02,735.98,1666.43,3770.11
2025-06-23 13:00:00,899.0,488.29,627.74,1587.69,3602.72
2025-06-23 14:00:00,856.27,334.7,835.08,1133.32,3159.37
2025-06-23 15:00:00,529.7,527.83,659.21,1763.03,3479.79
2025-06-23 16:00:00,436.49,569.7,765.84,1671.9,3443.92
2025-06-23 17:00:00,182.43,577.26,694.91,1353.23,2807.83
2025-06-23 18:00:00,0.0,512.82,684.23,1674.67,2871.72
2025-06-23 19:00:00,0.0,417.12,664.3,1480.75,2562.17
2025-06-23 20:00:00,0.0,406.86,713.51,1051.01,2171.38
2025-06-23 21:00:00,0.0,531.41,688.23,1504.04,2723.68
2025-06-23 22:00:00,0.0,558.54,642.72,1403.16,2604.42
2025-06-23 23:00:00,0.0,509.73,718.54,1249.67,2477.93
2025-06-24 00:00:00,0.0,491.61,666.99,1313.21,2471.82
2025-06-24 01:00:00,0.0,410.97,715.04,1621.84,2747.85
2025-06-24 02:00:00,0.0,377.64,692.17,1768.93,2838.75
2025-06-24 03:00:00,0.0,394.26,681.03,1523.73,2599.02
2025-06-24 04:00:00,0.0,830.18,708.03,1249.45,2787.67
2025-06-24 05:00:00,0.0,406.31,665.5,1849.81,2921.62
2025-06-24 06:00:00,0.0,490.31,771.24,1577.22,2838.77
2025-06-24 07:00:00,227.78,548.3,666.29,1551.55,2993.92
2025-06-24 08:00:00,440.26,436.75,688.12,1852.85,3417.98
2025-06-24 09:00:00,565.25,272.99,735.57,1311.21,2885.02
2025-06-24 10:00:00,754.28,606.16,590.82,1349.05,3300.31
2025-06-24 11:00:00,785.67,621.85,651.93,1699.2,3758.66
2025-06-24 12:00:00,791.88,252.21,660.86,1521.38,3226.33
2025-06-24 13:00:00,742.06,525.13,776.87,1528.79,3572.85
2025-06-24 14:00:00,753.95,458.62,653.05,2063.21,3928.83
2025-06-24 15:00:00,657.38,542.03,686.69,1686.75,3572.86
2025-06-24 16:00:00,469.88,467.73,686.77,1397.04,3021.42
2025-06-24 17:00:00,206.01,466.44,757.54,1247.1,2677.1
2025-06-24 18:00:00,0.0,469.52,754.48,1542.01,2766.01
2025-06-24 19:00:00,0.0,363.98,716.17,1619.7,2699.85
2025-06-24 20:00:00,0.0,416.28,704.33,1534.75,2655.36
2025-06-24 21:00:00,0.0,618.44,643.09,1455.1,2716.63
2025-06-24 22:00:00,0.0,374.82,636.05,1309.42,2320.28
2025-06-24 23:00:00,0.0,564.29,672.84,2057.08,3294.22
2025-06-25 00:00:00,0.0,563.53,598.07,1197.08,2358.68
2025-06-25 01:00:00,0.0,523.66,627.43,1507.8,2658.89
2025-06-25 02:00:00,0.0,485.72,674.02,1148.12,2307.85
2025-06-25 03:00:00,0.0,575.89,605.38,1792.96,2974.23
2025-06-25 04:00:00,0.0,585.62,776.44,1756.76,3118.81
2025-06-25 05:00:00,0.0,538.36,716.14,1624.81,2879.3
2025-06-25 06:00:00,0.0,536.58,714.93,1666.83,2918.35
2025-06-25 07:00:00,231.24,363.11,706.92,1877.5,3178.77
2025-06-25 08:00:00,383.36,671.92,650.51,964.17,2669.96
2025-06-25 09:00:00,613.11,536.22,659.16,1495.79,3304.27
2025-06-25 10:00:00,774.34,642.78,777.98,1405.48,3600.59
2025-06-25 11:00:00,983.5,368.07,759.52,1802.92,3914.01
2025-06-25 12:00:00,993.24,405.36,648.89,1396.41,3443.89
2025-06-25 13:00:00,737.87,646.39,808.06,1703.1,3895.42
2025-06-25 14:00:00,709.34,440.84,665.6,1527.22,3343.0
2025-06-25 15:00:00,538.85,466.57,780.48,1807.0,3592.9
2025-06-25 16:00:00,438.72,522.52,645.88,1650.95,3258.07
2025-06-25 17:00:00,174.98,434.99,584.49,1254.64,2449.1
2025-06-25 18:00:00,0.0,306.77,731.64,1520.09,2558.5
2025-06-25 19:00:00,0.0,481.49,707.24,1562.95,2751.67
2025-06-25 20:00:00,0.0,433.1,614.25,1407.78,2455.13
2025-06-25 21:00:00,0.0,617.38,581.18,1331.34,2529.9
2025-06-25 22:00:00,0.0,314.62,689.56,1602.57,2606.76
2025-06-25 23:00:00,0.0,524.5,708.92,1862.64,3096.07
2025-06-26 00:00:00,0.0,306.64,737.58,1549.89,2594.11
2025-06-26 01:00:00,0.0,472.0,651.52,1572.39,2695.91
2025-06-26 02:00:00,0.0,486.14,685.2,1306.71,2478.05
2025-06-26 03:00:00,0.0,679.68,707.5,1203.42,2590.6
2025-06-26 04:00:00,0.0,647.31,823.2,1485.35,2955.87
2025-06-26 05:00:00,0.0,614.6,655.7,1750.09,3020.38
2025-06-26 06:00:00,0.0,509.92,728.94,1497.49,2736.35
2025-06-26 07:00:00,199.96,357.76,694.98,1433.18,2685.88
2025-06-26 08:00:00,438.78,511.19,735.01,1646.15,3331.14
2025-06-26 09:00:00,554.01,511.55,752.76,1373.53,3191.85
2025-06-26 10:00:00,931.38,374.96,668.73,1379.51,3354.58
2025-06-26 11:00:00,775.72,467.66,607.58,1428.49,3279.47
2025-06-26 12:00:00,891.11,711.73,765.7,1646.88,4015.42
2025-06-26 13:00:00,948.44,253.66,679.42,1852.91,3734.43
2025-06-26 14:00:00,511.23,646.36,723.77,1841.93,3723.29
2025-06-26 15:00:00,524.01,338.59,734.08,1481.62,3078.3
2025-06-26 16:00:00,459.46,334.93,698.33,2102.85,3595.57
2025-06-26 17:00:00,195.91,504.67,729.92,1527.3,2957.8
2025-06-26 18:00:00,0.0,609.16,732.64,1288.21,2630.01
2025-06-26 19:00:00,0.0,338.57,657.22,1624.53,2620.32
2025-06-26 20:00:00,0.0,445.5,675.72,1610.39,2731.61
2025-06-26 21:00:00,0.0,515.7,717.73,1673.47,2906.9
2025-06-26 22:00:00,0.0,457.72,716.84,1769.06,2943.63
2025-06-26 23:00:00,0.0,383.76,684.04,1672.8,2740.6
2025-06-27 00:00:00,0.0,539.63,712.71,1657.66,2910.0
2025-06-27 01:00:00,0.0,493.81,676.89,1953.97,3124.67
2025-06-27 02:00:00,0.0,360.21,782.75,1952.74,3095.71
2025-06-27 03:00:00,0.0,526.84,785.62,1371.27,2683.74
2025-06-27 04:00:00,0.0,514.73,699.27,1408.04,2622.04
2025-06-27 05:00:00,0.0,440.76,689.41,1623.39,2753.57
2025-06-27 06:00:00,0.0,369.01,582.11,1686.47,2637.59
2025-06-27 07:00:00,246.75,483.33,555.64,1570.4,2856.13
2025-06-27 08:00:00,368.7,498.24,679.03,1313.39,2859.35
2025-06-27 09:00:00,702.07,359.71,694.17,1968.45,3724.39
2025-06-27 10:00:00,641.97,288.11,753.12,1665.23,3348.42
2025-06-27 11:00:00,814.47,461.06,686.07,1051.33,3012.92
2025-06-27 12:00:00,783.1,346.38,818.64,1341.36,3289.47
2025-06-27 13:00:00,807.78,649.72,771.4,1808.3,4037.19
2025-06-27 14:00:00,694.2,552.76,803.78,1703.26,3754.0
2025-06-27 15:00:00,476.77,492.56,703.43,1548.92,3221.68
2025-06-27 16:00:00,448.33,465.63,711.06,1846.4,3471.42
2025-06-27 17:00:00,265.31,423.59,690.58,1860.64,3240.12
2025-06-27 18:00:00,0.0,400.86,694.17,982.41,2077.43
2025-06-27 19:00:00,0.0,472.87,719.05,2032.14,3224.05
2025-06-27 20:00:00,0.0,325.45,749.25,1440.28,2514.98
2025-06-27 21:00:00,0.0,342.4,649.05,1815.38,2806.83
2025-06-27 22:00:00,0.0,339.98,747.34,1316.96,2404.27
2025-06-27 23:00:00,0.0,415.84,812.91,1709.3,2938.05
2025-06-28 00:00:00,0.0,513.38,766.83,1497.5,2777.71
2025-06-28 01:00:00,0.0,672.72,683.62,1732.03,3088.38
2025-06-28 02:00:00,0.0,475.02,708.02,1949.1,3132.15
2025-06-28 03:00:00,0.0,667.71,822.93,1776.94,3267.58
2025-06-28 04:00:00,0.0,419.74,760.29,2238.6,3418.63
2025-06-28 05:00:00,0.0,588.87,711.68,1360.5,2661.04
2025-06-28 06:00:00,0.0,457.91,782.14,2109.9,3349.95
2025-06-28 07:00:00,194.86,393.73,690.02,1872.17,3150.77
2025-06-28 08:00:00,533.75,540.14,659.78,1480.5,3214.18
2025-06-28 09:00:00,647.11,478.66,660.62,1571.02,3357.41
2025-06-28 10:00:00,849.91,466.43,772.97,1893.49,3982.79
2025-06-28 11:00:00,563.58,572.65,733.33,1578.21,3447.78
2025-06-28 12:00:00,879.85,314.01,755.63,1719.24,3668.73
2025-06-28 13:00:00,981.09,347.53,649.8,1578.16,3556.58
2025-06-28 14:00:00,649.38,462.8,705.49,1736.36,3554.04
2025-06-28 15:00:00,676.12,360.14,662.94,1643.24,3342.44
2025-06-28 16:00:00,462.71,637.16,695.69,1920.22,3715.78
2025-06-28 17:00:00,185.04,306.89,720.15,1713.97,2926.04
2025-06-28 18:00:00,0.0,653.08,709.94,1644.84,3007.87
2025-06-28 19:00:00,0.0,523.63,700.2,1792.89,3016.72
2025-06-28 20:00:00,0.0,196.38,603.03,1573.71,2373.13
2025-06-28 21:00:00,0.0,458.1,657.29,1700.42,2815.8
2025-06-28 22:00:00,0.0,405.83,682.38,1904.3,2992.51
2025-06-28 23:00:00,0.0,395.95,776.39,1259.53,2431.86
2025-06-29 00:00:00,0.0,673.45,695.04,1540.01,2908.51
2025-06-29 01:00:00,0.0,729.37,668.94,1490.3,2888.61
2025-06-29 02:00:00,0.0,623.64,668.84,1720.42,3012.9
2025-06-29 03:00:00,0.0,433.85,676.66,1568.85,2679.36
2025-06-29 04:00:00,0.0,610.58,587.07,1753.15,2950.8
2025-06-29 05:00:00,0.0,691.91,682.46,1361.09,2735.47
2025-06-29 06:00:00,0.0,521.1,692.57,1445.97,2659.65
2025-06-29 07:00:00,230.08,376.0,678.33,1657.19,2941.61
2025-06-29 08:00:00,359.48,603.11,772.7,1708.14,3443.42
2025-06-29 09:00:00,803.36,557.13,761.19,1373.19,3494.87
2025-06-29 10:00:00,710.13,489.48,663.43,1525.31,3388.35
2025-06-29 11:00:00,827.05,605.42,675.03,1797.65,3905.15
2025-06-29 12:00:00,1069.38,754.18,709.88,1359.64,3893.07
2025-06-29 13:00:00,948.6,711.78,780.48,1506.23,3947.09
2025-06-29 14:00:00,865.66,576.14,693.23,1895.56,4030.59
2025-06-29 15:00:00,669.13,542.11,680.32,1154.66,3046.22
2025-06-29 16:00:00,418.84,678.57,783.73,2006.24,3887.37
2025-06-29 17:00:00,185.74,403.95,770.42,1891.24,3251.35
2025-06-29 18:00:00,0.0,509.61,755.1,1894.25,3158.96
2025-06-29 19:00:00,0.0,550.41,754.76,1193.87,2499.04
2025-06-29 20:00:00,0.0,646.63,718.71,1647.01,3012.34
2025-06-29 21:00:00,0.0,647.21,699.43,1547.44,2894.08
2025-06-29 22:00:00,0.0,492.11,590.55,1454.82,2537.48
2025-06-29 23:00:00,0.0,488.77,860.42,1439.54,2788.74
2025-06-30 00:00:00,0.0,567.58,676.26,1264.46,2508.3
2025-06-30 01:00:00,0.0,454.21,785.13,1708.02,2947.36
2025-06-30 02:00:00,0.0,471.5,589.97,1751.57,2813.05
2025-06-30 03:00:00,0.0,534.7,725.53,1935.58,3195.81
2025-06-30 04:00:00,0.0,547.91,690.43,1364.39,2602.74
2025-06-30 05:00:00,0.0,682.51,706.82,1965.15,3354.48
2025-06-30 06:00:00,0.0,445.89,577.99,1509.22,2533.1
2025-06-30 07:00:00,215.0,463.87,689.46,1368.9,2737.23
2025-06-30 08:00:00,373.05,468.38,749.45,1576.07,3166.95
2025-06-30 09:00:00,572.34,459.36,676.06,1721.13,3428.89
2025-06-30 10:00:00,794.14,262.45,760.33,1406.96,3223.87
2025-06-30 11:00:00,940.23,596.66,737.86,1573.6,3848.36
2025-06-30 12:00:00,914.5,592.63,689.69,1079.91,3276.73
2025-06-30 13:00:00,732.67,397.24,737.58,1361.5,3228.98
2025-06-30 14:00:00,837.73,443.29,647.09,1682.93,3611.04
2025-06-30 15:00:00,420.34,449.1,656.36,1810.54,3336.34
2025-06-30 16:00:00,450.42,555.89,776.17,1431.31,3213.79
2025-06-30 17:00:00,182.58,567.8,723.77,1361.09,2835.23
2025-06-30 18:00:00,0.0,427.18,786.22,1555.8,2769.19
2025-06-30 19:00:00,0.0,396.05,802.96,1316.65,2515.66
2025-06-30 20:00:00,0.0,624.47,767.43,1802.6,3194.5
2025-06-30 21:00:00,0.0,447.1,679.56,1422.66,2549.32
2025-06-30 22:00:00,0.0,541.28,673.14,1747.73,2962.14
2025-06-30 23:00:00,0.0,509.26,688.56,1483.0,2680.83
2025-07-01 00:00:00,0.0,522.78,719.52,1641.97,2884.27
2025-07-01 01:00:00,0.0,418.21,722.31,1676.33,2816.85
2025-07-01 02:00:00,0.0,478.29,649.0,1356.03,2483.31
2025-07-01 03:00:00,0.0,320.6,668.83,1908.65,2898.08
2025-07-01 04:00:00,0.0,330.69,705.31,2181.19,3217.2
2025-07-01 05:00:00,0.0,759.89,664.55,2136.02,3560.46
2025-07-01 06:00:00,0.0,786.69,665.06,1386.33,2838.08
2025-07-01 07:00:00,235.82,430.41,546.94,1592.36,2805.53
2025-07-01 08:00:00,444.37,548.4,609.72,1953.97,3556.46
2025-07-01 09:00:00,627.41,456.92,652.6,1273.04,3009.97
2025-07-01 10:00:00,662.87,410.64,676.94,1599.23,3349.68
2025-07-01 11:00:00,854.47,481.8,604.61,1472.11,3412.99
2025-07-01 12:00:00,780.13,318.71,735.93,1446.6,3281.37
2025-07-01 13:00:00,778.2,607.17,589.86,1579.28,3554.52
2025-07-01 14:00:00,850.83,443.69,643.74,1456.21,3394.46
2025-07-01 15:00:00,643.19,647.3,815.36,1845.74,3951.6
2025-07-01 16:00:00,315.27,596.0,660.63,1638.22,3210.12
2025-07-01 17:00:00,305.84,628.64,787.94,1419.55,3141.97
2025-07-01 18:00:00,0.0,436.89,637.65,1234.99,2309.53
2025-07-01 19:00:00,0.0,666.05,717.99,1581.3,2965.34
2025-07-01 20:00:00,0.0,420.27,735.52,1569.51,2725.3
2025-07-01 21:00:00,0.0,284.78,681.71,1657.47,2623.96
2025-07-01 22:00:00,0.0,607.54,617.13,1464.35,2689.02
2025-07-01 23:00:00,0.0,535.17,660.45,1286.13,2481.75
2025-07-02 00:00:00,0.0,389.41,592.62,1823.8,2805.83
2025-07-02 01:00:00,0.0,438.72,640.37,2275.88,3354.98
2025-07-02 02:00:00,0.0,423.86,566.69,1217.82,2208.36
2025-07-02 03:00:00,0.0,457.79,717.05,1753.38,2928.22
2025-07-02 04:00:00,0.0,566.1,547.59,1523.54,2637.22
2025-07-02 05:00:00,0.0,639.64,558.28,1914.58,3112.5
2025-07-02 06:00:00,0.0,489.29,590.41,1349.16,2428.86
2025-07-02 07:00:00,220.32,517.11,659.77,1608.19,3005.39
2025-07-02 08:00:00,365.01,485.86,641.03,1682.35,3174.25
2025-07-02 09:00:00,456.46,299.2,656.75,1428.45,2840.85
2025-07-02 10:00:00,791.35,331.24,656.04,1566.86,3345.48
2025-07-02 11:00:00,800.67,693.94,541.59,1993.26,4029.46
2025-07-02 12:00:00,958.3,402.52,583.69,1877.86,3822.38
2025-07-02 13:00:00,749.08,391.46,554.39,1675.13,3370.06
2025-07-02 14:00:00,790.13,547.72,615.16,1520.49,3473.5
2025-07-02 15:00:00,756.31,498.4,636.03,1732.58,3623.32
2025-07-02 16:00:00,291.7,291.75,613.48,1737.89,2934.82
2025-07-02 17:00:00,295.71,504.34,802.35,1880.32,3482.71
2025-07-02 18:00:00,0.0,342.04,595.89,1852.05,2789.98
2025-07-02 19:00:00,0.0,489.03,711.33,1040.56,2240.92
2025-07-02 20:00:00,0.0,578.92,646.64,1508.27,2733.83
2025-07-02 21:00:00,0.0,600.05,575.23,1272.4,2447.69
2025-07-02 22:00:00,0.0,488.33,672.99,1671.58,2832.89
2025-07-02 23:00:00,0.0,645.04,627.51,1440.7,2713.25
2025-07-03 00:00:00,0.0,577.62,637.9,1615.83,2831.35
2025-07-03 01:00:00,0.0,292.52,685.79,1796.81,2775.11
2025-07-03 02:00:00,0.0,574.82,627.92,1822.38,3025.12
2025-07-03 03:00:00,0.0,622.08,700.85,1484.57,2807.51
2025-07-03 04:00:00,0.0,454.1,689.93,1534.0,2678.04
2025-07-03 05:00:00,0.0,786.38,712.44,1771.06,3269.88
2025-07-03 06:00:00,0.0,574.3,691.4,1897.94,3163.64
2025-07-03 07:00:00,208.25,310.2,698.44,1747.63,2964.52
2025-07-03 08:00:00,386.26,494.9,652.45,1435.1,2968.71
2025-07-03 09:00:00,601.29,785.78,633.4,1473.04,3493.51
2025-07-03 10:00:00,505.91,309.06,672.54,2091.39,3578.91
2025-07-03 11:00:00,806.88,520.66,707.68,1798.21,3833.43
2025-07-03 12:00:00,714.39,360.56,622.78,1617.35,3315.07
2025-07-03 13:00:00,901.23,377.3,603.9,1425.19,3307.61
2025-07-03 14:00:00,733.7,398.4,700.94,1616.39,3449.43
2025-07-03 15:00:00,550.82,478.27,668.67,1314.35,3012.1
2025-07-03 16:00:00,446.69,422.87,737.89,1588.51,3195.96
2025-07-03 17:00:00,221.15,445.89,584.28,1842.11,3093.43
2025-07-03 18:00:00,0.0,506.84,664.93,1443.82,2615.58
2025-07-03 19:00:00,0.0,531.23,644.73,1174.84,2350.8
2025-07-03 20:00:00,0.0,257.25,618.32,1760.05,2635.61
2025-07-03 21:00:00,0.0,443.03,642.9,1734.47,2820.4
2025-07-03 22:00:00,0.0,398.37,735.24,1373.27,2506.89
2025-07-03 23:00:00,0.0,462.99,646.72,1740.6,2850.31
2025-07-04 00:00:00,0.0,467.85,687.45,1423.45,2578.74
2025-07-04 01:00:00,0.0,651.92,574.74,1098.19,2324.84
2025-07-04 02:00:00,0.0,525.89,690.72,1445.48,2662.09
2025-07-04 03:00:00,0.0,704.19,697.18,1718.94,3120.31
2025-07-04 04:00:00,0.0,368.59,643.44,1831.07,2843.1
2025-07-04 05:00:00,0.0,419.03,630.98,1829.96,2879.97
2025-07-04 06:00:00,0.0,541.85,677.72,1788.86,3008.43
2025-07-04 07:00:00,276.72,560.55,623.62,1514.55,2975.44
2025-07-04 08:00:00,309.69,337.22,678.02,1791.86,3116.8
2025-07-04 09:00:00,697.03,574.74,573.63,1624.55,3469.96
2025-07-04 10:00:00,771.38,416.09,650.62,1660.73,3498.82
2025-07-04 11:00:00,571.97,548.86,692.26,1781.14,3594.23
2025-07-04 12:00:00,883.82,540.3,635.09,1306.25,3365.46
2025-07-04 13:00:00,862.51,343.79,742.49,2289.87,4238.64
2025-07-04 14:00:00,672.0,517.49,759.37,1499.61,3448.47
2025-07-04 15:00:00,671.52,384.6,563.19,1490.67,3109.98
2025-07-04 16:00:00,453.46,538.33,601.33,1301.47,2894.59
2025-07-04 17:00:00,218.97,397.39,649.3,1727.31,2992.98
2025-07-04 18:00:00,0.0,503.56,688.04,1609.31,2800.91
2025-07-04 19:00:00,0.0,277.9,614.63,1738.36,2630.89
2025-07-04 20:00:00,0.0,565.59,673.26,1435.67,2674.52
2025-07-04 21:00:00,0.0,445.09,661.54,1534.7,2641.33
2025-07-04 22:00:00,0.0,455.56,649.52,1425.52,2530.6
2025-07-04 23:00:00,0.0,422.64,514.78,1739.72,2677.14
2025-07-05 00:00:00,0.0,642.0,693.55,1378.46,2714.02
2025-07-05 01:00:00,0.0,434.53,644.25,1343.73,2422.5
2025-07-05 02:00:00,0.0,681.22,583.85,1709.05,2974.12
2025-07-05 03:00:00,0.0,622.11,683.99,1838.69,3144.78
2025-07-05 04:00:00,0.0,349.33,532.27,1406.12,2287.71
2025-07-05 05:00:00,0.0,395.41,616.15,1802.11,2813.68
2025-07-05 06:00:00,0.0,402.61,627.63,1905.16,2935.4
2025-07-05 07:00:00,225.23,455.94,535.99,1479.81,2696.97
2025-07-05 08:00:00,394.83,527.23,705.13,1298.22,2925.42
2025-07-05 09:00:00,538.46,624.23,733.58,1541.91,3438.17
2025-07-05 10:00:00,834.48,423.89,677.97,1575.85,3512.19
2025-07-05 11:00:00,805.96,789.08,651.92,1689.18,3936.14
2025-07-05 12:00:00,817.25,586.33,738.52,1303.79,3445.89
2025-07-05 13:00:00,782.34,623.91,737.75,1841.25,3985.24
2025-07-05 14:00:00,569.25,700.45,708.79,1432.45,3410.94
2025-07-05 15:00:00,602.32,664.03,743.44,1489.37,3499.15
2025-07-05 16:00:00,452.81,675.64,663.39,1826.64,3618.48
2025-07-05 17:00:00,246.99,650.55,642.41,1597.55,3137.49
2025-07-05 18:00:00,0.0,451.42,634.18,1259.83,2345.44
2025-07-05 19:00:00,0.0,353.15,588.73,1584.62,2526.51
2025-07-05 20:00:00,0.0,614.89,641.54,1414.2,2670.63
2025-07-05 21:00:00,0.0,505.14,650.03,1712.96,2868.13
2025-07-05 22:00:00,0.0,491.52,668.43,1431.73,2591.68
2025-07-05 23:00:00,0.0,288.63,602.22,1814.42,2705.27
2025-07-06 00:00:00,0.0,362.66,695.6,1397.41,2455.67
2025-07-06 01:00:00,0.0,439.63,646.31,1524.04,2609.97
2025-07-06 02:00:00,0.0,538.88,669.12,1302.7,2510.71
2025-07-06 03:00:00,0.0,576.2,671.56,1412.17,2659.94
2025-07-06 04:00:00,0.0,590.3,534.85,1867.35,2992.51
2025-07-06 05:00:00,0.0,554.85,535.38,1575.95,2666.19
2025-07-06 06:00:00,0.0,506.18,719.47,1479.61,2705.27
2025-07-06 07:00:00,213.32,482.95,705.65,1663.05,3064.97
2025-07-06 08:00:00,409.62,602.65,694.18,1495.15,3201.59
2025-07-06 09:00:00,526.63,407.18,737.94,1565.18,3236.93
2025-07-06 10:00:00,589.33,343.84,550.18,1382.74,2866.08
2025-07-06 11:00:00,754.92,746.96,644.84,1329.18,3475.9
2025-07-06 12:00:00,763.56,582.7,644.35,1680.42,3671.04
2025-07-06 13:00:00,1051.03,532.34,641.11,1862.55,4087.04
2025-07-06 14:00:00,656.76,609.86,662.18,1489.8,3418.6
2025-07-06 15:00:00,634.34,555.91,713.04,1516.65,3419.94
2025-07-06 16:00:00,446.49,609.15,598.19,1679.7,3333.53
2025-07-06 17:00:00,243.53,554.09,690.22,1539.12,3026.96
2025-07-06 18:00:00,0.0,487.23,556.79,1643.04,2687.07
2025-07-06 19:00:00,0.0,555.43,708.7,1661.24,2925.37
2025-07-06 20:00:00,0.0,335.32,461.6,1760.12,2557.03
2025-07-06 21:00:00,0.0,429.26,623.91,1362.03,2415.19
2025-07-06 22:00:00,0.0,591.45,614.69,1459.01,2665.14
2025-07-06 23:00:00,0.0,498.29,604.02,1418.78,2521.09
2025-07-07 00:00:00,0.0,552.05,653.42,1791.28,2996.75
2025-07-07 01:00:00,0.0,348.88,664.67,1749.43,2762.98
2025-07-07 02:00:00,0.0,443.8,694.09,1787.17,2925.06
2025-07-07 03:00:00,0.0,264.0,676.51,1532.77,2473.27
2025-07-07 04:00:00,0.0,488.55,692.27,726.08,1906.9
2025-07-07 05:00:00,0.0,491.84,540.1,1499.68,2531.62
2025-07-07 06:00:00,0.0,585.68,560.12,1350.7,2496.51
2025-07-07 07:00:00,190.06,448.0,550.43,1557.78,2746.27
2025-07-07 08:00:00,599.44,474.0,603.85,1588.77,3266.06
2025-07-07 09:00:00,610.48,529.46,677.91,1599.24,3417.1
2025-07-07 10:00:00,916.34,621.8,728.88,1772.54,4039.56
2025-07-07 11:00:00,1012.03,540.61,696.98,1819.49,4069.11
2025-07-07 12:00:00,1012.94,549.35,516.07,2052.9,4131.27
2025-07-07 13:00:00,794.05,428.24,594.79,2131.26,3948.35
2025-07-07 14:00:00,754.46,373.59,591.6,1849.87,3569.51
2025-07-07 15:00:00,438.23,560.23,708.57,1297.14,3004.17
2025-07-07 16:00:00,440.18,551.72,603.45,2015.48,3610.83
2025-07-07 17:00:00,223.08,506.91,622.09,1475.44,2827.53
2025-07-07 18:00:00,0.0,347.5,749.07,1611.23,2707.8
2025-07-07 19:00:00,0.0,521.04,645.04,1680.55,2846.63
2025-07-07 20:00:00,0.0,536.84,601.55,2016.69,3155.08
2025-07-07 21:00:00,0.0,580.8,686.05,1539.91,2806.77
2025-07-07 22:00:00,0.0,403.36,729.6,1479.66,2612.61
2025-07-07 23:00:00,0.0,458.94,648.75,1729.36,2837.06
2025-07-08 00:00:00,0.0,254.45,660.15,1831.41,2746.01
2025-07-08 01:00:00,0.0,368.26,583.9,1466.7,2418.85
2025-07-08 02:00:00,0.0,491.5,684.25,1427.48,2603.23
2025-07-08 03:00:00,0.0,524.84,707.14,1429.21,2661.19
2025-07-08 04:00:00,0.0,494.44,646.6,1441.39,2582.43
2025-07-08 05:00:00,0.0,601.43,635.34,1313.23,2550.0
2025-07-08 06:00:00,0.0,578.91,655.53,1443.74,2678.18
2025-07-08 07:00:00,193.52,261.28,659.32,1949.17,3063.29
2025-07-08 08:00:00,430.93,550.89,717.02,1446.83,3145.67
2025-07-08 09:00:00,593.69,355.1,659.01,1823.39,3431.19
2025-07-08 10:00:00,754.46,557.23,553.39,1876.81,3741.89
2025-07-08 11:00:00,788.25,498.33,743.91,1726.54,3757.04
2025-07-08 12:00:00,867.48,263.0,827.74,1377.86,3336.08
2025-07-08 13:00:00,807.31,366.35,600.5,1609.18,3383.34
2025-07-08 14:00:00,774.95,477.71,579.19,1741.94,3573.79
2025-07-08 15:00:00,460.78,661.47,708.08,1564.12,3394.45
2025-07-08 16:00:00,351.79,681.04,554.49,1408.42,2995.74
2025-07-08 17:00:00,218.62,291.82,652.19,1742.99,2905.62
2025-07-08 18:00:00,0.0,674.97,703.16,1672.7,3050.83
2025-07-08 19:00:00,0.0,464.41,707.63,1899.28,3071.32
2025-07-08 20:00:00,0.0,746.97,752.31,1402.2,2901.48
2025-07-08 21:00:00,0.0,539.09,695.91,1693.52,2928.51
2025-07-08 22:00:00,0.0,375.81,713.32,1644.63,2733.76
2025-07-08 23:00:00,0.0,598.04,668.03,1067.88,2333.95
2025-07-09 00:00:00,0.0,555.42,654.21,1590.14,2799.77
2025-07-09 01:00:00,0.0,667.71,627.84,1821.92,3117.48
2025-07-09 02:00:00,0.0,481.04,684.58,1833.32,2998.94
2025-07-09 03:00:00,0.0,444.87,648.65,1298.91,2392.43
2025-07-09 04:00:00,0.0,745.08,623.51,1650.06,3018.65
2025-07-09 05:00:00,0.0,630.17,747.45,1515.44,2893.05
2025-07-09 06:00:00,0.0,515.66,605.72,1730.81,2852.19
2025-07-09 07:00:00,251.34,660.6,634.42,1326.28,2872.63
2025-07-09 08:00:00,347.65,504.64,699.25,1391.9,2943.44
2025-07-09 09:00:00,467.27,374.0,609.94,1613.12,3064.33
2025-07-09 10:00:00,780.16,579.08,634.93,1545.64,3539.81
2025-07-09 11:00:00,773.21,400.12,695.99,1470.75,3340.07
2025-07-09 12:00:00,883.16,598.55,656.41,1600.44,3738.57
2025-07-09 13:00:00,959.6,410.65,635.78,1478.38,3484.42
2025-07-09 14:00:00,647.54,205.26,685.53,2490.06,4028.38
2025-07-09 15:00:00,696.71,428.12,548.5,1718.49,3391.83
2025-07-09 16:00:00,501.99,373.16,678.65,1802.86,3356.67
2025-07-09 17:00:00,230.8,471.14,631.13,1270.06,2603.13
2025-07-09 18:00:00,0.0,469.93,624.32,1614.65,2708.9
2025-07-09 19:00:00,0.0,602.29,694.45,1575.15,2871.89
2025-07-09 20:00:00,0.0,363.63,713.52,1525.75,2602.9
2025-07-09 21:00:00,0.0,502.5,748.38,1674.73,2925.6
2025-07-09 22:00:00,0.0,377.83,690.95,1573.13,2641.92
2025-07-09 23:00:00,0.0,250.49,645.98,1617.3,2513.77
2025-07-10 00:00:00,0.0,248.07,649.84,1450.33,2348.23
2025-07-10 01:00:00,0.0,842.41,680.12,1668.69,3191.22
2025-07-10 02:00:00,0.0,541.86,715.43,1421.45,2678.74
2025-07-10 03:00:00,0.0,454.66,722.07,1435.88,2612.61
2025-07-10 04:00:00,0.0,406.68,707.63,1645.37,2759.67
2025-07-10 05:00:00,0.0,808.7,746.24,1546.25,3101.19
2025-07-10 06:00:00,0.0,488.82,582.77,1985.2,3056.79
2025-07-10 07:00:00,195.7,349.7,575.74,1807.99,2929.14
2025-07-10 08:00:00,548.5,824.46,618.25,1358.33,3349.55
2025-07-10 09:00:00,646.94,502.66,526.69,1579.84,3256.13
2025-07-10 10:00:00,705.37,346.77,670.63,1724.64,3447.4
2025-07-10 11:00:00,614.66,649.36,676.81,2067.98,4008.8
2025-07-10 12:00:00,805.39,674.63,686.08,1373.8,3539.9
2025-07-10 13:00:00,821.03,484.45,715.78,1317.01,3338.28
2025-07-10 14:00:00,780.17,683.76,618.27,1396.72,3478.93
2025-07-10 15:00:00,657.03,514.38,603.2,1909.78,3684.4
2025-07-10 16:00:00,408.71,480.76,566.3,1507.33,2963.11
2025-07-10 17:00:00,247.05,522.25,609.44,1651.99,3030.73
2025-07-10 18:00:00,0.0,488.67,732.1,1545.78,2766.55
2025-07-10 19:00:00,0.0,354.48,625.71,1753.96,2734.16
2025-07-10 20:00:00,0.0,490.1,500.06,1685.8,2675.95
2025-07-10 21:00:00,0.0,667.42,551.24,1706.99,2925.65
2025-07-10 22:00:00,0.0,335.72,668.81,1803.92,2808.45
2025-07-10 23:00:00,0.0,323.28,688.1,1943.15,2954.53
2025-07-11 00:00:00,0.0,529.41,507.64,1446.72,2483.77
2025-07-11 01:00:00,0.0,598.41,643.36,1958.67,3200.44
2025-07-11 02:00:00,0.0,575.58,706.61,1497.25,2779.44
2025-07-11 03:00:00,0.0,446.44,652.76,1726.27,2825.47
2025-07-11 04:00:00,0.0,557.02,647.29,1525.07,2729.38
2025-07-11 05:00:00,0.0,458.25,592.96,1846.96,2898.17
2025-07-11 06:00:00,0.0,575.17,601.22,1538.36,2714.75
2025-07-11 07:00:00,251.04,282.04,678.5,1641.58,2853.17
2025-07-11 08:00:00,368.43,503.75,752.95,1504.88,3130.01
2025-07-11 09:00:00,659.47,626.75,688.06,1215.91,3190.18
2025-07-11 10:00:00,656.09,543.57,416.06,1499.56,3115.28
2025-07-11 11:00:00,1153.72,454.75,677.93,1989.16,4275.56
2025-07-11 12:00:00,763.25,408.59,593.07,1459.36,3224.26
2025-07-11 13:00:00,892.47,526.99,682.6,1429.52,3531.58
2025-07-11 14:00:00,563.77,565.12,717.7,1877.08,3723.67
2025-07-11 15:00:00,500.24,721.21,594.63,1751.44,3567.52
2025-07-11 16:00:00,491.31,479.14,593.28,1675.19,3238.92
2025-07-11 17:00:00,222.21,443.8,630.31,1632.04,2928.36
2025-07-11 18:00:00,0.0,380.99,526.38,1703.45,2610.82
2025-07-11 19:00:00,0.0,592.02,690.57,1646.59,2929.17
2025-07-11 20:00:00,0.0,494.69,641.47,1212.39,2348.56
2025-07-11 21:00:00,0.0,540.32,639.42,1957.94,3137.68
2025-07-11 22:00:00,0.0,581.0,657.93,1255.72,2494.65
2025-07-11 23:00:00,0.0,159.21,598.25,1574.37,2331.83
2025-07-12 00:00:00,0.0,495.42,598.14,1462.61,2556.18
2025-07-12 01:00:00,0.0,426.97,631.92,1304.74,2363.63
2025-07-12 02:00:00,0.0,513.18,636.63,1482.1,2631.92
2025-07-12 03:00:00,0.0,404.06,677.17,1596.77,2678.0
2025-07-12 04:00:00,0.0,186.24,632.09,1621.61,2439.95
2025-07-12 05:00:00,0.0,666.05,665.3,1572.02,2903.38
2025-07-12 06:00:00,0.0,637.91,643.61,1926.71,3208.23
2025-07-12 07:00:00,207.13,656.95,754.55,1744.66,3363.29
2025-07-12 08:00:00,310.62,505.1,670.36,1768.5,3254.58
2025-07-12 09:00:00,461.15,481.78,757.95,1788.71,3489.59
2025-07-12 10:00:00,635.66,516.58,631.03,1435.04,3218.31
2025-07-12 11:00:00,727.16,549.5,661.32,1256.83,3194.81
2025-07-12 12:00:00,916.11,590.03,662.64,1776.13,3944.92
2025-07-12 13:00:00,659.24,454.07,725.28,1491.89,3330.47
2025-07-12 14:00:00,724.37,599.81,565.34,1242.41,3131.93
2025-07-12 15:00:00,677.56,557.02,529.85,1935.05,3699.47
2025-07-12 16:00:00,438.22,471.87,638.19,1835.55,3383.83
2025-07-12 17:00:00,220.75,608.52,690.6,1609.06,3128.93
2025-07-12 18:00:00,0.0,452.4,519.56,1840.33,2812.29
2025-07-12 19:00:00,0.0,448.36,618.74,1174.72,2241.83
2025-07-12 20:00:00,0.0,363.2,603.75,1944.79,2911.74
2025-07-12 21:00:00,0.0,416.68,568.94,1309.5,2295.12
2025-07-12 22:00:00,0.0,270.9,706.1,1493.93,2470.93
2025-07-12 23:00:00,0.0,610.63,780.39,1520.92,2911.95
2025-07-13 00:00:00,0.0,370.28,665.02,1962.48,2997.78
2025-07-13 01:00:00,0.0,589.62,724.08,1566.23,2879.93
2025-07-13 02:00:00,0.0,444.7,744.38,1342.38,2531.46
2025-07-13 03:00:00,0.0,447.16,746.94,1569.18,2763.28
2025-07-13 04:00:00,0.0,512.73,625.84,1621.25,2759.83
2025-07-13 05:00:00,0.0,604.21,643.44,1357.02,2604.68
2025-07-13 06:00:00,0.0,719.44,705.56,1489.42,2914.42
2025-07-13 07:00:00,173.04,587.64,648.75,1619.27,3028.7
2025-07-13 08:00:00,357.88,308.44,708.99,1669.33,3044.63
2025-07-13 09:00:00,577.05,538.04,709.22,1947.05,3771.36
2025-07-13 10:00:00,775.88,818.21,728.43,1583.58,3906.1
2025-07-13 11:00:00,717.58,371.78,625.63,1764.03,3479.03
2025-07-13 12:00:00,969.23,580.29,738.15,1845.57,4133.24
2025-07-13 13:00:00,891.63,701.41,673.48,1928.36,4194.87
2025-07-13 14:00:00,720.85,392.33,773.3,1406.42,3292.91
2025-07-13 15:00:00,590.65,436.96,676.35,1730.12,3434.08
2025-07-13 16:00:00,380.13,511.9,638.39,1528.96,3059.38
2025-07-13 17:00:00,203.37,424.58,633.52,1284.34,2545.82
2025-07-13 18:00:00,0.0,794.64,603.93,1720.8,3119.37
2025-07-13 19:00:00,0.0,438.34,594.41,1959.3,2992.04
2025-07-13 20:00:00,0.0,614.07,607.16,1350.04,2571.27
2025-07-13 21:00:00,0.0,457.62,753.16,1752.75,2963.52
2025-07-13 22:00:00,0.0,541.31,533.0,1621.26,2695.56
2025-07-13 23:00:00,0.0,569.06,639.99,1525.63,2734.68
2025-07-14 00:00:00,0.0,522.89,703.29,2044.19,3270.37
2025-07-14 01:00:00,0.0,529.81,653.85,1786.46,2970.13
2025-07-14 02:00:00,0.0,539.86,613.98,1775.26,2929.1
2025-07-14 03:00:00,0.0,403.17,660.22,1363.85,2427.24
2025-07-14 04:00:00,0.0,592.98,577.96,1273.67,2444.62
2025-07-14 05:00:00,0.0,574.56,643.31,1922.17,3140.03
2025-07-14 06:00:00,0.0,383.19,644.29,1821.47,2848.94
2025-07-14 07:00:00,188.58,483.13,759.31,1780.56,3211.58
2025-07-14 08:00:00,389.99,473.92,547.57,1369.01,2780.49
2025-07-14 09:00:00,561.39,560.88,705.43,1614.51,3442.21
2025-07-14 10:00:00,801.8,800.68,671.72,1431.62,3705.83
2025-07-14 11:00:00,682.61,606.06,682.43,1974.39,3945.49
2025-07-14 12:00:00,696.1,510.88,640.43,1763.66,3611.06
2025-07-14 13:00:00,871.4,902.86,547.85,1819.12,4141.23
2025-07-14 14:00:00,632.11,521.6,719.66,1970.66,3844.02
2025-07-14 15:00:00,547.07,615.88,648.4,1877.8,3689.15
2025-07-14 16:00:00,386.81,446.82,588.64,1895.95,3318.22
2025-07-14 17:00:00,184.79,575.0,642.7,1920.78,3323.27
2025-07-14 18:00:00,0.0,545.93,692.0,2000.97,3238.9
2025-07-14 19:00:00,0.0,369.35,591.3,1968.22,2928.87
2025-07-14 20:00:00,0.0,632.56,639.28,1706.81,2978.65
2025-07-14 21:00:00,0.0,599.36,728.31,1645.15,2972.82
2025-07-14 22:00:00,0.0,373.72,709.51,1619.13,2702.36
2025-07-14 23:00:00,0.0,362.23,688.4,1663.58,2714.21
2025-07-15 00:00:00,0.0,329.28,691.76,1483.22,2504.26
2025-07-15 01:00:00,0.0,749.3,614.38,1310.88,2674.56
2025-07-15 02:00:00,0.0,566.8,699.38,1792.66,3058.84
2025-07-15 03:00:00,0.0,385.65,631.23,1627.99,2644.86
2025-07-15 04:00:00,0.0,555.79,614.74,1609.17,2779.7
2025-07-15 05:00:00,0.0,589.99,688.39,1944.72,3223.1
2025-07-15 06:00:00,0.0,360.43,573.5,1487.63,2421.56
2025-07-15 07:00:00,210.78,501.42,712.38,1385.11,2809.69
2025-07-15 08:00:00,334.19,610.0,596.4,1380.95,2921.55
2025-07-15 09:00:00,487.54,593.0,614.62,1688.93,3384.08
2025-07-15 10:00:00,797.97,397.93,585.06,1691.49,3472.44
2025-07-15 11:00:00,746.96,435.41,698.81,1246.33,3127.52
2025-07-15 12:00:00,807.88,669.36,584.42,1920.13,3981.79
2025-07-15 13:00:00,691.2,451.58,577.48,1461.7,3181.95
2025-07-15 14:00:00,729.83,495.33,692.24,1707.86,3625.26
2025-07-15 15:00:00,632.22,408.57,748.45,1439.68,3228.92
2025-07-15 16:00:00,496.58,285.61,599.4,1624.58,3006.18
2025-07-15 17:00:00,212.36,543.07,540.44,1876.62,3172.48
2025-07-15 18:00:00,0.0,565.21,687.75,1800.35,3053.31
2025-07-15 19:00:00,0.0,438.97,695.39,1275.36,2409.72
2025-07-15 20:00:00,0.0,480.08,638.75,1499.31,2618.13
2025-07-15 21:00:00,0.0,535.71,660.44,1519.59,2715.73
2025-07-15 22:00:00,0.0,354.76,540.24,1573.71,2468.72
2025-07-15 23:00:00,0.0,592.07,733.52,1564.99,2890.58
2025-07-16 00:00:00,0.0,591.38,699.87,1568.4,2859.65
2025-07-16 01:00:00,0.0,469.84,678.9,1622.32,2771.06
2025-07-16 02:00:00,0.0,379.54,692.47,2077.54,3149.55
2025-07-16 03:00:00,0.0,526.28,618.43,1650.24,2794.95
2025-07-16 04:00:00,0.0,488.89,721.94,1360.83,2571.66
2025-07-16 05:00:00,0.0,510.47,562.17,1540.92,2613.56
2025-07-16 06:00:00,0.0,575.59,608.39,1280.27,2464.26
2025-07-16 07:00:00,234.41,484.83,557.01,1522.95,2799.2
2025-07-16 08:00:00,447.79,652.87,625.8,1542.8,3269.26
2025-07-16 09:00:00,564.54,552.73,632.06,1378.81,3128.15
2025-07-16 10:00:00,742.97,606.25,609.43,1843.08,3801.73
2025-07-16 11:00:00,814.24,652.8,644.36,1616.03,3727.43
2025-07-16 12:00:00,818.6,460.34,512.71,1584.57,3376.23
2025-07-16 13:00:00,747.72,687.71,739.6,1775.01,3950.03
2025-07-16 14:00:00,768.32,196.27,658.11,1673.82,3296.53
2025-07-16 15:00:00,626.07,516.27,653.82,1590.63,3386.8
2025-07-16 16:00:00,499.54,503.54,559.05,1802.75,3364.88
2025-07-16 17:00:00,277.63,572.4,699.29,1381.18,2930.49
2025-07-16 18:00:00,0.0,545.94,813.47,1756.6,3116.01
2025-07-16 19:00:00,0.0,648.55,694.25,1778.65,3121.44
2025-07-16 20:00:00,0.0,347.55,623.54,1461.51,2432.59
2025-07-16 21:00:00,0.0,472.93,614.85,1785.57,2873.35
2025-07-16 22:00:00,0.0,477.75,640.21,1568.53,2686.49
2025-07-16 23:00:00,0.0,310.18,653.35,1869.87,2833.4
2025-07-17 00:00:00,0.0,433.8,627.01,1336.14,2396.95
2025-07-17 01:00:00,0.0,421.51,590.63,1122.6,2134.74
2025-07-17 02:00:00,0.0,369.99,633.29,1627.9,2631.17
2025-07-17 03:00:00,0.0,530.47,637.29,1459.57,2627.33
2025-07-17 04:00:00,0.0,660.44,666.58,1428.04,2755.06
2025-07-17 05:00:00,0.0,550.29,714.19,1887.46,3151.94
2025-07-17 06:00:00,0.0,513.24,667.26,1990.6,3171.11
2025-07-17 07:00:00,222.36,313.4,645.14,1520.96,2701.86
2025-07-17 08:00:00,445.64,462.7,625.6,1407.17,2941.12
2025-07-17 09:00:00,826.46,620.82,635.23,1608.65,3691.16
2025-07-17 10:00:00,692.97,604.11,577.03,1805.16,3679.26
2025-07-17 11:00:00,862.08,460.48,745.28,1506.51,3574.35
2025-07-17 12:00:00,785.2,531.01,728.81,1427.23,3472.25
2025-07-17 13:00:00,792.47,652.44,535.45,1767.23,3747.58
2025-07-17 14:00:00,788.02,272.25,704.16,1172.66,2937.09
2025-07-17 15:00:00,681.05,481.08,670.09,1650.79,3483.01
2025-07-17 16:00:00,297.48,547.38,537.59,1757.84,3140.28
2025-07-17 17:00:00,221.89,450.69,642.15,1648.48,2963.2
2025-07-17 18:00:00,0.0,426.75,612.48,1700.43,2739.66
2025-07-17 19:00:00,0.0,664.26,639.09,1775.65,3079.0
2025-07-17 20:00:00,0.0,526.17,689.22,2000.68,3216.08
2025-07-17 21:00:00,0.0,551.2,676.57,1654.66,2882.43
2025-07-17 22:00:00,0.0,624.92,633.15,1451.19,2709.26
2025-07-17 23:00:00,0.0,448.25,746.53,1413.75,2608.53
2025-07-18 00:00:00,0.0,550.48,642.58,2201.73,3394.79
2025-07-18 01:00:00,0.0,647.06,584.45,997.09,2228.6
2025-07-18 02:00:00,0.0,574.08,607.17,1711.71,2892.96
2025-07-18 03:00:00,0.0,624.78,490.43,1313.41,2428.61
2025-07-18 04:00:00,0.0,426.89,593.91,1843.52,2864.32
2025-07-18 05:00:00,0.0,669.32,597.36,1944.88,3211.56
2025-07-18 06:00:00,0.0,553.99,613.7,2042.76,3210.45
2025-07-18 07:00:00,222.62,359.63,530.74,1229.88,2342.87
2025-07-18 08:00:00,428.73,267.11,612.49,1688.19,2996.52
2025-07-18 09:00:00,627.71,331.29,690.22,1700.94,3350.15
2025-07-18 10:00:00,721.26,323.04,662.61,1753.84,3460.75
2025-07-18 11:00:00,876.62,619.13,610.65,1338.44,3444.85
2025-07-18 12:00:00,893.42,553.5,686.22,1551.74,3684.88
2025-07-18 13:00:00,880.77,389.58,648.13,1533.19,3451.66
2025-07-18 14:00:00,671.1,567.0,632.71,1461.41,3332.22
2025-07-18 15:00:00,584.95,528.84,665.26,1283.48,3062.52
2025-07-18 16:00:00,460.73,840.96,571.93,1477.45,3351.08
2025-07-18 17:00:00,184.3,678.18,785.44,1930.17,3578.09
2025-07-18 18:00:00,0.0,603.08,637.91,1936.5,3177.49
2025-07-18 19:00:00,0.0,512.31,612.31,1388.03,2512.65
2025-07-18 20:00:00,0.0,535.37,665.9,1535.59,2736.86
2025-07-18 21:00:00,0.0,562.77,646.21,1668.09,2877.06
2025-07-18 22:00:00,0.0,595.83,752.77,1364.85,2713.45
2025-07-18 23:00:00,0.0,376.34,703.42,1679.21,2758.97
2025-07-19 00:00:00,0.0,550.48,722.5,1945.37,3218.35
2025-07-19 01:00:00,0.0,388.03,577.23,1440.87,2406.14
2025-07-19 02:00:00,0.0,449.29,587.21,1681.9,2718.4
2025-07-19 03:00:00,0.0,428.13,539.65,1616.84,2584.63
2025-07-19 04:00:00,0.0,475.57,696.28,1263.67,2435.51
2025-07-19 05:00:00,0.0,607.29,731.73,1392.27,2731.3
2025-07-19 06:00:00,0.0,578.05,661.11,2048.48,3287.65
2025-07-19 07:00:00,233.9,392.21,604.33,1251.99,2482.44
2025-07-19 08:00:00,473.37,597.33,689.22,2143.96,3903.87
2025-07-19 09:00:00,658.96,492.81,593.8,1786.59,3532.15
2025-07-19 10:00:00,933.79,504.94,612.39,1923.91,3975.03
2025-07-19 11:00:00,1036.7,527.92,560.91,1439.07,3564.6
2025-07-19 12:00:00,608.5,513.88,753.79,1254.25,3130.43
2025-07-19 13:00:00,819.7,537.42,742.18,1489.86,3589.16
2025-07-19 14:00:00,922.9,501.43,687.73,1487.52,3599.58
2025-07-19 15:00:00,581.03,541.36,541.38,1680.25,3344.02
2025-07-19 16:00:00,478.42,167.06,592.12,1812.31,3049.92
2025-07-19 17:00:00,250.67,557.25,651.56,1527.71,2987.19
2025-07-19 18:00:00,0.0,255.08,606.75,2285.58,3147.41
2025-07-19 19:00:00,0.0,292.95,711.89,1233.8,2238.64
2025-07-19 20:00:00,0.0,714.3,744.42,1172.14,2630.86
2025-07-19 21:00:00,0.0,566.21,717.8,1474.4,2758.41
2025-07-19 22:00:00,0.0,544.77,665.84,1667.1,2877.71
2025-07-19 23:00:00,0.0,311.67,623.79,2006.13,2941.59
2025-07-20 00:00:00,0.0,451.43,596.03,1224.39,2271.85
2025-07-20 01:00:00,0.0,505.96,768.82,1966.18,3240.96
2025-07-20 02:00:00,0.0,593.29,555.66,1461.11,2610.06
2025-07-20 03:00:00,0.0,468.29,539.91,1951.58,2959.77
2025-07-20 04:00:00,0.0,537.33,528.33,1633.63,2699.29
2025-07-20 05:00:00,0.0,490.94,593.2,1520.84,2604.98
2025-07-20 06:00:00,0.0,515.87,648.07,1978.22,3142.17
2025-07-20 07:00:00,207.06,414.0,611.4,1523.67,2756.13
2025-07-20 08:00:00,395.4,532.69,642.83,1821.69,3392.61
2025-07-20 09:00:00,663.96,759.65,635.56,1570.32,3629.49
2025-07-20 10:00:00,779.05,536.74,627.5,1559.99,3503.28
2025-07-20 11:00:00,620.1,511.18,604.45,1792.63,3528.35
2025-07-20 12:00:00,941.91,247.05,610.71,1142.56,2942.23
2025-07-20 13:00:00,757.31,603.41,618.15,1605.14,3584.02
2025-07-20 14:00:00,761.28,497.14,566.52,1631.52,3456.47
2025-07-20 15:00:00,595.0,468.26,650.6,1809.15,3523.01
2025-07-20 16:00:00,492.1,664.17,745.73,1547.61,3449.62
2025-07-20 17:00:00,238.75,625.25,699.61,1537.09,3100.71
2025-07-20 18:00:00,0.0,417.73,642.64,1651.77,2712.14
2025-07-20 19:00:00,0.0,245.72,632.03,1518.12,2395.88
2025-07-20 20:00:00,0.0,312.57,509.13,1826.34,2648.04
2025-07-20 21:00:00,0.0,532.53,692.54,1324.93,2550.0
2025-07-20 22:00:00,0.0,644.5,792.06,1605.07,3041.62
2025-07-20 23:00:00,0.0,180.49,729.09,1704.33,2613.91
2025-07-21 00:00:00,0.0,485.05,630.16,1370.47,2485.68
2025-07-21 01:00:00,0.0,398.82,697.16,1766.52,2862.5
2025-07-21 02:00:00,0.0,622.32,608.77,1901.1,3132.18
2025-07-21 03:00:00,0.0,451.77,596.31,1813.08,2861.16
2025-07-21 04:00:00,0.0,631.14,732.04,928.58,2291.76
2025-07-21 05:00:00,0.0,505.09,581.64,1646.63,2733.36
2025-07-21 06:00:00,0.0,454.87,652.67,1621.54,2729.07
2025-07-21 07:00:00,218.19,383.59,591.76,1446.04,2639.59
2025-07-21 08:00:00,461.06,650.45,673.06,1543.49,3328.06
2025-07-21 09:00:00,608.25,418.63,700.62,1223.43,2950.93
2025-07-21 10:00:00,642.64,633.89,615.91,1573.49,3465.93
2025-07-21 11:00:00,743.56,435.32,652.02,1627.59,3458.48
2025-07-21 12:00:00,867.81,503.71,584.81,1376.64,3332.97
2025-07-21 13:00:00,786.76,749.56,640.5,1631.01,3807.83
2025-07-21 14:00:00,762.53,294.26,610.85,1532.93,3200.56
2025-07-21 15:00:00,674.35,611.49,812.73,1635.65,3734.23
2025-07-21 16:00:00,512.46,507.92,659.29,2006.05,3685.72
2025-07-21 17:00:00,218.92,607.39,653.53,1469.7,2949.54
2025-07-21 18:00:00,0.0,197.28,573.01,1906.03,2676.33
2025-07-21 19:00:00,0.0,544.0,567.43,1534.86,2646.29
2025-07-21 20:00:00,0.0,676.59,700.07,1642.23,3018.89
2025-07-21 21:00:00,0.0,506.26,666.35,1559.78,2732.38
2025-07-21 22:00:00,0.0,590.6,574.26,1842.5,3007.35
2025-07-21 23:00:00,0.0,404.3,622.94,1762.52,2789.76
2025-07-22 00:00:00,0.0,536.49,589.77,1605.67,2731.93
2025-07-22 01:00:00,0.0,524.9,645.55,1282.36,2452.81
2025-07-22 02:00:00,0.0,532.82,592.17,1602.45,2727.45
2025-07-22 03:00:00,0.0,462.72,525.6,1587.82,2576.14
2025-07-22 04:00:00,0.0,526.39,683.47,1524.35,2734.21
2025-07-22 05:00:00,0.0,522.95,725.4,1391.52,2639.87
2025-07-22 06:00:00,0.0,443.41,730.75,1906.31,3080.47
2025-07-22 07:00:00,263.25,547.91,696.97,1641.56,3149.7
2025-07-22 08:00:00,350.01,627.63,606.13,1711.11,3294.88
2025-07-22 09:00:00,525.65,606.85,667.86,1810.88,3611.24
2025-07-22 10:00:00,726.06,695.98,676.68,1448.92,3547.64
2025-07-22 11:00:00,718.66,417.56,730.46,1538.38,3405.07
2025-07-22 12:00:00,955.94,567.24,686.99,2232.32,4442.48
2025-07-22 13:00:00,611.46,743.02,550.14,1488.21,3392.83
2025-07-22 14:00:00,776.06,161.64,660.27,1349.67,2947.64
2025-07-22 15:00:00,528.47,665.41,517.89,1081.8,2793.58
2025-07-22 16:00:00,319.17,535.49,734.27,1844.77,3433.71
2025-07-22 17:00:00,237.26,368.64,634.83,1872.62,3113.35
2025-07-22 18:00:00,0.0,569.69,648.13,2036.02,3253.85
2025-07-22 19:00:00,0.0,428.48,637.2,1676.85,2742.53
2025-07-22 20:00:00,0.0,593.91,760.96,1640.13,2995.0
2025-07-22 21:00:00,0.0,525.3,638.2,1540.92,2704.41
2025-07-22 22:00:00,0.0,440.64,663.99,1314.52,2419.16
2025-07-22 23:00:00,0.0,183.47,607.63,1812.87,2603.97
2025-07-23 00:00:00,0.0,587.81,630.51,1673.69,2892.0
2025-07-23 01:00:00,0.0,531.98,695.16,1250.46,2477.6
2025-07-23 02:00:00,0.0,580.43,626.59,1599.63,2806.65
2025-07-23 03:00:00,0.0,633.88,630.36,1249.95,2514.18
2025-07-23 04:00:00,0.0,435.01,613.16,1183.58,2231.75
2025-07-23 05:00:00,0.0,631.91,724.66,1169.08,2525.64
2025-07-23 06:00:00,0.0,507.12,627.14,1992.75,3127.0
2025-07-23 07:00:00,259.33,446.78,747.76,1338.86,2792.73
2025-07-23 08:00:00,460.5,402.39,640.99,1795.76,3299.64
2025-07-23 09:00:00,593.68,386.44,548.59,1559.25,3087.95
2025-07-23 10:00:00,913.6,417.45,619.16,1480.12,3430.33
2025-07-23 11:00:00,894.51,618.12,572.5,1860.15,3945.28
2025-07-23 12:00:00,844.75,649.13,658.66,1732.9,3885.43
2025-07-23 13:00:00,716.79,469.93,734.64,2087.99,4009.35
2025-07-23 14:00:00,614.29,531.31,579.82,1545.82,3271.23
2025-07-23 15:00:00,557.96,376.58,579.2,1663.23,3176.97
2025-07-23 16:00:00,426.13,481.34,612.54,1641.24,3161.25
2025-07-23 17:00:00,251.0,456.81,644.17,1760.73,3112.72
2025-07-23 18:00:00,0.0,734.62,573.9,1112.46,2420.99
2025-07-23 19:00:00,0.0,386.61,616.98,1696.61,2700.2
2025-07-23 20:00:00,0.0,614.52,616.3,1058.12,2288.93
2025-07-23 21:00:00,0.0,570.21,563.94,1378.39,2512.54
2025-07-23 22:00:00,0.0,506.92,664.86,1684.01,2855.79
2025-07-23 23:00:00,0.0,343.25,671.13,1697.58,2711.97
2025-07-24 00:00:00,0.0,655.31,596.31,1705.42,2957.04
2025-07-24 01:00:00,0.0,420.45,617.39,1544.16,2582.0
2025-07-24 02:00:00,0.0,380.87,675.27,1596.75,2652.89
2025-07-24 03:00:00,0.0,411.51,707.91,1360.94,2480.36
2025-07-24 04:00:00,0.0,625.53,739.26,1416.67,2781.46
2025-07-24 05:00:00,0.0,400.9,619.8,1140.11,2160.81
2025-07-24 06:00:00,0.0,714.18,625.07,1198.6,2537.84
2025-07-24 07:00:00,193.23,843.71,662.01,1797.07,3496.01
2025-07-24 08:00:00,329.46,564.1,700.4,2017.09,3611.05
2025-07-24 09:00:00,438.15,605.9,714.9,1563.83,3322.78
2025-07-24 10:00:00,837.26,588.99,618.97,1722.94,3768.17
2025-07-24 11:00:00,713.7,345.94,642.19,1649.1,3350.93
2025-07-24 12:00:00,739.9,386.73,602.94,1559.64,3289.2
2025-07-24 13:00:00,678.82,372.98,620.65,1695.47,3367.92
2025-07-24 14:00:00,741.83,489.98,608.02,1670.46,3510.28
2025-07-24 15:00:00,508.09,440.22,632.46,2205.88,3786.65
2025-07-24 16:00:00,450.85,354.52,648.17,1516.34,2969.88
2025-07-24 17:00:00,220.12,354.39,624.12,1631.97,2830.6
2025-07-24 18:00:00,0.0,585.34,638.65,1620.61,2844.6
2025-07-24 19:00:00,0.0,504.87,649.83,1618.63,2773.33
2025-07-24 20:00:00,0.0,425.12,486.9,1303.7,2215.73
2025-07-24 21:00:00,0.0,302.1,644.69,1584.39,2531.18
2025-07-24 22:00:00,0.0,538.25,648.69,1371.55,2558.49
2025-07-24 23:00:00,0.0,623.53,623.25,1622.44,2869.22
2025-07-25 00:00:00,0.0,413.03,676.56,999.13,2088.72
2025-07-25 01:00:00,0.0,255.88,578.43,1199.63,2033.94
2025-07-25 02:00:00,0.0,602.23,710.56,1761.65,3074.43
2025-07-25 03:00:00,0.0,519.9,537.22,1634.95,2692.07
2025-07-25 04:00:00,0.0,566.57,691.32,1712.95,2970.84
2025-07-25 05:00:00,0.0,528.32,753.45,1794.87,3076.64
2025-07-25 06:00:00,0.0,672.63,688.31,1666.4,3027.34
2025-07-25 07:00:00,214.57,515.88,863.98,1939.59,3534.03
2025-07-25 08:00:00,506.95,439.61,615.88,1555.34,3117.78
2025-07-25 09:00:00,614.6,434.23,558.59,815.92,2423.34
2025-07-25 10:00:00,819.36,582.43,671.38,1807.75,3880.92
2025-07-25 11:00:00,885.61,464.9,629.18,1320.0,3299.68
2025-07-25 12:00:00,1143.88,391.21,485.75,1790.04,3810.89
2025-07-25 13:00:00,985.39,398.67,664.27,1794.38,3842.71
2025-07-25 14:00:00,788.63,738.85,706.59,1810.25,4044.31
2025-07-25 15:00:00,740.64,752.72,615.55,1470.38,3579.28
2025-07-25 16:00:00,391.34,497.59,733.94,1326.98,2949.85
2025-07-25 17:00:00,174.47,440.06,665.31,1293.29,2573.13
2025-07-25 18:00:00,0.0,470.1,619.52,1599.78,2689.39
2025-07-25 19:00:00,0.0,436.42,665.07,1685.58,2787.07
2025-07-25 20:00:00,0.0,555.15,616.55,1528.7,2700.4
2025-07-25 21:00:00,0.0,326.49,736.18,1524.85,2587.51
2025-07-25 22:00:00,0.0,334.1,581.06,1530.08,2445.24
2025-07-25 23:00:00,0.0,679.96,700.2,1463.04,2843.21
2025-07-26 00:00:00,0.0,275.67,675.76,1033.44,1984.86
2025-07-26 01:00:00,0.0,565.69,580.53,1888.33,3034.55
2025-07-26 02:00:00,0.0,487.13,583.68,1649.72,2720.52
2025-07-26 03:00:00,0.0,355.97,661.82,1045.09,2062.87
2025-07-26 04:00:00,0.0,440.76,610.23,2052.23,3103.23
2025-07-26 05:00:00,0.0,328.82,649.14,1631.38,2609.34
2025-07-26 06:00:00,0.0,544.55,674.94,1622.21,2841.7
2025-07-26 07:00:00,261.47,934.88,717.0,1497.65,3411.01
2025-07-26 08:00:00,426.66,565.57,651.21,1528.93,3172.36
2025-07-26 09:00:00,527.74,426.72,716.9,1461.91,3133.27
2025-07-26 10:00:00,670.83,408.53,583.87,1320.99,2984.23
2025-07-26 11:00:00,870.13,387.29,549.28,1910.25,3716.96
2025-07-26 12:00:00,813.47,294.36,664.14,2054.4,3826.37
2025-07-26 13:00:00,777.83,449.92,712.89,1332.69,3273.32
2025-07-26 14:00:00,671.18,779.99,693.95,1801.59,3946.71
2025-07-26 15:00:00,575.16,468.34,601.68,1097.36,2742.54
2025-07-26 16:00:00,461.72,446.84,637.31,1680.8,3226.67
2025-07-26 17:00:00,244.93,595.75,539.17,1659.29,3039.13
2025-07-26 18:00:00,0.0,532.89,710.8,1502.66,2746.34
2025-07-26 19:00:00,0.0,405.76,567.4,1457.9,2431.06
2025-07-26 20:00:00,0.0,481.35,613.88,1644.64,2739.87
2025-07-26 21:00:00,0.0,538.34,673.83,1564.94,2777.11
2025-07-26 22:00:00,0.0,493.89,678.15,1522.19,2694.22
2025-07-26 23:00:00,0.0,478.62,721.04,1908.42,3108.08
2025-07-27 00:00:00,0.0,539.63,788.52,1354.61,2682.76
2025-07-27 01:00:00,0.0,640.98,679.16,1651.9,2972.04
2025-07-27 02:00:00,0.0,418.66,611.31,1678.78,2708.75
2025-07-27 03:00:00,0.0,372.66,594.89,1164.96,2132.51
2025-07-27 04:00:00,0.0,595.96,701.31,1694.69,2991.97
2025-07-27 05:00:00,0.0,681.16,687.13,2112.52,3480.81
2025-07-27 06:00:00,0.0,771.1,588.98,1369.91,2729.99
2025-07-27 07:00:00,186.56,612.83,678.46,1527.62,3005.47
2025-07-27 08:00:00,380.61,580.2,615.75,1230.16,2806.71
2025-07-27 09:00:00,610.62,552.85,608.59,1437.9,3209.97
2025-07-27 10:00:00,771.7,610.35,653.23,1492.05,3527.34
2025-07-27 11:00:00,728.95,590.58,634.9,1641.7,3596.14
2025-07-27 12:00:00,1024.83,437.19,615.46,1477.35,3554.83
2025-07-27 13:00:00,904.26,675.27,657.73,1789.24,4026.51
2025-07-27 14:00:00,667.16,578.61,587.18,1883.97,3716.91
2025-07-27 15:00:00,716.7,257.76,595.65,1387.05,2957.15
2025-07-27 16:00:00,503.09,758.66,649.44,1820.03,3731.22
2025-07-27 17:00:00,202.64,448.07,738.92,2060.7,3450.33
2025-07-27 18:00:00,0.0,446.32,667.57,1591.28,2705.18
2025-07-27 19:00:00,0.0,408.28,675.63,1396.81,2480.72
2025-07-27 20:00:00,0.0,421.48,576.08,1864.54,2862.1
2025-07-27 21:00:00,0.0,568.61,624.69,1281.45,2474.75
2025-07-27 22:00:00,0.0,588.73,642.64,1580.01,2811.38
2025-07-27 23:00:00,0.0,695.67,597.45,1261.37,2554.49
2025-07-28 00:00:00,0.0,665.24,575.13,1553.58,2793.95
2025-07-28 01:00:00,0.0,247.96,631.74,1790.97,2670.67
2025-07-28 02:00:00,0.0,672.56,653.38,1500.19,2826.13
2025-07-28 03:00:00,0.0,603.07,704.16,1564.58,2871.81
2025-07-28 04:00:00,0.0,791.88,565.78,1562.61,2920.27
2025-07-28 05:00:00,0.0,288.48,746.16,1948.48,2983.12
2025-07-28 06:00:00,0.0,518.46,658.45,1491.22,2668.13
2025-07-28 07:00:00,228.55,320.55,623.23,1854.61,3026.94
2025-07-28 08:00:00,487.4,519.66,562.07,1607.2,3176.33
2025-07-28 09:00:00,749.3,438.96,717.07,1555.32,3460.65
2025-07-28 10:00:00,673.54,674.34,666.84,1756.9,3771.62
2025-07-28 11:00:00,674.04,448.15,639.24,1735.34,3496.77
2025-07-28 12:00:00,715.32,522.37,630.52,1515.52,3383.72
2025-07-28 13:00:00,776.44,288.19,757.96,1841.28,3663.86
2025-07-28 14:00:00,685.21,450.34,652.76,1443.61,3231.92
2025-07-28 15:00:00,608.13,437.33,635.01,1810.38,3490.85
2025-07-28 16:00:00,463.59,432.76,737.47,1218.16,2851.98
2025-07-28 17:00:00,208.77,560.9,712.92,1794.42,3277.02
2025-07-28 18:00:00,0.0,309.55,704.57,1599.51,2613.63
2025-07-28 19:00:00,0.0,495.14,721.78,1791.09,3008.01
2025-07-28 20:00:00,0.0,531.39,666.89,1671.58,2869.86
2025-07-28 21:00:00,0.0,541.86,625.27,1581.73,2748.86
2025-07-28 22:00:00,0.0,670.96,735.1,1678.08,3084.14
2025-07-28 23:00:00,0.0,479.95,612.56,1687.0,2779.51
2025-07-29 00:00:00,0.0,598.57,622.31,2379.9,3600.78
2025-07-29 01:00:00,0.0,542.04,610.5,1763.02,2915.57
2025-07-29 02:00:00,0.0,640.7,694.42,1437.27,2772.39
2025-07-29 03:00:00,0.0,486.23,505.05,1647.19,2638.46
2025-07-29 04:00:00,0.0,568.22,670.53,1870.59,3109.34
2025-07-29 05:00:00,0.0,696.06,672.97,1473.61,2842.65
2025-07-29 06:00:00,0.0,432.87,640.26,1809.13,2882.26
2025-07-29 07:00:00,188.87,521.06,656.48,1490.77,2857.17
2025-07-29 08:00:00,442.03,479.4,695.2,1791.85,3408.49
2025-07-29 09:00:00,427.71,416.09,510.35,1164.47,2518.62
2025-07-29 10:00:00,830.11,703.32,745.08,1271.14,3549.65
2025-07-29 11:00:00,713.02,358.57,619.45,1706.92,3397.96
2025-07-29 12:00:00,740.93,535.45,617.25,1374.19,3267.82
2025-07-29 13:00:00,706.91,281.76,764.24,1552.79,3305.69
2025-07-29 14:00:00,700.17,659.83,659.99,2215.62,4235.61
2025-07-29 15:00:00,805.44,425.9,631.94,1229.15,3092.44
2025-07-29 16:00:00,358.05,280.88,582.54,1936.31,3157.78
2025-07-29 17:00:00,246.27,476.1,601.4,1564.58,2888.35
2025-07-29 18:00:00,0.0,439.77,596.44,1776.74,2812.95
2025-07-29 19:00:00,0.0,595.29,649.77,2252.41,3497.47
2025-07-29 20:00:00,0.0,538.67,557.23,1281.59,2377.48
2025-07-29 21:00:00,0.0,556.39,624.48,1012.4,2193.27
2025-07-29 22:00:00,0.0,528.12,627.94,1650.76,2806.82
2025-07-29 23:00:00,0.0,445.97,615.37,2037.38,3098.72
2025-07-30 00:00:00,0.0,668.01,728.86,1232.89,2629.76
2025-07-30 01:00:00,0.0,573.92,606.89,1685.89,2866.7
2025-07-30 02:00:00,0.0,341.15,569.75,1361.09,2271.99
2025-07-30 03:00:00,0.0,487.78,590.84,1710.49,2789.11
2025-07-30 04:00:00,0.0,570.74,547.96,1410.25,2528.94
2025-07-30 05:00:00,0.0,414.82,744.45,1590.18,2749.46
2025-07-30 06:00:00,0.0,369.25,694.52,1853.51,2917.29
2025-07-30 07:00:00,187.3,591.3,699.59,1946.23,3424.42
2025-07-30 08:00:00,351.16,710.39,749.19,1583.8,3394.54
2025-07-30 09:00:00,678.93,582.66,690.03,2002.84,3954.47
2025-07-30 10:00:00,735.25,539.26,647.27,1524.46,3446.24
2025-07-30 11:00:00,601.4,499.99,672.97,1500.94,3275.3
2025-07-30 12:00:00,793.6,440.93,701.62,1640.35,3576.5
2025-07-30 13:00:00,608.13,437.74,513.35,1755.68,3314.9
2025-07-30 14:00:00,630.79,393.14,608.44,1097.67,2730.05
2025-07-30 15:00:00,450.27,438.5,627.32,1838.99,3355.08
2025-07-30 16:00:00,430.13,428.98,685.54,905.26,2449.91
2025-07-30 17:00:00,203.22,504.57,629.52,1447.3,2784.61
2025-07-30 18:00:00,0.0,377.69,563.52,1472.46,2413.67
2025-07-30 19:00:00,0.0,521.15,699.16,1092.75,2313.07
2025-07-30 20:00:00,0.0,569.29,697.24,2031.91,3298.44
2025-07-30 21:00:00,0.0,517.07,723.5,1722.95,2963.52
2025-07-30 22:00:00,0.0,453.84,622.8,1764.84,2841.48
2025-07-30 23:00:00,0.0,469.73,668.95,1371.51,2510.19
2025-07-31 00:00:00,0.0,567.82,634.33,1495.87,2698.01
2025-07-31 01:00:00,0.0,516.32,613.72,1978.0,3108.04
2025-07-31 02:00:00,0.0,616.69,598.97,1618.04,2833.7
2025-07-31 03:00:00,0.0,414.55,703.34,2096.88,3214.77
2025-07-31 04:00:00,0.0,454.77,652.88,1044.25,2151.9
2025-07-31 05:00:00,0.0,334.37,605.68,1573.3,2513.35
2025-07-31 06:00:00,0.0,591.32,534.88,1756.27,2882.46
2025-07-31 07:00:00,261.2,433.21,612.73,1675.45,2982.58
2025-07-31 08:00:00,420.65,244.78,596.27,1652.19,2913.89
2025-07-31 09:00:00,508.97,434.42,668.89,1634.47,3246.76
2025-07-31 10:00:00,789.66,437.53,696.77,1810.1,3734.06
2025-07-31 11:00:00,730.11,496.61,710.12,1933.96,3870.81
2025-07-31 12:00:00,850.28,262.36,661.45,1455.56,3229.65
2025-07-31 13:00:00,911.87,451.58,641.23,1651.38,3656.07
2025-07-31 14:00:00,814.87,563.73,717.91,1469.83,3566.35
2025-07-31 15:00:00,576.15,616.57,652.92,1298.87,3144.51
2025-07-31 16:00:00,459.85,488.13,617.7,1358.07,2923.75
2025-07-31 17:00:00,219.13,586.65,514.85,1517.94,2838.57
2025-07-31 18:00:00,0.0,690.16,518.12,1614.9,2823.19
2025-07-31 19:00:00,0.0,581.37,682.22,1764.61,3028.2
2025-07-31 20:00:00,0.0,511.15,652.29,1493.1,2656.54
2025-07-31 21:00:00,0.0,710.91,585.0,1397.54,2693.44
2025-07-31 22:00:00,0.0,458.47,698.54,1546.73,2703.73
2025-07-31 23:00:00,0.0,417.56,579.14,1675.07,2671.77
2025-08-01 00:00:00,0.0,684.12,603.69,1947.9,3235.72
2025-08-01 01:00:00,0.0,534.52,655.38,1915.68,3105.58
2025-08-01 02:00:00,0.0,733.93,664.49,1582.91,2981.32
2025-08-01 03:00:00,0.0,590.84,619.75,2074.42,3285.01
2025-08-01 04:00:00,0.0,406.67,503.41,1440.55,2350.62
2025-08-01 05:00:00,0.0,586.75,583.78,1520.7,2691.22
2025-08-01 06:00:00,0.0,484.61,634.33,1506.34,2625.29
2025-08-01 07:00:00,181.69,612.49,608.31,2022.53,3425.03
2025-08-01 08:00:00,396.07,439.94,602.29,1745.62,3183.92
2025-08-01 09:00:00,488.37,463.64,671.98,1347.68,2971.67
2025-08-01 10:00:00,629.21,710.8,653.88,1645.48,3639.37
2025-08-01 11:00:00,835.79,531.31,522.45,1725.21,3614.77
2025-08-01 12:00:00,895.61,348.09,577.75,1572.46,3393.91
2025-08-01 13:00:00,994.09,568.23,705.14,1522.83,3790.3
2025-08-01 14:00:00,809.81,375.82,540.72,1484.37,3210.72
2025-08-01 15:00:00,645.13,388.72,531.94,2214.54,3780.34
2025-08-01 16:00:00,404.31,622.93,666.68,1522.7,3216.61
2025-08-01 17:00:00,218.89,502.02,654.96,1573.33,2949.2
2025-08-01 18:00:00,0.0,667.32,576.0,1248.69,2492.01
2025-08-01 19:00:00,0.0,530.48,627.11,2005.34,3162.93
2025-08-01 20:00:00,0.0,531.48,709.33,2115.63,3356.44
2025-08-01 21:00:00,0.0,464.48,578.22,1337.29,2379.99
2025-08-01 22:00:00,0.0,352.95,625.0,1354.69,2332.65
2025-08-01 23:00:00,0.0,568.26,665.61,1214.27,2448.15
2025-08-02 00:00:00,0.0,515.85,592.93,1520.93,2629.71
2025-08-02 01:00:00,0.0,438.19,624.59,1960.71,3023.49
2025-08-02 02:00:00,0.0,345.93,703.2,2113.1,3162.23
2025-08-02 03:00:00,0.0,345.98,637.46,1728.69,2712.13
2025-08-02 04:00:00,0.0,397.85,618.73,1677.15,2693.73
2025-08-02 05:00:00,0.0,299.88,546.89,1736.21,2582.98
2025-08-02 06:00:00,0.0,412.96,546.56,1590.53,2550.04
2025-08-02 07:00:00,264.96,617.41,620.02,1680.68,3183.06
2025-08-02 08:00:00,419.06,461.02,643.63,2010.23,3533.94
2025-08-02 09:00:00,547.6,497.57,489.79,1435.1,2970.07
2025-08-02 10:00:00,748.37,620.33,591.31,1482.74,3442.75
2025-08-02 11:00:00,828.51,506.17,559.24,1754.1,3648.02
2025-08-02 12:00:00,801.19,658.75,643.1,1469.49,3572.52
2025-08-02 13:00:00,587.69,425.71,636.36,1136.19,2785.95
2025-08-02 14:00:00,716.86,454.96,649.13,1593.52,3414.48
2025-08-02 15:00:00,544.12,536.78,619.11,1536.12,3236.14
2025-08-02 16:00:00,260.62,521.55,573.05,1260.83,2616.05
2025-08-02 17:00:00,199.09,458.66,550.5,1488.12,2696.38
2025-08-02 18:00:00,0.0,497.23,621.09,1461.56,2579.88
2025-08-02 19:00:00,0.0,437.43,541.51,1862.11,2841.05
2025-08-02 20:00:00,0.0,499.37,645.77,1565.5,2710.64
2025-08-02 21:00:00,0.0,560.9,533.92,1291.36,2386.17
2025-08-02 22:00:00,0.0,770.07,627.75,1748.94,3146.76
2025-08-02 23:00:00,0.0,476.25,589.26,1364.57,2430.07
2025-08-03 00:00:00,0.0,595.99,708.11,1370.31,2674.41
2025-08-03 01:00:00,0.0,404.35,702.58,1722.44,2829.37
2025-08-03 02:00:00,0.0,749.39,615.52,1517.22,2882.13
2025-08-03 03:00:00,0.0,342.9,691.84,1610.81,2645.54
2025-08-03 04:00:00,0.0,527.31,473.1,1938.41,2938.82
2025-08-03 05:00:00,0.0,498.39,659.2,1250.43,2408.02
2025-08-03 06:00:00,0.0,619.68,626.04,1338.25,2583.96
2025-08-03 07:00:00,244.25,664.08,694.45,1222.24,2825.01
2025-08-03 08:00:00,518.33,478.02,617.02,1506.12,3119.5
2025-08-03 09:00:00,553.34,558.87,572.32,1446.05,3130.58
2025-08-03 10:00:00,835.42,548.47,661.56,1426.64,3472.08
2025-08-03 11:00:00,548.04,547.79,673.03,2343.01,4111.87
2025-08-03 12:00:00,1050.67,676.39,603.27,1785.7,4116.03
2025-08-03 13:00:00,851.64,385.83,673.67,1639.91,3551.05
2025-08-03 14:00:00,664.33,587.07,587.08,1624.17,3462.65
2025-08-03 15:00:00,543.3,449.41,595.45,1860.63,3448.79
2025-08-03 16:00:00,395.79,396.77,664.04,1760.64,3217.24
2025-08-03 17:00:00,182.83,417.9,688.19,1805.35,3094.26
2025-08-03 18:00:00,0.0,317.05,647.23,1968.41,2932.69
2025-08-03 19:00:00,0.0,320.47,717.55,1681.25,2719.27
2025-08-03 20:00:00,0.0,481.25,632.41,1407.91,2521.58
2025-08-03 21:00:00,0.0,465.6,535.47,1700.77,2701.85
2025-08-03 22:00:00,0.0,257.63,549.34,1460.77,2267.74
2025-08-03 23:00:00,0.0,473.17,523.28,1933.61,2930.05
2025-08-04 00:00:00,0.0,598.34,549.38,1597.62,2745.34
2025-08-04 01:00:00,0.0,561.28,596.96,1692.97,2851.21
2025-08-04 02:00:00,0.0,546.6,521.01,1555.07,2622.68
2025-08-04 03:00:00,0.0,413.41,658.04,1281.2,2352.65
2025-08-04 04:00:00,0.0,363.1,573.39,1496.25,2432.74
2025-08-04 05:00:00,0.0,570.21,546.9,1998.47,3115.58
2025-08-04 06:00:00,0.0,592.53,662.23,1695.81,2950.57
2025-08-04 07:00:00,235.71,705.26,606.81,1551.16,3098.93
2025-08-04 08:00:00,482.49,650.93,589.14,1396.45,3119.02
2025-08-04 09:00:00,761.55,472.73,621.36,1840.7,3696.34
2025-08-04 10:00:00,874.45,676.66,563.79,1563.34,3678.24
2025-08-04 11:00:00,751.93,287.3,606.47,1328.73,2974.43
2025-08-04 12:00:00,1110.27,547.23,704.29,1576.28,3938.06
2025-08-04 13:00:00,731.05,491.23,685.47,1527.8,3435.55
2025-08-04 14:00:00,614.38,725.57,657.26,2001.35,3998.56
2025-08-04 15:00:00,533.65,629.63,628.95,1730.76,3522.99
2025-08-04 16:00:00,471.98,549.36,639.8,1462.74,3123.88
2025-08-04 17:00:00,215.68,629.97,722.85,1258.62,2827.12
2025-08-04 18:00:00,0.0,681.03,672.02,1622.8,2975.85
2025-08-04 19:00:00,0.0,297.32,606.54,1529.42,2433.28
2025-08-04 20:00:00,0.0,619.37,580.66,1556.08,2756.11
2025-08-04 21:00:00,0.0,472.65,654.84,1523.28,2650.78
2025-08-04 22:00:00,0.0,458.74,657.13,1407.47,2523.34
2025-08-04 23:00:00,0.0,339.92,645.91,932.63,1918.46
2025-08-05 00:00:00,0.0,399.85,616.14,1769.01,2785.0
2025-08-05 01:00:00,0.0,280.98,560.8,1399.85,2241.63
2025-08-05 02:00:00,0.0,495.21,649.97,2025.12,3170.31
2025-08-05 03:00:00,0.0,496.14,561.38,1437.05,2494.56
2025-08-05 04:00:00,0.0,429.63,597.25,1741.24,2768.13
2025-08-05 05:00:00,0.0,609.34,578.87,1457.64,2645.85
2025-08-05 06:00:00,0.0,530.79,588.73,1538.89,2658.41
2025-08-05 07:00:00,237.83,685.72,713.17,1542.51,3179.22
2025-08-05 08:00:00,450.24,386.06,523.19,1841.56,3201.05
2025-08-05 09:00:00,664.26,600.16,513.84,1739.84,3518.1
2025-08-05 10:00:00,680.89,517.89,666.09,1655.2,3520.06
2025-08-05 11:00:00,957.61,279.68,675.36,1432.24,3344.89
2025-08-05 12:00:00,898.91,474.19,650.28,1742.77,3766.15
2025-08-05 13:00:00,934.22,474.17,567.5,1509.09,3484.97
2025-08-05 14:00:00,614.35,607.92,596.04,1794.21,3612.52
2025-08-05 15:00:00,560.96,487.78,716.52,1815.57,3580.83
2025-08-05 16:00:00,401.46,499.02,687.99,1991.86,3580.33
2025-08-05 17:00:00,205.44,664.8,611.2,1517.6,2999.04
2025-08-05 18:00:00,0.0,603.25,709.56,1897.06,3209.87
2025-08-05 19:00:00,0.0,471.67,633.02,1054.95,2159.64
2025-08-05 20:00:00,0.0,741.93,648.28,1409.42,2799.63
2025-08-05 21:00:00,0.0,596.44,563.38,914.65,2074.47
2025-08-05 22:00:00,0.0,360.57,640.3,1895.57,2896.43
2025-08-05 23:00:00,0.0,302.05,630.18,2098.03,3030.26
2025-08-06 00:00:00,0.0,571.09,610.19,1666.19,2847.47
2025-08-06 01:00:00,0.0,629.9,601.87,2095.38,3327.14
2025-08-06 02:00:00,0.0,667.91,640.56,1605.05,2913.52
2025-08-06 03:00:00,0.0,590.12,620.81,1440.68,2651.6
2025-08-06 04:00:00,0.0,610.08,552.38,1289.28,2451.74
2025-08-06 05:00:00,0.0,493.34,577.67,1647.95,2718.96
2025-08-06 06:00:00,0.0,678.06,588.12,1389.04,2655.23
2025-08-06 07:00:00,195.99,517.91,543.65,917.54,2175.09
2025-08-06 08:00:00,465.69,346.27,594.65,1525.65,2932.26
2025-08-06 09:00:00,563.7,340.3,502.42,1468.0,2874.41
2025-08-06 10:00:00,946.55,336.84,604.77,1198.12,3086.29
2025-08-06 11:00:00,815.68,599.39,613.33,1395.6,3424.0
2025-08-06 12:00:00,940.72,741.6,634.87,1599.83,3917.03
2025-08-06 13:00:00,915.55,426.86,603.18,1851.58,3797.16
2025-08-06 14:00:00,806.64,611.24,683.24,1784.15,3885.27
2025-08-06 15:00:00,539.39,421.35,662.2,1857.18,3480.12
2025-08-06 16:00:00,350.68,622.59,687.86,1615.12,3276.24
2025-08-06 17:00:00,234.96,561.57,624.67,1807.67,3228.87
2025-08-06 18:00:00,0.0,627.41,700.38,1732.2,3059.98
2025-08-06 19:00:00,0.0,480.68,706.54,1579.78,2767.01
2025-08-06 20:00:00,0.0,575.48,624.16,1448.21,2647.85
2025-08-06 21:00:00,0.0,569.97,602.39,1607.07,2779.43
2025-08-06 22:00:00,0.0,541.37,621.13,1601.24,2763.74
2025-08-06 23:00:00,0.0,612.32,543.99,1678.64,2834.95
2025-08-07 00:00:00,0.0,453.71,604.83,2066.15,3124.7
2025-08-07 01:00:00,0.0,393.32,627.18,1690.12,2710.63
2025-08-07 02:00:00,0.0,480.73,689.69,1442.6,2613.02
2025-08-07 03:00:00,0.0,333.65,730.92,1514.28,2578.86
2025-08-07 04:00:00,0.0,384.02,587.77,1714.62,2686.41
2025-08-07 05:00:00,0.0,504.37,611.06,1166.68,2282.11
2025-08-07 06:00:00,0.0,556.76,634.39,1427.12,2618.27
2025-08-07 07:00:00,263.52,469.19,636.45,1857.71,3226.88
2025-08-07 08:00:00,369.71,511.44,610.02,1417.02,2908.2
2025-08-07 09:00:00,684.12,533.26,617.47,1395.99,3230.84
2025-08-07 10:00:00,538.66,506.94,668.12,1618.84,3332.57
2025-08-07 11:00:00,876.65,398.93,638.33,1669.44,3583.35
2025-08-07 12:00:00,936.56,195.49,664.7,2265.38,4062.13
2025-08-07 13:00:00,641.73,517.74,543.87,1697.17,3400.51
2025-08-07 14:00:00,490.86,712.98,669.08,1342.1,3215.03
2025-08-07 15:00:00,584.96,453.79,474.42,1612.98,3126.15
2025-08-07 16:00:00,463.64,399.77,651.24,1333.65,2848.29
2025-08-07 17:00:00,171.38,481.57,661.38,1509.42,2823.75
2025-08-07 18:00:00,0.0,525.34,555.1,1629.07,2709.5
2025-08-07 19:00:00,0.0,320.69,566.45,1677.85,2564.99
2025-08-07 20:00:00,0.0,393.67,662.01,1332.84,2388.52
2025-08-07 21:00:00,0.0,330.06,622.32,1351.55,2303.93
2025-08-07 22:00:00,0.0,457.32,675.9,1419.79,2553.01
2025-08-07 23:00:00,0.0,392.84,591.53,1648.96,2633.34
2025-08-08 00:00:00,0.0,488.43,597.85,2279.59,3365.88
2025-08-08 01:00:00,0.0,759.63,572.59,1903.59,3235.81
2025-08-08 02:00:00,0.0,344.38,462.08,1739.09,2545.55
2025-08-08 03:00:00,0.0,453.96,626.73,1592.28,2672.97
2025-08-08 04:00:00,0.0,612.28,672.12,1377.95,2662.35
2025-08-08 05:00:00,0.0,590.58,641.15,1411.1,2642.83
2025-08-08 06:00:00,0.0,228.93,501.98,1553.02,2283.94
2025-08-08 07:00:00,288.83,296.35,620.7,1585.06,2790.94
2025-08-08 08:00:00,530.94,554.59,564.33,1002.82,2652.68
2025-08-08 09:00:00,549.94,267.05,719.26,1263.07,2799.32
2025-08-08 10:00:00,598.81,625.46,742.46,1411.14,3377.86
2025-08-08 11:00:00,803.09,442.33,688.01,1587.03,3520.46
2025-08-08 12:00:00,870.9,423.88,706.64,1265.15,3266.57
2025-08-08 13:00:00,615.88,597.19,667.44,1962.02,3842.52
2025-08-08 14:00:00,709.31,393.54,682.57,1433.75,3219.17
2025-08-08 15:00:00,515.95,471.81,626.55,1703.37,3317.69
2025-08-08 16:00:00,387.68,559.16,762.74,1447.82,3157.41
2025-08-08 17:00:00,286.81,394.85,658.43,1892.84,3232.94
2025-08-08 18:00:00,0.0,575.58,650.81,2019.94,3246.32
2025-08-08 19:00:00,0.0,349.39,691.51,1061.37,2102.27
2025-08-08 20:00:00,0.0,680.58,553.29,1165.87,2399.74
2025-08-08 21:00:00,0.0,463.07,676.44,1965.46,3104.97
2025-08-08 22:00:00,0.0,358.1,606.8,1566.49,2531.39
2025-08-08 23:00:00,0.0,451.38,564.92,1519.84,2536.14
2025-08-09 00:00:00,0.0,589.8,580.32,1401.69,2571.81
2025-08-09 01:00:00,0.0,514.85,604.47,1458.07,2577.39
2025-08-09 02:00:00,0.0,324.53,661.58,1674.68,2660.79
2025-08-09 03:00:00,0.0,320.81,608.02,1406.14,2334.97
2025-08-09 04:00:00,0.0,647.94,628.8,1344.78,2621.52
2025-08-09 05:00:00,0.0,448.33,555.25,1433.4,2436.97
2025-08-09 06:00:00,0.0,344.92,509.16,1524.35,2378.43
2025-08-09 07:00:00,154.32,615.44,621.95,1660.63,3052.34
2025-08-09 08:00:00,395.75,356.65,585.1,1730.83,3068.33
2025-08-09 09:00:00,741.76,413.74,588.44,1530.6,3274.53
2025-08-09 10:00:00,665.65,446.78,524.23,1133.11,2769.76
2025-08-09 11:00:00,801.47,374.05,570.27,1237.14,2982.94
2025-08-09 12:00:00,729.34,784.49,658.27,1576.21,3748.31
2025-08-09 13:00:00,836.47,352.68,567.83,1727.69,3484.67
2025-08-09 14:00:00,794.86,500.78,510.36,1926.05,3732.05
2025-08-09 15:00:00,605.91,530.77,712.79,1186.29,3035.77
2025-08-09 16:00:00,360.96,548.44,585.67,1368.37,2863.45
2025-08-09 17:00:00,263.52,293.76,658.45,1535.36,2751.1
2025-08-09 18:00:00,0.0,532.35,527.0,1675.51,2734.86
2025-08-09 19:00:00,0.0,578.7,659.85,1554.42,2792.97
2025-08-09 20:00:00,0.0,505.3,607.69,1628.55,2741.54
2025-08-09 21:00:00,0.0,516.09,580.64,1459.31,2556.04
2025-08-09 22:00:00,0.0,547.62,610.87,2030.37,3188.86
2025-08-09 23:00:00,0.0,421.46,596.95,1540.93,2559.34
2025-08-10 00:00:00,0.0,591.21,531.41,1477.03,2599.65
2025-08-10 01:00:00,0.0,461.19,531.77,1781.87,2774.84
2025-08-10 02:00:00,0.0,461.98,575.87,1671.35,2709.2
2025-08-10 03:00:00,0.0,559.85,638.46,1644.96,2843.27
2025-08-10 04:00:00,0.0,547.01,531.85,1740.6,2819.46
2025-08-10 05:00:00,0.0,636.18,573.72,1691.15,2901.06
2025-08-10 06:00:00,0.0,441.19,641.0,1673.92,2756.1
2025-08-10 07:00:00,198.27,605.36,580.13,1884.64,3268.4
2025-08-10 08:00:00,416.9,370.63,575.34,1097.89,2460.77
2025-08-10 09:00:00,595.4,486.47,597.64,1636.2,3315.72
2025-08-10 10:00:00,965.76,453.97,595.19,2191.02,4205.95
2025-08-10 11:00:00,915.57,547.41,572.57,1815.66,3851.21
2025-08-10 12:00:00,964.64,515.29,646.88,1897.5,4024.31
2025-08-10 13:00:00,726.49,668.99,545.73,1750.34,3691.54
2025-08-10 14:00:00,616.07,445.62,600.66,1796.25,3458.6
2025-08-10 15:00:00,666.81,669.97,597.92,1572.18,3506.89
2025-08-10 16:00:00,442.78,565.28,638.29,1235.01,2881.36
2025-08-10 17:00:00,198.1,526.19,699.73,1244.27,2668.29
2025-08-10 18:00:00,0.0,374.79,649.99,1356.4,2381.17
2025-08-10 19:00:00,0.0,555.52,641.39,1568.58,2765.49
2025-08-10 20:00:00,0.0,460.54,629.13,1445.76,2535.43
2025-08-10 21:00:00,0.0,578.25,590.08,1629.81,2798.14
2025-08-10 22:00:00,0.0,477.6,633.15,1958.55,3069.31
2025-08-10 23:00:00,0.0,522.06,745.61,1562.05,2829.72
2025-08-11 00:00:00,0.0,635.54,593.19,1721.89,2950.62
2025-08-11 01:00:00,0.0,582.35,551.4,1449.92,2583.67
2025-08-11 02:00:00,0.0,625.9,615.14,1511.9,2752.94
2025-08-11 03:00:00,0.0,556.59,658.07,1607.9,2822.56
2025-08-11 04:00:00,0.0,338.24,626.17,1483.16,2447.57
2025-08-11 05:00:00,0.0,610.21,698.72,1533.79,2842.72
2025-08-11 06:00:00,0.0,433.19,676.86,1489.02,2599.07
2025-08-11 07:00:00,226.21,581.06,487.62,1600.36,2895.25
2025-08-11 08:00:00,462.41,504.09,561.81,1613.85,3142.16
2025-08-11 09:00:00,542.09,395.69,576.92,1514.72,3029.42
2025-08-11 10:00:00,862.69,496.2,790.78,947.33,3097.0
2025-08-11 11:00:00,718.75,581.12,608.34,1396.48,3304.68
2025-08-11 12:00:00,755.07,475.45,805.05,1640.81,3676.38
2025-08-11 13:00:00,712.57,528.37,646.37,1979.7,3867.01
2025-08-11 14:00:00,456.39,629.33,579.51,1374.28,3039.51
2025-08-11 15:00:00,599.85,454.22,625.13,1630.8,3310.01
2025-08-11 16:00:00,409.96,463.77,689.01,1428.99,2991.72
2025-08-11 17:00:00,233.93,588.59,635.59,1643.25,3101.36
2025-08-11 18:00:00,0.0,526.69,580.7,2113.33,3220.73
2025-08-11 19:00:00,0.0,442.04,523.78,1585.49,2551.32
2025-08-11 20:00:00,0.0,428.21,595.26,1574.46,2597.93
2025-08-11 21:00:00,0.0,358.37,563.26,1366.86,2288.49
2025-08-11 22:00:00,0.0,222.48,629.97,1898.35,2750.8
2025-08-11 23:00:00,0.0,628.27,623.09,1853.95,3105.32
2025-08-12 00:00:00,0.0,372.76,696.92,1967.5,3037.19
2025-08-12 01:00:00,0.0,472.81,618.54,1626.46,2717.81
2025-08-12 02:00:00,0.0,467.23,605.63,1019.7,2092.55
2025-08-12 03:00:00,0.0,424.84,741.2,1459.22,2625.26
2025-08-12 04:00:00,0.0,367.39,565.02,1626.47,2558.89
2025-08-12 05:00:00,0.0,390.44,695.25,1410.77,2496.47
2025-08-12 06:00:00,0.0,339.14,576.18,1630.16,2545.48
2025-08-12 07:00:00,240.7,487.08,627.87,1990.63,3346.28
2025-08-12 08:00:00,363.41,318.92,671.14,1162.71,2516.19
2025-08-12 09:00:00,555.84,589.91,583.29,1723.77,3452.82
2025-08-12 10:00:00,845.75,602.93,774.37,1614.09,3837.13
2025-08-12 11:00:00,1029.56,600.98,578.69,1135.89,3345.12
2025-08-12 12:00:00,843.87,371.72,558.31,1625.96,3399.86
2025-08-12 13:00:00,828.72,513.72,679.73,1734.59,3756.76
2025-08-12 14:00:00,748.1,454.02,635.66,1426.03,3263.8
2025-08-12 15:00:00,517.2,582.71,595.57,2218.05,3913.53
2025-08-12 16:00:00,434.81,581.56,647.53,1739.05,3402.94
2025-08-12 17:00:00,203.38,336.08,643.51,1499.23,2682.2
2025-08-12 18:00:00,0.0,414.58,592.47,1647.38,2654.43
2025-08-12 19:00:00,0.0,501.95,591.6,1202.25,2295.8
2025-08-12 20:00:00,0.0,485.03,578.52,1876.84,2940.38
2025-08-12 21:00:00,0.0,550.64,612.58,1406.97,2570.19
2025-08-12 22:00:00,0.0,674.43,645.87,1759.02,3079.32
2025-08-12 23:00:00,0.0,610.39,690.48,1370.66,2671.53
2025-08-13 00:00:00,0.0,546.98,487.19,1618.22,2652.38
2025-08-13 01:00:00,0.0,570.54,622.98,1523.93,2717.44
2025-08-13 02:00:00,0.0,269.22,715.76,1703.95,2688.93
2025-08-13 03:00:00,0.0,288.21,661.25,1586.31,2535.78
2025-08-13 04:00:00,0.0,655.89,622.34,1498.92,2777.15
2025-08-13 05:00:00,0.0,344.98,642.0,1668.22,2655.2
2025-08-13 06:00:00,0.0,656.12,693.27,1644.8,2994.2
2025-08-13 07:00:00,189.64,588.26,708.52,1354.28,2840.71
2025-08-13 08:00:00,389.41,439.52,668.2,1660.32,3157.45
2025-08-13 09:00:00,698.88,811.03,623.97,1653.89,3787.77
2025-08-13 10:00:00,640.92,662.43,609.86,2196.69,4109.88
2025-08-13 11:00:00,790.42,526.12,679.65,1720.55,3716.74
2025-08-13 12:00:00,801.71,646.51,620.18,1845.15,3913.54
2025-08-13 13:00:00,930.19,608.2,567.0,1492.91,3598.31
2025-08-13 14:00:00,562.35,509.75,571.27,886.8,2530.18
2025-08-13 15:00:00,675.06,381.94,667.62,1652.52,3377.14
2025-08-13 16:00:00,456.83,729.36,667.59,1576.06,3429.84
2025-08-13 17:00:00,227.01,468.57,550.12,1700.37,2946.07
2025-08-13 18:00:00,0.0,672.02,613.5,1402.29,2687.81
2025-08-13 19:00:00,0.0,406.87,518.0,1454.2,2379.06
2025-08-13 20:00:00,0.0,745.19,646.83,1836.39,3228.41
2025-08-13 21:00:00,0.0,545.05,599.89,1315.35,2460.29
2025-08-13 22:00:00,0.0,624.07,565.16,1078.81,2268.03
2025-08-13 23:00:00,0.0,377.6,535.09,1921.34,2834.04
2025-08-14 00:00:00,0.0,574.23,657.91,1238.61,2470.75
2025-08-14 01:00:00,0.0,446.35,690.19,1787.4,2923.94
2025-08-14 02:00:00,0.0,474.76,478.8,1549.58,2503.13
2025-08-14 03:00:00,0.0,432.03,593.86,1714.09,2739.99
2025-08-14 04:00:00,0.0,387.53,650.93,1211.92,2250.38
2025-08-14 05:00:00,0.0,605.74,756.85,1894.54,3257.13
2025-08-14 06:00:00,0.0,551.14,631.25,2029.1,3211.49
2025-08-14 07:00:00,232.77,534.29,492.42,1941.29,3200.77
2025-08-14 08:00:00,394.24,508.11,652.52,1860.02,3414.89
2025-08-14 09:00:00,627.66,610.73,665.18,1583.14,3486.71
2025-08-14 10:00:00,926.98,324.29,531.43,1411.24,3193.94
2025-08-14 11:00:00,861.24,438.77,574.47,1585.23,3459.72
2025-08-14 12:00:00,610.56,467.67,568.82,1466.75,3113.81
2025-08-14 13:00:00,785.02,402.59,716.33,1801.42,3705.36
2025-08-14 14:00:00,990.91,544.43,563.36,1670.07,3768.76
2025-08-14 15:00:00,444.47,493.74,640.14,1679.82,3258.17
2025-08-14 16:00:00,399.81,465.68,586.37,1777.03,3228.9
2025-08-14 17:00:00,187.89,539.48,606.23,1348.78,2682.38
2025-08-14 18:00:00,0.0,538.99,660.66,1864.26,3063.9
2025-08-14 19:00:00,0.0,536.9,589.9,1309.64,2436.45
2025-08-14 20:00:00,0.0,458.38,691.19,1377.67,2527.24
2025-08-14 21:00:00,0.0,475.15,621.21,1670.77,2767.13
2025-08-14 22:00:00,0.0,519.35,634.74,1770.01,2924.1
2025-08-14 23:00:00,0.0,608.85,558.32,1270.11,2437.28
2025-08-15 00:00:00,0.0,565.15,551.98,1268.25,2385.38
2025-08-15 01:00:00,0.0,709.41,573.95,1547.41,2830.76
2025-08-15 02:00:00,0.0,553.74,612.38,1655.72,2821.84
2025-08-15 03:00:00,0.0,462.43,601.26,1058.68,2122.36
2025-08-15 04:00:00,0.0,503.65,733.8,1498.37,2735.82
2025-08-15 05:00:00,0.0,505.17,531.4,1423.81,2460.39
2025-08-15 06:00:00,0.0,683.22,676.33,1559.5,2919.04
2025-08-15 07:00:00,186.11,531.8,574.89,1826.58,3119.38
2025-08-15 08:00:00,333.07,530.52,573.76,1491.07,2928.41
2025-08-15 09:00:00,533.76,365.98,555.65,1757.16,3212.55
2025-08-15 10:00:00,762.2,296.3,589.0,1523.92,3171.42
2025-08-15 11:00:00,668.78,540.32,691.19,1045.13,2945.42
2025-08-15 12:00:00,870.84,499.44,619.8,1377.5,3367.58
2025-08-15 13:00:00,711.09,587.44,596.39,1574.79,3469.7
2025-08-15 14:00:00,734.28,649.4,616.72,1555.23,3555.63
2025-08-15 15:00:00,697.03,581.2,546.93,1657.11,3482.27
2025-08-15 16:00:00,525.43,496.21,650.48,754.42,2426.54
2025-08-15 17:00:00,178.35,285.62,532.09,1914.72,2910.78
2025-08-15 18:00:00,0.0,479.16,666.32,1172.42,2317.89
2025-08-15 19:00:00,0.0,623.44,651.61,1818.51,3093.57
2025-08-15 20:00:00,0.0,357.29,624.11,1487.32,2468.72
2025-08-15 21:00:00,0.0,581.5,620.84,1669.66,2872.01
2025-08-15 22:00:00,0.0,450.05,502.39,1756.88,2709.32
2025-08-15 23:00:00,0.0,587.98,677.46,1361.49,2626.93
2025-08-16 00:00:00,0.0,608.11,604.75,2093.15,3306.02
2025-08-16 01:00:00,0.0,673.71,619.77,1517.76,2811.24
2025-08-16 02:00:00,0.0,629.46,618.54,1536.83,2784.82
2025-08-16 03:00:00,0.0,582.12,732.94,1502.53,2817.6
2025-08-16 04:00:00,0.0,420.09,645.83,1726.99,2792.92
2025-08-16 05:00:00,0.0,552.18,653.84,1085.26,2291.28
2025-08-16 06:00:00,0.0,494.8,635.74,1774.55,2905.08
2025-08-16 07:00:00,220.14,357.93,625.32,1917.34,3120.73
2025-08-16 08:00:00,477.21,715.88,519.41,1825.01,3537.52
2025-08-16 09:00:00,583.02,642.68,542.81,1378.6,3147.11
2025-08-16 10:00:00,579.51,622.16,609.89,1511.1,3322.66
2025-08-16 11:00:00,694.33,520.87,609.71,1411.69,3236.61
2025-08-16 12:00:00,939.32,436.04,573.15,1622.95,3571.47
2025-08-16 13:00:00,1056.35,597.06,634.17,1565.84,3853.42
2025-08-16 14:00:00,741.16,579.15,531.01,1759.72,3611.03
2025-08-16 15:00:00,485.69,475.04,622.85,1532.41,3116.0
2025-08-16 16:00:00,442.76,400.71,600.59,1443.45,2887.51
2025-08-16 17:00:00,237.71,473.54,666.83,1732.97,3111.06
2025-08-16 18:00:00,0.0,243.97,609.58,1919.93,2773.48
2025-08-16 19:00:00,0.0,521.96,619.03,1857.4,2998.38
2025-08-16 20:00:00,0.0,820.27,598.57,2148.38,3567.23
2025-08-16 21:00:00,0.0,316.39,649.37,1410.56,2376.32
2025-08-16 22:00:00,0.0,680.18,597.72,1822.47,3100.38
2025-08-16 23:00:00,0.0,411.38,604.2,1566.55,2582.13
2025-08-17 00:00:00,0.0,302.88,568.85,1534.89,2406.63
2025-08-17 01:00:00,0.0,600.55,535.65,1428.58,2564.78
2025-08-17 02:00:00,0.0,447.89,663.91,1196.59,2308.39
2025-08-17 03:00:00,0.0,691.73,715.3,1762.72,3169.75
2025-08-17 04:00:00,0.0,518.58,555.5,1489.23,2563.32
2025-08-17 05:00:00,0.0,486.67,697.55,1640.18,2824.4
2025-08-17 06:00:00,0.0,585.32,619.7,1719.35,2924.37
2025-08-17 07:00:00,230.72,303.26,658.61,1829.19,3021.78
2025-08-17 08:00:00,428.13,410.99,631.57,1798.28,3268.96
2025-08-17 09:00:00,525.95,478.6,599.77,1551.71,3156.03
2025-08-17 10:00:00,736.02,579.63,621.71,1004.18,2941.54
2025-08-17 11:00:00,531.06,478.26,600.85,1590.59,3200.75
2025-08-17 12:00:00,623.51,642.81,611.55,1744.6,3622.46
2025-08-17 13:00:00,893.16,497.08,592.11,1819.52,3801.87
2025-08-17 14:00:00,678.49,389.75,636.38,1701.65,3406.28
2025-08-17 15:00:00,600.83,383.76,569.62,1908.99,3463.21
2025-08-17 16:00:00,342.81,375.87,665.1,1752.9,3136.68
2025-08-17 17:00:00,214.5,500.84,676.69,1549.33,2941.36
2025-08-17 18:00:00,0.0,524.94,617.69,1352.95,2495.58
2025-08-17 19:00:00,0.0,597.21,618.26,1662.39,2877.86
2025-08-17 20:00:00,0.0,476.81,726.44,2058.07,3261.33
2025-08-17 21:00:00,0.0,600.14,638.07,1668.5,2906.71
2025-08-17 22:00:00,0.0,519.92,597.48,1283.51,2400.92
2025-08-17 23:00:00,0.0,511.97,611.52,1422.45,2545.94
2025-08-18 00:00:00,0.0,741.6,658.72,1686.51,3086.83
2025-08-18 01:00:00,0.0,291.52,601.75,1727.77,2621.04
2025-08-18 02:00:00,0.0,347.8,602.29,1438.36,2388.44
2025-08-18 03:00:00,0.0,482.37,483.8,1885.2,2851.37
2025-08-18 04:00:00,0.0,515.35,604.55,1817.08,2936.98
2025-08-18 05:00:00,0.0,639.69,575.23,1504.18,2719.1
2025-08-18 06:00:00,0.0,798.32,581.19,1896.6,3276.11
2025-08-18 07:00:00,248.15,317.02,580.97,1505.5,2651.63
2025-08-18 08:00:00,446.87,591.37,610.42,1803.1,3451.75
2025-08-18 09:00:00,660.38,640.68,636.34,1583.05,3520.45
2025-08-18 10:00:00,724.53,460.23,582.53,1770.6,3537.89
2025-08-18 11:00:00,785.59,595.61,593.63,1676.52,3651.35
2025-08-18 12:00:00,1015.02,503.99,675.91,1731.21,3926.13
2025-08-18 13:00:00,847.35,673.22,615.08,1853.34,3989.0
2025-08-18 14:00:00,723.46,604.0,749.22,2082.25,4158.93
2025-08-18 15:00:00,533.87,445.63,661.28,1906.72,3547.5
2025-08-18 16:00:00,391.04,700.06,619.9,1688.93,3399.94
2025-08-18 17:00:00,281.98,450.93,713.58,1741.74,3188.23
2025-08-18 18:00:00,0.0,468.69,717.48,1582.59,2768.76
2025-08-18 19:00:00,0.0,602.69,565.82,1259.54,2428.05
2025-08-18 20:00:00,0.0,349.6,736.97,2011.4,3097.97
2025-08-18 21:00:00,0.0,654.4,629.51,1406.75,2690.67
2025-08-18 22:00:00,0.0,504.48,632.73,2260.01,3397.22
2025-08-18 23:00:00,0.0,654.44,621.54,1632.1,2908.08
2025-08-19 00:00:00,0.0,489.94,621.25,1038.12,2149.31
2025-08-19 01:00:00,0.0,490.87,640.56,1604.18,2735.61
2025-08-19 02:00:00,0.0,613.5,563.33,1431.76,2608.59
2025-08-19 03:00:00,0.0,611.12,601.95,1421.46,2634.54
2025-08-19 04:00:00,0.0,441.6,680.41,1999.6,3121.62
2025-08-19 05:00:00,0.0,639.98,619.79,1476.85,2736.62
2025-08-19 06:00:00,0.0,413.19,548.18,968.7,1930.07
2025-08-19 07:00:00,229.32,404.73,593.57,2032.29,3259.9
2025-08-19 08:00:00,523.42,499.52,560.76,1733.37,3317.07
2025-08-19 09:00:00,533.51,585.6,676.79,1986.75,3782.65
2025-08-19 10:00:00,718.62,388.26,628.11,1249.86,2984.86
2025-08-19 11:00:00,789.72,634.97,542.83,1774.27,3741.79
2025-08-19 12:00:00,941.28,511.29,552.03,1617.55,3622.15
2025-08-19 13:00:00,767.14,622.61,583.79,1758.72,3732.26
2025-08-19 14:00:00,630.79,426.0,594.18,1275.15,2926.13
2025-08-19 15:00:00,474.52,355.86,538.42,1119.56,2488.36
2025-08-19 16:00:00,364.25,539.32,655.64,1852.76,3411.98
2025-08-19 17:00:00,189.24,299.63,610.12,1869.83,2968.82
2025-08-19 18:00:00,0.0,390.36,580.94,1926.81,2898.11
2025-08-19 19:00:00,0.0,739.12,608.76,1497.12,2845.0
2025-08-19 20:00:00,0.0,533.99,729.76,1158.07,2421.82
2025-08-19 21:00:00,0.0,499.52,669.35,1654.26,2823.12
2025-08-19 22:00:00,0.0,321.68,566.23,1947.34,2835.25
2025-08-19 23:00:00,0.0,421.89,499.87,1721.51,2643.27
2025-08-20 00:00:00,0.0,603.21,660.34,1514.6,2778.15
2025-08-20 01:00:00,0.0,459.18,507.28,2131.17,3097.63
2025-08-20 02:00:00,0.0,382.09,598.78,1614.49,2595.35
2025-08-20 03:00:00,0.0,464.44,761.41,1664.72,2890.57
2025-08-20 04:00:00,0.0,589.24,584.4,1436.6,2610.25
2025-08-20 05:00:00,0.0,606.63,681.81,1869.41,3157.85
2025-08-20 06:00:00,0.0,548.0,634.56,1859.45,3042.01
2025-08-20 07:00:00,225.41,565.8,612.67,1648.56,3052.45
2025-08-20 08:00:00,542.41,616.88,724.06,1422.44,3305.78
2025-08-20 09:00:00,570.2,401.91,658.27,1575.94,3206.32
2025-08-20 10:00:00,799.58,424.92,580.75,1385.29,3190.53
2025-08-20 11:00:00,956.89,535.23,478.15,1673.71,3643.98
2025-08-20 12:00:00,1020.48,390.31,590.56,1480.62,3481.98
2025-08-20 13:00:00,624.05,472.35,631.44,1485.29,3213.13
2025-08-20 14:00:00,914.91,450.51,729.52,1159.85,3254.79
2025-08-20 15:00:00,532.18,496.03,545.59,1845.11,3418.91
2025-08-20 16:00:00,428.06,483.11,663.28,1867.63,3442.08
2025-08-20 17:00:00,243.83,477.8,616.74,2266.46,3604.83
2025-08-20 18:00:00,0.0,526.13,503.58,1479.11,2508.81
2025-08-20 19:00:00,0.0,455.79,672.28,1324.14,2452.22
2025-08-20 20:00:00,0.0,625.43,571.22,2257.09,3453.73
2025-08-20 21:00:00,0.0,446.7,665.55,1356.16,2468.42
2025-08-20 22:00:00,0.0,376.35,591.71,1713.42,2681.49
2025-08-20 23:00:00,0.0,393.35,568.7,1941.01,2903.06
2025-08-21 00:00:00,0.0,355.92,564.75,1480.51,2401.19
2025-08-21 01:00:00,0.0,464.78,663.87,1321.16,2449.8
2025-08-21 02:00:00,0.0,372.29,577.59,1389.07,2338.96
2025-08-21 03:00:00,0.0,341.27,520.76,1871.78,2733.82
2025-08-21 04:00:00,0.0,320.46,752.36,1253.49,2326.31
2025-08-21 05:00:00,0.0,413.65,506.19,1782.07,2701.91
2025-08-21 06:00:00,0.0,363.28,640.95,1380.58,2384.8
2025-08-21 07:00:00,204.4,618.75,590.28,1392.93,2806.35
2025-08-21 08:00:00,338.77,525.87,642.51,1692.82,3199.98
2025-08-21 09:00:00,635.57,380.29,570.91,1440.7,3027.48
2025-08-21 10:00:00,663.43,617.26,583.44,1723.28,3587.42
2025-08-21 11:00:00,895.38,250.66,592.48,1986.51,3725.02
2025-08-21 12:00:00,896.79,107.76,612.52,1764.63,3381.71
2025-08-21 13:00:00,744.5,495.26,632.64,2115.08,3987.47
2025-08-21 14:00:00,631.22,328.34,608.21,1070.22,2637.99
2025-08-21 15:00:00,718.01,602.9,644.82,1542.18,3507.91
2025-08-21 16:00:00,384.7,837.61,580.19,1501.48,3303.99
2025-08-21 17:00:00,225.55,499.02,574.88,1109.78,2409.24
2025-08-21 18:00:00,0.0,499.4,575.16,1062.96,2137.52
2025-08-21 19:00:00,0.0,509.92,634.44,1580.05,2724.41
2025-08-21 20:00:00,0.0,419.17,559.26,1054.49,2032.92
2025-08-21 21:00:00,0.0,519.62,517.59,1384.14,2421.35
2025-08-21 22:00:00,0.0,747.04,517.9,1843.16,3108.1
2025-08-21 23:00:00,0.0,475.67,629.19,1089.72,2194.57
2025-08-22 00:00:00,0.0,360.28,545.05,1645.92,2551.25
2025-08-22 01:00:00,0.0,403.04,630.36,1476.05,2509.45
2025-08-22 02:00:00,0.0,672.17,577.8,1411.81,2661.78
2025-08-22 03:00:00,0.0,440.65,561.76,1887.87,2890.29
2025-08-22 04:00:00,0.0,454.37,621.89,2149.93,3226.18
2025-08-22 05:00:00,0.0,496.1,595.25,1622.09,2713.45
2025-08-22 06:00:00,0.0,413.38,598.18,1834.34,2845.89
2025-08-22 07:00:00,245.38,549.87,549.47,1707.1,3051.82
2025-08-22 08:00:00,374.25,283.13,575.96,1293.18,2526.52
2025-08-22 09:00:00,715.17,500.5,496.29,1407.29,3119.26
2025-08-22 10:00:00,851.87,703.55,625.1,1615.87,3796.4
2025-08-22 11:00:00,822.67,562.44,595.07,1676.62,3656.81
2025-08-22 12:00:00,697.62,550.78,538.07,1586.77,3373.25
2025-08-22 13:00:00,879.54,504.02,760.72,1188.42,3332.7
2025-08-22 14:00:00,675.24,543.97,607.46,2041.4,3868.07
2025-08-22 15:00:00,537.15,613.57,695.74,1241.78,3088.23
2025-08-22 16:00:00,376.12,322.4,667.37,1553.78,2919.67
2025-08-22 17:00:00,221.79,434.62,623.51,1485.6,2765.52
2025-08-22 18:00:00,0.0,561.79,676.69,1384.9,2623.38
2025-08-22 19:00:00,0.0,520.75,609.96,1522.1,2652.81
2025-08-22 20:00:00,0.0,480.75,602.19,1941.15,3024.09
2025-08-22 21:00:00,0.0,451.63,628.77,1605.82,2686.21
2025-08-22 22:00:00,0.0,462.07,583.71,1884.07,2929.84
2025-08-22 23:00:00,0.0,843.28,564.39,1536.37,2944.04
2025-08-23 00:00:00,0.0,508.94,689.46,1233.55,2431.95
2025-08-23 01:00:00,0.0,493.33,713.48,1460.83,2667.64
2025-08-23 02:00:00,0.0,489.88,608.59,1783.55,2882.02
2025-08-23 03:00:00,0.0,353.71,584.26,1594.07,2532.04
2025-08-23 04:00:00,0.0,437.06,601.05,1544.31,2582.42
2025-08-23 05:00:00,0.0,506.88,666.59,1508.95,2682.42
2025-08-23 06:00:00,0.0,542.83,558.69,1721.79,2823.31
2025-08-23 07:00:00,177.28,371.51,660.68,1945.84,3155.31
2025-08-23 08:00:00,336.87,497.19,627.12,1468.69,2929.87
2025-08-23 09:00:00,625.28,591.7,581.34,2010.41,3808.73
2025-08-23 10:00:00,749.51,486.75,604.41,1489.94,3330.61
2025-08-23 11:00:00,876.3,383.83,662.67,2379.86,4302.66
2025-08-23 12:00:00,866.7,673.88,646.79,1370.18,3557.54
2025-08-23 13:00:00,969.03,600.37,574.95,1443.29,3587.64
2025-08-23 14:00:00,801.89,510.01,547.26,1894.77,3753.93
2025-08-23 15:00:00,795.45,725.83,690.08,2046.89,4258.25
2025-08-23 16:00:00,387.17,361.97,521.65,1721.12,2991.91
2025-08-23 17:00:00,289.58,355.93,503.44,1381.44,2530.39
2025-08-23 18:00:00,0.0,411.91,565.21,1769.64,2746.76
2025-08-23 19:00:00,0.0,463.98,623.38,1125.99,2213.34
2025-08-23 20:00:00,0.0,446.79,568.93,1562.8,2578.52
2025-08-23 21:00:00,0.0,684.31,601.52,1776.98,3062.82
2025-08-23 22:00:00,0.0,399.72,532.98,2026.13,2958.82
2025-08-23 23:00:00,0.0,459.58,584.05,1413.69,2457.32
2025-08-24 00:00:00,0.0,653.06,506.44,1622.5,2782.0
2025-08-24 01:00:00,0.0,658.68,513.57,1471.32,2643.57
2025-08-24 02:00:00,0.0,654.46,612.88,1285.15,2552.49
2025-08-24 03:00:00,0.0,375.85,679.99,1094.66,2150.5
2025-08-24 04:00:00,0.0,496.47,687.39,1988.36,3172.21
2025-08-24 05:00:00,0.0,354.9,551.29,1128.13,2034.32
2025-08-24 06:00:00,0.0,183.5,707.3,1271.84,2162.64
2025-08-24 07:00:00,245.77,682.51,526.83,2133.47,3588.58
2025-08-24 08:00:00,476.82,217.47,661.52,1607.11,2962.91
2025-08-24 09:00:00,504.77,694.54,654.84,1671.47,3525.63
2025-08-24 10:00:00,744.87,624.13,533.07,1595.66,3497.74
2025-08-24 11:00:00,747.09,440.93,591.38,1482.41,3261.81
2025-08-24 12:00:00,916.9,535.88,653.39,1531.8,3637.96
2025-08-24 13:00:00,834.66,588.64,556.21,2016.2,3995.71
2025-08-24 14:00:00,779.78,504.08,620.03,1524.39,3428.28
2025-08-24 15:00:00,613.24,513.07,564.66,1569.0,3259.97
2025-08-24 16:00:00,387.11,556.51,513.69,1812.81,3270.12
2025-08-24 17:00:00,224.25,463.44,523.7,1660.71,2872.1
2025-08-24 18:00:00,0.0,353.64,562.1,1157.59,2073.34
2025-08-24 19:00:00,0.0,290.45,541.42,1323.31,2155.19
2025-08-24 20:00:00,0.0,485.66,609.11,1552.62,2647.39
2025-08-24 21:00:00,0.0,760.56,629.09,1498.32,2887.98
2025-08-24 22:00:00,0.0,592.52,705.84,1529.72,2828.09
2025-08-24 23:00:00,0.0,562.5,614.5,1612.1,2789.1
2025-08-25 00:00:00,0.0,565.25,621.16,1345.39,2531.8
2025-08-25 01:00:00,0.0,242.58,491.7,1661.02,2395.3
2025-08-25 02:00:00,0.0,622.12,694.41,1968.69,3285.21
2025-08-25 03:00:00,0.0,412.68,565.43,1295.6,2273.71
2025-08-25 04:00:00,0.0,382.58,611.6,1503.75,2497.93
2025-08-25 05:00:00,0.0,551.5,628.89,1554.29,2734.68
2025-08-25 06:00:00,0.0,399.8,630.45,1607.58,2637.83
2025-08-25 07:00:00,230.87,412.47,644.7,1289.63,2577.67
2025-08-25 08:00:00,481.92,645.32,550.63,1558.1,3235.97
2025-08-25 09:00:00,604.47,516.59,536.48,1570.06,3227.6
2025-08-25 10:00:00,675.97,612.77,520.3,1100.06,2909.09
2025-08-25 11:00:00,784.11,671.04,560.5,1514.08,3529.73
2025-08-25 12:00:00,875.05,417.4,626.99,1761.57,3681.0
2025-08-25 13:00:00,959.63,458.99,508.0,1536.04,3462.66
2025-08-25 14:00:00,813.24,275.58,662.89,1671.15,3422.85
2025-08-25 15:00:00,555.93,263.69,615.31,1577.0,3011.94
2025-08-25 16:00:00,435.98,504.64,609.01,1360.55,2910.19
2025-08-25 17:00:00,286.99,724.0,647.2,1597.58,3255.77
2025-08-25 18:00:00,0.0,532.07,618.77,1637.21,2788.05
2025-08-25 19:00:00,0.0,485.73,628.48,2083.87,3198.08
2025-08-25 20:00:00,0.0,514.44,637.09,1836.55,2988.08
2025-08-25 21:00:00,0.0,743.87,607.02,1576.74,2927.62
2025-08-25 22:00:00,0.0,444.17,663.95,1312.85,2420.96
2025-08-25 23:00:00,0.0,608.18,588.9,1634.1,2831.18
2025-08-26 00:00:00,0.0,446.56,607.59,2218.55,3272.71
2025-08-26 01:00:00,0.0,511.3,534.51,1616.02,2661.82
2025-08-26 02:00:00,0.0,497.36,497.82,1595.19,2590.37
2025-08-26 03:00:00,0.0,509.59,715.4,1476.41,2701.4
2025-08-26 04:00:00,0.0,504.03,496.67,1599.76,2600.46
2025-08-26 05:00:00,0.0,539.46,558.56,1302.23,2400.25
2025-08-26 06:00:00,0.0,492.66,565.29,1878.68,2936.64
2025-08-26 07:00:00,203.22,494.45,630.0,1848.8,3176.46
2025-08-26 08:00:00,419.75,593.47,639.76,1738.22,3391.2
2025-08-26 09:00:00,670.27,436.1,791.13,1671.18,3568.67
2025-08-26 10:00:00,881.35,621.37,598.09,1927.05,4027.86
2025-08-26 11:00:00,767.04,616.04,646.17,1173.35,3202.61
2025-08-26 12:00:00,910.66,557.22,701.69,1592.41,3761.97
2025-08-26 13:00:00,830.8,545.61,538.75,1284.48,3199.64
2025-08-26 14:00:00,714.0,452.02,614.46,1150.11,2930.6
2025-08-26 15:00:00,507.44,504.89,610.59,1979.62,3602.53
2025-08-26 16:00:00,487.69,570.13,616.23,1189.09,2863.13
2025-08-26 17:00:00,245.91,520.29,701.28,1559.79,3027.27
2025-08-26 18:00:00,0.0,558.37,614.11,1596.51,2768.99
2025-08-26 19:00:00,0.0,484.98,699.53,1665.2,2849.71
2025-08-26 20:00:00,0.0,558.34,568.64,1509.8,2636.77
2025-08-26 21:00:00,0.0,593.0,471.0,1417.81,2481.81
2025-08-26 22:00:00,0.0,582.89,584.01,1966.66,3133.56
2025-08-26 23:00:00,0.0,585.76,669.33,1432.17,2687.26
2025-08-27 00:00:00,0.0,344.14,730.82,1754.86,2829.82
2025-08-27 01:00:00,0.0,709.34,577.35,1754.57,3041.25
2025-08-27 02:00:00,0.0,319.8,634.3,1883.43,2837.52
2025-08-27 03:00:00,0.0,520.75,496.93,1881.16,2898.83
2025-08-27 04:00:00,0.0,559.38,476.38,1700.15,2735.91
2025-08-27 05:00:00,0.0,577.74,598.6,1803.35,2979.69
2025-08-27 06:00:00,0.0,377.08,693.73,1660.61,2731.43
2025-08-27 07:00:00,221.33,467.72,613.94,1709.15,3012.14
2025-08-27 08:00:00,386.64,586.49,560.07,1273.48,2806.69
2025-08-27 09:00:00,670.46,334.07,550.41,1240.96,2795.9
2025-08-27 10:00:00,721.95,656.72,723.01,1625.78,3727.45
2025-08-27 11:00:00,899.87,334.19,603.32,1598.73,3436.11
2025-08-27 12:00:00,761.45,270.45,588.28,1226.05,2846.23
2025-08-27 13:00:00,959.91,461.74,627.27,1836.17,3885.09
2025-08-27 14:00:00,716.78,452.87,647.89,1815.92,3633.45
2025-08-27 15:00:00,661.54,666.8,678.94,1370.77,3378.06
2025-08-27 16:00:00,421.71,508.16,582.41,1470.65,2982.93
2025-08-27 17:00:00,176.2,333.25,634.23,933.64,2077.31
2025-08-27 18:00:00,0.0,598.02,517.16,1643.67,2758.85
2025-08-27 19:00:00,0.0,471.84,489.63,2169.26,3130.73
2025-08-27 20:00:00,0.0,504.91,607.08,1451.13,2563.12
2025-08-27 21:00:00,0.0,380.12,601.31,1375.58,2357.01
2025-08-27 22:00:00,0.0,661.88,595.69,1633.02,2890.58
2025-08-27 23:00:00,0.0,670.1,716.15,1712.99,3099.24
2025-08-28 00:00:00,0.0,381.53,506.53,1119.57,2007.63
2025-08-28 01:00:00,0.0,519.28,690.79,1649.98,2860.05
2025-08-28 02:00:00,0.0,215.01,698.48,1801.02,2714.51
2025-08-28 03:00:00,0.0,567.81,631.43,1819.64,3018.88
2025-08-28 04:00:00,0.0,478.39,623.55,1528.21,2630.15
2025-08-28 05:00:00,0.0,605.67,525.69,1644.21,2775.57
2025-08-28 06:00:00,0.0,567.65,654.26,1422.88,2644.79
2025-08-28 07:00:00,214.19,540.93,602.4,2034.34,3391.86
2025-08-28 08:00:00,362.76,378.24,749.91,1507.14,2998.05
2025-08-28 09:00:00,604.03,687.88,696.37,1261.97,3250.24
2025-08-28 10:00:00,750.3,207.67,601.4,1374.79,2934.17
2025-08-28 11:00:00,832.77,402.7,535.13,1662.68,3433.27
2025-08-28 12:00:00,987.24,647.53,647.07,1903.09,4184.93
2025-08-28 13:00:00,898.84,495.3,541.52,1200.81,3136.46
2025-08-28 14:00:00,672.25,629.28,610.02,1230.95,3142.5
2025-08-28 15:00:00,518.29,425.29,662.13,1667.39,3273.1
2025-08-28 16:00:00,383.27,660.94,634.39,2192.49,3871.08
2025-08-28 17:00:00,169.34,646.22,635.51,2041.5,3492.57
2025-08-28 18:00:00,0.0,370.22,642.25,2103.68,3116.15
2025-08-28 19:00:00,0.0,315.54,589.24,1561.3,2466.07
2025-08-28 20:00:00,0.0,443.49,639.03,1554.5,2637.01
2025-08-28 21:00:00,0.0,590.5,633.05,2087.13,3310.68
2025-08-28 22:00:00,0.0,329.9,680.43,1690.17,2700.5
2025-08-28 23:00:00,0.0,532.32,475.61,1754.93,2762.86
2025-08-29 00:00:00,0.0,457.69,575.74,1359.06,2392.49
2025-08-29 01:00:00,0.0,669.67,746.73,1363.01,2779.41
2025-08-29 02:00:00,0.0,233.61,563.73,1677.8,2475.14
2025-08-29 03:00:00,0.0,542.16,587.37,1744.11,2873.64
2025-08-29 04:00:00,0.0,529.51,569.66,1674.34,2773.52
2025-08-29 05:00:00,0.0,584.36,617.97,2006.23,3208.56
2025-08-29 06:00:00,0.0,356.52,658.32,2127.44,3142.28
2025-08-29 07:00:00,205.24,502.25,651.15,977.51,2336.14
2025-08-29 08:00:00,491.44,425.45,687.56,1644.69,3249.14
2025-08-29 09:00:00,596.9,506.3,638.66,1742.48,3484.35
2025-08-29 10:00:00,705.96,571.47,599.75,1737.71,3614.89
2025-08-29 11:00:00,533.44,595.06,684.84,1446.34,3259.67
2025-08-29 12:00:00,762.78,441.06,621.4,1809.95,3635.19
2025-08-29 13:00:00,825.44,320.73,622.23,1388.7,3157.11
2025-08-29 14:00:00,848.44,334.25,688.2,1418.07,3288.97
2025-08-29 15:00:00,721.14,778.79,524.2,1801.2,3825.34
2025-08-29 16:00:00,420.4,468.78,659.27,1729.2,3277.64
2025-08-29 17:00:00,177.88,575.3,562.14,1637.0,2952.32
2025-08-29 18:00:00,0.0,340.09,592.2,1655.85,2588.14
2025-08-29 19:00:00,0.0,691.77,541.63,1434.48,2667.88
2025-08-29 20:00:00,0.0,536.81,558.33,1663.82,2758.96
2025-08-29 21:00:00,0.0,372.29,575.31,1562.2,2509.79
2025-08-29 22:00:00,0.0,687.55,707.41,1971.08,3366.04
2025-08-29 23:00:00,0.0,559.69,676.71,1440.88,2677.29
2025-08-30 00:00:00,0.0,407.67,634.21,1838.07,2879.95
2025-08-30 01:00:00,0.0,498.74,597.76,1256.9,2353.4
2025-08-30 02:00:00,0.0,594.65,642.0,1588.3,2824.96
2025-08-30 03:00:00,0.0,802.31,667.46,2299.79,3769.56
2025-08-30 04:00:00,0.0,572.96,562.46,1593.94,2729.37
2025-08-30 05:00:00,0.0,386.14,597.14,2080.62,3063.9
2025-08-30 06:00:00,0.0,576.67,541.58,1765.12,2883.36
2025-08-30 07:00:00,236.74,656.74,509.75,1491.23,2894.46
2025-08-30 08:00:00,434.82,673.41,634.92,1442.99,3186.14
2025-08-30 09:00:00,534.07,295.05,605.36,1543.71,2978.18
2025-08-30 10:00:00,720.46,314.44,668.85,1041.82,2745.57
2025-08-30 11:00:00,788.46,523.29,649.07,2257.59,4218.41
2025-08-30 12:00:00,860.43,520.29,570.58,1937.49,3888.79
2025-08-30 13:00:00,768.51,607.97,625.77,1665.46,3667.72
2025-08-30 14:00:00,512.5,505.77,694.97,1385.04,3098.27
2025-08-30 15:00:00,553.75,574.64,597.48,1243.94,2969.8
2025-08-30 16:00:00,528.89,671.97,593.74,1735.62,3530.23
2025-08-30 17:00:00,248.73,382.04,523.18,1737.33,2891.27
2025-08-30 18:00:00,0.0,668.6,640.87,1144.65,2454.12
2025-08-30 19:00:00,0.0,387.52,582.33,1539.94,2509.79
2025-08-30 20:00:00,0.0,682.66,581.91,1469.19,2733.76
2025-08-30 21:00:00,0.0,328.06,585.9,1821.47,2735.43
2025-08-30 22:00:00,0.0,405.34,642.17,1279.37,2326.88
2025-08-30 23:00:00,0.0,424.69,632.53,1391.99,2449.21
2025-08-31 00:00:00,0.0,498.08,645.58,1325.18,2468.84
2025-08-31 01:00:00,0.0,364.0,603.73,1416.02,2383.76
2025-08-31 02:00:00,0.0,461.84,634.2,1728.62,2824.66
2025-08-31 03:00:00,0.0,480.44,574.76,1071.06,2126.26
2025-08-31 04:00:00,0.0,402.23,590.21,1643.84,2636.28
2025-08-31 05:00:00,0.0,420.51,649.12,1424.98,2494.61
2025-08-31 06:00:00,0.0,462.94,585.59,1890.96,2939.48
2025-08-31 07:00:00,203.04,652.64,565.95,1657.54,3079.17
2025-08-31 08:00:00,443.15,463.63,647.03,1989.78,3543.59
2025-08-31 09:00:00,757.55,615.07,664.35,1252.82,3289.79
2025-08-31 10:00:00,683.33,541.81,595.94,1635.55,3456.63
2025-08-31 11:00:00,665.68,569.93,519.6,2009.46,3764.67
2025-08-31 12:00:00,938.88,446.85,695.59,2041.31,4122.63
2025-08-31 13:00:00,817.64,702.41,626.53,1451.49,3598.07
2025-08-31 14:00:00,763.05,676.48,688.28,1456.24,3584.04
2025-08-31 15:00:00,450.27,575.52,678.06,1484.68,3188.53
2025-08-31 16:00:00,316.97,514.38,704.97,1529.35,3065.67
2025-08-31 17:00:00,232.64,726.74,592.03,1555.59,3107.0
2025-08-31 18:00:00,0.0,312.32,534.56,1622.2,2469.08
2025-08-31 19:00:00,0.0,341.1,623.78,1667.89,2632.77
2025-08-31 20:00:00,0.0,710.97,596.77,1594.76,2902.5
2025-08-31 21:00:00,0.0,550.1,606.57,1861.76,3018.43
2025-08-31 22:00:00,0.0,520.19,577.93,1594.6,2692.72
2025-08-31 23:00:00,0.0,659.17,564.2,1639.92,2863.29
2025-09-01 00:00:00,0.0,551.06,546.08,1702.35,2799.49
2025-09-01 01:00:00,0.0,586.01,560.09,1415.87,2561.97
2025-09-01 02:00:00,0.0,582.98,499.58,1990.02,3072.58
2025-09-01 03:00:00,0.0,578.65,652.12,1580.51,2811.28
2025-09-01 04:00:00,0.0,533.95,498.7,2092.88,3125.54
2025-09-01 05:00:00,0.0,618.15,636.39,1479.0,2733.54
2025-09-01 06:00:00,0.0,518.14,475.98,1842.23,2836.35
2025-09-01 07:00:00,197.66,465.05,510.85,1540.66,2714.22
2025-09-01 08:00:00,475.08,387.71,449.18,1685.89,2997.86
2025-09-01 09:00:00,610.1,595.17,544.1,1786.11,3535.48
2025-09-01 10:00:00,634.85,373.18,700.09,1811.87,3519.99
2025-09-01 11:00:00,605.62,371.18,550.78,1271.29,2798.88
2025-09-01 12:00:00,779.3,560.9,602.82,1366.92,3309.94
2025-09-01 13:00:00,758.05,345.92,653.08,1776.58,3533.63
2025-09-01 14:00:00,590.54,456.69,567.91,1483.72,3098.85
2025-09-01 15:00:00,566.32,505.3,594.26,1386.32,3052.19
2025-09-01 16:00:00,356.53,368.89,595.37,1455.97,2776.78
2025-09-01 17:00:00,212.57,525.46,568.13,1637.86,2944.02
2025-09-01 18:00:00,0.0,512.18,530.34,1520.22,2562.74
2025-09-01 19:00:00,0.0,517.99,539.17,1641.73,2698.88
2025-09-01 20:00:00,0.0,423.5,597.14,1811.23,2831.87
2025-09-01 21:00:00,0.0,245.48,569.87,1622.18,2437.53
2025-09-01 22:00:00,0.0,512.15,646.47,1593.81,2752.43
2025-09-01 23:00:00,0.0,630.89,504.85,1936.08,3071.83
2025-09-02 00:00:00,0.0,477.34,571.27,1483.69,2532.31
2025-09-02 01:00:00,0.0,561.75,557.51,1863.34,2982.6
2025-09-02 02:00:00,0.0,580.95,617.39,1747.17,2945.51
2025-09-02 03:00:00,0.0,493.78,601.49,1260.12,2355.38
2025-09-02 04:00:00,0.0,542.77,665.51,1697.36,2905.64
2025-09-02 05:00:00,0.0,564.77,567.81,1971.51,3104.1
2025-09-02 06:00:00,0.0,744.0,595.74,1405.46,2745.2
2025-09-02 07:00:00,197.6,518.88,660.7,1594.39,2971.58
2025-09-02 08:00:00,438.6,402.4,550.31,1531.18,2922.48
2025-09-02 09:00:00,698.56,548.77,551.14,1573.34,3371.82
2025-09-02 10:00:00,720.61,523.15,591.78,1522.65,3358.19
2025-09-02 11:00:00,809.74,668.04,568.16,1851.58,3897.52
2025-09-02 12:00:00,780.22,390.07,599.41,1498.07,3267.77
2025-09-02 13:00:00,653.23,680.79,714.97,1378.78,3427.77
2025-09-02 14:00:00,544.12,565.64,599.14,1376.39,3085.29
2025-09-02 15:00:00,581.6,513.31,584.55,1283.92,2963.37
2025-09-02 16:00:00,381.52,428.66,639.99,1451.99,2902.15
2025-09-02 17:00:00,214.94,509.97,679.21,1323.34,2727.46
2025-09-02 18:00:00,0.0,318.76,562.16,1448.14,2329.06
2025-09-02 19:00:00,0.0,913.37,654.55,1317.9,2885.82
2025-09-02 20:00:00,0.0,606.17,582.0,1441.85,2630.01
2025-09-02 21:00:00,0.0,430.17,658.46,1846.94,2935.58
2025-09-02 22:00:00,0.0,659.51,509.5,1511.65,2680.66
2025-09-02 23:00:00,0.0,440.32,564.78,1420.99,2426.09
2025-09-03 00:00:00,0.0,583.92,530.0,1241.63,2355.56
2025-09-03 01:00:00,0.0,584.01,702.07,1292.04,2578.12
2025-09-03 02:00:00,0.0,326.78,534.4,1896.45,2757.63
2025-09-03 03:00:00,0.0,332.19,542.73,2011.7,2886.61
2025-09-03 04:00:00,0.0,642.91,535.37,1485.8,2664.09
2025-09-03 05:00:00,0.0,554.72,552.4,1701.99,2809.11
2025-09-03 06:00:00,0.0,539.41,566.84,1275.34,2381.59
2025-09-03 07:00:00,264.3,657.98,503.74,1375.72,2801.73
2025-09-03 08:00:00,407.37,466.23,575.1,1942.54,3391.24
2025-09-03 09:00:00,599.7,379.91,600.38,1276.88,2856.88
2025-09-03 10:00:00,794.48,463.24,639.2,1236.74,3133.66
2025-09-03 11:00:00,900.55,751.16,642.84,1895.64,4190.2
2025-09-03 12:00:00,742.7,535.56,623.92,1707.32,3609.5
2025-09-03 13:00:00,869.61,490.31,612.19,1565.27,3537.38
2025-09-03 14:00:00,768.45,474.69,570.75,1588.34,3402.22
2025-09-03 15:00:00,603.41,430.0,652.22,1416.07,3101.7
2025-09-03 16:00:00,452.56,610.35,647.13,1542.33,3252.38
2025-09-03 17:00:00,223.19,423.94,565.12,1908.63,3120.88
2025-09-03 18:00:00,0.0,622.23,498.53,1462.33,2583.09
2025-09-03 19:00:00,0.0,330.0,639.04,1360.11,2329.15
2025-09-03 20:00:00,0.0,740.85,666.62,1800.72,3208.19
2025-09-03 21:00:00,0.0,512.67,496.55,1191.79,2201.02
2025-09-03 22:00:00,0.0,428.31,646.54,2058.77,3133.62
2025-09-03 23:00:00,0.0,760.08,651.71,1204.06,2615.85
2025-09-04 00:00:00,0.0,416.25,539.08,1366.34,2321.67
2025-09-04 01:00:00,0.0,402.6,651.09,1717.89,2771.57
2025-09-04 02:00:00,0.0,433.81,555.29,1197.7,2186.79
2025-09-04 03:00:00,0.0,677.52,578.97,1593.83,2850.33
2025-09-04 04:00:00,0.0,544.18,554.46,1669.48,2768.12
2025-09-04 05:00:00,0.0,548.12,556.3,1257.51,2361.92
2025-09-04 06:00:00,0.0,524.39,559.83,1234.6,2318.82
2025-09-04 07:00:00,226.07,572.34,458.62,2242.29,3499.32
2025-09-04 08:00:00,388.18,546.75,655.92,1734.04,3324.9
2025-09-04 09:00:00,562.96,411.41,604.67,1385.96,2965.01
2025-09-04 10:00:00,587.55,460.42,532.05,1590.89,3170.91
2025-09-04 11:00:00,913.53,544.99,582.28,2237.15,4277.95
2025-09-04 12:00:00,893.98,603.99,547.12,1580.52,3625.61
2025-09-04 13:00:00,732.29,412.57,649.6,1854.52,3648.97
2025-09-04 14:00:00,684.87,528.14,518.3,1665.9,3397.21
2025-09-04 15:00:00,505.12,712.41,581.27,1584.12,3382.91
2025-09-04 16:00:00,412.83,766.5,574.99,1810.85,3565.17
2025-09-04 17:00:00,194.42,523.91,615.73,1741.62,3075.68
2025-09-04 18:00:00,0.0,518.49,543.08,1975.36,3036.93
2025-09-04 19:00:00,0.0,589.72,613.9,1355.86,2559.49
2025-09-04 20:00:00,0.0,608.89,672.77,1457.99,2739.65
2025-09-04 21:00:00,0.0,469.23,569.08,1392.86,2431.17
2025-09-04 22:00:00,0.0,683.71,737.78,2114.53,3536.02
2025-09-04 23:00:00,0.0,743.55,591.39,1039.12,2374.07
2025-09-05 00:00:00,0.0,621.73,564.56,1631.96,2818.26
2025-09-05 01:00:00,0.0,722.58,738.15,1542.76,3003.48
2025-09-05 02:00:00,0.0,590.57,607.94,1463.25,2661.75
2025-09-05 03:00:00,0.0,538.99,560.52,1722.12,2821.63
2025-09-05 04:00:00,0.0,630.89,570.94,1347.27,2549.1
2025-09-05 05:00:00,0.0,541.27,572.72,2028.99,3142.97
2025-09-05 06:00:00,0.0,525.54,586.56,1189.0,2301.1
2025-09-05 07:00:00,279.58,517.89,672.27,2006.14,3475.88
2025-09-05 08:00:00,462.55,392.48,568.34,1550.08,2973.45
2025-09-05 09:00:00,684.94,588.7,563.59,2023.59,3860.83
2025-09-05 10:00:00,721.83,370.3,673.41,1813.16,3578.7
2025-09-05 11:00:00,758.04,502.59,567.1,1791.25,3618.98
2025-09-05 12:00:00,824.51,905.74,697.37,1421.43,3849.04
2025-09-05 13:00:00,964.12,423.06,555.02,1351.51,3293.71
2025-09-05 14:00:00,816.17,536.89,532.16,1249.65,3134.87
2025-09-05 15:00:00,724.48,625.16,649.15,1925.07,3923.87
2025-09-05 16:00:00,398.59,502.85,615.17,960.62,2477.24
2025-09-05 17:00:00,242.04,413.25,743.85,1884.19,3283.33
2025-09-05 18:00:00,0.0,610.78,621.05,1257.28,2489.1
2025-09-05 19:00:00,0.0,419.48,473.04,1720.09,2612.61
2025-09-05 20:00:00,0.0,402.06,555.64,1686.04,2643.75
2025-09-05 21:00:00,0.0,534.77,490.7,1684.82,2710.29
2025-09-05 22:00:00,0.0,472.64,524.07,1956.16,2952.87
2025-09-05 23:00:00,0.0,805.37,696.57,1374.43,2876.36
2025-09-06 00:00:00,0.0,359.58,507.19,1603.43,2470.2
2025-09-06 01:00:00,0.0,503.71,632.13,1576.55,2712.39
2025-09-06 02:00:00,0.0,521.84,655.58,1532.54,2709.96
2025-09-06 03:00:00,0.0,588.65,607.77,1913.33,3109.75
2025-09-06 04:00:00,0.0,606.63,665.75,977.23,2249.62
2025-09-06 05:00:00,0.0,564.54,666.11,1772.97,3003.62
2025-09-06 06:00:00,0.0,405.82,576.73,1654.26,2636.81
2025-09-06 07:00:00,269.53,362.45,711.95,1856.61,3200.55
2025-09-06 08:00:00,466.43,201.64,460.24,1208.09,2336.39
2025-09-06 09:00:00,638.63,399.86,526.22,1663.83,3228.53
2025-09-06 10:00:00,1014.69,329.52,658.93,1479.35,3482.5
2025-09-06 11:00:00,724.86,358.72,619.99,1502.43,3206.01
2025-09-06 12:00:00,964.04,508.76,599.89,1445.87,3518.58
2025-09-06 13:00:00,756.28,714.91,605.37,1256.99,3333.54
2025-09-06 14:00:00,721.15,782.64,655.18,1441.38,3600.35
2025-09-06 15:00:00,490.97,286.6,599.4,1723.35,3100.31
2025-09-06 16:00:00,344.78,474.98,474.25,1979.3,3273.31
2025-09-06 17:00:00,242.57,566.71,600.88,1433.1,2843.26
2025-09-06 18:00:00,0.0,587.01,585.08,1372.98,2545.06
2025-09-06 19:00:00,0.0,493.21,649.92,1816.34,2959.48
2025-09-06 20:00:00,0.0,544.1,532.8,1402.05,2478.95
2025-09-06 21:00:00,0.0,387.21,605.62,1294.53,2287.36
2025-09-06 22:00:00,0.0,554.02,590.63,1696.08,2840.74
2025-09-06 23:00:00,0.0,425.17,453.22,1683.0,2561.38
2025-09-07 00:00:00,0.0,697.23,512.9,1618.8,2828.93
2025-09-07 01:00:00,0.0,406.13,602.82,1397.91,2406.86
2025-09-07 02:00:00,0.0,471.54,666.86,1422.31,2560.71
2025-09-07 03:00:00,0.0,346.47,564.91,1828.94,2740.32
2025-09-07 04:00:00,0.0,573.92,646.01,1415.99,2635.92
2025-09-07 05:00:00,0.0,370.91,596.17,1582.64,2549.72
2025-09-07 06:00:00,0.0,491.63,664.66,1654.3,2810.59
2025-09-07 07:00:00,218.67,617.57,627.17,1847.13,3310.54
2025-09-07 08:00:00,473.51,582.38,695.13,1643.13,3394.14
2025-09-07 09:00:00,451.97,421.36,538.5,1648.84,3060.67
2025-09-07 10:00:00,785.65,493.44,576.64,1756.8,3612.53
2025-09-07 11:00:00,805.31,598.99,588.71,907.14,2900.15
2025-09-07 12:00:00,761.75,405.03,586.78,1783.34,3536.9
2025-09-07 13:00:00,880.72,306.4,562.38,1675.18,3424.69
2025-09-07 14:00:00,857.65,532.79,600.19,1461.49,3452.13
2025-09-07 15:00:00,545.36,480.32,622.69,1697.05,3345.41
2025-09-07 16:00:00,565.69,629.81,494.47,1726.9,3416.87
2025-09-07 17:00:00,206.97,452.07,523.39,1860.87,3043.3
2025-09-07 18:00:00,0.0,338.9,533.11,1635.13,2507.14
2025-09-07 19:00:00,0.0,363.73,598.82,1597.12,2559.66
2025-09-07 20:00:00,0.0,455.25,507.93,1962.04,2925.22
2025-09-07 21:00:00,0.0,445.88,575.46,1612.07,2633.41
2025-09-07 22:00:00,0.0,301.7,587.85,1356.68,2246.23
2025-09-07 23:00:00,0.0,545.86,614.45,1183.2,2343.51
2025-09-08 00:00:00,0.0,311.78,547.12,2168.7,3027.61
2025-09-08 01:00:00,0.0,585.97,538.2,1201.69,2325.86
2025-09-08 02:00:00,0.0,716.36,566.94,1450.14,2733.45
2025-09-08 03:00:00,0.0,367.34,456.64,2001.07,2825.05
2025-09-08 04:00:00,0.0,518.24,625.55,1254.69,2398.48
2025-09-08 05:00:00,0.0,484.56,525.46,1542.56,2552.58
2025-09-08 06:00:00,0.0,541.6,586.82,1531.31,2659.73
2025-09-08 07:00:00,295.71,393.0,579.99,1340.97,2609.67
2025-09-08 08:00:00,439.11,618.89,595.93,1951.4,3605.32
2025-09-08 09:00:00,705.99,790.12,564.73,2069.52,4130.35
2025-09-08 10:00:00,674.01,567.95,547.36,1546.61,3335.92
2025-09-08 11:00:00,729.18,629.67,656.51,1927.66,3943.02
2025-09-08 12:00:00,786.0,361.66,553.57,1302.22,3003.44
2025-09-08 13:00:00,761.78,530.21,617.96,1725.07,3635.02
2025-09-08 14:00:00,809.42,452.58,587.65,1490.92,3340.56
2025-09-08 15:00:00,623.97,321.28,578.51,1454.39,2978.16
2025-09-08 16:00:00,392.67,468.78,603.03,1439.02,2903.51
2025-09-08 17:00:00,248.98,541.35,590.93,1443.07,2824.32
2025-09-08 18:00:00,0.0,418.5,604.82,1561.57,2584.88
2025-09-08 19:00:00,0.0,248.6,604.47,1747.27,2600.34
2025-09-08 20:00:00,0.0,494.09,511.25,1946.77,2952.11
2025-09-08 21:00:00,0.0,512.97,638.59,2125.71,3277.27
2025-09-08 22:00:00,0.0,489.57,594.03,1364.54,2448.14
2025-09-08 23:00:00,0.0,376.54,779.11,1421.46,2577.1
2025-09-09 00:00:00,0.0,316.35,609.84,1415.09,2341.28
2025-09-09 01:00:00,0.0,523.43,629.78,2120.68,3273.89
2025-09-09 02:00:00,0.0,463.81,498.17,1583.28,2545.25
2025-09-09 03:00:00,0.0,544.9,691.75,1274.36,2511.01
2025-09-09 04:00:00,0.0,549.27,613.25,1389.29,2551.81
2025-09-09 05:00:00,0.0,501.39,535.97,2127.96,3165.33
2025-09-09 06:00:00,0.0,483.73,565.38,1461.14,2510.25
2025-09-09 07:00:00,250.98,559.02,630.34,1626.13,3066.47
2025-09-09 08:00:00,429.41,182.47,719.14,1564.93,2895.95
2025-09-09 09:00:00,698.72,346.23,500.24,1777.38,3322.58
2025-09-09 10:00:00,780.93,753.95,628.27,1582.21,3745.36
2025-09-09 11:00:00,779.12,553.08,617.61,1146.46,3096.27
2025-09-09 12:00:00,604.21,414.12,464.83,1703.71,3186.87
2025-09-09 13:00:00,964.02,507.2,631.06,1773.75,3876.04
2025-09-09 14:00:00,741.71,522.58,603.85,1560.97,3429.12
2025-09-09 15:00:00,572.38,459.49,575.81,1532.53,3140.21
2025-09-09 16:00:00,386.6,575.94,623.01,1225.57,2811.12
2025-09-09 17:00:00,239.22,447.21,535.53,1717.06,2939.01
2025-09-09 18:00:00,0.0,494.95,644.07,1635.45,2774.47
2025-09-09 19:00:00,0.0,513.23,501.79,1748.64,2763.65
2025-09-09 20:00:00,0.0,457.32,637.55,1648.46,2743.33
2025-09-09 21:00:00,0.0,583.82,540.69,1538.05,2662.56
2025-09-09 22:00:00,0.0,597.61,496.78,1394.47,2488.86
2025-09-09 23:00:00,0.0,590.64,604.18,1933.31,3128.14
2025-09-10 00:00:00,0.0,416.5,581.6,1553.94,2552.04
2025-09-10 01:00:00,0.0,646.75,604.76,1816.83,3068.35
2025-09-10 02:00:00,0.0,206.2,573.84,1326.94,2106.98
2025-09-10 03:00:00,0.0,436.3,638.77,1661.39,2736.45
2025-09-10 04:00:00,0.0,433.46,616.59,1299.39,2349.44
2025-09-10 05:00:00,0.0,513.74,624.12,2040.29,3178.14
2025-09-10 06:00:00,0.0,310.39,588.52,1924.33,2823.24
2025-09-10 07:00:00,217.11,500.45,640.92,1432.45,2790.93
2025-09-10 08:00:00,371.28,450.32,518.98,1925.58,3266.16
2025-09-10 09:00:00,504.68,545.72,493.11,1498.15,3041.66
2025-09-10 10:00:00,883.83,544.79,620.03,1087.42,3136.08
2025-09-10 11:00:00,808.23,377.8,603.26,1427.39,3216.68
2025-09-10 12:00:00,793.44,508.17,586.87,1598.81,3487.28
2025-09-10 13:00:00,855.61,355.96,543.7,1589.53,3344.79
2025-09-10 14:00:00,731.53,511.21,661.59,1531.83,3436.16
2025-09-10 15:00:00,588.68,589.36,612.09,1865.48,3655.62
2025-09-10 16:00:00,328.25,424.82,613.96,2064.71,3431.74
2025-09-10 17:00:00,251.58,446.9,549.27,1409.9,2657.66
2025-09-10 18:00:00,0.0,454.99,518.93,1659.02,2632.94
2025-09-10 19:00:00,0.0,484.78,569.58,1397.88,2452.24
2025-09-10 20:00:00,0.0,240.63,501.84,1728.22,2470.69
2025-09-10 21:00:00,0.0,505.08,613.28,1967.01,3085.37
2025-09-10 22:00:00,0.0,311.07,540.03,1696.23,2547.33
2025-09-10 23:00:00,0.0,635.37,585.68,1753.74,2974.78
2025-09-11 00:00:00,0.0,372.97,693.91,1382.73,2449.61
2025-09-11 01:00:00,0.0,448.56,773.75,1627.96,2850.28
2025-09-11 02:00:00,0.0,545.88,717.14,1667.93,2930.95
2025-09-11 03:00:00,0.0,412.11,624.88,1864.22,2901.22
2025-09-11 04:00:00,0.0,402.22,592.6,2062.37,3057.2
2025-09-11 05:00:00,0.0,370.1,644.93,1738.68,2753.71
2025-09-11 06:00:00,0.0,429.21,583.07,1916.17,2928.44
2025-09-11 07:00:00,174.09,590.01,542.52,1482.24,2788.87
2025-09-11 08:00:00,370.98,567.08,533.36,1332.56,2803.98
2025-09-11 09:00:00,440.02,486.83,649.25,1768.91,3345.01
2025-09-11 10:00:00,845.91,533.77,651.61,1522.76,3554.04
2025-09-11 11:00:00,932.87,576.05,724.53,1633.94,3867.39
2025-09-11 12:00:00,801.48,467.3,554.8,1855.9,3679.47
2025-09-11 13:00:00,677.31,493.03,616.12,1326.13,3112.59
2025-09-11 14:00:00,826.52,628.57,587.88,1504.41,3547.39
2025-09-11 15:00:00,639.4,440.81,584.75,1562.06,3227.03
2025-09-11 16:00:00,394.17,731.86,557.11,1629.1,3312.24
2025-09-11 17:00:00,150.46,456.21,549.94,1657.52,2814.12
2025-09-11 18:00:00,0.0,637.93,472.66,1429.46,2540.05
2025-09-11 19:00:00,0.0,288.21,645.64,1396.59,2330.44
2025-09-11 20:00:00,0.0,544.0,525.17,1751.4,2820.57
2025-09-11 21:00:00,0.0,485.6,548.11,1012.21,2045.92
2025-09-11 22:00:00,0.0,396.33,540.26,1593.62,2530.21
2025-09-11 23:00:00,0.0,612.02,641.59,1723.93,2977.54
2025-09-12 00:00:00,0.0,290.73,611.22,1006.04,1907.99
2025-09-12 01:00:00,0.0,592.66,533.24,1852.39,2978.3
2025-09-12 02:00:00,0.0,612.83,522.95,1651.65,2787.43
2025-09-12 03:00:00,0.0,326.73,561.42,1808.68,2696.84
2025-09-12 04:00:00,0.0,410.32,580.89,1925.35,2916.56
2025-09-12 05:00:00,0.0,384.41,700.81,1551.7,2636.91
2025-09-12 06:00:00,0.0,426.77,614.53,1567.09,2608.4
2025-09-12 07:00:00,173.3,521.36,556.02,1622.83,2873.52
2025-09-12 08:00:00,430.32,598.09,601.82,1751.11,3381.35
2025-09-12 09:00:00,587.36,378.81,613.4,1410.33,2989.9
2025-09-12 10:00:00,711.94,393.3,621.79,1437.2,3164.22
2025-09-12 11:00:00,888.56,450.24,509.97,1816.78,3665.55
2025-09-12 12:00:00,918.14,564.11,472.52,1741.92,3696.69
2025-09-12 13:00:00,822.39,180.22,540.69,1622.99,3166.29
2025-09-12 14:00:00,843.71,489.69,728.2,1539.02,3600.63
2025-09-12 15:00:00,531.64,431.95,528.4,1706.2,3198.19
2025-09-12 16:00:00,396.36,356.08,581.51,1599.99,2933.94
2025-09-12 17:00:00,122.53,451.14,618.46,1423.57,2615.69
2025-09-12 18:00:00,0.0,563.55,638.96,1115.49,2318.0
2025-09-12 19:00:00,0.0,559.84,525.73,1931.44,3017.01
2025-09-12 20:00:00,0.0,436.98,591.95,1666.35,2695.27
2025-09-12 21:00:00,0.0,508.19,657.43,1803.83,2969.44
2025-09-12 22:00:00,0.0,735.51,537.74,1406.05,2679.3
2025-09-12 23:00:00,0.0,476.29,663.99,1871.61,3011.9
2025-09-13 00:00:00,0.0,642.77,686.35,1295.15,2624.27
2025-09-13 01:00:00,0.0,503.77,601.2,1550.21,2655.19
2025-09-13 02:00:00,0.0,607.32,578.99,1316.66,2502.97
2025-09-13 03:00:00,0.0,507.09,528.8,1286.13,2322.02
2025-09-13 04:00:00,0.0,528.75,640.79,1698.6,2868.14
2025-09-13 05:00:00,0.0,522.59,644.11,1409.84,2576.54
2025-09-13 06:00:00,0.0,506.51,549.77,981.2,2037.48
2025-09-13 07:00:00,217.34,616.77,493.88,2273.7,3601.69
2025-09-13 08:00:00,523.93,175.55,637.1,1330.26,2666.84
2025-09-13 09:00:00,611.39,660.05,645.31,1411.79,3328.54
2025-09-13 10:00:00,915.37,726.79,624.78,1720.2,3987.13
2025-09-13 11:00:00,712.11,455.01,496.74,1542.78,3206.64
2025-09-13 12:00:00,874.8,639.65,557.19,1695.09,3766.74
2025-09-13 13:00:00,641.71,421.35,552.89,1534.46,3150.4
2025-09-13 14:00:00,712.13,705.03,499.62,1366.71,3283.49
2025-09-13 15:00:00,585.77,411.83,651.61,1859.1,3508.31
2025-09-13 16:00:00,407.49,613.35,631.63,1411.78,3064.25
2025-09-13 17:00:00,239.91,467.07,563.9,1509.19,2780.06
2025-09-13 18:00:00,0.0,422.79,587.18,1639.23,2649.19
2025-09-13 19:00:00,0.0,463.58,554.61,1730.92,2749.12
2025-09-13 20:00:00,0.0,469.19,561.03,1700.33,2730.55
2025-09-13 21:00:00,0.0,534.19,558.47,1856.52,2949.18
2025-09-13 22:00:00,0.0,249.35,605.45,1514.66,2369.46
2025-09-13 23:00:00,0.0,315.57,642.04,1609.28,2566.88
2025-09-14 00:00:00,0.0,214.11,626.79,1625.03,2465.92
2025-09-14 01:00:00,0.0,440.42,640.5,1524.36,2605.28
2025-09-14 02:00:00,0.0,497.93,542.53,1806.31,2846.77
2025-09-14 03:00:00,0.0,502.02,709.23,1762.4,2973.64
2025-09-14 04:00:00,0.0,492.47,609.69,1748.85,2851.01
2025-09-14 05:00:00,0.0,391.68,640.57,1818.3,2850.55
2025-09-14 06:00:00,0.0,397.74,477.46,1616.28,2491.48
2025-09-14 07:00:00,265.36,477.54,622.45,1550.71,2916.05
2025-09-14 08:00:00,474.45,551.2,553.36,1668.89,3247.9
2025-09-14 09:00:00,580.75,695.45,815.48,1546.06,3637.74
2025-09-14 10:00:00,655.4,542.18,607.8,1696.77,3502.15
2025-09-14 11:00:00,929.21,294.18,579.68,1894.34,3697.4
2025-09-14 12:00:00,641.12,557.38,517.94,1396.47,3112.9
2025-09-14 13:00:00,820.16,386.68,657.41,1562.3,3426.54
2025-09-14 14:00:00,721.99,372.36,552.97,990.04,2637.36
2025-09-14 15:00:00,773.46,538.18,693.55,1261.88,3267.06
2025-09-14 16:00:00,378.95,431.6,534.19,1915.44,3260.17
2025-09-14 17:00:00,204.69,433.72,542.18,1437.63,2618.23
2025-09-14 18:00:00,0.0,660.48,578.11,1755.65,2994.24
2025-09-14 19:00:00,0.0,363.59,526.82,903.48,1793.89
2025-09-14 20:00:00,0.0,509.57,642.82,1316.26,2468.65
2025-09-14 21:00:00,0.0,707.67,560.39,1526.47,2794.54
2025-09-14 22:00:00,0.0,568.75,561.29,1221.52,2351.56
2025-09-14 23:00:00,0.0,643.32,715.85,1719.83,3079.0
2025-09-15 00:00:00,0.0,615.55,562.23,1363.58,2541.37
2025-09-15 01:00:00,0.0,212.46,593.74,1553.93,2360.13
2025-09-15 02:00:00,0.0,471.91,553.95,1350.69,2376.54
2025-09-15 03:00:00,0.0,455.23,601.56,1577.27,2634.06
2025-09-15 04:00:00,0.0,447.43,695.42,1573.27,2716.12
2025-09-15 05:00:00,0.0,589.74,676.77,1230.63,2497.14
2025-09-15 06:00:00,0.0,657.77,567.76,1378.88,2604.41
2025-09-15 07:00:00,247.81,566.68,581.1,1701.23,3096.81
2025-09-15 08:00:00,331.33,490.36,683.4,1441.61,2946.71
2025-09-15 09:00:00,498.86,529.9,618.36,1603.56,3250.69
2025-09-15 10:00:00,679.47,463.1,592.73,1423.2,3158.5
2025-09-15 11:00:00,822.51,528.4,666.19,1455.69,3472.79
2025-09-15 12:00:00,648.24,397.95,595.28,1558.59,3200.06
2025-09-15 13:00:00,836.47,565.82,675.43,1787.67,3865.39
2025-09-15 14:00:00,545.15,420.89,659.82,1401.67,3027.52
2025-09-15 15:00:00,497.28,326.91,626.87,1437.99,2889.05
2025-09-15 16:00:00,497.27,438.47,542.65,1690.26,3168.65
2025-09-15 17:00:00,214.01,576.85,582.45,1727.04,3100.36
2025-09-15 18:00:00,0.0,628.63,573.41,1674.87,2876.91
2025-09-15 19:00:00,0.0,493.7,629.56,1427.73,2550.99
2025-09-15 20:00:00,0.0,417.74,649.85,1724.92,2792.51
2025-09-15 21:00:00,0.0,385.66,619.47,1578.32,2583.45
2025-09-15 22:00:00,0.0,395.97,556.79,1607.12,2559.88
2025-09-15 23:00:00,0.0,563.72,647.44,1614.98,2826.15
2025-09-16 00:00:00,0.0,639.03,644.6,1556.37,2840.0
2025-09-16 01:00:00,0.0,634.21,576.23,1499.63,2710.07
2025-09-16 02:00:00,0.0,568.44,593.72,1685.22,2847.37
2025-09-16 03:00:00,0.0,332.08,605.44,1705.77,2643.28
2025-09-16 04:00:00,0.0,528.36,578.7,1760.04,2867.09
2025-09-16 05:00:00,0.0,472.83,558.22,1816.72,2847.77
2025-09-16 06:00:00,0.0,565.77,529.47,1996.88,3092.13
2025-09-16 07:00:00,253.53,510.25,623.44,1180.65,2567.87
2025-09-16 08:00:00,434.66,426.54,589.92,1593.56,3044.68
2025-09-16 09:00:00,617.98,416.43,620.46,1669.82,3324.68
2025-09-16 10:00:00,691.07,426.91,473.43,1648.2,3239.62
2025-09-16 11:00:00,995.25,310.0,591.45,1328.03,3224.73
2025-09-16 12:00:00,754.24,528.33,549.73,1288.43,3120.73
2025-09-16 13:00:00,697.54,450.1,563.3,1796.99,3507.92
2025-09-16 14:00:00,750.08,336.98,649.47,1120.9,2857.42
2025-09-16 15:00:00,731.09,540.81,623.14,1285.39,3180.43
2025-09-16 16:00:00,354.02,413.3,609.9,1656.35,3033.57
2025-09-16 17:00:00,193.65,528.28,662.96,1492.05,2876.93
2025-09-16 18:00:00,0.0,606.88,608.14,1557.84,2772.87
2025-09-16 19:00:00,0.0,786.84,559.08,1469.45,2815.37
2025-09-16 20:00:00,0.0,500.19,655.33,1325.41,2480.92
2025-09-16 21:00:00,0.0,741.7,640.54,2063.02,3445.26
2025-09-16 22:00:00,0.0,477.76,621.71,1696.65,2796.12
2025-09-16 23:00:00,0.0,587.03,619.37,1326.31,2532.71
2025-09-17 00:00:00,0.0,497.89,654.08,1879.99,3031.96
2025-09-17 01:00:00,0.0,819.62,551.2,1460.01,2830.83
2025-09-17 02:00:00,0.0,615.48,656.92,1724.1,2996.5
2025-09-17 03:00:00,0.0,322.99,559.07,1764.58,2646.63
2025-09-17 04:00:00,0.0,556.59,528.07,1458.29,2542.95
2025-09-17 05:00:00,0.0,349.55,686.94,1571.59,2608.08
2025-09-17 06:00:00,0.0,458.89,591.45,1633.99,2684.32
2025-09-17 07:00:00,213.93,388.39,591.42,1509.97,2703.72
2025-09-17 08:00:00,429.15,348.23,591.55,1889.5,3258.43
2025-09-17 09:00:00,664.21,433.72,620.25,1513.78,3231.96
2025-09-17 10:00:00,645.19,589.52,590.41,1164.26,2989.38
2025-09-17 11:00:00,862.14,524.86,578.26,1488.83,3454.09
2025-09-17 12:00:00,901.61,760.15,514.55,1374.78,3551.09
2025-09-17 13:00:00,661.05,319.96,456.32,1695.47,3132.8
2025-09-17 14:00:00,505.61,628.46,562.72,1501.92,3198.71
2025-09-17 15:00:00,615.83,533.45,627.55,1739.17,3516.0
2025-09-17 16:00:00,399.41,643.43,688.68,1881.91,3613.43
2025-09-17 17:00:00,169.44,604.29,551.11,1741.29,3066.13
2025-09-17 18:00:00,0.0,536.75,702.44,1466.7,2705.89
2025-09-17 19:00:00,0.0,507.26,484.42,1475.96,2467.64
2025-09-17 20:00:00,0.0,463.64,546.3,1385.05,2394.99
2025-09-17 21:00:00,0.0,511.36,517.13,1440.83,2469.32
2025-09-17 22:00:00,0.0,397.93,671.0,1437.3,2506.23
2025-09-17 23:00:00,0.0,530.92,631.76,1244.5,2407.18
2025-09-18 00:00:00,0.0,494.21,658.48,1997.26,3149.95
2025-09-18 01:00:00,0.0,383.82,593.4,1369.71,2346.94
2025-09-18 02:00:00,0.0,492.48,584.71,1438.05,2515.24
2025-09-18 03:00:00,0.0,364.61,564.05,1701.53,2630.19
2025-09-18 04:00:00,0.0,401.31,576.95,1742.79,2721.05
2025-09-18 05:00:00,0.0,565.84,566.58,2034.87,3167.28
2025-09-18 06:00:00,0.0,561.96,569.14,901.63,2032.72
2025-09-18 07:00:00,219.01,562.86,663.49,1048.28,2493.63
2025-09-18 08:00:00,466.56,611.48,632.0,1544.42,3254.45
2025-09-18 09:00:00,686.54,510.8,688.9,1556.98,3443.22
2025-09-18 10:00:00,703.01,418.09,613.11,1924.06,3658.26
2025-09-18 11:00:00,1058.63,590.31,549.74,2035.15,4233.83
2025-09-18 12:00:00,713.39,596.37,575.95,797.44,2683.15
2025-09-18 13:00:00,706.28,451.86,562.77,1399.33,3120.24
2025-09-18 14:00:00,593.0,594.92,564.37,1230.24,2982.53
2025-09-18 15:00:00,592.65,496.28,548.07,1537.51,3174.51
2025-09-18 16:00:00,505.46,631.76,736.07,1724.55,3597.85
2025-09-18 17:00:00,257.62,649.63,556.39,1810.99,3274.64
2025-09-18 18:00:00,0.0,365.18,668.84,1751.24,2785.26
2025-09-18 19:00:00,0.0,537.73,571.45,1383.8,2492.97
2025-09-18 20:00:00,0.0,457.8,634.96,1655.2,2747.95
2025-09-18 21:00:00,0.0,593.84,522.25,1965.05,3081.13
2025-09-18 22:00:00,0.0,547.77,628.41,1692.33,2868.5
2025-09-18 23:00:00,0.0,595.03,532.39,1582.32,2709.75
2025-09-19 00:00:00,0.0,386.35,603.67,1175.21,2165.23
2025-09-19 01:00:00,0.0,516.97,498.95,1618.78,2634.7
2025-09-19 02:00:00,0.0,492.28,693.82,1368.4,2554.51
2025-09-19 03:00:00,0.0,455.04,723.53,1545.61,2724.18
2025-09-19 04:00:00,0.0,428.18,657.94,2074.75,3160.87
2025-09-19 05:00:00,0.0,509.26,609.05,1994.46,3112.77
2025-09-19 06:00:00,0.0,416.58,555.46,1567.53,2539.56
2025-09-19 07:00:00,255.33,389.99,627.4,1324.4,2597.12
2025-09-19 08:00:00,339.91,524.74,590.75,1472.87,2928.28
2025-09-19 09:00:00,630.16,567.35,522.99,1389.72,3110.22
2025-09-19 10:00:00,675.24,370.6,562.06,1623.58,3231.48
2025-09-19 11:00:00,748.78,437.19,591.03,2126.18,3903.18
2025-09-19 12:00:00,699.75,642.8,637.35,1590.54,3570.45
2025-09-19 13:00:00,1028.29,425.81,508.87,1232.34,3195.32
2025-09-19 14:00:00,780.85,478.37,626.95,1492.99,3379.16
2025-09-19 15:00:00,624.17,362.54,582.43,1740.9,3310.03
2025-09-19 16:00:00,408.71,476.19,609.37,1967.43,3461.71
2025-09-19 17:00:00,190.29,405.49,669.69,1501.71,2767.18
2025-09-19 18:00:00,0.0,406.4,596.08,1853.72,2856.2
2025-09-19 19:00:00,0.0,570.96,602.51,1772.26,2945.73
2025-09-19 20:00:00,0.0,447.04,508.13,1628.9,2584.07
2025-09-19 21:00:00,0.0,413.85,531.49,1993.94,2939.29
2025-09-19 22:00:00,0.0,484.8,498.3,1550.01,2533.11
2025-09-19 23:00:00,0.0,590.48,572.1,1394.95,2557.53
2025-09-20 00:00:00,0.0,348.44,655.75,1599.08,2603.27
2025-09-20 01:00:00,0.0,399.76,567.11,1960.67,2927.54
2025-09-20 02:00:00,0.0,751.12,622.42,1877.42,3250.96
2025-09-20 03:00:00,0.0,331.86,544.64,1338.81,2215.31
2025-09-20 04:00:00,0.0,612.76,592.72,997.87,2203.35
2025-09-20 05:00:00,0.0,338.92,580.03,2165.73,3084.68
2025-09-20 06:00:00,0.0,489.88,555.72,1539.54,2585.15
2025-09-20 07:00:00,202.48,631.56,562.74,1902.74,3299.52
2025-09-20 08:00:00,333.25,434.69,611.53,1494.69,2874.16
2025-09-20 09:00:00,664.5,337.13,708.36,1346.44,3056.42
2025-09-20 10:00:00,764.15,657.83,587.6,2025.31,4034.9
2025-09-20 11:00:00,927.44,491.01,550.45,1808.21,3777.1
2025-09-20 12:00:00,857.96,526.01,608.78,1271.81,3264.57
2025-09-20 13:00:00,900.45,459.56,610.7,1215.64,3186.35
2025-09-20 14:00:00,586.16,522.8,690.07,1684.59,3483.62
2025-09-20 15:00:00,642.49,538.59,615.89,1366.44,3163.41
2025-09-20 16:00:00,440.76,470.93,529.52,1515.85,2957.05
2025-09-20 17:00:00,216.2,451.0,631.77,1661.6,2960.58
2025-09-20 18:00:00,0.0,636.84,616.19,1503.47,2756.51
2025-09-20 19:00:00,0.0,430.64,621.82,1715.75,2768.21
2025-09-20 20:00:00,0.0,625.76,613.41,1701.34,2940.52
2025-09-20 21:00:00,0.0,727.51,609.3,1527.7,2864.52
2025-09-20 22:00:00,0.0,595.22,713.31,1132.39,2440.93
2025-09-20 23:00:00,0.0,499.36,547.04,1539.37,2585.76
2025-09-21 00:00:00,0.0,420.07,614.17,1780.59,2814.83
2025-09-21 01:00:00,0.0,454.76,600.36,1866.11,2921.24
2025-09-21 02:00:00,0.0,609.4,614.2,1950.01,3173.61
2025-09-21 03:00:00,0.0,576.32,587.45,1435.21,2598.98
2025-09-21 04:00:00,0.0,448.11,609.63,1416.3,2474.04
2025-09-21 05:00:00,0.0,299.63,469.55,1921.13,2690.3
2025-09-21 06:00:00,0.0,429.21,581.96,1696.34,2707.51
2025-09-21 07:00:00,146.03,481.97,594.51,1660.22,2882.72
2025-09-21 08:00:00,389.61,471.46,517.12,1829.11,3207.3
2025-09-21 09:00:00,613.23,379.98,687.75,1499.93,3180.89
2025-09-21 10:00:00,912.47,459.84,611.43,1758.19,3741.93
2025-09-21 11:00:00,958.46,519.98,600.68,2117.97,4197.08
2025-09-21 12:00:00,982.7,399.34,539.44,1917.9,3839.38
2025-09-21 13:00:00,798.81,581.22,596.43,1372.88,3349.34
2025-09-21 14:00:00,709.61,655.9,703.28,1498.96,3567.76
2025-09-21 15:00:00,792.59,424.28,588.78,1321.45,3127.11
2025-09-21 16:00:00,491.73,623.14,596.17,1937.47,3648.51
2025-09-21 17:00:00,192.55,712.43,564.25,1400.3,2869.52
2025-09-21 18:00:00,0.0,441.67,722.77,1521.74,2686.18
2025-09-21 19:00:00,0.0,517.04,614.65,1790.16,2921.84
2025-09-21 20:00:00,0.0,663.58,595.45,1992.51,3251.54
2025-09-21 21:00:00,0.0,524.88,568.31,1381.53,2474.72
2025-09-21 22:00:00,0.0,345.85,680.93,1721.48,2748.25
2025-09-21 23:00:00,0.0,319.46,576.67,1890.09,2786.21
2025-09-22 00:00:00,0.0,638.07,567.91,1644.06,2850.04
2025-09-22 01:00:00,0.0,404.16,624.3,1639.08,2667.54
2025-09-22 02:00:00,0.0,262.69,483.27,1200.63,1946.59
2025-09-22 03:00:00,0.0,683.69,551.32,1263.44,2498.45
2025-09-22 04:00:00,0.0,403.06,598.29,1381.01,2382.36
2025-09-22 05:00:00,0.0,389.31,675.79,1356.61,2421.71
2025-09-22 06:00:00,0.0,500.64,517.25,1920.86,2938.74
2025-09-22 07:00:00,237.41,584.15,574.86,1560.45,2956.87
2025-09-22 08:00:00,425.58,523.49,564.89,1824.01,3337.97
2025-09-22 09:00:00,605.79,338.39,639.6,1152.75,2736.53
2025-09-22 10:00:00,579.51,492.43,628.4,1826.91,3527.25
2025-09-22 11:00:00,908.01,525.15,584.47,1563.98,3581.6
2025-09-22 12:00:00,1076.29,537.61,740.73,1813.17,4167.79
2025-09-22 13:00:00,757.13,577.28,523.05,1521.16,3378.63
2025-09-22 14:00:00,982.5,359.91,530.55,1616.05,3489.0
2025-09-22 15:00:00,577.27,465.79,626.7,1495.59,3165.35
2025-09-22 16:00:00,443.46,461.73,621.92,1603.32,3130.42
2025-09-22 17:00:00,202.03,407.94,559.81,1577.86,2747.65
2025-09-22 18:00:00,0.0,641.04,583.78,1340.0,2564.82
2025-09-22 19:00:00,0.0,444.68,589.99,1594.23,2628.91
2025-09-22 20:00:00,0.0,397.34,556.84,1579.13,2533.31
2025-09-22 21:00:00,0.0,278.04,635.0,1328.37,2241.41
2025-09-22 22:00:00,0.0,512.16,612.97,1907.93,3033.06
2025-09-22 23:00:00,0.0,444.38,475.4,1721.87,2641.64
2025-09-23 00:00:00,0.0,272.73,558.41,1201.69,2032.84
2025-09-23 01:00:00,0.0,575.88,489.57,1807.55,2873.0
2025-09-23 02:00:00,0.0,435.43,557.58,1913.25,2906.25
2025-09-23 03:00:00,0.0,343.51,531.25,1182.93,2057.69
2025-09-23 04:00:00,0.0,508.98,514.27,1756.46,2779.71
2025-09-23 05:00:00,0.0,494.46,503.16,1388.47,2386.09
2025-09-23 06:00:00,0.0,396.6,610.5,1414.0,2421.1
2025-09-23 07:00:00,234.08,292.2,707.22,1364.3,2597.79
2025-09-23 08:00:00,414.08,525.81,583.44,1638.85,3162.19
2025-09-23 09:00:00,596.12,537.42,582.3,1760.67,3476.51
2025-09-23 10:00:00,883.37,535.48,495.17,1705.95,3619.97
2025-09-23 11:00:00,587.86,826.26,569.98,1391.59,3375.69
2025-09-23 12:00:00,724.01,356.21,652.73,1306.27,3039.22
2025-09-23 13:00:00,836.66,381.62,474.93,1516.58,3209.79
2025-09-23 14:00:00,853.9,433.49,568.99,1422.58,3278.95
2025-09-23 15:00:00,731.78,305.51,556.46,1459.6,3053.34
2025-09-23 16:00:00,440.88,520.25,589.05,1136.95,2687.13
2025-09-23 17:00:00,207.17,699.61,617.62,1553.51,3077.93
2025-09-23 18:00:00,0.0,286.73,630.61,1723.79,2641.14
2025-09-23 19:00:00,0.0,505.33,608.15,1290.53,2404.01
2025-09-23 20:00:00,0.0,585.67,542.77,1466.93,2595.37
2025-09-23 21:00:00,0.0,698.75,610.91,1550.12,2859.77
2025-09-23 22:00:00,0.0,303.06,700.58,1839.86,2843.49
2025-09-23 23:00:00,0.0,459.05,612.32,1094.15,2165.52
2025-09-24 00:00:00,0.0,397.57,624.34,1642.17,2664.09
2025-09-24 01:00:00,0.0,311.8,657.39,1247.85,2217.04
2025-09-24 02:00:00,0.0,448.9,622.86,1514.7,2586.46
2025-09-24 03:00:00,0.0,170.78,594.49,1628.0,2393.27
2025-09-24 04:00:00,0.0,416.15,495.98,2114.2,3026.34
2025-09-24 05:00:00,0.0,253.28,549.82,1214.28,2017.37
2025-09-24 06:00:00,0.0,586.84,472.07,1341.71,2400.61
2025-09-24 07:00:00,258.9,627.32,498.18,1278.25,2662.65
2025-09-24 08:00:00,399.59,415.77,570.19,1372.7,2758.26
2025-09-24 09:00:00,599.92,474.35,580.52,1947.98,3602.76
2025-09-24 10:00:00,1003.57,616.46,596.99,1378.67,3595.68
2025-09-24 11:00:00,805.1,593.26,564.42,2181.12,4143.9
2025-09-24 12:00:00,848.9,497.61,681.97,1140.98,3169.47
2025-09-24 13:00:00,1012.79,531.81,526.34,1505.2,3576.15
2025-09-24 14:00:00,692.85,528.61,523.14,1938.51,3683.11
2025-09-24 15:00:00,498.92,445.15,585.97,1403.18,2933.22
2025-09-24 16:00:00,447.66,628.31,552.47,1575.19,3203.64
2025-09-24 17:00:00,251.76,589.01,576.2,1595.6,3012.56
2025-09-24 18:00:00,0.0,414.68,498.58,1540.56,2453.82
2025-09-24 19:00:00,0.0,330.15,638.98,2066.23,3035.36
2025-09-24 20:00:00,0.0,655.05,686.41,1535.91,2877.38
2025-09-24 21:00:00,0.0,492.61,577.69,1577.81,2648.12
2025-09-24 22:00:00,0.0,395.57,521.84,1182.91,2100.33
2025-09-24 23:00:00,0.0,670.36,619.9,1132.39,2422.65
2025-09-25 00:00:00,0.0,491.66,687.16,1848.79,3027.61
2025-09-25 01:00:00,0.0,504.05,606.67,1438.72,2549.43
2025-09-25 02:00:00,0.0,400.33,587.1,1526.92,2514.34
2025-09-25 03:00:00,0.0,373.35,644.47,1498.06,2515.87
2025-09-25 04:00:00,0.0,293.32,546.42,1516.96,2356.69
2025-09-25 05:00:00,0.0,491.12,503.59,1301.22,2295.94
2025-09-25 06:00:00,0.0,498.83,645.86,1705.93,2850.62
2025-09-25 07:00:00,210.13,394.98,587.86,1321.68,2514.65
2025-09-25 08:00:00,421.41,540.4,658.32,1466.12,3086.23
2025-09-25 09:00:00,509.25,166.21,631.27,798.8,2105.53
2025-09-25 10:00:00,622.8,483.4,588.02,1066.51,2760.73
2025-09-25 11:00:00,952.44,477.78,601.65,1289.69,3321.56
2025-09-25 12:00:00,751.41,273.22,568.74,1442.46,3035.83
2025-09-25 13:00:00,1058.35,546.13,585.3,1604.04,3793.82
2025-09-25 14:00:00,768.14,429.92,515.12,1730.35,3443.53
2025-09-25 15:00:00,691.87,324.21,639.53,1259.36,2914.97
2025-09-25 16:00:00,398.03,496.7,658.59,1612.02,3165.34
2025-09-25 17:00:00,176.57,676.14,657.8,1648.24,3158.75
2025-09-25 18:00:00,0.0,345.41,631.92,1520.82,2498.15
2025-09-25 19:00:00,0.0,512.27,551.37,1887.45,2951.08
2025-09-25 20:00:00,0.0,476.63,641.29,1640.71,2758.64
2025-09-25 21:00:00,0.0,568.78,525.22,1067.18,2161.18
2025-09-25 22:00:00,0.0,658.38,604.38,1953.08,3215.84
2025-09-25 23:00:00,0.0,584.32,563.97,1643.35,2791.64
2025-09-26 00:00:00,0.0,343.42,601.86,2297.45,3242.73
2025-09-26 01:00:00,0.0,428.53,635.34,1701.32,2765.19
2025-09-26 02:00:00,0.0,650.69,613.73,1752.33,3016.75
2025-09-26 03:00:00,0.0,654.84,616.15,2233.97,3504.96
2025-09-26 04:00:00,0.0,609.85,601.52,1567.3,2778.67
2025-09-26 05:00:00,0.0,750.1,684.32,1589.39,3023.81
2025-09-26 06:00:00,0.0,703.93,570.82,1732.87,3007.62
2025-09-26 07:00:00,216.87,509.44,591.73,1919.41,3237.44
2025-09-26 08:00:00,337.9,534.84,667.2,1727.55,3267.49
2025-09-26 09:00:00,602.05,326.25,562.16,1220.12,2710.58
2025-09-26 10:00:00,990.78,437.68,579.25,1265.28,3273.0
2025-09-26 11:00:00,840.28,623.03,568.46,1204.59,3236.35
2025-09-26 12:00:00,941.92,487.27,635.29,1167.85,3232.33
2025-09-26 13:00:00,768.74,621.11,613.09,1292.06,3295.0
2025-09-26 14:00:00,762.21,531.27,677.83,1252.49,3223.8
2025-09-26 15:00:00,694.78,509.86,575.02,1313.78,3093.44
2025-09-26 16:00:00,353.58,616.67,703.37,1514.24,3187.86
2025-09-26 17:00:00,190.34,452.38,595.43,1634.77,2872.92
2025-09-26 18:00:00,0.0,668.35,733.1,1667.74,3069.19
2025-09-26 19:00:00,0.0,700.61,697.35,1801.88,3199.83
2025-09-26 20:00:00,0.0,624.49,661.12,1649.07,2934.68
2025-09-26 21:00:00,0.0,350.81,518.71,1426.81,2296.33
2025-09-26 22:00:00,0.0,539.01,674.34,1520.36,2733.7
2025-09-26 23:00:00,0.0,555.39,592.2,1995.79,3143.37
2025-09-27 00:00:00,0.0,479.43,601.32,1951.54,3032.29
2025-09-27 01:00:00,0.0,569.99,603.25,1732.12,2905.36
2025-09-27 02:00:00,0.0,368.48,744.15,975.73,2088.37
2025-09-27 03:00:00,0.0,189.14,614.6,1524.12,2327.86
2025-09-27 04:00:00,0.0,246.0,548.02,1607.54,2401.56
2025-09-27 05:00:00,0.0,523.84,689.55,1894.03,3107.42
2025-09-27 06:00:00,0.0,361.7,601.54,1690.91,2654.15
2025-09-27 07:00:00,227.72,527.8,578.19,1524.69,2858.39
2025-09-27 08:00:00,513.4,496.54,514.01,1670.0,3193.96
2025-09-27 09:00:00,659.46,676.61,719.34,1723.77,3779.19
2025-09-27 10:00:00,803.61,619.91,633.54,1371.81,3428.87
2025-09-27 11:00:00,700.67,592.89,623.63,1795.81,3713.0
2025-09-27 12:00:00,872.15,649.27,524.55,1622.02,3668.0
2025-09-27 13:00:00,916.01,596.96,507.56,1156.92,3177.44
2025-09-27 14:00:00,870.9,358.88,739.97,1760.84,3730.59
2025-09-27 15:00:00,647.77,477.87,702.47,1995.05,3823.16
2025-09-27 16:00:00,393.43,432.15,542.82,1427.57,2795.97
2025-09-27 17:00:00,251.38,530.63,563.68,1356.14,2701.84
2025-09-27 18:00:00,0.0,452.59,663.65,1369.13,2485.38
2025-09-27 19:00:00,0.0,349.7,605.16,1576.4,2531.25
2025-09-27 20:00:00,0.0,594.07,644.0,1439.47,2677.54
2025-09-27 21:00:00,0.0,440.69,579.64,1304.72,2325.05
2025-09-27 22:00:00,0.0,667.0,581.13,1586.2,2834.33
2025-09-27 23:00:00,0.0,394.69,561.59,1380.93,2337.21
2025-09-28 00:00:00,0.0,514.72,581.39,993.98,2090.09
2025-09-28 01:00:00,0.0,332.77,530.65,1593.29,2456.71
2025-09-28 02:00:00,0.0,330.11,644.48,2049.43,3024.02
2025-09-28 03:00:00,0.0,457.06,617.94,1605.98,2680.97
2025-09-28 04:00:00,0.0,548.71,515.28,1613.03,2677.02
2025-09-28 05:00:00,0.0,451.6,640.83,1464.35,2556.78
2025-09-28 06:00:00,0.0,721.78,624.75,970.75,2317.28
2025-09-28 07:00:00,255.53,350.44,643.52,2033.3,3282.8
2025-09-28 08:00:00,374.96,470.55,497.86,1670.99,3014.36
2025-09-28 09:00:00,611.47,371.25,671.58,2044.88,3699.18
2025-09-28 10:00:00,638.61,300.73,724.43,1706.83,3370.59
2025-09-28 11:00:00,781.93,534.44,540.34,1433.44,3290.15
2025-09-28 12:00:00,789.0,670.22,560.98,1390.45,3410.66
2025-09-28 13:00:00,664.52,418.57,586.57,1711.44,3381.09
2025-09-28 14:00:00,686.41,415.48,533.33,1659.43,3294.66
2025-09-28 15:00:00,523.39,545.13,560.24,1241.99,2870.74
2025-09-28 16:00:00,436.9,534.48,508.81,1643.13,3123.33
2025-09-28 17:00:00,217.67,420.25,583.41,1487.14,2708.47
2025-09-28 18:00:00,0.0,386.31,634.82,1712.9,2734.02
2025-09-28 19:00:00,0.0,471.25,536.09,2020.76,3028.09
2025-09-28 20:00:00,0.0,638.68,626.15,1369.9,2634.74
2025-09-28 21:00:00,0.0,564.9,504.05,1164.21,2233.16
2025-09-28 22:00:00,0.0,537.26,627.32,1690.46,2855.04
2025-09-28 23:00:00,0.0,418.18,638.92,1755.03,2812.14
2025-09-29 00:00:00,0.0,437.33,582.34,1508.69,2528.36
2025-09-29 01:00:00,0.0,355.07,624.33,1593.71,2573.1
2025-09-29 02:00:00,0.0,199.32,567.62,1585.88,2352.81
2025-09-29 03:00:00,0.0,469.59,603.01,1351.7,2424.31
2025-09-29 04:00:00,0.0,242.95,553.72,1717.48,2514.15
2025-09-29 05:00:00,0.0,374.89,619.89,1801.95,2796.73
2025-09-29 06:00:00,0.0,599.86,605.56,1317.97,2523.38
2025-09-29 07:00:00,243.97,574.15,639.5,1823.81,3281.43
2025-09-29 08:00:00,468.29,622.03,573.74,1423.39,3087.45
2025-09-29 09:00:00,585.23,414.91,509.92,1964.54,3474.59
2025-09-29 10:00:00,557.22,411.64,580.86,1467.74,3017.46
2025-09-29 11:00:00,811.91,455.92,656.27,1265.2,3189.29
2025-09-29 12:00:00,830.28,437.96,642.35,1487.51,3398.09
2025-09-29 13:00:00,649.85,629.11,477.7,1574.75,3331.41
2025-09-29 14:00:00,785.18,663.65,517.53,1843.28,3809.63
2025-09-29 15:00:00,521.78,635.45,507.31,1961.92,3626.45
2025-09-29 16:00:00,335.51,491.9,637.35,2193.46,3658.23
2025-09-29 17:00:00,196.58,791.44,552.46,1502.89,3043.37
2025-09-29 18:00:00,0.0,582.79,600.92,1931.38,3115.09
2025-09-29 19:00:00,0.0,684.21,549.35,1801.01,3034.57
2025-09-29 20:00:00,0.0,287.45,608.21,1668.66,2564.33
2025-09-29 21:00:00,0.0,724.37,641.78,1224.41,2590.55
2025-09-29 22:00:00,0.0,746.7,640.99,1403.4,2791.1
2025-09-29 23:00:00,0.0,537.83,581.06,1655.31,2774.2
2025-09-30 00:00:00,0.0,738.07,605.69,1803.01,3146.77
2025-09-30 01:00:00,0.0,247.12,631.45,1392.53,2271.1
2025-09-30 02:00:00,0.0,694.12,625.91,1549.49,2869.52
2025-09-30 03:00:00,0.0,537.64,723.01,1437.15,2697.8
2025-09-30 04:00:00,0.0,412.73,548.52,1679.45,2640.7
2025-09-30 05:00:00,0.0,268.52,601.5,1637.52,2507.54
2025-09-30 06:00:00,0.0,558.43,577.9,1922.65,3058.99
2025-09-30 07:00:00,290.09,563.06,565.91,1235.59,2654.65
2025-09-30 08:00:00,364.92,416.32,617.89,1573.28,2972.41
2025-09-30 09:00:00,679.63,547.51,633.1,1710.05,3570.29
2025-09-30 10:00:00,799.33,408.93,610.48,1899.98,3718.71
2025-09-30 11:00:00,818.05,286.88,709.2,1435.08,3249.2
2025-09-30 12:00:00,834.57,383.66,549.29,1429.07,3196.6
2025-09-30 13:00:00,815.96,457.54,602.77,1556.72,3432.99
2025-09-30 14:00:00,937.22,705.35,643.96,1752.53,4039.06
2025-09-30 15:00:00,712.52,362.53,575.58,1714.99,3365.62
2025-09-30 16:00:00,512.15,528.23,628.62,1516.74,3185.74
2025-09-30 17:00:00,191.35,532.9,642.92,1729.28,3096.45
2025-09-30 18:00:00,0.0,320.35,668.84,1355.02,2344.21
2025-09-30 19:00:00,0.0,404.89,682.25,1696.32,2783.46
2025-09-30 20:00:00,0.0,661.93,623.89,1723.93,3009.75
2025-09-30 21:00:00,0.0,650.95,488.02,1311.29,2450.26
2025-09-30 22:00:00,0.0,489.88,603.22,1860.24,2953.34
2025-09-30 23:00:00,0.0,353.33,658.44,1451.14,2462.92
2025-10-01 00:00:00,0.0,507.89,646.26,2072.06,3226.21
2025-10-01 01:00:00,0.0,474.86,649.29,1681.95,2806.1
2025-10-01 02:00:00,0.0,759.55,721.84,1471.42,2952.82
2025-10-01 03:00:00,0.0,485.55,705.18,1396.18,2586.91
2025-10-01 04:00:00,0.0,604.75,596.65,1324.75,2526.16
2025-10-01 05:00:00,0.0,432.13,568.0,1328.23,2328.36
2025-10-01 06:00:00,0.0,523.66,694.11,2055.09,3272.86
2025-10-01 07:00:00,238.73,378.45,681.83,1776.48,3075.49
2025-10-01 08:00:00,457.49,550.05,643.3,1447.25,3098.09
2025-10-01 09:00:00,672.68,482.41,511.37,1568.21,3234.68
2025-10-01 10:00:00,743.53,585.99,565.39,1673.04,3567.94
2025-10-01 11:00:00,884.79,481.79,688.9,1872.69,3928.17
2025-10-01 12:00:00,833.95,376.2,544.03,1548.83,3303.01
2025-10-01 13:00:00,754.57,638.17,682.95,1452.41,3528.09
2025-10-01 14:00:00,908.11,551.05,670.03,1744.64,3873.83
2025-10-01 15:00:00,451.84,546.65,637.1,1596.35,3231.94
2025-10-01 16:00:00,451.08,426.1,637.59,1480.83,2995.6
2025-10-01 17:00:00,188.24,530.26,612.33,1349.26,2680.09
2025-10-01 18:00:00,0.0,492.88,586.44,1249.78,2329.09
2025-10-01 19:00:00,0.0,477.08,621.9,1787.79,2886.76
2025-10-01 20:00:00,0.0,538.91,644.35,1478.9,2662.17
2025-10-01 21:00:00,0.0,405.57,726.69,1526.11,2658.37
2025-10-01 22:00:00,0.0,534.58,512.41,1480.01,2527.0
2025-10-01 23:00:00,0.0,519.97,626.73,1439.13,2585.83
2025-10-02 00:00:00,0.0,468.39,503.45,1594.86,2566.69
2025-10-02 01:00:00,0.0,436.4,700.31,1348.95,2485.66
2025-10-02 02:00:00,0.0,291.46,643.67,1454.49,2389.62
2025-10-02 03:00:00,0.0,642.84,680.71,1401.47,2725.02
2025-10-02 04:00:00,0.0,446.11,601.56,1575.62,2623.29
2025-10-02 05:00:00,0.0,204.15,710.68,1428.92,2343.75
2025-10-02 06:00:00,0.0,417.82,705.81,1969.17,3092.79
2025-10-02 07:00:00,169.14,430.25,630.58,1793.6,3023.57
2025-10-02 08:00:00,462.27,258.8,554.12,1321.14,2596.32
2025-10-02 09:00:00,660.38,531.98,613.43,1616.4,3422.19
2025-10-02 10:00:00,835.37,557.97,650.48,1753.57,3797.39
2025-10-02 11:00:00,754.52,297.04,607.77,1597.43,3256.77
2025-10-02 12:00:00,627.85,457.48,695.29,1745.0,3525.62
2025-10-02 13:00:00,924.79,263.66,666.9,1311.33,3166.67
2025-10-02 14:00:00,785.17,431.13,642.82,1474.44,3333.56
2025-10-02 15:00:00,781.31,316.38,593.9,1307.68,2999.28
2025-10-02 16:00:00,428.64,353.41,694.84,1738.58,3215.48
2025-10-02 17:00:00,166.07,527.37,619.18,1368.33,2680.95
2025-10-02 18:00:00,0.0,492.53,664.37,1469.05,2625.95
2025-10-02 19:00:00,0.0,363.18,664.14,1792.84,2820.15
2025-10-02 20:00:00,0.0,702.29,638.39,1212.08,2552.76
2025-10-02 21:00:00,0.0,655.07,673.62,1270.38,2599.07
2025-10-02 22:00:00,0.0,623.27,579.98,1568.97,2772.22
2025-10-02 23:00:00,0.0,582.19,598.18,1262.21,2442.59
2025-10-03 00:00:00,0.0,500.07,602.59,1976.15,3078.82
2025-10-03 01:00:00,0.0,549.87,571.84,1471.98,2593.68
2025-10-03 02:00:00,0.0,459.97,604.32,1545.33,2609.62
2025-10-03 03:00:00,0.0,680.56,582.58,1795.32,3058.45
2025-10-03 04:00:00,0.0,332.73,678.31,1585.37,2596.41
2025-10-03 05:00:00,0.0,533.65,529.71,1650.45,2713.81
2025-10-03 06:00:00,0.0,722.07,679.03,1268.42,2669.52
2025-10-03 07:00:00,217.1,556.37,573.86,1183.21,2530.54
2025-10-03 08:00:00,359.14,582.69,721.34,1754.09,3417.27
2025-10-03 09:00:00,499.69,557.56,588.92,1511.73,3157.9
2025-10-03 10:00:00,769.02,522.42,590.06,1420.95,3302.45
2025-10-03 11:00:00,989.3,397.51,591.59,1621.07,3599.47
2025-10-03 12:00:00,679.27,453.45,658.44,1690.12,3481.28
2025-10-03 13:00:00,801.64,374.16,558.46,1586.77,3321.03
2025-10-03 14:00:00,639.82,625.83,590.05,1831.09,3686.78
2025-10-03 15:00:00,653.33,394.71,674.92,1605.15,3328.11
2025-10-03 16:00:00,532.7,542.33,564.21,1926.15,3565.39
2025-10-03 17:00:00,205.88,407.49,643.57,2001.2,3258.14
2025-10-03 18:00:00,0.0,462.01,478.24,1628.35,2568.6
2025-10-03 19:00:00,0.0,490.53,628.11,1675.79,2794.43
2025-10-03 20:00:00,0.0,562.83,674.47,1833.55,3070.85
2025-10-03 21:00:00,0.0,602.08,634.44,1733.28,2969.81
2025-10-03 22:00:00,0.0,654.66,576.89,1603.22,2834.77
2025-10-03 23:00:00,0.0,488.28,638.05,1411.54,2537.86
2025-10-04 00:00:00,0.0,281.51,538.49,1439.14,2259.13
2025-10-04 01:00:00,0.0,773.0,593.6,1515.79,2882.39
2025-10-04 02:00:00,0.0,642.11,596.85,1443.21,2682.18
2025-10-04 03:00:00,0.0,592.59,751.42,1354.47,2698.48
2025-10-04 04:00:00,0.0,605.82,620.9,2022.2,3248.92
2025-10-04 05:00:00,0.0,562.37,596.86,1597.01,2756.23
2025-10-04 06:00:00,0.0,574.54,501.52,2027.19,3103.24
2025-10-04 07:00:00,248.32,466.29,596.29,1951.4,3262.3
2025-10-04 08:00:00,415.82,491.84,646.13,1760.98,3314.77
2025-10-04 09:00:00,501.42,605.63,716.93,1358.64,3182.62
2025-10-04 10:00:00,718.31,335.26,489.17,1534.51,3077.24
2025-10-04 11:00:00,980.01,580.95,584.6,1817.82,3963.38
2025-10-04 12:00:00,673.81,650.62,607.9,1554.41,3486.75
2025-10-04 13:00:00,859.91,499.9,618.84,1469.67,3448.31
2025-10-04 14:00:00,652.53,805.88,586.13,1899.7,3944.24
2025-10-04 15:00:00,596.31,545.73,574.49,1612.28,3328.81
2025-10-04 16:00:00,476.27,438.71,589.87,1786.21,3291.06
2025-10-04 17:00:00,230.62,519.33,638.19,1909.42,3297.56
2025-10-04 18:00:00,0.0,509.33,526.98,1523.5,2559.82
2025-10-04 19:00:00,0.0,615.21,505.81,1321.78,2442.8
2025-10-04 20:00:00,0.0,442.91,728.79,1613.72,2785.41
2025-10-04 21:00:00,0.0,454.57,604.38,1893.46,2952.41
2025-10-04 22:00:00,0.0,761.82,511.87,1661.5,2935.2
2025-10-04 23:00:00,0.0,236.08,603.54,1597.65,2437.27
2025-10-05 00:00:00,0.0,287.14,615.4,1727.3,2629.83
2025-10-05 01:00:00,0.0,392.79,624.43,1707.93,2725.16
2025-10-05 02:00:00,0.0,497.63,556.97,1320.57,2375.16
2025-10-05 03:00:00,0.0,456.98,609.2,1316.3,2382.49
2025-10-05 04:00:00,0.0,530.89,572.87,1683.28,2787.04
2025-10-05 05:00:00,0.0,393.7,545.47,1583.28,2522.45
2025-10-05 06:00:00,0.0,500.91,693.29,1608.86,2803.06
2025-10-05 07:00:00,253.46,282.78,595.41,1517.63,2649.28
2025-10-05 08:00:00,396.84,505.7,664.9,1584.19,3151.62
2025-10-05 09:00:00,552.8,618.79,606.29,1936.99,3714.87
2025-10-05 10:00:00,764.96,550.24,601.2,1101.73,3018.12
2025-10-05 11:00:00,706.7,425.79,576.42,1636.98,3345.89
2025-10-05 12:00:00,1050.42,471.3,568.1,1694.34,3784.16
2025-10-05 13:00:00,939.19,410.71,702.22,1543.31,3595.43
2025-10-05 14:00:00,758.31,365.46,536.26,1433.22,3093.24
2025-10-05 15:00:00,506.92,442.23,568.56,1432.38,2950.08
2025-10-05 16:00:00,459.05,430.68,571.94,1900.22,3361.89
2025-10-05 17:00:00,227.51,623.84,686.68,1659.65,3197.68
2025-10-05 18:00:00,0.0,708.56,603.55,2198.45,3510.56
2025-10-05 19:00:00,0.0,521.33,580.29,1469.63,2571.25
2025-10-05 20:00:00,0.0,472.1,605.11,1668.64,2745.85
2025-10-05 21:00:00,0.0,496.58,720.82,1620.42,2837.82
2025-10-05 22:00:00,0.0,431.22,634.76,1798.32,2864.29
2025-10-05 23:00:00,0.0,420.48,572.93,1831.15,2824.55
2025-10-06 00:00:00,0.0,537.86,645.98,1435.16,2619.0
2025-10-06 01:00:00,0.0,606.89,479.47,1787.2,2873.56
2025-10-06 02:00:00,0.0,471.13,594.1,1605.34,2670.57
2025-10-06 03:00:00,0.0,446.37,515.41,1519.44,2481.22
2025-10-06 04:00:00,0.0,665.08,522.46,1703.68,2891.22
2025-10-06 05:00:00,0.0,430.49,674.47,1781.97,2886.93
2025-10-06 06:00:00,0.0,407.61,726.24,1822.22,2956.07
2025-10-06 07:00:00,174.02,683.71,673.92,1816.3,3347.95
2025-10-06 08:00:00,373.9,465.4,679.99,1400.18,2919.46
2025-10-06 09:00:00,648.59,427.22,559.38,1904.09,3539.29
2025-10-06 10:00:00,732.31,165.51,579.68,1666.08,3143.58
2025-10-06 11:00:00,715.11,391.52,524.39,1481.5,3112.52
2025-10-06 12:00:00,664.88,407.38,580.78,1441.06,3094.11
2025-10-06 13:00:00,877.56,435.87,624.95,1639.7,3578.09
2025-10-06 14:00:00,863.02,467.53,563.37,1814.72,3708.64
2025-10-06 15:00:00,504.74,467.97,536.09,1864.97,3373.77
2025-10-06 16:00:00,471.87,563.96,504.16,1359.45,2899.44
2025-10-06 17:00:00,233.33,558.01,521.61,1424.1,2737.05
2025-10-06 18:00:00,0.0,848.94,520.28,1447.64,2816.86
2025-10-06 19:00:00,0.0,429.51,567.73,1473.6,2470.85
2025-10-06 20:00:00,0.0,347.7,760.79,1786.4,2894.89
2025-10-06 21:00:00,0.0,440.46,670.94,1896.13,3007.54
2025-10-06 22:00:00,0.0,339.35,640.89,1732.48,2712.72
2025-10-06 23:00:00,0.0,341.44,637.16,1472.43,2451.03
2025-10-07 00:00:00,0.0,431.95,628.11,1951.52,3011.57
2025-10-07 01:00:00,0.0,647.55,605.69,982.75,2236.0
2025-10-07 02:00:00,0.0,460.34,621.42,1406.54,2488.3
2025-10-07 03:00:00,0.0,300.95,635.77,1211.28,2148.0
2025-10-07 04:00:00,0.0,318.17,723.45,1281.19,2322.81
2025-10-07 05:00:00,0.0,627.72,559.55,1340.19,2527.46
2025-10-07 06:00:00,0.0,491.27,517.07,1663.37,2671.71
2025-10-07 07:00:00,228.34,459.92,673.28,1414.78,2776.33
2025-10-07 08:00:00,380.08,443.84,555.24,1884.38,3263.54
2025-10-07 09:00:00,539.67,498.0,683.92,794.07,2515.66
2025-10-07 10:00:00,959.1,545.67,647.14,1548.91,3700.82
2025-10-07 11:00:00,882.27,550.7,671.48,1804.06,3908.51
2025-10-07 12:00:00,953.65,479.76,627.93,2005.6,4066.94
2025-10-07 13:00:00,820.99,468.38,601.5,1539.83,3430.71
2025-10-07 14:00:00,885.29,491.87,704.23,1644.3,3725.7
2025-10-07 15:00:00,550.88,474.36,742.73,1628.91,3396.88
2025-10-07 16:00:00,416.56,689.99,671.59,1491.35,3269.49
2025-10-07 17:00:00,207.93,184.53,669.66,1737.26,2799.38
2025-10-07 18:00:00,0.0,470.58,647.79,1471.72,2590.1
2025-10-07 19:00:00,0.0,434.48,543.66,1907.17,2885.31
2025-10-07 20:00:00,0.0,467.15,756.97,1759.88,2984.0
2025-10-07 21:00:00,0.0,654.17,590.7,1798.85,3043.72
2025-10-07 22:00:00,0.0,368.39,668.97,1615.42,2652.78
2025-10-07 23:00:00,0.0,455.13,574.91,1699.91,2729.95
2025-10-08 00:00:00,0.0,549.19,645.72,1544.14,2739.05
2025-10-08 01:00:00,0.0,440.6,509.16,1942.78,2892.54
2025-10-08 02:00:00,0.0,447.35,511.59,1873.25,2832.2
2025-10-08 03:00:00,0.0,230.02,678.04,1575.15,2483.21
2025-10-08 04:00:00,0.0,667.92,699.62,1323.13,2690.68
2025-10-08 05:00:00,0.0,608.99,685.3,1603.85,2898.14
2025-10-08 06:00:00,0.0,600.28,625.14,1315.08,2540.49
2025-10-08 07:00:00,217.96,651.69,652.3,1855.99,3377.94
2025-10-08 08:00:00,366.55,200.0,494.6,1470.42,2531.58
2025-10-08 09:00:00,510.89,534.29,507.13,1630.69,3183.0
2025-10-08 10:00:00,784.63,559.28,607.15,1405.73,3356.8
2025-10-08 11:00:00,976.37,551.44,612.0,1774.07,3913.89
2025-10-08 12:00:00,884.77,538.89,684.85,1734.95,3843.46
2025-10-08 13:00:00,781.69,529.96,602.78,1500.69,3415.13
2025-10-08 14:00:00,712.5,526.92,540.37,1790.57,3570.36
2025-10-08 15:00:00,598.85,524.43,485.61,1446.12,3055.02
2025-10-08 16:00:00,485.43,583.01,567.97,1360.45,2996.86
2025-10-08 17:00:00,190.03,628.13,649.1,1801.89,3269.14
2025-10-08 18:00:00,0.0,388.66,703.67,1533.48,2625.81
2025-10-08 19:00:00,0.0,666.66,673.99,1761.24,3101.89
2025-10-08 20:00:00,0.0,373.52,588.41,2125.6,3087.53
2025-10-08 21:00:00,0.0,365.64,637.09,1798.57,2801.29
2025-10-08 22:00:00,0.0,544.83,617.98,1903.85,3066.66
2025-10-08 23:00:00,0.0,615.9,535.47,1511.86,2663.23
2025-10-09 00:00:00,0.0,658.28,681.16,1330.18,2669.62
2025-10-09 01:00:00,0.0,546.58,493.13,1517.69,2557.4
2025-10-09 02:00:00,0.0,447.43,611.27,1985.09,3043.78
2025-10-09 03:00:00,0.0,511.77,503.57,1830.3,2845.64
2025-10-09 04:00:00,0.0,441.48,654.85,1223.56,2319.89
2025-10-09 05:00:00,0.0,373.5,694.4,1743.86,2811.76
2025-10-09 06:00:00,0.0,256.33,712.76,1655.05,2624.14
2025-10-09 07:00:00,237.11,341.51,533.61,1735.4,2847.64
2025-10-09 08:00:00,452.87,455.75,597.81,1824.14,3330.57
2025-10-09 09:00:00,580.51,415.56,595.37,1755.84,3347.28
2025-10-09 10:00:00,787.48,479.58,625.47,1915.74,3808.27
2025-10-09 11:00:00,859.31,648.42,576.28,1735.86,3819.87
2025-10-09 12:00:00,907.62,433.36,654.63,1506.04,3501.64
2025-10-09 13:00:00,1008.95,676.89,645.9,1508.7,3840.43
2025-10-09 14:00:00,705.91,669.52,596.0,1809.36,3780.79
2025-10-09 15:00:00,676.68,467.86,667.99,1715.51,3528.04
2025-10-09 16:00:00,374.01,216.94,628.93,1722.07,2941.95
2025-10-09 17:00:00,244.0,560.6,628.74,1348.71,2782.04
2025-10-09 18:00:00,0.0,427.61,595.78,2004.6,3027.99
2025-10-09 19:00:00,0.0,537.48,632.79,1684.95,2855.23
2025-10-09 20:00:00,0.0,412.76,572.01,2052.42,3037.18
2025-10-09 21:00:00,0.0,610.66,500.0,2174.33,3285.0
2025-10-09 22:00:00,0.0,542.38,585.54,1203.82,2331.74
2025-10-09 23:00:00,0.0,441.47,595.26,2047.39,3084.12
2025-10-10 00:00:00,0.0,415.68,651.56,1897.45,2964.69
2025-10-10 01:00:00,0.0,591.81,740.59,1191.03,2523.43
2025-10-10 02:00:00,0.0,550.93,612.75,1063.66,2227.33
2025-10-10 03:00:00,0.0,669.49,601.35,1437.61,2708.45
2025-10-10 04:00:00,0.0,840.05,620.8,1895.69,3356.54
2025-10-10 05:00:00,0.0,539.6,624.7,1892.24,3056.54
2025-10-10 06:00:00,0.0,456.15,662.27,1266.52,2384.94
2025-10-10 07:00:00,228.14,685.25,657.52,1397.19,2968.1
2025-10-10 08:00:00,420.38,663.79,544.67,1439.75,3068.59
2025-10-10 09:00:00,619.01,727.91,597.14,1785.9,3729.96
2025-10-10 10:00:00,829.76,463.18,653.71,1349.23,3295.88
2025-10-10 11:00:00,891.64,553.29,636.68,1771.19,3852.81
2025-10-10 12:00:00,918.07,284.56,610.73,1260.1,3073.46
2025-10-10 13:00:00,483.63,490.71,615.28,1603.47,3193.1
2025-10-10 14:00:00,905.77,422.67,579.95,1346.07,3254.46
2025-10-10 15:00:00,538.18,331.71,633.03,1736.22,3239.14
2025-10-10 16:00:00,456.38,511.93,692.49,1156.0,2816.81
2025-10-10 17:00:00,170.32,574.29,622.46,1127.02,2494.09
2025-10-10 18:00:00,0.0,451.05,635.58,1644.28,2730.92
2025-10-10 19:00:00,0.0,451.34,658.05,1827.49,2936.88
2025-10-10 20:00:00,0.0,594.79,602.91,1704.12,2901.83
2025-10-10 21:00:00,0.0,325.56,621.05,1593.28,2539.89
2025-10-10 22:00:00,0.0,710.37,612.7,1485.55,2808.61
2025-10-10 23:00:00,0.0,488.99,548.34,1363.71,2401.04
2025-10-11 00:00:00,0.0,435.88,642.62,1715.33,2793.82
2025-10-11 01:00:00,0.0,243.27,713.01,1324.91,2281.2
2025-10-11 02:00:00,0.0,239.21,671.68,1796.91,2707.8
2025-10-11 03:00:00,0.0,355.23,686.67,982.41,2024.31
2025-10-11 04:00:00,0.0,231.01,569.61,1883.07,2683.69
2025-10-11 05:00:00,0.0,688.22,634.31,1384.02,2706.54
2025-10-11 06:00:00,0.0,536.99,718.8,1591.02,2846.81
2025-10-11 07:00:00,222.86,376.18,610.43,1809.99,3019.46
2025-10-11 08:00:00,242.17,561.42,677.84,1865.86,3347.29
2025-10-11 09:00:00,619.47,661.98,633.0,1183.07,3097.52
2025-10-11 10:00:00,759.7,572.06,772.72,1728.83,3833.31
2025-10-11 11:00:00,838.01,493.75,646.46,1461.05,3439.26
2025-10-11 12:00:00,893.46,421.49,610.96,1602.87,3528.78
2025-10-11 13:00:00,715.06,438.18,667.11,1976.89,3797.24
2025-10-11 14:00:00,587.04,396.24,657.64,1649.29,3290.21
2025-10-11 15:00:00,687.35,584.27,679.07,1243.59,3194.27
2025-10-11 16:00:00,446.66,484.91,579.3,1511.52,3022.39
2025-10-11 17:00:00,202.83,386.32,614.35,1162.24,2365.74
2025-10-11 18:00:00,0.0,450.89,646.49,1808.98,2906.37
2025-10-11 19:00:00,0.0,460.93,649.13,1106.19,2216.26
2025-10-11 20:00:00,0.0,657.84,711.22,1456.85,2825.91
2025-10-11 21:00:00,0.0,474.59,669.03,1781.66,2925.29
2025-10-11 22:00:00,0.0,622.66,652.79,1984.01,3259.46
2025-10-11 23:00:00,0.0,532.66,615.95,1974.35,3122.96
2025-10-12 00:00:00,0.0,645.46,687.53,1564.99,2897.98
2025-10-12 01:00:00,0.0,601.21,574.24,1738.69,2914.14
2025-10-12 02:00:00,0.0,246.7,645.74,1588.88,2481.32
2025-10-12 03:00:00,0.0,453.19,497.8,1554.01,2505.0
2025-10-12 04:00:00,0.0,289.3,576.11,1569.05,2434.45
2025-10-12 05:00:00,0.0,681.24,681.29,1617.39,2979.91
2025-10-12 06:00:00,0.0,453.16,615.48,1979.39,3048.03
2025-10-12 07:00:00,205.97,746.0,700.09,1812.6,3464.66
2025-10-12 08:00:00,427.5,450.64,540.73,1656.36,3075.23
2025-10-12 09:00:00,516.26,538.72,780.66,1722.45,3558.1
2025-10-12 10:00:00,528.32,510.98,566.3,1049.56,2655.16
2025-10-12 11:00:00,826.06,500.13,470.5,1680.19,3476.89
2025-10-12 12:00:00,895.17,727.71,591.08,1895.17,4109.13
2025-10-12 13:00:00,679.87,446.79,492.03,2153.96,3772.65
2025-10-12 14:00:00,674.02,528.28,566.59,1698.16,3467.04
2025-10-12 15:00:00,460.03,581.68,621.67,1636.01,3299.39
2025-10-12 16:00:00,407.15,523.78,475.74,1321.43,2728.1
2025-10-12 17:00:00,204.26,682.26,707.08,1355.02,2948.61
2025-10-12 18:00:00,0.0,570.93,671.51,1396.01,2638.45
2025-10-12 19:00:00,0.0,555.72,572.61,1479.13,2607.46
2025-10-12 20:00:00,0.0,544.04,559.67,2017.94,3121.64
2025-10-12 21:00:00,0.0,520.13,642.33,1907.13,3069.59
2025-10-12 22:00:00,0.0,409.16,644.65,1531.34,2585.15
2025-10-12 23:00:00,0.0,748.73,542.87,1172.19,2463.79
2025-10-13 00:00:00,0.0,461.06,710.21,1197.85,2369.11
2025-10-13 01:00:00,0.0,563.67,644.11,1240.78,2448.57
2025-10-13 02:00:00,0.0,404.37,643.14,1399.15,2446.66
2025-10-13 03:00:00,0.0,413.29,655.8,1737.91,2807.0
2025-10-13 04:00:00,0.0,605.01,606.61,1341.55,2553.17
2025-10-13 05:00:00,0.0,388.8,525.74,1558.76,2473.29
2025-10-13 06:00:00,0.0,517.59,550.22,1518.21,2586.02
2025-10-13 07:00:00,242.77,521.99,632.99,1230.74,2628.49
2025-10-13 08:00:00,420.33,537.94,629.13,1547.52,3134.92
2025-10-13 09:00:00,548.16,486.23,535.93,1912.5,3482.83
2025-10-13 10:00:00,735.33,441.19,648.9,1250.07,3075.49
2025-10-13 11:00:00,901.91,488.52,609.13,1212.33,3211.89
2025-10-13 12:00:00,918.82,590.97,716.15,1567.54,3793.49
2025-10-13 13:00:00,750.79,655.73,638.72,1732.56,3777.79
2025-10-13 14:00:00,610.09,411.47,653.07,1866.66,3541.3
2025-10-13 15:00:00,656.65,545.03,650.83,1343.28,3195.8
2025-10-13 16:00:00,533.93,637.06,722.49,1415.16,3308.64
2025-10-13 17:00:00,187.46,347.86,616.23,1866.18,3017.73
2025-10-13 18:00:00,0.0,670.23,618.62,1669.62,2958.47
2025-10-13 19:00:00,0.0,547.45,647.39,1503.46,2698.31
2025-10-13 20:00:00,0.0,448.88,619.94,1702.77,2771.58
2025-10-13 21:00:00,0.0,375.18,592.5,1474.67,2442.35
2025-10-13 22:00:00,0.0,641.91,751.64,1316.64,2710.19
2025-10-13 23:00:00,0.0,486.83,554.92,1647.81,2689.56
2025-10-14 00:00:00,0.0,535.96,635.12,1546.9,2717.98
2025-10-14 01:00:00,0.0,469.65,597.23,2013.86,3080.75
2025-10-14 02:00:00,0.0,233.37,567.67,1787.58,2588.62
2025-10-14 03:00:00,0.0,296.81,600.45,2081.25,2978.51
2025-10-14 04:00:00,0.0,519.02,651.64,1590.35,2761.02
2025-10-14 05:00:00,0.0,589.65,642.14,1382.48,2614.27
2025-10-14 06:00:00,0.0,649.71,562.6,1324.7,2537.01
2025-10-14 07:00:00,232.37,358.54,634.33,1312.87,2538.1
2025-10-14 08:00:00,567.95,493.88,637.71,1781.37,3480.91
2025-10-14 09:00:00,480.56,635.13,537.69,1591.77,3245.14
2025-10-14 10:00:00,626.34,457.35,570.8,2071.65,3726.13
2025-10-14 11:00:00,749.34,615.35,629.52,1480.43,3474.64
2025-10-14 12:00:00,725.45,367.77,714.98,1018.31,2826.51
2025-10-14 13:00:00,698.17,649.13,561.38,1790.48,3699.15
2025-10-14 14:00:00,758.28,305.5,525.23,1501.15,3090.16
2025-10-14 15:00:00,664.93,779.11,728.51,1165.86,3338.41
2025-10-14 16:00:00,503.46,335.05,434.56,1601.93,2875.01
2025-10-14 17:00:00,189.43,247.89,492.8,1855.59,2785.71
2025-10-14 18:00:00,0.0,598.53,538.01,1740.1,2876.64
2025-10-14 19:00:00,0.0,468.33,593.82,1746.98,2809.14
2025-10-14 20:00:00,0.0,400.81,715.93,1467.71,2584.45
2025-10-14 21:00:00,0.0,512.54,647.23,864.76,2024.52
2025-10-14 22:00:00,0.0,486.55,628.58,1710.61,2825.74
2025-10-14 23:00:00,0.0,516.17,591.73,1686.89,2794.79
2025-10-15 00:00:00,0.0,554.67,692.75,1606.49,2853.9
2025-10-15 01:00:00,0.0,605.15,608.48,1287.53,2501.15
2025-10-15 02:00:00,0.0,441.57,509.77,1980.88,2932.22
2025-10-15 03:00:00,0.0,273.73,541.96,2000.78,2816.47
2025-10-15 04:00:00,0.0,581.06,566.5,1476.85,2624.42
2025-10-15 05:00:00,0.0,336.69,636.63,1810.28,2783.61
2025-10-15 06:00:00,0.0,465.36,646.71,1622.0,2734.07
2025-10-15 07:00:00,284.55,519.97,562.11,1640.04,3006.67
2025-10-15 08:00:00,432.19,579.92,474.53,1454.05,2940.69
2025-10-15 09:00:00,529.54,425.38,523.47,1622.93,3101.32
2025-10-15 10:00:00,751.19,393.65,646.34,1633.27,3424.45
2025-10-15 11:00:00,924.63,401.69,572.75,1657.52,3556.6
2025-10-15 12:00:00,972.32,740.39,611.33,1668.51,3992.55
2025-10-15 13:00:00,865.03,557.14,550.91,1337.52,3310.6
2025-10-15 14:00:00,789.16,471.48,644.75,938.42,2843.8
2025-10-15 15:00:00,602.89,297.24,593.47,1797.76,3291.35
2025-10-15 16:00:00,371.52,380.38,612.63,1716.84,3081.36
2025-10-15 17:00:00,222.03,402.44,531.77,1881.63,3037.87
2025-10-15 18:00:00,0.0,345.07,602.86,1653.35,2601.28
2025-10-15 19:00:00,0.0,446.59,498.02,2059.91,3004.52
2025-10-15 20:00:00,0.0,370.82,584.08,1368.34,2323.24
2025-10-15 21:00:00,0.0,280.26,673.36,1199.97,2153.59
2025-10-15 22:00:00,0.0,504.69,633.83,2291.0,3429.52
2025-10-15 23:00:00,0.0,295.4,676.42,1718.55,2690.38
2025-10-16 00:00:00,0.0,629.01,566.97,1883.96,3079.94
2025-10-16 01:00:00,0.0,605.24,541.08,1691.19,2837.51
2025-10-16 02:00:00,0.0,548.4,620.86,1266.52,2435.79
2025-10-16 03:00:00,0.0,486.31,600.19,1758.92,2845.43
2025-10-16 04:00:00,0.0,259.65,712.47,1481.9,2454.03
2025-10-16 05:00:00,0.0,571.11,615.51,1706.71,2893.32
2025-10-16 06:00:00,0.0,420.89,541.01,1573.3,2535.2
2025-10-16 07:00:00,163.34,378.33,580.19,1297.51,2419.37
2025-10-16 08:00:00,395.63,529.26,615.71,1207.61,2748.21
2025-10-16 09:00:00,683.37,520.21,727.75,1465.0,3396.34
2025-10-16 10:00:00,641.28,509.36,679.0,2075.13,3904.77
2025-10-16 11:00:00,924.05,249.47,701.26,1705.88,3580.67
2025-10-16 12:00:00,733.59,344.08,631.54,1573.05,3282.26
2025-10-16 13:00:00,777.6,411.15,605.99,1373.31,3168.04
2025-10-16 14:00:00,529.63,455.61,579.1,1686.58,3250.91
2025-10-16 15:00:00,593.79,481.94,680.25,1349.58,3105.56
2025-10-16 16:00:00,441.79,428.06,626.96,1605.17,3101.97
2025-10-16 17:00:00,239.36,358.05,601.22,1548.83,2747.46
2025-10-16 18:00:00,0.0,433.31,678.57,1818.04,2929.92
2025-10-16 19:00:00,0.0,351.49,674.5,1324.68,2350.67
2025-10-16 20:00:00,0.0,803.17,521.12,1767.82,3092.1
2025-10-16 21:00:00,0.0,449.79,616.76,1728.75,2795.31
2025-10-16 22:00:00,0.0,476.8,718.26,1583.5,2778.56
2025-10-16 23:00:00,0.0,665.04,660.95,1334.04,2660.03
2025-10-17 00:00:00,0.0,338.12,614.93,993.84,1946.9
2025-10-17 01:00:00,0.0,414.41,595.47,1133.77,2143.65
2025-10-17 02:00:00,0.0,627.75,636.27,1784.02,3048.05
2025-10-17 03:00:00,0.0,481.17,627.09,1366.32,2474.58
2025-10-17 04:00:00,0.0,540.53,631.92,1511.35,2683.81
2025-10-17 05:00:00,0.0,640.49,691.69,1210.9,2543.09
2025-10-17 06:00:00,0.0,680.16,658.7,1117.89,2456.75
2025-10-17 07:00:00,214.66,505.45,602.08,1767.48,3089.66
2025-10-17 08:00:00,474.17,341.06,729.76,1537.16,3082.15
2025-10-17 09:00:00,665.04,398.77,589.55,1791.17,3444.53
2025-10-17 10:00:00,763.16,420.82,581.2,1205.82,2971.0
2025-10-17 11:00:00,784.03,433.1,722.98,1748.37,3688.48
2025-10-17 12:00:00,889.24,388.65,662.91,968.53,2909.33
2025-10-17 13:00:00,690.62,591.06,488.94,1622.64,3393.26
2025-10-17 14:00:00,621.17,426.31,658.4,1413.62,3119.5
2025-10-17 15:00:00,517.0,539.06,655.51,1205.21,2916.77
2025-10-17 16:00:00,390.37,285.17,674.88,1708.97,3059.39
2025-10-17 17:00:00,203.61,373.43,666.46,1784.45,3027.96
2025-10-17 18:00:00,0.0,711.13,554.92,1611.18,2877.23
2025-10-17 19:00:00,0.0,570.01,695.2,1533.34,2798.54
2025-10-17 20:00:00,0.0,666.62,606.38,1557.83,2830.83
2025-10-17 21:00:00,0.0,594.61,653.91,1242.11,2490.63
2025-10-17 22:00:00,0.0,565.47,629.01,1057.45,2251.93
2025-10-17 23:00:00,0.0,716.8,660.78,1768.46,3146.04
2025-10-18 00:00:00,0.0,690.16,561.99,1598.51,2850.66
2025-10-18 01:00:00,0.0,629.48,660.79,1726.46,3016.72
2025-10-18 02:00:00,0.0,285.24,544.58,1951.95,2781.77
2025-10-18 03:00:00,0.0,328.59,767.08,1903.13,2998.8
2025-10-18 04:00:00,0.0,525.98,613.73,1653.94,2793.65
2025-10-18 05:00:00,0.0,576.7,575.31,1672.33,2824.34
2025-10-18 06:00:00,0.0,697.43,656.07,1245.24,2598.74
2025-10-18 07:00:00,280.63,686.84,664.07,1441.14,3072.68
2025-10-18 08:00:00,486.43,692.74,605.68,1697.94,3482.79
2025-10-18 09:00:00,568.88,631.47,480.68,906.18,2587.2
2025-10-18 10:00:00,738.57,713.38,706.47,1858.55,4016.96
2025-10-18 11:00:00,632.51,428.61,617.3,1657.97,3336.39
2025-10-18 12:00:00,1057.22,444.35,638.59,1613.72,3753.88
2025-10-18 13:00:00,645.8,497.11,591.61,1797.76,3532.28
2025-10-18 14:00:00,694.07,555.39,645.01,1442.0,3336.47
2025-10-18 15:00:00,667.53,710.68,585.79,1520.04,3484.04
2025-10-18 16:00:00,507.98,392.44,561.05,1535.17,2996.64
2025-10-18 17:00:00,149.72,394.99,648.96,1928.54,3122.2
2025-10-18 18:00:00,0.0,534.68,621.91,1920.36,3076.95
2025-10-18 19:00:00,0.0,628.54,609.9,1527.78,2766.21
2025-10-18 20:00:00,0.0,573.77,527.22,1595.46,2696.45
2025-10-18 21:00:00,0.0,427.29,633.66,1070.11,2131.06
2025-10-18 22:00:00,0.0,497.19,669.49,1675.29,2841.97
2025-10-18 23:00:00,0.0,701.67,655.07,1790.79,3147.54
2025-10-19 00:00:00,0.0,651.26,674.01,1582.12,2907.39
2025-10-19 01:00:00,0.0,463.49,598.54,1339.39,2401.42
2025-10-19 02:00:00,0.0,318.37,535.47,1631.55,2485.39
2025-10-19 03:00:00,0.0,653.91,630.38,1650.6,2934.89
2025-10-19 04:00:00,0.0,621.14,698.37,1265.48,2584.99
2025-10-19 05:00:00,0.0,317.05,669.87,1502.82,2489.75
2025-10-19 06:00:00,0.0,601.48,672.12,1942.77,3216.38
2025-10-19 07:00:00,185.64,567.34,740.75,1889.69,3383.42
2025-10-19 08:00:00,375.29,466.39,678.41,1137.88,2657.96
2025-10-19 09:00:00,641.2,448.99,593.72,1978.19,3662.11
2025-10-19 10:00:00,861.74,456.17,529.27,1331.99,3179.16
2025-10-19 11:00:00,906.97,522.85,624.5,1631.18,3685.49
2025-10-19 12:00:00,951.98,281.09,669.33,1607.8,3510.2
2025-10-19 13:00:00,1053.08,395.42,680.06,2181.17,4309.73
2025-10-19 14:00:00,833.06,406.01,582.01,1899.54,3720.63
2025-10-19 15:00:00,600.6,459.23,595.93,1540.14,3195.89
2025-10-19 16:00:00,398.89,346.69,556.73,1675.05,2977.35
2025-10-19 17:00:00,233.85,512.5,559.95,1370.25,2676.55
2025-10-19 18:00:00,0.0,604.23,662.47,1310.23,2576.93
2025-10-19 19:00:00,0.0,660.77,668.33,1519.4,2848.5
2025-10-19 20:00:00,0.0,568.39,607.17,1441.28,2616.84
2025-10-19 21:00:00,0.0,644.86,719.74,1565.54,2930.14
2025-10-19 22:00:00,0.0,628.15,609.85,1464.72,2702.73
2025-10-19 23:00:00,0.0,434.1,595.29,1618.79,2648.18
2025-10-20 00:00:00,0.0,523.72,715.71,1383.89,2623.32
2025-10-20 01:00:00,0.0,404.3,534.17,1589.49,2527.96
2025-10-20 02:00:00,0.0,442.74,732.25,1985.6,3160.59
2025-10-20 03:00:00,0.0,435.17,587.29,1591.01,2613.47
2025-10-20 04:00:00,0.0,534.01,643.69,1373.3,2551.0
2025-10-20 05:00:00,0.0,310.33,551.3,1675.39,2537.02
2025-10-20 06:00:00,0.0,447.63,615.09,1676.25,2738.97
2025-10-20 07:00:00,196.9,331.52,673.18,1618.02,2819.62
2025-10-20 08:00:00,485.95,484.8,619.01,1942.88,3532.64
2025-10-20 09:00:00,632.91,604.97,695.82,1573.76,3507.46
2025-10-20 10:00:00,781.88,453.02,584.22,1175.1,2994.22
2025-10-20 11:00:00,969.88,603.76,605.04,1378.85,3557.54
2025-10-20 12:00:00,871.55,544.6,516.63,1594.63,3527.41
2025-10-20 13:00:00,805.83,565.33,544.3,1569.68,3485.14
2025-10-20 14:00:00,881.7,626.91,586.12,1625.05,3719.78
2025-10-20 15:00:00,362.1,470.86,650.32,1777.92,3261.2
2025-10-20 16:00:00,416.49,582.01,534.53,1462.54,2995.57
2025-10-20 17:00:00,186.39,290.7,671.22,2169.97,3318.28
2025-10-20 18:00:00,0.0,411.86,533.68,1506.78,2452.31
2025-10-20 19:00:00,0.0,609.04,583.35,1326.71,2519.09
2025-10-20 20:00:00,0.0,316.85,527.2,1338.48,2182.52
2025-10-20 21:00:00,0.0,645.38,588.58,1930.32,3164.28
2025-10-20 22:00:00,0.0,336.32,615.94,2014.26,2966.53
2025-10-20 23:00:00,0.0,369.54,638.74,1411.69,2419.96
2025-10-21 00:00:00,0.0,475.76,625.26,1218.79,2319.81
2025-10-21 01:00:00,0.0,683.65,640.0,1667.8,2991.45
2025-10-21 02:00:00,0.0,597.63,619.65,1903.35,3120.63
2025-10-21 03:00:00,0.0,561.91,647.34,1439.17,2648.42
2025-10-21 04:00:00,0.0,667.3,669.83,1462.42,2799.55
2025-10-21 05:00:00,0.0,556.63,528.89,1886.08,2971.59
2025-10-21 06:00:00,0.0,460.27,575.68,1804.71,2840.65
2025-10-21 07:00:00,236.89,540.36,617.83,1630.59,3025.68
2025-10-21 08:00:00,466.63,405.53,764.63,1737.74,3374.54
2025-10-21 09:00:00,556.7,576.54,536.46,1711.92,3381.63
2025-10-21 10:00:00,848.36,428.35,594.12,1534.59,3405.43
2025-10-21 11:00:00,945.09,771.93,543.31,1761.83,4022.16
2025-10-21 12:00:00,795.14,590.01,638.27,1683.23,3706.64
2025-10-21 13:00:00,896.22,550.07,628.74,1160.24,3235.28
2025-10-21 14:00:00,688.02,495.72,651.18,1487.65,3322.57
2025-10-21 15:00:00,535.79,453.25,564.24,1180.7,2733.98
2025-10-21 16:00:00,324.64,706.88,667.6,1340.06,3039.18
2025-10-21 17:00:00,229.19,549.61,591.56,1367.81,2738.18
2025-10-21 18:00:00,0.0,515.29,495.63,2141.72,3152.64
2025-10-21 19:00:00,0.0,621.94,499.83,1580.47,2702.24
2025-10-21 20:00:00,0.0,577.6,704.02,1623.5,2905.12
2025-10-21 21:00:00,0.0,660.44,643.97,1618.82,2923.23
2025-10-21 22:00:00,0.0,294.93,679.38,1658.63,2632.94
2025-10-21 23:00:00,0.0,545.66,553.03,1502.54,2601.22
2025-10-22 00:00:00,0.0,582.14,612.25,1223.28,2417.67
2025-10-22 01:00:00,0.0,496.64,564.95,1390.4,2452.0
2025-10-22 02:00:00,0.0,650.4,681.85,1495.52,2827.77
2025-10-22 03:00:00,0.0,290.7,594.05,1615.7,2500.45
2025-10-22 04:00:00,0.0,531.1,661.59,1451.27,2643.95
2025-10-22 05:00:00,0.0,682.4,592.63,1558.16,2833.2
2025-10-22 06:00:00,0.0,503.21,626.23,1467.24,2596.68
2025-10-22 07:00:00,190.75,621.98,691.13,1615.02,3118.88
2025-10-22 08:00:00,524.12,510.99,560.59,1436.61,3032.32
2025-10-22 09:00:00,582.09,412.58,596.86,1929.01,3520.54
2025-10-22 10:00:00,808.26,604.57,661.37,1554.56,3628.76
2025-10-22 11:00:00,829.88,281.18,644.94,1378.95,3134.95
2025-10-22 12:00:00,966.0,405.15,656.04,1764.82,3792.01
2025-10-22 13:00:00,1083.01,430.78,534.94,1285.27,3334.0
2025-10-22 14:00:00,689.67,578.28,575.23,1370.83,3214.01
2025-10-22 15:00:00,695.96,664.55,610.72,1834.43,3805.66
2025-10-22 16:00:00,401.7,695.39,656.22,1837.18,3590.49
2025-10-22 17:00:00,286.04,661.2,556.2,1658.35,3161.79
2025-10-22 18:00:00,0.0,407.96,688.22,1119.07,2215.25
2025-10-22 19:00:00,0.0,561.85,520.23,1524.85,2606.93
2025-10-22 20:00:00,0.0,502.3,617.36,1652.67,2772.33
2025-10-22 21:00:00,0.0,512.93,643.04,1753.88,2909.84
2025-10-22 22:00:00,0.0,392.68,638.19,1802.35,2833.22
2025-10-22 23:00:00,0.0,200.91,527.12,1651.21,2379.23
2025-10-23 00:00:00,0.0,377.45,503.98,1738.34,2619.77
2025-10-23 01:00:00,0.0,449.89,625.65,2007.65,3083.19
2025-10-23 02:00:00,0.0,405.79,562.05,1374.98,2342.82
2025-10-23 03:00:00,0.0,661.64,658.0,1288.94,2608.58
2025-10-23 04:00:00,0.0,420.43,549.89,1838.56,2808.88
2025-10-23 05:00:00,0.0,499.63,636.37,1454.04,2590.03
2025-10-23 06:00:00,0.0,479.41,704.01,1479.05,2662.47
2025-10-23 07:00:00,212.68,397.78,551.23,1190.42,2352.1
2025-10-23 08:00:00,438.35,828.32,598.54,1060.09,2925.29
2025-10-23 09:00:00,661.63,639.6,705.09,1584.19,3590.51
2025-10-23 10:00:00,598.65,510.76,670.86,1611.28,3391.55
2025-10-23 11:00:00,1159.64,501.67,637.53,1273.63,3572.47
2025-10-23 12:00:00,683.16,545.17,661.62,1137.16,3027.1
2025-10-23 13:00:00,876.74,423.24,676.82,1569.37,3546.17
2025-10-23 14:00:00,685.16,502.91,700.59,1634.6,3523.26
2025-10-23 15:00:00,620.85,600.58,625.83,1779.57,3626.83
2025-10-23 16:00:00,327.83,507.93,565.71,1605.58,3007.05
2025-10-23 17:00:00,224.34,482.32,767.56,1460.98,2935.19
2025-10-23 18:00:00,0.0,325.41,589.58,1877.45,2792.44
2025-10-23 19:00:00,0.0,689.15,556.09,1826.83,3072.07
2025-10-23 20:00:00,0.0,481.66,574.76,1324.07,2380.49
2025-10-23 21:00:00,0.0,444.09,588.05,1479.5,2511.65
2025-10-23 22:00:00,0.0,338.26,527.7,1413.36,2279.32
2025-10-23 23:00:00,0.0,562.72,632.22,1398.93,2593.87
2025-10-24 00:00:00,0.0,589.61,505.71,1716.42,2811.73
2025-10-24 01:00:00,0.0,283.69,666.79,1720.2,2670.67
2025-10-24 02:00:00,0.0,588.61,664.12,1883.22,3135.95
2025-10-24 03:00:00,0.0,452.14,596.19,1827.26,2875.59
2025-10-24 04:00:00,0.0,437.28,589.66,1911.93,2938.87
2025-10-24 05:00:00,0.0,504.28,559.66,1626.27,2690.2
2025-10-24 06:00:00,0.0,334.79,650.18,1744.07,2729.04
2025-10-24 07:00:00,233.0,467.48,508.85,1687.24,2896.57
2025-10-24 08:00:00,315.94,606.48,541.11,1496.7,2960.23
2025-10-24 09:00:00,381.23,240.11,585.08,1280.22,2486.64
2025-10-24 10:00:00,753.41,398.05,568.98,1479.28,3199.72
2025-10-24 11:00:00,861.07,322.96,562.21,2104.68,3850.91
2025-10-24 12:00:00,645.22,581.69,618.94,1471.2,3317.05
2025-10-24 13:00:00,651.56,354.51,607.8,1438.98,3052.85
2025-10-24 14:00:00,773.44,461.46,632.58,1289.27,3156.75
2025-10-24 15:00:00,667.46,541.26,711.55,1954.57,3874.84
2025-10-24 16:00:00,440.79,707.23,540.13,1515.09,3203.24
2025-10-24 17:00:00,206.88,414.32,684.75,1569.77,2875.72
2025-10-24 18:00:00,0.0,454.85,615.98,1571.4,2642.23
2025-10-24 19:00:00,0.0,619.0,666.44,1819.68,3105.11
2025-10-24 20:00:00,0.0,703.58,665.69,1635.68,3004.96
2025-10-24 21:00:00,0.0,501.44,484.5,1670.61,2656.56
2025-10-24 22:00:00,0.0,552.53,592.21,1561.62,2706.36
2025-10-24 23:00:00,0.0,526.23,686.33,1352.84,2565.4
2025-10-25 00:00:00,0.0,408.55,617.22,1806.86,2832.63
2025-10-25 01:00:00,0.0,556.58,599.73,1406.06,2562.37
2025-10-25 02:00:00,0.0,537.09,617.44,1859.22,3013.75
2025-10-25 03:00:00,0.0,518.4,638.64,1878.21,3035.26
2025-10-25 04:00:00,0.0,518.25,637.05,1630.43,2785.72
2025-10-25 05:00:00,0.0,543.89,556.84,1475.78,2576.51
2025-10-25 06:00:00,0.0,697.72,601.52,1507.77,2807.01
2025-10-25 07:00:00,240.5,638.96,631.07,1608.43,3118.96
2025-10-25 08:00:00,382.8,559.95,642.35,1650.1,3235.2
2025-10-25 09:00:00,566.71,376.61,652.68,1782.62,3378.62
2025-10-25 10:00:00,677.69,596.6,707.39,1696.52,3678.2
2025-10-25 11:00:00,734.34,368.39,655.26,1765.66,3523.65
2025-10-25 12:00:00,840.76,581.3,629.58,1561.15,3612.79
2025-10-25 13:00:00,1191.79,473.23,533.12,1284.69,3482.83
2025-10-25 14:00:00,745.5,611.27,797.93,1563.42,3718.13
2025-10-25 15:00:00,632.36,605.78,686.74,2109.56,4034.44
2025-10-25 16:00:00,493.58,386.01,604.33,1044.8,2528.71
2025-10-25 17:00:00,259.07,362.55,543.05,1969.68,3134.34
2025-10-25 18:00:00,0.0,478.12,662.74,1867.87,3008.73
2025-10-25 19:00:00,0.0,320.71,637.38,1841.24,2799.33
2025-10-25 20:00:00,0.0,404.93,593.37,1274.76,2273.07
2025-10-25 21:00:00,0.0,568.16,622.44,1038.89,2229.48
2025-10-25 22:00:00,0.0,576.97,622.43,1145.48,2344.88
2025-10-25 23:00:00,0.0,512.87,521.98,1834.23,2869.07
2025-10-26 00:00:00,0.0,334.51,607.02,1622.86,2564.39
2025-10-26 01:00:00,0.0,442.22,648.94,1589.36,2680.51
2025-10-26 02:00:00,0.0,472.68,637.3,1364.84,2474.82
2025-10-26 03:00:00,0.0,423.08,624.59,1472.53,2520.21
2025-10-26 04:00:00,0.0,437.34,671.04,977.66,2086.04
2025-10-26 05:00:00,0.0,703.11,630.12,1390.17,2723.4
2025-10-26 06:00:00,0.0,404.16,579.9,1335.8,2319.85
2025-10-26 07:00:00,199.08,388.94,558.93,1425.28,2572.22
2025-10-26 08:00:00,405.13,434.76,638.44,1815.36,3293.69
2025-10-26 09:00:00,642.79,652.77,568.0,1974.17,3837.73
2025-10-26 10:00:00,763.8,456.2,582.42,1467.26,3269.68
2025-10-26 11:00:00,710.63,574.04,664.8,1724.31,3673.77
2025-10-26 12:00:00,902.82,446.16,721.65,1360.55,3431.18
2025-10-26 13:00:00,864.41,501.37,682.48,1768.31,3816.58
2025-10-26 14:00:00,676.6,626.06,547.43,1655.2,3505.28
2025-10-26 15:00:00,622.5,296.51,635.53,1824.22,3378.76
2025-10-26 16:00:00,458.73,390.56,577.66,1574.47,3001.41
2025-10-26 17:00:00,234.95,425.95,513.08,1692.3,2866.27
2025-10-26 18:00:00,0.0,300.98,688.04,1444.43,2433.45
2025-10-26 19:00:00,0.0,421.82,604.09,771.63,1797.55
2025-10-26 20:00:00,0.0,726.07,668.42,1944.79,3339.28
2025-10-26 21:00:00,0.0,463.27,655.4,1517.58,2636.25
2025-10-26 22:00:00,0.0,325.61,603.65,1736.26,2665.51
2025-10-26 23:00:00,0.0,574.78,613.96,1751.23,2939.96
2025-10-27 00:00:00,0.0,654.29,622.21,1770.17,3046.67
2025-10-27 01:00:00,0.0,441.27,602.91,1694.76,2738.93
2025-10-27 02:00:00,0.0,442.08,690.76,1348.4,2481.24
2025-10-27 03:00:00,0.0,608.64,545.02,1620.56,2774.22
2025-10-27 04:00:00,0.0,890.89,546.24,1501.57,2938.71
2025-10-27 05:00:00,0.0,565.5,721.24,1384.16,2670.9
2025-10-27 06:00:00,0.0,375.87,638.56,1345.05,2359.47
2025-10-27 07:00:00,213.47,417.0,584.75,1870.58,3085.8
2025-10-27 08:00:00,492.94,587.62,629.31,1855.51,3565.39
2025-10-27 09:00:00,608.27,327.98,580.11,1374.38,2890.73
2025-10-27 10:00:00,692.3,608.62,512.35,1573.03,3386.31
2025-10-27 11:00:00,781.43,500.17,527.39,1560.48,3369.47
2025-10-27 12:00:00,1068.08,645.03,721.11,1768.93,4203.16
2025-10-27 13:00:00,862.45,629.65,568.72,2135.76,4196.57
2025-10-27 14:00:00,808.47,650.96,569.25,1596.32,3624.99
2025-10-27 15:00:00,421.25,556.93,552.43,1566.99,3097.6
2025-10-27 16:00:00,439.16,474.89,537.58,1741.42,3193.05
2025-10-27 17:00:00,220.96,482.57,569.15,1111.8,2384.48
2025-10-27 18:00:00,0.0,451.92,679.99,1787.68,2919.58
2025-10-27 19:00:00,0.0,384.53,622.94,1523.04,2530.51
2025-10-27 20:00:00,0.0,467.54,617.09,1623.41,2708.04
2025-10-27 21:00:00,0.0,416.85,456.14,1645.43,2518.42
2025-10-27 22:00:00,0.0,459.93,656.56,1199.91,2316.4
2025-10-27 23:00:00,0.0,644.45,498.16,1463.35,2605.96
2025-10-28 00:00:00,0.0,686.16,585.04,1933.26,3204.47
2025-10-28 01:00:00,0.0,595.89,631.31,1531.66,2758.86
2025-10-28 02:00:00,0.0,480.83,617.8,1717.88,2816.51
2025-10-28 03:00:00,0.0,552.69,611.53,1441.99,2606.2
2025-10-28 04:00:00,0.0,499.19,595.74,1388.45,2483.38
2025-10-28 05:00:00,0.0,466.17,734.93,1265.99,2467.08
2025-10-28 06:00:00,0.0,662.38,674.28,1779.93,3116.59
2025-10-28 07:00:00,278.06,402.22,730.2,1675.37,3085.86
2025-10-28 08:00:00,475.64,447.25,609.59,1634.75,3167.22
2025-10-28 09:00:00,473.0,580.38,645.24,1223.41,2922.03
2025-10-28 10:00:00,871.99,339.43,775.04,1198.22,3184.68
2025-10-28 11:00:00,569.89,535.76,694.0,1987.67,3787.32
2025-10-28 12:00:00,968.34,396.23,587.62,1827.62,3779.82
2025-10-28 13:00:00,844.44,584.94,600.23,1319.96,3349.58
2025-10-28 14:00:00,698.75,574.84,761.67,1044.17,3079.43
2025-10-28 15:00:00,417.38,550.52,599.74,1522.57,3090.21
2025-10-28 16:00:00,265.09,671.83,610.95,1956.93,3504.81
2025-10-28 17:00:00,222.31,395.68,601.51,1839.94,3059.45
2025-10-28 18:00:00,0.0,375.67,543.0,1511.46,2430.13
2025-10-28 19:00:00,0.0,522.03,635.5,1651.24,2808.77
2025-10-28 20:00:00,0.0,505.76,579.53,1698.24,2783.54
2025-10-28 21:00:00,0.0,572.49,634.42,1667.92,2874.84
2025-10-28 22:00:00,0.0,519.64,619.97,1930.74,3070.35
2025-10-28 23:00:00,0.0,408.75,517.16,1549.1,2475.0
2025-10-29 00:00:00,0.0,371.61,507.23,1634.97,2513.81
2025-10-29 01:00:00,0.0,632.85,679.17,1594.39,2906.4
2025-10-29 02:00:00,0.0,387.42,594.4,1420.38,2402.19
2025-10-29 03:00:00,0.0,412.94,462.64,1563.79,2439.37
2025-10-29 04:00:00,0.0,445.4,755.7,1623.18,2824.28
2025-10-29 05:00:00,0.0,537.99,705.65,1670.22,2913.85
2025-10-29 06:00:00,0.0,550.18,662.57,1954.52,3167.27
2025-10-29 07:00:00,227.0,542.03,606.34,1462.19,2837.57
2025-10-29 08:00:00,429.18,514.54,620.85,1680.47,3245.04
2025-10-29 09:00:00,660.97,350.37,484.13,1683.29,3178.76
2025-10-29 10:00:00,597.41,363.24,640.31,2074.14,3675.09
2025-10-29 11:00:00,1049.15,476.57,651.95,1891.82,4069.49
2025-10-29 12:00:00,711.55,482.54,684.06,1243.21,3121.35
2025-10-29 13:00:00,953.28,571.66,688.81,1320.52,3534.26
2025-10-29 14:00:00,820.26,221.7,645.64,1935.35,3622.95
2025-10-29 15:00:00,416.52,748.46,504.29,1658.48,3327.75
2025-10-29 16:00:00,433.32,619.51,584.06,1933.41,3570.3
2025-10-29 17:00:00,211.28,653.92,639.1,1716.67,3220.97
2025-10-29 18:00:00,0.0,389.86,578.72,1101.82,2070.39
2025-10-29 19:00:00,0.0,596.85,556.92,1328.89,2482.65
2025-10-29 20:00:00,0.0,454.24,572.3,1239.04,2265.58
2025-10-29 21:00:00,0.0,346.87,660.55,1386.56,2393.98
2025-10-29 22:00:00,0.0,712.46,521.94,1556.1,2790.5
2025-10-29 23:00:00,0.0,311.34,694.72,1627.52,2633.58
2025-10-30 00:00:00,0.0,537.6,524.77,1843.78,2906.15
2025-10-30 01:00:00,0.0,417.21,563.91,1730.6,2711.72
2025-10-30 02:00:00,0.0,355.39,660.54,1803.75,2819.68
2025-10-30 03:00:00,0.0,417.71,558.63,1667.14,2643.48
2025-10-30 04:00:00,0.0,486.25,459.32,1915.32,2860.89
2025-10-30 05:00:00,0.0,739.92,668.24,1880.89,3289.05
2025-10-30 06:00:00,0.0,598.09,584.46,1473.13,2655.67
2025-10-30 07:00:00,170.73,602.71,565.25,1156.08,2494.77
2025-10-30 08:00:00,455.54,380.87,697.57,1650.55,3184.53
2025-10-30 09:00:00,553.06,529.64,640.8,1500.76,3224.26
2025-10-30 10:00:00,680.16,627.05,649.96,1741.74,3698.91
2025-10-30 11:00:00,719.03,712.91,544.92,1706.41,3683.28
2025-10-30 12:00:00,936.54,604.9,499.47,1412.66,3453.56
2025-10-30 13:00:00,502.79,558.1,696.06,1743.39,3500.34
2025-10-30 14:00:00,834.55,523.3,625.52,1397.27,3380.64
2025-10-30 15:00:00,463.51,470.42,597.4,1756.16,3287.48
2025-10-30 16:00:00,438.52,336.54,728.71,1414.57,2918.33
2025-10-30 17:00:00,215.59,492.48,644.09,1483.27,2835.44
2025-10-30 18:00:00,0.0,706.36,632.1,1675.11,3013.57
2025-10-30 19:00:00,0.0,379.21,705.31,1772.27,2856.79
2025-10-30 20:00:00,0.0,681.37,647.24,1703.25,3031.86
2025-10-30 21:00:00,0.0,340.19,705.1,1888.54,2933.83
2025-10-30 22:00:00,0.0,713.08,619.64,1770.14,3102.86
2025-10-30 23:00:00,0.0,549.35,659.33,1543.17,2751.84
2025-10-31 00:00:00,0.0,457.35,553.8,1763.51,2774.66
2025-10-31 01:00:00,0.0,599.66,735.19,1742.68,3077.53
2025-10-31 02:00:00,0.0,260.71,563.76,1691.24,2515.71
2025-10-31 03:00:00,0.0,392.46,587.93,1650.98,2631.37
2025-10-31 04:00:00,0.0,420.83,609.43,1648.4,2678.66
2025-10-31 05:00:00,0.0,416.29,674.74,1676.1,2767.13
2025-10-31 06:00:00,0.0,406.01,657.75,1904.3,2968.06
2025-10-31 07:00:00,158.04,476.79,585.8,2144.15,3364.78
2025-10-31 08:00:00,488.47,412.27,731.26,947.96,2579.96
2025-10-31 09:00:00,619.45,520.41,578.09,1687.37,3405.32
2025-10-31 10:00:00,751.8,302.97,512.98,1653.66,3221.42
2025-10-31 11:00:00,742.8,520.19,626.45,1587.51,3476.95
2025-10-31 12:00:00,988.97,279.14,592.16,1343.28,3203.56
2025-10-31 13:00:00,875.26,656.77,517.34,1945.46,3994.83
2025-10-31 14:00:00,726.31,382.75,659.7,1130.55,2899.32
2025-10-31 15:00:00,464.72,505.39,669.23,1425.15,3064.48
2025-10-31 16:00:00,371.83,559.39,504.66,1398.55,2834.43
2025-10-31 17:00:00,259.19,465.61,555.48,1502.02,2782.3
2025-10-31 18:00:00,0.0,339.3,674.49,1865.95,2879.74
2025-10-31 19:00:00,0.0,670.65,632.43,1546.21,2849.3
2025-10-31 20:00:00,0.0,460.07,638.99,1729.03,2828.08
2025-10-31 21:00:00,0.0,359.59,610.25,1621.89,2591.73
2025-10-31 22:00:00,0.0,640.36,564.99,1472.15,2677.5
2025-10-31 23:00:00,0.0,492.4,622.73,1568.99,2684.11
2025-11-01 00:00:00,0.0,540.83,713.26,1599.06,2853.15
2025-11-01 01:00:00,0.0,590.47,719.82,1873.45,3183.74
2025-11-01 02:00:00,0.0,529.52,656.78,1590.19,2776.48
2025-11-01 03:00:00,0.0,611.86,731.93,1470.47,2814.26
2025-11-01 04:00:00,0.0,440.58,731.67,1561.14,2733.39
2025-11-01 05:00:00,0.0,502.0,612.18,1606.21,2720.39
2025-11-01 06:00:00,0.0,515.9,649.15,1277.3,2442.35
2025-11-01 07:00:00,187.66,598.23,633.14,1642.21,3061.25
2025-11-01 08:00:00,419.6,673.35,630.87,1144.7,2868.52
2025-11-01 09:00:00,630.97,450.98,662.76,1524.2,3268.9
2025-11-01 10:00:00,767.36,547.46,697.79,1419.37,3431.99
2025-11-01 11:00:00,853.78,354.81,658.05,1299.09,3165.73
2025-11-01 12:00:00,931.49,488.94,651.55,1711.65,3783.62
2025-11-01 13:00:00,891.86,565.71,633.41,1388.31,3479.29
2025-11-01 14:00:00,802.52,678.58,652.7,1768.85,3902.65
2025-11-01 15:00:00,468.6,492.83,620.51,1412.87,2994.81
2025-11-01 16:00:00,384.21,446.57,763.42,1432.23,3026.42
2025-11-01 17:00:00,217.05,644.16,578.31,1864.89,3304.41
2025-11-01 18:00:00,0.0,419.37,707.88,1676.76,2804.02
2025-11-01 19:00:00,0.0,516.69,592.16,2011.41,3120.26
2025-11-01 20:00:00,0.0,524.76,577.93,1655.8,2758.49
2025-11-01 21:00:00,0.0,423.73,737.25,1498.94,2659.92
2025-11-01 22:00:00,0.0,470.6,580.03,1198.89,2249.52
2025-11-01 23:00:00,0.0,514.24,648.47,1928.53,3091.24
2025-11-02 00:00:00,0.0,445.67,618.38,1501.41,2565.47
2025-11-02 01:00:00,0.0,454.45,629.37,1359.68,2443.5
2025-11-02 02:00:00,0.0,551.67,613.26,1337.21,2502.15
2025-11-02 03:00:00,0.0,404.32,575.94,1608.75,2589.02
2025-11-02 04:00:00,0.0,467.01,794.47,1301.07,2562.55
2025-11-02 05:00:00,0.0,549.07,644.59,1380.49,2574.15
2025-11-02 06:00:00,0.0,315.87,627.28,1872.99,2816.14
2025-11-02 07:00:00,220.34,561.01,616.75,1710.3,3108.4
2025-11-02 08:00:00,389.93,643.68,656.1,1226.97,2916.68
2025-11-02 09:00:00,639.89,405.65,724.39,1964.11,3734.04
2025-11-02 10:00:00,686.16,509.25,589.51,1926.12,3711.04
2025-11-02 11:00:00,859.81,565.11,720.86,1430.31,3576.08
2025-11-02 12:00:00,798.71,775.19,780.6,1467.84,3822.35
2025-11-02 13:00:00,727.33,516.3,613.71,1300.57,3157.91
2025-11-02 14:00:00,720.12,479.42,556.56,1312.96,3069.05
2025-11-02 15:00:00,627.01,370.97,632.81,1509.0,3139.79
2025-11-02 16:00:00,448.74,460.66,574.54,1662.84,3146.78
2025-11-02 17:00:00,230.75,627.86,705.37,1811.82,3375.81
2025-11-02 18:00:00,0.0,441.79,652.33,1557.98,2652.1
2025-11-02 19:00:00,0.0,462.82,614.35,1257.01,2334.19
2025-11-02 20:00:00,0.0,598.15,703.69,1794.79,3096.63
2025-11-02 21:00:00,0.0,422.15,625.51,1479.73,2527.38
2025-11-02 22:00:00,0.0,409.81,623.01,2058.42,3091.23
2025-11-02 23:00:00,0.0,433.66,638.61,1042.2,2114.47
2025-11-03 00:00:00,0.0,361.93,601.05,1609.29,2572.26
2025-11-03 01:00:00,0.0,290.13,589.71,1860.52,2740.36
2025-11-03 02:00:00,0.0,719.02,716.33,1783.26,3218.61
2025-11-03 03:00:00,0.0,382.0,656.12,1616.27,2654.4
2025-11-03 04:00:00,0.0,629.55,604.22,1781.72,3015.49
2025-11-03 05:00:00,0.0,453.74,630.8,1451.35,2535.89
2025-11-03 06:00:00,0.0,726.7,564.86,1419.12,2710.68
2025-11-03 07:00:00,202.13,520.01,665.16,1116.9,2504.19
2025-11-03 08:00:00,411.96,570.04,709.08,1794.01,3485.09
2025-11-03 09:00:00,520.24,430.41,708.38,1830.73,3489.76
2025-11-03 10:00:00,727.03,800.75,613.72,1454.14,3595.64
2025-11-03 11:00:00,824.39,380.76,720.24,1738.45,3663.84
2025-11-03 12:00:00,776.12,541.44,621.76,1425.29,3364.6
2025-11-03 13:00:00,784.47,843.16,673.15,1942.0,4242.78
2025-11-03 14:00:00,704.54,330.17,658.27,1286.23,2979.21
2025-11-03 15:00:00,490.07,449.35,506.4,1286.46,2732.29
2025-11-03 16:00:00,503.18,481.79,626.74,1529.08,3140.8
2025-11-03 17:00:00,211.03,588.89,715.34,1644.11,3159.37
2025-11-03 18:00:00,0.0,287.44,680.79,1638.64,2606.88
2025-11-03 19:00:00,0.0,609.81,681.53,1502.31,2793.64
2025-11-03 20:00:00,0.0,346.2,657.04,1577.71,2580.95
2025-11-03 21:00:00,0.0,363.72,638.25,1516.08,2518.05
2025-11-03 22:00:00,0.0,426.25,512.95,1205.19,2144.39
2025-11-03 23:00:00,0.0,522.03,593.69,1389.77,2505.49
2025-11-04 00:00:00,0.0,411.18,700.72,1720.05,2831.95
2025-11-04 01:00:00,0.0,467.81,624.45,1270.14,2362.4
2025-11-04 02:00:00,0.0,442.06,615.47,1622.61,2680.14
2025-11-04 03:00:00,0.0,433.2,715.96,1623.6,2772.76
2025-11-04 04:00:00,0.0,489.37,626.84,1376.92,2493.13
2025-11-04 05:00:00,0.0,479.85,610.35,1592.8,2683.0
2025-11-04 06:00:00,0.0,520.21,627.09,1676.22,2823.51
2025-11-04 07:00:00,232.07,715.85,646.36,1949.89,3544.17
2025-11-04 08:00:00,340.86,422.21,673.95,1940.57,3377.59
2025-11-04 09:00:00,702.94,448.17,692.68,2037.6,3881.39
2025-11-04 10:00:00,777.09,408.67,728.65,1787.41,3701.81
2025-11-04 11:00:00,690.56,470.31,736.73,1287.11,3184.71
2025-11-04 12:00:00,851.43,624.76,552.84,1510.29,3539.32
2025-11-04 13:00:00,930.63,234.81,705.73,1395.69,3266.86
2025-11-04 14:00:00,781.77,556.85,722.33,1720.99,3781.95
2025-11-04 15:00:00,659.81,382.48,655.15,1466.81,3164.25
2025-11-04 16:00:00,402.76,601.16,677.03,1749.86,3430.8
2025-11-04 17:00:00,192.16,443.55,682.36,1892.69,3210.77
2025-11-04 18:00:00,0.0,406.51,686.64,1717.33,2810.48
2025-11-04 19:00:00,0.0,631.89,659.83,1490.63,2782.35
2025-11-04 20:00:00,0.0,571.79,663.09,1863.51,3098.39
2025-11-04 21:00:00,0.0,572.92,606.68,1104.41,2284.0
2025-11-04 22:00:00,0.0,597.84,717.24,1171.34,2486.42
2025-11-04 23:00:00,0.0,573.98,548.4,1895.31,3017.69
2025-11-05 00:00:00,0.0,464.23,686.15,1431.37,2581.75
2025-11-05 01:00:00,0.0,624.42,742.67,1387.99,2755.08
2025-11-05 02:00:00,0.0,515.07,696.44,1325.73,2537.24
2025-11-05 03:00:00,0.0,406.94,691.36,1605.05,2703.35
2025-11-05 04:00:00,0.0,734.19,740.32,1632.1,3106.61
2025-11-05 05:00:00,0.0,572.2,762.04,1630.5,2964.74
2025-11-05 06:00:00,0.0,417.31,593.6,1500.2,2511.1
2025-11-05 07:00:00,198.48,311.54,718.96,1662.5,2891.48
2025-11-05 08:00:00,402.55,606.51,558.49,1824.76,3392.31
2025-11-05 09:00:00,563.0,473.62,536.08,1611.14,3183.83
2025-11-05 10:00:00,930.54,665.14,710.22,1722.49,4028.4
2025-11-05 11:00:00,844.09,553.33,612.79,1722.76,3732.97
2025-11-05 12:00:00,787.86,528.53,641.76,1539.0,3497.14
2025-11-05 13:00:00,821.58,523.14,622.05,1752.24,3719.02
2025-11-05 14:00:00,818.6,662.72,633.15,1724.6,3839.06
2025-11-05 15:00:00,665.37,313.42,595.0,2144.02,3717.82
2025-11-05 16:00:00,472.84,413.98,688.4,1341.27,2916.49
2025-11-05 17:00:00,185.17,634.18,708.17,1444.69,2972.21
2025-11-05 18:00:00,0.0,544.5,738.0,1196.66,2479.16
2025-11-05 19:00:00,0.0,489.18,600.97,1301.61,2391.76
2025-11-05 20:00:00,0.0,496.16,666.19,1465.25,2627.61
2025-11-05 21:00:00,0.0,609.16,607.28,1733.18,2949.62
2025-11-05 22:00:00,0.0,441.44,599.61,1599.51,2640.57
2025-11-05 23:00:00,0.0,399.53,622.55,1443.68,2465.76
2025-11-06 00:00:00,0.0,570.67,820.07,1693.73,3084.47
2025-11-06 01:00:00,0.0,384.44,663.8,1921.93,2970.17
2025-11-06 02:00:00,0.0,467.34,779.21,1941.94,3188.5
2025-11-06 03:00:00,0.0,686.32,682.09,1771.97,3140.38
2025-11-06 04:00:00,0.0,525.62,606.53,1846.41,2978.56
2025-11-06 05:00:00,0.0,564.65,722.52,1633.6,2920.77
2025-11-06 06:00:00,0.0,574.77,550.96,1776.66,2902.38
2025-11-06 07:00:00,239.86,477.19,709.41,1344.02,2770.48
2025-11-06 08:00:00,455.31,543.47,710.05,1736.12,3444.94
2025-11-06 09:00:00,700.59,333.05,629.31,1691.35,3354.31
2025-11-06 10:00:00,709.89,389.97,593.81,1625.09,3318.77
2025-11-06 11:00:00,1021.17,492.17,668.93,1966.29,4148.56
2025-11-06 12:00:00,950.44,517.87,678.01,1382.94,3529.27
2025-11-06 13:00:00,603.8,573.92,703.66,1854.95,3736.33
2025-11-06 14:00:00,687.22,579.42,562.97,1473.31,3302.93
2025-11-06 15:00:00,552.02,651.52,698.4,2102.79,4004.74
2025-11-06 16:00:00,421.9,685.57,627.6,1419.83,3154.9
2025-11-06 17:00:00,241.62,596.97,735.68,1498.98,3073.24
2025-11-06 18:00:00,0.0,310.48,673.09,1180.88,2164.45
2025-11-06 19:00:00,0.0,390.66,694.72,1779.78,2865.16
2025-11-06 20:00:00,0.0,370.67,678.83,1701.96,2751.46
2025-11-06 21:00:00,0.0,460.62,785.33,1351.19,2597.15
2025-11-06 22:00:00,0.0,707.03,722.33,1496.95,2926.31
2025-11-06 23:00:00,0.0,297.86,598.8,1189.04,2085.69
2025-11-07 00:00:00,0.0,544.6,590.3,1866.73,3001.63
2025-11-07 01:00:00,0.0,595.01,639.71,1231.72,2466.44
2025-11-07 02:00:00,0.0,368.29,714.01,1973.53,3055.83
2025-11-07 03:00:00,0.0,509.51,662.77,1832.38,3004.66
2025-11-07 04:00:00,0.0,383.74,724.75,1323.43,2431.92
2025-11-07 05:00:00,0.0,397.02,773.75,1249.46,2420.23
2025-11-07 06:00:00,0.0,508.43,580.02,1171.59,2260.03
2025-11-07 07:00:00,266.06,312.17,576.54,1876.43,3031.19
2025-11-07 08:00:00,453.07,570.62,594.63,1590.34,3208.66
2025-11-07 09:00:00,678.17,566.27,708.62,1733.01,3686.07
2025-11-07 10:00:00,577.9,653.36,567.94,1953.38,3752.58
2025-11-07 11:00:00,945.48,448.7,572.57,1571.39,3538.13
2025-11-07 12:00:00,678.93,584.0,706.36,1754.82,3724.1
2025-11-07 13:00:00,975.92,496.82,664.42,1308.68,3445.85
2025-11-07 14:00:00,831.74,458.84,590.47,1462.18,3343.23
2025-11-07 15:00:00,565.67,617.51,624.18,1347.93,3155.29
2025-11-07 16:00:00,488.98,633.07,700.57,1616.4,3439.03
2025-11-07 17:00:00,251.72,698.76,587.12,1278.21,2815.8
2025-11-07 18:00:00,0.0,541.2,616.24,1504.54,2661.98
2025-11-07 19:00:00,0.0,387.28,572.79,1642.25,2602.32
2025-11-07 20:00:00,0.0,320.59,620.64,990.13,1931.36
2025-11-07 21:00:00,0.0,697.0,687.29,1615.37,2999.65
2025-11-07 22:00:00,0.0,406.26,596.65,1314.22,2317.13
2025-11-07 23:00:00,0.0,559.35,667.94,2084.44,3311.72
2025-11-08 00:00:00,0.0,395.8,637.17,1647.59,2680.56
2025-11-08 01:00:00,0.0,505.44,687.96,1743.89,2937.3
2025-11-08 02:00:00,0.0,392.68,639.62,2122.58,3154.88
2025-11-08 03:00:00,0.0,411.38,635.3,1517.72,2564.39
2025-11-08 04:00:00,0.0,756.84,624.27,1214.93,2596.04
2025-11-08 05:00:00,0.0,411.87,737.25,1217.74,2366.87
2025-11-08 06:00:00,0.0,655.87,692.74,1299.13,2647.74
2025-11-08 07:00:00,233.41,391.01,570.73,1347.27,2542.42
2025-11-08 08:00:00,476.43,510.47,712.44,1704.8,3404.13
2025-11-08 09:00:00,554.83,493.58,822.62,1573.52,3444.56
2025-11-08 10:00:00,961.31,388.16,650.52,1214.88,3214.87
2025-11-08 11:00:00,755.99,453.34,733.76,1640.55,3583.64
2025-11-08 12:00:00,879.01,675.49,547.65,1848.05,3950.21
2025-11-08 13:00:00,714.77,210.53,710.36,1412.54,3048.2
2025-11-08 14:00:00,600.37,473.46,507.17,1623.72,3204.73
2025-11-08 15:00:00,708.16,294.88,626.36,1654.83,3284.22
2025-11-08 16:00:00,492.34,380.34,638.09,1545.2,3055.97
2025-11-08 17:00:00,220.14,410.98,675.49,1682.39,2989.0
2025-11-08 18:00:00,0.0,682.13,629.24,1715.6,3026.96
2025-11-08 19:00:00,0.0,449.6,652.92,1625.14,2727.66
2025-11-08 20:00:00,0.0,318.17,671.4,1651.53,2641.1
2025-11-08 21:00:00,0.0,576.81,685.01,1914.96,3176.77
2025-11-08 22:00:00,0.0,696.14,577.23,1432.06,2705.42
2025-11-08 23:00:00,0.0,590.23,633.26,1607.42,2830.91
2025-11-09 00:00:00,0.0,586.62,640.38,1560.72,2787.72
2025-11-09 01:00:00,0.0,603.32,746.02,1632.35,2981.68
2025-11-09 02:00:00,0.0,293.38,725.11,1455.03,2473.52
2025-11-09 03:00:00,0.0,585.18,552.2,1345.85,2483.23
2025-11-09 04:00:00,0.0,642.19,683.87,1803.32,3129.38
2025-11-09 05:00:00,0.0,445.72,537.88,1534.74,2518.34
2025-11-09 06:00:00,0.0,450.32,671.78,1613.09,2735.19
2025-11-09 07:00:00,254.91,516.26,625.85,1260.14,2657.15
2025-11-09 08:00:00,496.24,452.33,708.76,1851.41,3508.73
2025-11-09 09:00:00,535.77,614.2,614.25,1857.87,3622.1
2025-11-09 10:00:00,854.02,601.37,560.16,1416.05,3431.6
2025-11-09 11:00:00,884.51,370.07,729.82,1628.61,3613.02
2025-11-09 12:00:00,855.56,444.84,655.89,1533.98,3490.27
2025-11-09 13:00:00,909.02,416.03,754.93,2044.45,4124.44
2025-11-09 14:00:00,695.31,552.64,717.07,1795.01,3760.02
2025-11-09 15:00:00,731.68,446.41,635.49,1952.37,3765.96
2025-11-09 16:00:00,454.09,415.03,701.63,1687.04,3257.8
2025-11-09 17:00:00,207.7,516.63,618.42,1125.99,2468.73
2025-11-09 18:00:00,0.0,641.8,628.94,1818.52,3089.26
2025-11-09 19:00:00,0.0,474.45,735.45,1901.73,3111.62
2025-11-09 20:00:00,0.0,768.47,626.0,1855.15,3249.62
2025-11-09 21:00:00,0.0,429.13,672.44,1444.81,2546.38
2025-11-09 22:00:00,0.0,407.28,663.66,1245.85,2316.78
2025-11-09 23:00:00,0.0,517.02,768.16,1039.33,2324.5
2025-11-10 00:00:00,0.0,320.74,650.71,1915.3,2886.75
2025-11-10 01:00:00,0.0,538.97,623.33,1489.48,2651.77
2025-11-10 02:00:00,0.0,638.49,761.79,1695.48,3095.76
2025-11-10 03:00:00,0.0,609.3,618.48,1263.93,2491.71
2025-11-10 04:00:00,0.0,589.76,563.48,1975.93,3129.17
2025-11-10 05:00:00,0.0,377.4,624.31,1697.13,2698.84
2025-11-10 06:00:00,0.0,445.93,700.18,1313.35,2459.46
2025-11-10 07:00:00,241.27,469.41,508.46,1687.37,2906.5
2025-11-10 08:00:00,453.53,411.25,733.22,1460.3,3058.3
2025-11-10 09:00:00,625.93,712.95,715.57,1656.0,3710.46
2025-11-10 10:00:00,702.54,412.24,701.93,1135.69,2952.4
2025-11-10 11:00:00,702.85,552.69,572.2,1436.97,3264.71
2025-11-10 12:00:00,934.28,528.6,537.75,1623.93,3624.56
2025-11-10 13:00:00,761.73,426.9,497.07,1691.75,3377.45
2025-11-10 14:00:00,762.14,482.81,715.92,1604.79,3565.65
2025-11-10 15:00:00,633.07,405.27,717.94,1252.68,3008.95
2025-11-10 16:00:00,429.27,633.38,609.06,1390.73,3062.44
2025-11-10 17:00:00,235.4,713.6,600.19,1146.74,2695.93
2025-11-10 18:00:00,0.0,480.77,632.75,1357.88,2471.4
2025-11-10 19:00:00,0.0,285.16,550.19,961.87,1797.21
2025-11-10 20:00:00,0.0,585.81,618.29,1845.93,3050.03
2025-11-10 21:00:00,0.0,473.76,623.37,1308.33,2405.46
2025-11-10 22:00:00,0.0,533.93,677.14,1394.8,2605.88
2025-11-10 23:00:00,0.0,546.43,688.69,1958.23,3193.36
2025-11-11 00:00:00,0.0,483.42,641.07,1130.53,2255.02
2025-11-11 01:00:00,0.0,555.87,607.58,1469.07,2632.53
2025-11-11 02:00:00,0.0,625.67,705.6,2135.67,3466.94
2025-11-11 03:00:00,0.0,504.01,660.79,1638.92,2803.71
2025-11-11 04:00:00,0.0,430.07,691.58,1269.57,2391.22
2025-11-11 05:00:00,0.0,441.61,747.35,1778.49,2967.45
2025-11-11 06:00:00,0.0,393.81,578.21,1782.38,2754.4
2025-11-11 07:00:00,219.35,568.48,705.0,1649.53,3142.36
2025-11-11 08:00:00,510.34,585.19,646.62,1438.17,3180.31
2025-11-11 09:00:00,499.2,369.08,662.47,1216.46,2747.21
2025-11-11 10:00:00,590.19,372.94,714.91,1624.46,3302.5
2025-11-11 11:00:00,764.84,353.68,563.55,1485.02,3167.08
2025-11-11 12:00:00,957.67,369.67,668.47,1654.21,3650.01
2025-11-11 13:00:00,811.21,488.33,676.85,1409.62,3386.01
2025-11-11 14:00:00,809.28,556.56,698.76,1495.01,3559.62
2025-11-11 15:00:00,536.37,451.86,673.18,1628.35,3289.76
2025-11-11 16:00:00,363.79,773.38,659.22,1572.5,3368.89
2025-11-11 17:00:00,253.56,277.95,709.49,1556.22,2797.22
2025-11-11 18:00:00,0.0,480.94,610.31,1587.75,2679.0
2025-11-11 19:00:00,0.0,552.12,615.65,1725.4,2893.18
2025-11-11 20:00:00,0.0,189.87,657.7,1635.12,2482.7
2025-11-11 21:00:00,0.0,503.42,813.53,1939.72,3256.67
2025-11-11 22:00:00,0.0,293.87,663.08,1563.26,2520.22
2025-11-11 23:00:00,0.0,657.95,714.45,1331.4,2703.79
2025-11-12 00:00:00,0.0,463.24,584.3,1482.54,2530.07
2025-11-12 01:00:00,0.0,676.7,707.62,1581.57,2965.89
2025-11-12 02:00:00,0.0,408.8,626.33,1361.53,2396.66
2025-11-12 03:00:00,0.0,704.1,757.05,2052.19,3513.33
2025-11-12 04:00:00,0.0,295.91,555.07,1886.24,2737.22
2025-11-12 05:00:00,0.0,464.6,598.1,1752.41,2815.12
2025-11-12 06:00:00,0.0,503.34,650.8,1462.03,2616.16
2025-11-12 07:00:00,233.23,671.52,643.12,1544.64,3092.51
2025-11-12 08:00:00,462.11,368.92,610.96,1663.87,3105.85
2025-11-12 09:00:00,536.59,323.73,688.4,1616.81,3165.53
2025-11-12 10:00:00,738.46,642.32,642.87,1722.99,3746.63
2025-11-12 11:00:00,704.87,437.62,678.89,1681.2,3502.57
2025-11-12 12:00:00,841.25,427.73,581.07,2204.43,4054.49
2025-11-12 13:00:00,931.47,309.63,602.39,1582.63,3426.12
2025-11-12 14:00:00,840.32,465.92,667.83,1496.36,3470.43
2025-11-12 15:00:00,555.01,832.92,462.75,1484.66,3335.34
2025-11-12 16:00:00,255.05,471.53,533.73,1377.54,2637.85
2025-11-12 17:00:00,262.53,294.36,608.73,1978.53,3144.14
2025-11-12 18:00:00,0.0,527.48,522.32,1432.04,2481.84
2025-11-12 19:00:00,0.0,470.0,657.96,1659.01,2786.97
2025-11-12 20:00:00,0.0,532.33,684.09,1439.5,2655.92
2025-11-12 21:00:00,0.0,719.66,634.01,1893.96,3247.63
2025-11-12 22:00:00,0.0,526.82,798.54,1338.68,2664.04
2025-11-12 23:00:00,0.0,808.89,635.58,1070.74,2515.21
2025-11-13 00:00:00,0.0,391.08,643.17,1562.3,2596.55
2025-11-13 01:00:00,0.0,524.59,711.23,1419.59,2655.41
2025-11-13 02:00:00,0.0,555.15,628.67,1586.96,2770.78
2025-11-13 03:00:00,0.0,207.32,709.7,1077.91,1994.93
2025-11-13 04:00:00,0.0,611.27,599.78,1542.03,2753.08
2025-11-13 05:00:00,0.0,530.45,682.49,1531.56,2744.5
2025-11-13 06:00:00,0.0,476.48,696.1,1800.19,2972.77
2025-11-13 07:00:00,186.97,404.0,638.85,1318.73,2548.55
2025-11-13 08:00:00,308.61,655.79,712.22,1639.23,3315.85
2025-11-13 09:00:00,762.6,542.46,625.54,1760.51,3691.1
2025-11-13 10:00:00,582.19,449.69,670.78,1979.66,3682.32
2025-11-13 11:00:00,775.0,517.82,742.98,2044.34,4080.14
2025-11-13 12:00:00,971.62,459.6,722.39,1539.42,3693.03
2025-11-13 13:00:00,769.22,535.63,700.39,1094.12,3099.36
2025-11-13 14:00:00,605.97,546.14,632.34,1914.55,3699.0
2025-11-13 15:00:00,675.84,405.61,657.68,1490.38,3229.52
2025-11-13 16:00:00,431.56,365.09,596.72,1713.28,3106.64
2025-11-13 17:00:00,247.49,687.55,573.37,2045.42,3553.83
2025-11-13 18:00:00,0.0,236.41,702.06,1429.04,2367.51
2025-11-13 19:00:00,0.0,530.7,682.87,1595.85,2809.42
2025-11-13 20:00:00,0.0,467.78,637.08,1597.95,2702.81
2025-11-13 21:00:00,0.0,553.85,736.57,1889.06,3179.48
2025-11-13 22:00:00,0.0,580.16,584.1,2151.56,3315.81
2025-11-13 23:00:00,0.0,372.89,528.43,1414.86,2316.18
2025-11-14 00:00:00,0.0,386.71,636.57,1411.38,2434.65
2025-11-14 01:00:00,0.0,374.74,557.05,1477.21,2409.01
2025-11-14 02:00:00,0.0,540.35,692.08,1569.95,2802.39
2025-11-14 03:00:00,0.0,474.88,743.96,1565.45,2784.29
2025-11-14 04:00:00,0.0,489.4,690.78,1660.45,2840.63
2025-11-14 05:00:00,0.0,470.09,630.07,1586.78,2686.94
2025-11-14 06:00:00,0.0,410.1,702.29,1728.79,2841.18
2025-11-14 07:00:00,180.63,551.04,666.4,1921.05,3319.12
2025-11-14 08:00:00,486.45,442.59,772.1,1442.33,3143.47
2025-11-14 09:00:00,689.8,316.25,658.46,1529.54,3194.05
2025-11-14 10:00:00,735.95,493.39,666.38,1149.67,3045.39
2025-11-14 11:00:00,992.97,628.11,688.1,1600.43,3909.62
2025-11-14 12:00:00,773.53,433.23,701.58,1763.51,3671.85
2025-11-14 13:00:00,898.39,294.61,596.63,2123.5,3913.13
2025-11-14 14:00:00,785.72,460.45,646.64,1436.63,3329.43
2025-11-14 15:00:00,507.88,588.06,636.44,1649.05,3381.44
2025-11-14 16:00:00,468.9,515.27,590.46,1835.07,3409.69
2025-11-14 17:00:00,195.84,590.44,670.35,1522.43,2979.06
2025-11-14 18:00:00,0.0,411.38,602.82,1557.18,2571.39
2025-11-14 19:00:00,0.0,445.2,575.63,1502.42,2523.25
2025-11-14 20:00:00,0.0,527.43,665.58,1660.09,2853.1
2025-11-14 21:00:00,0.0,478.55,600.44,1836.09,2915.08
2025-11-14 22:00:00,0.0,620.66,614.87,1587.48,2823.01
2025-11-14 23:00:00,0.0,685.02,657.21,1812.17,3154.39
2025-11-15 00:00:00,0.0,395.01,703.66,1745.28,2843.95
2025-11-15 01:00:00,0.0,392.55,671.94,1292.68,2357.17
2025-11-15 02:00:00,0.0,527.51,620.94,1590.77,2739.22
2025-11-15 03:00:00,0.0,368.41,770.15,1466.59,2605.14
2025-11-15 04:00:00,0.0,539.8,695.73,1767.74,3003.28
2025-11-15 05:00:00,0.0,536.66,611.08,1605.0,2752.73
2025-11-15 06:00:00,0.0,354.49,646.85,1401.22,2402.57
2025-11-15 07:00:00,176.67,546.16,706.04,1087.1,2515.97
2025-11-15 08:00:00,441.14,426.36,693.82,1755.74,3317.06
2025-11-15 09:00:00,576.67,401.04,617.88,1796.42,3392.01
2025-11-15 10:00:00,565.41,417.34,607.75,1788.28,3378.78
2025-11-15 11:00:00,834.78,560.48,672.95,2101.41,4169.61
2025-11-15 12:00:00,827.78,417.53,637.47,1730.44,3613.21
2025-11-15 13:00:00,1090.62,482.95,647.15,1743.32,3964.04
2025-11-15 14:00:00,684.57,449.91,594.54,1522.43,3251.44
2025-11-15 15:00:00,718.46,539.39,590.91,1620.77,3469.54
2025-11-15 16:00:00,377.27,587.91,673.59,1494.26,3133.03
2025-11-15 17:00:00,226.96,431.21,744.83,1416.83,2819.83
2025-11-15 18:00:00,0.0,476.16,721.0,1705.82,2902.98
2025-11-15 19:00:00,0.0,587.53,626.7,1538.83,2753.06
2025-11-15 20:00:00,0.0,608.98,696.6,1786.72,3092.3
2025-11-15 21:00:00,0.0,457.97,701.99,1614.75,2774.71
2025-11-15 22:00:00,0.0,471.3,704.07,1445.47,2620.85
2025-11-15 23:00:00,0.0,317.13,657.56,1569.11,2543.8
2025-11-16 00:00:00,0.0,789.38,624.58,1304.77,2718.72
2025-11-16 01:00:00,0.0,414.74,552.04,1801.83,2768.62
2025-11-16 02:00:00,0.0,628.6,563.73,1419.92,2612.25
2025-11-16 03:00:00,0.0,528.5,654.34,1771.06,2953.9
2025-11-16 04:00:00,0.0,615.39,627.37,1417.36,2660.12
2025-11-16 05:00:00,0.0,539.65,700.83,1419.78,2660.26
2025-11-16 06:00:00,0.0,609.95,710.89,1389.11,2709.95
2025-11-16 07:00:00,156.18,520.83,507.43,1573.31,2757.75
2025-11-16 08:00:00,469.03,501.57,689.83,1714.6,3375.03
2025-11-16 09:00:00,638.96,515.71,659.76,1556.95,3371.37
2025-11-16 10:00:00,681.99,419.96,680.49,1738.36,3520.8
2025-11-16 11:00:00,666.75,461.99,652.09,1815.26,3596.1
2025-11-16 12:00:00,924.28,344.79,668.69,1539.71,3477.46
2025-11-16 13:00:00,964.11,593.08,582.35,1650.91,3790.45
2025-11-16 14:00:00,840.5,662.25,661.98,1340.61,3505.34
2025-11-16 15:00:00,561.38,373.28,621.56,1768.96,3325.19
2025-11-16 16:00:00,409.72,307.73,626.18,1412.22,2755.85
2025-11-16 17:00:00,198.04,598.97,684.49,1537.46,3018.96
2025-11-16 18:00:00,0.0,492.0,631.44,1705.19,2828.62
2025-11-16 19:00:00,0.0,294.95,607.34,1420.12,2322.42
2025-11-16 20:00:00,0.0,498.35,728.94,1180.76,2408.05
2025-11-16 21:00:00,0.0,538.9,700.65,1416.4,2655.94
2025-11-16 22:00:00,0.0,675.06,604.0,1864.65,3143.71
2025-11-16 23:00:00,0.0,649.12,617.41,1389.92,2656.45
2025-11-17 00:00:00,0.0,548.31,698.42,1902.05,3148.78
2025-11-17 01:00:00,0.0,682.19,686.65,1564.22,2933.07
2025-11-17 02:00:00,0.0,838.77,653.99,1191.39,2684.15
2025-11-17 03:00:00,0.0,681.23,678.66,1706.57,3066.46
2025-11-17 04:00:00,0.0,495.2,523.52,1747.18,2765.9
2025-11-17 05:00:00,0.0,412.77,788.33,1766.96,2968.06
2025-11-17 06:00:00,0.0,394.96,727.18,1196.01,2318.16
2025-11-17 07:00:00,236.82,333.28,632.09,1156.35,2358.55
2025-11-17 08:00:00,428.76,598.13,642.8,1738.94,3408.63
2025-11-17 09:00:00,607.31,492.49,532.45,2146.63,3778.88
2025-11-17 10:00:00,679.5,634.94,596.65,1930.54,3841.63
2025-11-17 11:00:00,906.49,282.03,740.19,1412.67,3341.39
2025-11-17 12:00:00,926.86,541.63,667.69,1935.97,4072.15
2025-11-17 13:00:00,959.25,526.22,614.83,1090.75,3191.04
2025-11-17 14:00:00,780.24,458.19,642.58,1655.59,3536.59
2025-11-17 15:00:00,521.34,394.43,609.29,1396.72,2921.79
2025-11-17 16:00:00,440.74,362.89,672.36,1621.48,3097.47
2025-11-17 17:00:00,258.92,512.83,693.22,1338.33,2803.31
2025-11-17 18:00:00,0.0,414.31,776.87,1723.81,2914.99
2025-11-17 19:00:00,0.0,391.78,598.19,1907.85,2897.82
2025-11-17 20:00:00,0.0,325.03,752.64,1499.23,2576.9
2025-11-17 21:00:00,0.0,531.85,566.32,1726.87,2825.04
2025-11-17 22:00:00,0.0,615.89,571.45,1686.79,2874.13
2025-11-17 23:00:00,0.0,464.18,743.63,1649.65,2857.45
2025-11-18 00:00:00,0.0,548.81,663.65,1738.68,2951.13
2025-11-18 01:00:00,0.0,557.1,539.93,2035.03,3132.05
2025-11-18 02:00:00,0.0,586.8,558.95,1354.26,2500.01
2025-11-18 03:00:00,0.0,640.93,650.92,1819.44,3111.29
2025-11-18 04:00:00,0.0,730.21,723.19,1389.05,2842.45
2025-11-18 05:00:00,0.0,562.59,629.05,1559.28,2750.91
2025-11-18 06:00:00,0.0,360.05,703.12,1780.58,2843.75
2025-11-18 07:00:00,238.03,432.26,697.95,1567.96,2936.21
2025-11-18 08:00:00,456.14,466.17,642.52,1847.54,3412.37
2025-11-18 09:00:00,596.97,475.79,651.0,1667.1,3390.86
2025-11-18 10:00:00,899.41,394.92,746.87,1996.87,4038.07
2025-11-18 11:00:00,779.74,363.54,646.36,1672.81,3462.45
2025-11-18 12:00:00,944.97,602.48,703.4,1565.68,3816.54
2025-11-18 13:00:00,991.71,301.06,677.63,1761.97,3732.37
2025-11-18 14:00:00,656.14,541.93,663.86,1706.66,3568.59
2025-11-18 15:00:00,567.77,611.43,618.61,1390.3,3188.1
2025-11-18 16:00:00,466.71,478.92,695.4,994.44,2635.47
2025-11-18 17:00:00,218.39,750.55,651.93,1813.31,3434.18
2025-11-18 18:00:00,0.0,751.21,721.34,1677.63,3150.17
2025-11-18 19:00:00,0.0,486.3,534.18,1821.12,2841.6
2025-11-18 20:00:00,0.0,713.79,643.31,1020.93,2378.04
2025-11-18 21:00:00,0.0,382.52,596.12,1424.64,2403.28
2025-11-18 22:00:00,0.0,533.87,690.25,1625.91,2850.03
2025-11-18 23:00:00,0.0,471.46,697.41,998.71,2167.59
2025-11-19 00:00:00,0.0,575.2,638.31,1631.95,2845.45
2025-11-19 01:00:00,0.0,553.83,667.41,1742.76,2964.0
2025-11-19 02:00:00,0.0,390.9,683.82,1834.7,2909.42
2025-11-19 03:00:00,0.0,499.12,685.21,1400.24,2584.57
2025-11-19 04:00:00,0.0,374.02,637.34,2161.84,3173.21
2025-11-19 05:00:00,0.0,335.18,613.18,1937.53,2885.89
2025-11-19 06:00:00,0.0,568.65,658.67,1867.73,3095.04
2025-11-19 07:00:00,224.94,196.87,509.65,1619.75,2551.2
2025-11-19 08:00:00,476.58,648.36,767.97,1772.88,3665.77
2025-11-19 09:00:00,458.65,405.98,633.11,1844.3,3342.05
2025-11-19 10:00:00,738.14,190.51,605.49,1571.64,3105.77
2025-11-19 11:00:00,793.46,584.63,608.01,1936.11,3922.22
2025-11-19 12:00:00,919.13,552.18,757.55,1547.5,3776.36
2025-11-19 13:00:00,875.1,582.9,687.57,1875.95,4021.52
2025-11-19 14:00:00,652.56,580.63,623.32,1828.0,3684.52
2025-11-19 15:00:00,562.22,463.11,646.82,1210.51,2882.67
2025-11-19 16:00:00,500.93,382.83,702.14,1312.41,2898.31
2025-11-19 17:00:00,241.98,567.21,619.42,1703.43,3132.03
2025-11-19 18:00:00,0.0,634.6,685.31,1733.28,3053.19
2025-11-19 19:00:00,0.0,520.96,709.75,1445.47,2676.18
2025-11-19 20:00:00,0.0,612.12,744.25,1268.16,2624.52
2025-11-19 21:00:00,0.0,472.74,739.79,1727.96,2940.49
2025-11-19 22:00:00,0.0,426.21,546.6,947.37,1920.18
2025-11-19 23:00:00,0.0,799.12,602.32,1447.75,2849.19
2025-11-20 00:00:00,0.0,547.13,614.53,1718.4,2880.05
2025-11-20 01:00:00,0.0,592.45,601.49,1796.64,2990.58
2025-11-20 02:00:00,0.0,624.08,617.77,1866.3,3108.14
2025-11-20 03:00:00,0.0,463.77,695.0,1965.87,3124.64
2025-11-20 04:00:00,0.0,679.61,733.44,1390.14,2803.2
2025-11-20 05:00:00,0.0,531.19,684.33,1479.18,2694.7
2025-11-20 06:00:00,0.0,536.69,601.25,1803.59,2941.53
2025-11-20 07:00:00,212.29,502.57,666.2,1135.36,2516.43
2025-11-20 08:00:00,445.26,297.82,658.91,1470.02,2872.01
2025-11-20 09:00:00,476.49,597.08,697.31,1514.18,3285.05
2025-11-20 10:00:00,808.82,500.22,596.27,1265.94,3171.25
2025-11-20 11:00:00,750.98,406.06,651.98,1458.05,3267.07
2025-11-20 12:00:00,807.77,429.6,690.96,1938.87,3867.19
2025-11-20 13:00:00,800.29,750.98,781.82,1348.77,3681.86
2025-11-20 14:00:00,918.67,600.69,696.7,1066.59,3282.64
2025-11-20 15:00:00,654.36,373.88,692.63,1341.35,3062.22
2025-11-20 16:00:00,330.33,648.18,734.84,1890.59,3603.94
2025-11-20 17:00:00,239.28,516.37,681.81,1814.37,3251.83
2025-11-20 18:00:00,0.0,610.02,635.27,1626.79,2872.09
2025-11-20 19:00:00,0.0,528.3,717.64,1288.62,2534.55
2025-11-20 20:00:00,0.0,543.45,675.15,1090.93,2309.52
2025-11-20 21:00:00,0.0,358.13,762.74,1768.18,2889.05
2025-11-20 22:00:00,0.0,416.86,538.53,1483.25,2438.63
2025-11-20 23:00:00,0.0,533.37,568.92,1477.18,2579.47
2025-11-21 00:00:00,0.0,465.99,648.13,1708.44,2822.56
2025-11-21 01:00:00,0.0,597.55,697.2,1788.21,3082.96
2025-11-21 02:00:00,0.0,529.91,698.83,1318.65,2547.39
2025-11-21 03:00:00,0.0,445.77,693.94,1316.12,2455.83
2025-11-21 04:00:00,0.0,389.24,701.17,1812.52,2902.92
2025-11-21 05:00:00,0.0,431.37,578.16,1172.08,2181.6
2025-11-21 06:00:00,0.0,275.8,631.45,1818.66,2725.91
2025-11-21 07:00:00,187.08,409.41,622.5,1544.69,2763.67
2025-11-21 08:00:00,362.26,248.33,600.16,1587.46,2798.21
2025-11-21 09:00:00,600.08,304.95,697.74,1952.88,3555.64
2025-11-21 10:00:00,779.38,253.97,649.63,1386.48,3069.46
2025-11-21 11:00:00,842.88,648.57,695.58,1731.54,3918.57
2025-11-21 12:00:00,823.49,672.85,642.48,1716.74,3855.56
2025-11-21 13:00:00,842.41,317.72,631.98,1370.99,3163.1
2025-11-21 14:00:00,688.23,705.83,612.61,1388.05,3394.72
2025-11-21 15:00:00,464.24,473.63,653.44,1564.94,3156.25
2025-11-21 16:00:00,298.38,259.15,637.71,1443.62,2638.86
2025-11-21 17:00:00,249.55,685.57,699.66,1520.14,3154.92
2025-11-21 18:00:00,0.0,637.12,691.97,1369.09,2698.18
2025-11-21 19:00:00,0.0,366.52,723.59,1606.76,2696.86
2025-11-21 20:00:00,0.0,488.24,684.03,2021.57,3193.84
2025-11-21 21:00:00,0.0,443.44,723.34,1278.79,2445.57
2025-11-21 22:00:00,0.0,315.95,558.7,1634.75,2509.41
2025-11-21 23:00:00,0.0,648.59,641.65,1373.33,2663.57
2025-11-22 00:00:00,0.0,570.1,536.12,1583.4,2689.62
2025-11-22 01:00:00,0.0,523.52,517.56,1822.56,2863.65
2025-11-22 02:00:00,0.0,581.56,656.31,1580.56,2818.44
2025-11-22 03:00:00,0.0,561.15,588.34,1576.78,2726.27
2025-11-22 04:00:00,0.0,272.27,679.02,1716.63,2667.92
2025-11-22 05:00:00,0.0,629.99,618.67,1385.38,2634.04
2025-11-22 06:00:00,0.0,597.42,684.67,1389.11,2671.2
2025-11-22 07:00:00,236.55,409.58,692.37,1442.64,2781.14
2025-11-22 08:00:00,394.29,415.35,690.49,1700.03,3200.16
2025-11-22 09:00:00,541.9,696.06,615.96,1568.8,3422.72
2025-11-22 10:00:00,846.8,649.65,609.7,1686.39,3792.55
2025-11-22 11:00:00,780.79,314.7,662.62,1678.8,3436.91
2025-11-22 12:00:00,944.33,425.18,692.0,867.52,2929.03
2025-11-22 13:00:00,798.8,447.04,757.22,1724.83,3727.88
2025-11-22 14:00:00,672.69,578.35,726.32,1862.53,3839.9
2025-11-22 15:00:00,485.45,433.9,709.82,1198.14,2827.31
2025-11-22 16:00:00,471.27,560.31,721.13,1922.07,3674.77
2025-11-22 17:00:00,240.02,444.79,726.62,1690.34,3101.77
2025-11-22 18:00:00,0.0,502.92,663.45,1974.67,3141.04
2025-11-22 19:00:00,0.0,517.65,643.19,1436.57,2597.4
2025-11-22 20:00:00,0.0,411.51,594.38,1724.47,2730.36
2025-11-22 21:00:00,0.0,434.99,676.17,1988.33,3099.48
2025-11-22 22:00:00,0.0,676.77,631.8,1778.29,3086.86
2025-11-22 23:00:00,0.0,328.15,541.87,1140.9,2010.92
2025-11-23 00:00:00,0.0,673.48,641.73,1646.23,2961.44
2025-11-23 01:00:00,0.0,583.05,606.98,1231.11,2421.14
2025-11-23 02:00:00,0.0,433.36,678.11,1637.35,2748.82
2025-11-23 03:00:00,0.0,631.28,604.7,1694.38,2930.35
2025-11-23 04:00:00,0.0,303.57,501.65,1724.59,2529.81
2025-11-23 05:00:00,0.0,670.42,661.93,1457.14,2789.49
2025-11-23 06:00:00,0.0,572.09,617.18,1619.02,2808.29
2025-11-23 07:00:00,201.77,830.64,623.77,1666.06,3322.24
2025-11-23 08:00:00,309.5,494.47,596.46,1499.62,2900.04
2025-11-23 09:00:00,574.45,635.39,640.57,1165.81,3016.22
2025-11-23 10:00:00,746.01,589.64,705.06,1807.3,3848.01
2025-11-23 11:00:00,879.69,286.81,622.65,1580.1,3369.25
2025-11-23 12:00:00,820.85,471.11,683.38,1494.31,3469.65
2025-11-23 13:00:00,851.05,554.19,613.88,1725.0,3744.12
2025-11-23 14:00:00,817.65,608.25,728.24,1614.5,3768.64
2025-11-23 15:00:00,558.42,520.27,734.89,1509.54,3323.13
2025-11-23 16:00:00,549.25,542.36,589.86,1485.71,3167.18
2025-11-23 17:00:00,189.86,542.31,683.77,1790.05,3205.99
2025-11-23 18:00:00,0.0,546.28,701.99,1075.87,2324.15
2025-11-23 19:00:00,0.0,468.86,747.38,1350.92,2567.16
2025-11-23 20:00:00,0.0,583.61,567.21,1861.99,3012.8
2025-11-23 21:00:00,0.0,470.5,614.08,1497.42,2582.0
2025-11-23 22:00:00,0.0,394.0,614.42,2185.35,3193.77
2025-11-23 23:00:00,0.0,634.07,630.97,1741.87,3006.91
2025-11-24 00:00:00,0.0,445.0,688.8,2149.37,3283.17
2025-11-24 01:00:00,0.0,622.38,750.22,1531.37,2903.96
2025-11-24 02:00:00,0.0,466.17,652.29,841.38,1959.83
2025-11-24 03:00:00,0.0,533.7,700.38,1568.49,2802.57
2025-11-24 04:00:00,0.0,383.77,703.03,1730.44,2817.24
2025-11-24 05:00:00,0.0,830.11,599.52,1384.19,2813.82
2025-11-24 06:00:00,0.0,418.98,663.32,1604.99,2687.29
2025-11-24 07:00:00,243.49,731.38,692.09,1718.56,3385.52
2025-11-24 08:00:00,371.1,484.08,570.15,1688.79,3114.12
2025-11-24 09:00:00,676.35,518.4,682.16,1810.58,3687.49
2025-11-24 10:00:00,726.6,723.24,565.96,1672.37,3688.17
2025-11-24 11:00:00,732.13,340.69,575.87,2067.04,3715.73
2025-11-24 12:00:00,896.22,566.29,579.56,1839.66,3881.74
2025-11-24 13:00:00,768.35,620.4,598.51,1435.76,3423.02
2025-11-24 14:00:00,678.58,591.84,529.52,1411.92,3211.87
2025-11-24 15:00:00,649.42,410.46,707.13,1713.17,3480.18
2025-11-24 16:00:00,386.75,476.85,667.95,1516.08,3047.63
2025-11-24 17:00:00,197.78,585.02,660.08,1839.79,3282.67
2025-11-24 18:00:00,0.0,550.43,656.36,2039.07,3245.86
2025-11-24 19:00:00,0.0,813.96,646.24,1598.14,3058.34
2025-11-24 20:00:00,0.0,545.4,687.22,1782.22,3014.84
2025-11-24 21:00:00,0.0,418.6,704.26,2083.92,3206.78
2025-11-24 22:00:00,0.0,521.27,646.85,1655.29,2823.4
2025-11-24 23:00:00,0.0,447.55,545.32,1469.68,2462.54
2025-11-25 00:00:00,0.0,519.43,591.16,1181.75,2292.34
2025-11-25 01:00:00,0.0,553.99,653.77,1510.94,2718.7
2025-11-25 02:00:00,0.0,251.34,648.69,1911.93,2811.95
2025-11-25 03:00:00,0.0,479.01,700.55,1617.31,2796.87
2025-11-25 04:00:00,0.0,557.62,571.7,1648.56,2777.88
2025-11-25 05:00:00,0.0,571.65,770.09,1532.18,2873.92
2025-11-25 06:00:00,0.0,443.69,676.39,1633.21,2753.29
2025-11-25 07:00:00,187.28,471.09,571.85,1587.18,2817.4
2025-11-25 08:00:00,490.13,371.92,663.36,983.84,2509.25
2025-11-25 09:00:00,544.35,482.57,691.81,1778.93,3497.66
2025-11-25 10:00:00,706.8,532.43,627.83,1514.05,3381.11
2025-11-25 11:00:00,958.02,563.29,652.94,1725.35,3899.6
2025-11-25 12:00:00,781.14,608.18,674.29,1449.72,3513.33
2025-11-25 13:00:00,883.9,572.0,664.08,1536.87,3656.85
2025-11-25 14:00:00,768.24,467.15,621.44,1653.74,3510.56
2025-11-25 15:00:00,713.45,730.0,718.63,1683.19,3845.27
2025-11-25 16:00:00,373.85,434.98,656.1,1849.09,3314.01
2025-11-25 17:00:00,276.33,349.63,620.68,1351.09,2597.73
2025-11-25 18:00:00,0.0,322.01,579.54,1330.97,2232.53
2025-11-25 19:00:00,0.0,707.22,671.38,1185.09,2563.69
2025-11-25 20:00:00,0.0,642.16,602.43,1704.86,2949.45
2025-11-25 21:00:00,0.0,442.11,740.36,1478.43,2660.9
2025-11-25 22:00:00,0.0,589.07,672.01,1360.18,2621.27
2025-11-25 23:00:00,0.0,348.43,630.58,1484.66,2463.67
2025-11-26 00:00:00,0.0,468.92,616.43,1544.09,2629.45
2025-11-26 01:00:00,0.0,600.57,599.78,1693.24,2893.59
2025-11-26 02:00:00,0.0,511.08,747.05,1935.89,3194.02
2025-11-26 03:00:00,0.0,320.46,619.5,1161.32,2101.28
2025-11-26 04:00:00,0.0,539.48,660.26,1558.78,2758.52
2025-11-26 05:00:00,0.0,644.23,730.6,1740.15,3114.99
2025-11-26 06:00:00,0.0,509.97,637.23,1601.74,2748.94
2025-11-26 07:00:00,200.69,431.95,607.11,1398.04,2637.79
2025-11-26 08:00:00,502.12,631.83,631.26,1498.2,3263.41
2025-11-26 09:00:00,720.82,467.54,594.16,1608.74,3391.26
2025-11-26 10:00:00,655.88,233.29,543.7,1441.74,2874.62
2025-11-26 11:00:00,812.92,475.76,689.31,1679.78,3657.78
2025-11-26 12:00:00,956.63,537.33,692.27,2028.04,4214.27
2025-11-26 13:00:00,837.3,541.17,541.53,1580.16,3500.16
2025-11-26 14:00:00,656.78,280.49,621.13,1367.46,2925.86
2025-11-26 15:00:00,579.52,528.46,614.8,1771.12,3493.9
2025-11-26 16:00:00,382.74,496.44,642.39,1171.42,2692.98
2025-11-26 17:00:00,188.0,283.2,719.33,1459.92,2650.45
2025-11-26 18:00:00,0.0,543.89,725.29,1463.89,2733.07
2025-11-26 19:00:00,0.0,383.33,820.79,1505.49,2709.6
2025-11-26 20:00:00,0.0,296.12,723.48,1326.39,2345.99
2025-11-26 21:00:00,0.0,442.7,614.28,1420.79,2477.77
2025-11-26 22:00:00,0.0,596.02,664.91,1598.86,2859.79
2025-11-26 23:00:00,0.0,610.32,660.66,1583.63,2854.61
2025-11-27 00:00:00,0.0,434.36,639.86,1824.03,2898.25
2025-11-27 01:00:00,0.0,484.14,611.68,1551.56,2647.38
2025-11-27 02:00:00,0.0,461.88,697.91,1451.97,2611.75
2025-11-27 03:00:00,0.0,600.84,725.66,1444.05,2770.55
2025-11-27 04:00:00,0.0,443.96,512.39,1019.95,1976.29
2025-11-27 05:00:00,0.0,506.97,655.58,1324.73,2487.28
2025-11-27 06:00:00,0.0,443.72,778.37,2173.71,3395.8
2025-11-27 07:00:00,187.89,540.54,627.25,948.08,2303.77
2025-11-27 08:00:00,453.78,463.17,700.13,1259.42,2876.5
2025-11-27 09:00:00,677.09,361.31,593.24,1701.46,3333.1
2025-11-27 10:00:00,828.89,326.8,713.94,1473.93,3343.56
2025-11-27 11:00:00,951.41,608.41,676.17,1731.81,3967.79
2025-11-27 12:00:00,740.26,429.07,730.66,1315.48,3215.47
2025-11-27 13:00:00,1039.45,672.01,543.27,1572.19,3826.92
2025-11-27 14:00:00,601.35,392.1,577.3,1552.27,3123.02
2025-11-27 15:00:00,708.0,363.1,532.37,1750.86,3354.34
2025-11-27 16:00:00,374.34,447.59,711.78,1368.15,2901.86
2025-11-27 17:00:00,211.46,483.95,599.99,1932.58,3227.98
2025-11-27 18:00:00,0.0,432.63,543.51,2208.94,3185.08
2025-11-27 19:00:00,0.0,583.25,605.81,1559.9,2748.97
2025-11-27 20:00:00,0.0,537.85,707.19,1134.7,2379.74
2025-11-27 21:00:00,0.0,387.53,684.34,1325.47,2397.34
2025-11-27 22:00:00,0.0,463.97,649.19,1806.36,2919.52
2025-11-27 23:00:00,0.0,585.35,617.86,1578.29,2781.51
2025-11-28 00:00:00,0.0,465.65,584.08,1408.17,2457.9
2025-11-28 01:00:00,0.0,379.29,640.2,1832.78,2852.27
2025-11-28 02:00:00,0.0,641.24,733.98,1866.41,3241.63
2025-11-28 03:00:00,0.0,379.52,691.74,1665.21,2736.47
2025-11-28 04:00:00,0.0,543.84,718.63,1819.56,3082.03
2025-11-28 05:00:00,0.0,500.4,566.75,1479.91,2547.07
2025-11-28 06:00:00,0.0,425.48,582.83,1576.87,2585.18
2025-11-28 07:00:00,214.59,500.98,649.73,1850.46,3215.76
2025-11-28 08:00:00,491.91,448.9,634.02,1562.5,3137.33
2025-11-28 09:00:00,569.79,446.28,636.54,1494.58,3147.19
2025-11-28 10:00:00,671.3,629.73,627.43,1834.07,3762.52
2025-11-28 11:00:00,1021.89,548.9,563.42,1033.55,3167.76
2025-11-28 12:00:00,769.33,288.9,693.9,1838.95,3591.09
2025-11-28 13:00:00,638.05,349.05,634.26,1243.18,2864.55
2025-11-28 14:00:00,793.23,517.38,627.45,1614.13,3552.19
2025-11-28 15:00:00,802.37,578.35,633.85,1374.5,3389.06
2025-11-28 16:00:00,306.12,436.19,588.15,1699.59,3030.04
2025-11-28 17:00:00,185.4,535.99,626.39,1443.97,2791.75
2025-11-28 18:00:00,0.0,625.75,690.6,1569.83,2886.18
2025-11-28 19:00:00,0.0,648.52,633.59,1770.44,3052.55
2025-11-28 20:00:00,0.0,473.73,698.86,1503.29,2675.88
2025-11-28 21:00:00,0.0,324.58,660.71,1585.87,2571.17
2025-11-28 22:00:00,0.0,470.88,688.56,1600.94,2760.37
2025-11-28 23:00:00,0.0,264.38,630.74,1835.15,2730.28
2025-11-29 00:00:00,0.0,728.51,699.03,1520.93,2948.47
2025-11-29 01:00:00,0.0,448.76,690.06,1275.74,2414.57
2025-11-29 02:00:00,0.0,360.3,734.8,1425.13,2520.23
2025-11-29 03:00:00,0.0,488.16,644.63,1826.08,2958.88
2025-11-29 04:00:00,0.0,436.23,727.97,1446.56,2610.76
2025-11-29 05:00:00,0.0,541.42,688.93,1636.18,2866.53
2025-11-29 06:00:00,0.0,503.34,565.11,1591.62,2660.08
2025-11-29 07:00:00,226.47,512.37,563.75,1483.37,2785.96
2025-11-29 08:00:00,527.79,453.37,696.3,1233.77,2911.22
2025-11-29 09:00:00,552.22,390.2,445.92,1288.76,2677.11
2025-11-29 10:00:00,715.27,369.21,634.33,2009.28,3728.09
2025-11-29 11:00:00,752.62,482.21,634.32,1720.35,3589.5
2025-11-29 12:00:00,899.77,377.66,664.64,1795.86,3737.94
2025-11-29 13:00:00,799.27,338.23,635.74,1574.83,3348.06
2025-11-29 14:00:00,885.37,642.44,509.36,1866.44,3903.61
2025-11-29 15:00:00,506.57,667.13,598.09,1931.41,3703.2
2025-11-29 16:00:00,472.73,519.06,588.4,1711.79,3291.98
2025-11-29 17:00:00,227.66,689.94,737.35,1566.53,3221.48
2025-11-29 18:00:00,0.0,455.01,744.12,1522.42,2721.55
2025-11-29 19:00:00,0.0,409.77,658.29,1616.66,2684.71
2025-11-29 20:00:00,0.0,301.1,724.88,1485.65,2511.63
2025-11-29 21:00:00,0.0,556.1,616.22,1393.26,2565.58
2025-11-29 22:00:00,0.0,360.46,640.77,1368.02,2369.26
2025-11-29 23:00:00,0.0,776.47,569.15,1783.66,3129.28
2025-11-30 00:00:00,0.0,586.46,519.44,1165.04,2270.94
2025-11-30 01:00:00,0.0,418.99,613.1,2215.2,3247.29
2025-11-30 02:00:00,0.0,308.0,640.9,1292.05,2240.95
2025-11-30 03:00:00,0.0,553.11,646.62,1624.27,2823.99
2025-11-30 04:00:00,0.0,423.25,543.77,1646.16,2613.19
2025-11-30 05:00:00,0.0,588.55,734.19,1674.03,2996.77
2025-11-30 06:00:00,0.0,526.82,648.79,2229.95,3405.56
2025-11-30 07:00:00,232.54,688.55,643.95,1609.24,3174.29
2025-11-30 08:00:00,391.98,574.33,749.01,2038.55,3753.87
2025-11-30 09:00:00,636.52,341.23,729.74,2000.09,3707.57
2025-11-30 10:00:00,916.6,547.66,533.86,1690.23,3688.35
2025-11-30 11:00:00,711.57,465.12,588.82,1853.29,3618.81
2025-11-30 12:00:00,801.19,484.09,622.42,1431.8,3339.5
2025-11-30 13:00:00,903.69,584.12,530.39,1565.37,3583.58
2025-11-30 14:00:00,593.09,368.12,619.67,1857.31,3438.19
2025-11-30 15:00:00,460.55,540.35,613.94,1636.03,3250.87
2025-11-30 16:00:00,343.15,602.71,658.13,1555.67,3159.65
2025-11-30 17:00:00,208.97,451.28,611.13,1705.03,2976.41
2025-11-30 18:00:00,0.0,392.42,656.08,1187.29,2235.79
2025-11-30 19:00:00,0.0,565.9,571.32,1476.78,2614.0
2025-11-30 20:00:00,0.0,397.45,628.36,1777.93,2803.74
2025-11-30 21:00:00,0.0,269.47,624.1,1337.22,2230.79
2025-11-30 22:00:00,0.0,537.8,662.36,1884.47,3084.63
2025-11-30 23:00:00,0.0,478.33,724.85,1505.03,2708.21
2025-12-01 00:00:00,0.0,505.77,659.79,1644.6,2810.17
2025-12-01 01:00:00,0.0,412.86,680.68,1652.69,2746.24
2025-12-01 02:00:00,0.0,341.59,669.5,1589.42,2600.51
2025-12-01 03:00:00,0.0,318.73,734.6,1651.78,2705.11
2025-12-01 04:00:00,0.0,557.25,675.26,1644.95,2877.46
2025-12-01 05:00:00,0.0,591.76,688.61,1215.1,2495.46
2025-12-01 06:00:00,0.0,415.68,676.06,1812.57,2904.31
2025-12-01 07:00:00,233.02,377.5,747.47,1552.96,2910.94
2025-12-01 08:00:00,375.74,520.04,788.7,1611.85,3296.32
2025-12-01 09:00:00,491.78,657.98,714.22,1736.16,3600.14
2025-12-01 10:00:00,955.2,429.14,776.39,1873.69,4034.42
2025-12-01 11:00:00,735.81,482.28,710.15,1104.64,3032.88
2025-12-01 12:00:00,799.43,493.98,769.03,1423.84,3486.28
2025-12-01 13:00:00,650.15,468.64,713.63,1130.33,2962.75
2025-12-01 14:00:00,819.59,602.69,648.7,1447.51,3518.49
2025-12-01 15:00:00,540.26,593.11,599.87,1857.56,3590.8
2025-12-01 16:00:00,503.88,323.83,660.24,1691.06,3179.02
2025-12-01 17:00:00,279.38,677.99,710.98,1430.06,3098.4
2025-12-01 18:00:00,0.0,460.88,783.84,1265.2,2509.91
2025-12-01 19:00:00,0.0,817.9,783.98,1453.19,3055.07
2025-12-01 20:00:00,0.0,485.27,651.34,1830.45,2967.07
2025-12-01 21:00:00,0.0,295.72,705.92,1704.13,2705.76
2025-12-01 22:00:00,0.0,283.22,711.09,1688.22,2682.52
2025-12-01 23:00:00,0.0,586.38,693.68,1707.4,2987.46
2025-12-02 00:00:00,0.0,485.56,822.52,1525.62,2833.7
2025-12-02 01:00:00,0.0,602.32,726.57,1310.5,2639.39
2025-12-02 02:00:00,0.0,508.39,688.35,1930.73,3127.47
2025-12-02 03:00:00,0.0,246.39,636.58,1359.53,2242.51
2025-12-02 04:00:00,0.0,531.42,663.31,1716.68,2911.41
2025-12-02 05:00:00,0.0,559.3,742.74,1815.84,3117.88
2025-12-02 06:00:00,0.0,565.54,685.97,2008.38,3259.89
2025-12-02 07:00:00,221.15,618.01,711.67,1410.15,2960.98
2025-12-02 08:00:00,339.66,417.46,636.83,1692.36,3086.31
2025-12-02 09:00:00,565.17,708.21,757.12,1738.69,3769.19
2025-12-02 10:00:00,857.01,617.3,664.5,1456.9,3595.7
2025-12-02 11:00:00,868.65,460.71,676.27,1793.82,3799.46
2025-12-02 12:00:00,804.76,500.28,589.37,1464.56,3358.97
2025-12-02 13:00:00,798.8,482.16,750.73,1917.43,3949.13
2025-12-02 14:00:00,894.44,475.24,683.57,1425.5,3478.75
2025-12-02 15:00:00,611.2,337.01,672.83,1524.94,3145.98
2025-12-02 16:00:00,525.11,626.48,755.96,1810.32,3717.87
2025-12-02 17:00:00,218.4,466.13,751.06,1467.78,2903.38
2025-12-02 18:00:00,0.0,570.47,653.96,2103.77,3328.2
2025-12-02 19:00:00,0.0,468.08,632.9,1548.04,2649.02
2025-12-02 20:00:00,0.0,499.41,772.28,1802.21,3073.91
2025-12-02 21:00:00,0.0,619.67,698.11,1903.52,3221.3
2025-12-02 22:00:00,0.0,460.76,810.4,1286.23,2557.4
2025-12-02 23:00:00,0.0,458.42,773.46,1109.84,2341.72
2025-12-03 00:00:00,0.0,476.71,718.22,1823.81,3018.74
2025-12-03 01:00:00,0.0,668.8,718.82,1699.09,3086.72
2025-12-03 02:00:00,0.0,730.08,651.57,1630.21,3011.85
2025-12-03 03:00:00,0.0,600.23,701.73,1611.16,2913.12
2025-12-03 04:00:00,0.0,440.05,749.56,1438.57,2628.18
2025-12-03 05:00:00,0.0,579.73,610.81,1772.74,2963.28
2025-12-03 06:00:00,0.0,542.13,739.2,1753.83,3035.16
2025-12-03 07:00:00,218.27,443.05,594.07,1586.67,2842.06
2025-12-03 08:00:00,429.0,477.79,593.78,1433.98,2934.56
2025-12-03 09:00:00,528.15,353.82,697.42,1672.46,3251.85
2025-12-03 10:00:00,731.3,427.05,755.29,1295.6,3209.23
2025-12-03 11:00:00,1077.83,598.67,628.56,1731.55,4036.62
2025-12-03 12:00:00,1094.36,539.93,678.06,1763.53,4075.88
2025-12-03 13:00:00,949.28,606.86,713.8,1700.52,3970.47
2025-12-03 14:00:00,799.1,411.09,748.3,1544.31,3502.8
2025-12-03 15:00:00,678.69,404.34,685.66,1701.28,3469.97
2025-12-03 16:00:00,416.45,454.35,681.35,1534.21,3086.36
2025-12-03 17:00:00,253.45,485.41,705.38,1657.18,3101.42
2025-12-03 18:00:00,0.0,605.5,690.82,1721.84,3018.16
2025-12-03 19:00:00,0.0,562.72,583.94,1628.21,2774.88
2025-12-03 20:00:00,0.0,507.27,626.87,1554.26,2688.4
2025-12-03 21:00:00,0.0,420.59,738.93,1501.3,2660.81
2025-12-03 22:00:00,0.0,370.04,638.38,1722.81,2731.23
2025-12-03 23:00:00,0.0,557.64,634.17,1574.87,2766.68
2025-12-04 00:00:00,0.0,555.63,634.25,1862.06,3051.94
2025-12-04 01:00:00,0.0,548.14,680.25,1408.77,2637.16
2025-12-04 02:00:00,0.0,516.21,762.53,1523.86,2802.61
2025-12-04 03:00:00,0.0,336.29,712.35,1828.28,2876.93
2025-12-04 04:00:00,0.0,624.28,639.88,1567.33,2831.5
2025-12-04 05:00:00,0.0,361.2,792.22,1641.74,2795.15
2025-12-04 06:00:00,0.0,449.76,723.97,1362.71,2536.45
2025-12-04 07:00:00,197.24,402.71,800.14,1695.86,3095.95
2025-12-04 08:00:00,397.43,329.53,703.77,1691.67,3122.38
2025-12-04 09:00:00,458.89,378.09,664.06,1701.12,3202.15
2025-12-04 10:00:00,691.28,490.7,620.8,1127.06,2929.84
2025-12-04 11:00:00,677.28,605.53,706.4,1794.46,3783.67
2025-12-04 12:00:00,843.21,438.27,738.72,1636.65,3656.85
2025-12-04 13:00:00,895.14,527.23,667.23,1555.17,3644.77
2025-12-04 14:00:00,777.88,431.94,710.61,1395.41,3315.85
2025-12-04 15:00:00,529.02,449.29,724.55,1498.84,3201.7
2025-12-04 16:00:00,369.12,592.21,666.03,1406.44,3033.8
2025-12-04 17:00:00,258.42,444.95,744.65,1016.89,2464.91
2025-12-04 18:00:00,0.0,544.63,635.9,1623.01,2803.54
2025-12-04 19:00:00,0.0,459.72,705.9,1759.86,2925.48
2025-12-04 20:00:00,0.0,428.73,731.27,1044.76,2204.77
2025-12-04 21:00:00,0.0,562.77,534.85,1729.3,2826.92
2025-12-04 22:00:00,0.0,649.53,648.28,1521.11,2818.92
2025-12-04 23:00:00,0.0,326.29,603.76,1779.35,2709.41
2025-12-05 00:00:00,0.0,570.35,599.08,1918.81,3088.25
2025-12-05 01:00:00,0.0,267.44,741.18,1491.01,2499.63
2025-12-05 02:00:00,0.0,610.41,698.93,1991.75,3301.09
2025-12-05 03:00:00,0.0,666.05,681.67,1774.9,3122.62
2025-12-05 04:00:00,0.0,604.99,753.42,1438.02,2796.44
2025-12-05 05:00:00,0.0,653.35,711.91,1434.94,2800.2
2025-12-05 06:00:00,0.0,601.08,770.13,1542.55,2913.75
2025-12-05 07:00:00,285.74,544.11,647.6,2234.32,3711.78
2025-12-05 08:00:00,402.66,459.75,608.35,1352.9,2823.66
2025-12-05 09:00:00,658.27,623.26,686.24,1524.81,3492.58
2025-12-05 10:00:00,744.04,390.61,727.91,1506.2,3368.77
2025-12-05 11:00:00,842.64,572.78,707.99,2131.52,4254.93
2025-12-05 12:00:00,582.68,379.7,630.41,1337.93,2930.72
2025-12-05 13:00:00,911.14,386.1,594.5,1732.61,3624.36
2025-12-05 14:00:00,793.31,361.8,622.28,1274.32,3051.7
2025-12-05 15:00:00,654.96,535.16,753.94,1570.65,3514.71
2025-12-05 16:00:00,428.24,522.92,558.07,1398.33,2907.55
2025-12-05 17:00:00,252.83,366.55,696.47,1775.19,3091.04
2025-12-05 18:00:00,0.0,441.29,619.8,1421.79,2482.88
2025-12-05 19:00:00,0.0,310.38,749.69,1768.46,2828.53
2025-12-05 20:00:00,0.0,491.95,699.68,1568.76,2760.39
2025-12-05 21:00:00,0.0,492.57,715.64,1502.35,2710.56
2025-12-05 22:00:00,0.0,347.22,873.37,1361.44,2582.03
2025-12-05 23:00:00,0.0,269.38,794.79,2279.25,3343.41
2025-12-06 00:00:00,0.0,468.49,680.49,1357.04,2506.02
2025-12-06 01:00:00,0.0,504.39,841.92,1351.64,2697.95
2025-12-06 02:00:00,0.0,400.73,815.46,1528.6,2744.79
2025-12-06 03:00:00,0.0,418.36,687.6,1567.79,2673.75
2025-12-06 04:00:00,0.0,674.84,737.91,1414.76,2827.52
2025-12-06 05:00:00,0.0,515.2,652.69,1682.8,2850.7
2025-12-06 06:00:00,0.0,494.6,646.9,1179.97,2321.47
2025-12-06 07:00:00,222.75,666.76,643.77,1061.47,2594.76
2025-12-06 08:00:00,469.57,456.88,672.13,1655.62,3254.21
2025-12-06 09:00:00,736.49,507.92,609.85,1810.37,3664.63
2025-12-06 10:00:00,756.9,334.59,788.13,1362.32,3241.94
2025-12-06 11:00:00,690.03,393.45,673.98,1531.72,3289.18
2025-12-06 12:00:00,914.74,589.08,809.26,1464.21,3777.29
2025-12-06 13:00:00,755.31,605.21,726.19,1412.29,3498.99
2025-12-06 14:00:00,615.57,360.0,759.99,1422.45,3158.01
2025-12-06 15:00:00,588.45,311.89,661.76,1982.67,3544.78
2025-12-06 16:00:00,394.83,567.12,684.72,1799.54,3446.21
2025-12-06 17:00:00,196.47,415.9,615.16,2183.7,3411.24
2025-12-06 18:00:00,0.0,466.48,624.06,1661.39,2751.92
2025-12-06 19:00:00,0.0,555.51,698.87,1625.66,2880.05
2025-12-06 20:00:00,0.0,768.8,744.32,1272.96,2786.08
2025-12-06 21:00:00,0.0,637.27,808.33,1711.09,3156.69
2025-12-06 22:00:00,0.0,358.11,615.1,776.51,1749.72
2025-12-06 23:00:00,0.0,480.15,654.64,1679.78,2814.58
2025-12-07 00:00:00,0.0,584.33,742.51,1884.89,3211.74
2025-12-07 01:00:00,0.0,549.96,792.86,1523.61,2866.43
2025-12-07 02:00:00,0.0,642.38,710.89,1540.26,2893.53
2025-12-07 03:00:00,0.0,537.48,675.55,1673.7,2886.72
2025-12-07 04:00:00,0.0,582.73,727.39,1146.15,2456.27
2025-12-07 05:00:00,0.0,385.86,642.63,872.36,1900.85
2025-12-07 06:00:00,0.0,597.44,736.08,1489.47,2822.99
2025-12-07 07:00:00,192.38,457.44,561.88,1451.87,2663.58
2025-12-07 08:00:00,368.36,430.82,736.04,1404.79,2940.01
2025-12-07 09:00:00,605.97,620.72,656.62,1197.37,3080.68
2025-12-07 10:00:00,599.52,629.67,644.42,1561.81,3435.41
2025-12-07 11:00:00,806.58,502.45,634.7,2083.8,4027.53
2025-12-07 12:00:00,929.23,497.3,725.33,1869.31,4021.17
2025-12-07 13:00:00,881.17,358.36,768.5,1861.3,3869.33
2025-12-07 14:00:00,565.49,674.6,719.83,1859.05,3818.97
2025-12-07 15:00:00,599.53,592.83,815.57,1533.66,3541.59
2025-12-07 16:00:00,448.35,461.04,700.54,1811.9,3421.82
2025-12-07 17:00:00,281.8,438.16,758.62,1553.84,3032.41
2025-12-07 18:00:00,0.0,542.45,777.89,2052.51,3372.84
2025-12-07 19:00:00,0.0,522.7,763.31,1758.25,3044.27
2025-12-07 20:00:00,0.0,573.4,641.09,1984.52,3199.0
2025-12-07 21:00:00,0.0,490.54,634.94,1580.08,2705.55
2025-12-07 22:00:00,0.0,515.69,799.47,1847.45,3162.61
2025-12-07 23:00:00,0.0,539.14,815.29,1817.42,3171.85
2025-12-08 00:00:00,0.0,294.58,613.12,1403.22,2310.92
2025-12-08 01:00:00,0.0,529.91,728.91,1553.49,2812.31
2025-12-08 02:00:00,0.0,531.8,766.16,1375.5,2673.47
2025-12-08 03:00:00,0.0,710.69,704.79,1545.01,2960.49
2025-12-08 04:00:00,0.0,448.76,666.63,1244.0,2359.39
2025-12-08 05:00:00,0.0,252.5,775.05,2090.61,3118.16
2025-12-08 06:00:00,0.0,673.99,691.59,1371.98,2737.56
2025-12-08 07:00:00,213.91,599.84,579.53,1666.78,3060.06
2025-12-08 08:00:00,334.43,475.15,687.49,2355.96,3853.02
2025-12-08 09:00:00,487.96,292.63,696.72,1880.91,3358.22
2025-12-08 10:00:00,796.98,216.56,752.38,1493.38,3259.31
2025-12-08 11:00:00,914.1,397.92,732.82,2371.26,4416.1
2025-12-08 12:00:00,711.19,786.55,679.42,1661.55,3838.71
2025-12-08 13:00:00,759.42,451.74,704.33,1622.73,3538.22
2025-12-08 14:00:00,926.81,540.13,740.33,1392.59,3599.86
2025-12-08 15:00:00,667.63,607.14,668.45,2059.97,4003.19
2025-12-08 16:00:00,486.0,450.8,744.97,1940.27,3622.04
2025-12-08 17:00:00,229.15,689.6,647.05,1589.02,3154.81
2025-12-08 18:00:00,0.0,411.78,673.09,1227.08,2311.94
2025-12-08 19:00:00,0.0,374.01,663.47,1237.26,2274.73
2025-12-08 20:00:00,0.0,484.22,695.31,2026.0,3205.53
2025-12-08 21:00:00,0.0,366.46,632.53,1663.24,2662.23
2025-12-08 22:00:00,0.0,525.17,694.97,1288.11,2508.25
2025-12-08 23:00:00,0.0,596.72,695.49,1725.26,3017.47
2025-12-09 00:00:00,0.0,573.32,591.36,1193.35,2358.03
2025-12-09 01:00:00,0.0,580.82,776.45,1945.63,3302.89
2025-12-09 02:00:00,0.0,450.28,571.66,1532.83,2554.77
2025-12-09 03:00:00,0.0,639.76,683.72,1701.21,3024.69
2025-12-09 04:00:00,0.0,739.76,726.15,1734.99,3200.9
2025-12-09 05:00:00,0.0,566.37,756.87,1472.88,2796.13
2025-12-09 06:00:00,0.0,416.92,705.7,1595.91,2718.53
2025-12-09 07:00:00,212.08,584.84,676.47,1894.42,3367.81
2025-12-09 08:00:00,390.76,326.18,765.64,1154.91,2637.5
2025-12-09 09:00:00,568.29,440.74,632.34,1750.68,3392.05
2025-12-09 10:00:00,681.17,581.11,751.4,1580.76,3594.44
2025-12-09 11:00:00,823.75,334.12,740.32,2044.61,3942.79
2025-12-09 12:00:00,860.42,618.88,652.68,1849.81,3981.78
2025-12-09 13:00:00,812.49,578.46,685.22,1495.04,3571.22
2025-12-09 14:00:00,857.86,475.86,609.32,1673.02,3616.07
2025-12-09 15:00:00,555.33,432.3,632.71,1458.81,3079.14
2025-12-09 16:00:00,413.19,468.22,670.48,1919.36,3471.25
2025-12-09 17:00:00,195.79,717.45,810.68,1713.86,3437.79
2025-12-09 18:00:00,0.0,329.39,701.39,1377.37,2408.15
2025-12-09 19:00:00,0.0,734.51,624.02,1431.04,2789.57
2025-12-09 20:00:00,0.0,334.28,737.59,1642.52,2714.39
2025-12-09 21:00:00,0.0,300.13,603.43,1227.19,2130.75
2025-12-09 22:00:00,0.0,333.65,742.7,1834.72,2911.07
2025-12-09 23:00:00,0.0,476.67,667.4,1807.24,2951.32
2025-12-10 00:00:00,0.0,580.62,789.05,1679.74,3049.4
2025-12-10 01:00:00,0.0,678.13,643.18,1490.44,2811.75
2025-12-10 02:00:00,0.0,459.63,722.35,1655.34,2837.32
2025-12-10 03:00:00,0.0,512.63,794.59,1708.53,3015.74
2025-12-10 04:00:00,0.0,510.12,809.08,1659.94,2979.14
2025-12-10 05:00:00,0.0,539.28,739.75,1484.21,2763.24
2025-12-10 06:00:00,0.0,665.65,690.42,1066.11,2422.18
2025-12-10 07:00:00,223.26,467.38,855.93,1914.84,3461.4
2025-12-10 08:00:00,439.78,569.02,557.06,1843.05,3408.91
2025-12-10 09:00:00,558.96,486.01,754.06,1488.68,3287.71
2025-12-10 10:00:00,809.01,591.82,654.7,2033.46,4088.99
2025-12-10 11:00:00,801.54,227.22,673.17,1681.59,3383.51
2025-12-10 12:00:00,903.4,341.77,849.34,1377.85,3472.35
2025-12-10 13:00:00,825.82,392.31,640.97,1587.74,3446.84
2025-12-10 14:00:00,695.62,584.59,687.07,1816.69,3783.98
2025-12-10 15:00:00,699.1,623.3,787.52,1664.09,3774.01
2025-12-10 16:00:00,249.07,433.08,678.78,1673.17,3034.1
2025-12-10 17:00:00,267.93,461.15,750.25,1331.78,2811.11
2025-12-10 18:00:00,0.0,404.13,745.76,1704.34,2854.23
2025-12-10 19:00:00,0.0,580.35,710.32,1817.99,3108.66
2025-12-10 20:00:00,0.0,474.33,711.12,1587.68,2773.13
2025-12-10 21:00:00,0.0,771.82,689.84,1633.99,3095.66
2025-12-10 22:00:00,0.0,540.15,699.2,1960.9,3200.25
2025-12-10 23:00:00,0.0,569.61,729.2,1407.12,2705.92
2025-12-11 00:00:00,0.0,581.81,614.4,1582.31,2778.52
2025-12-11 01:00:00,0.0,384.18,705.16,1733.29,2822.62
2025-12-11 02:00:00,0.0,443.95,673.16,1899.11,3016.21
2025-12-11 03:00:00,0.0,572.88,755.4,1499.39,2827.68
2025-12-11 04:00:00,0.0,691.87,582.76,1472.72,2747.35
2025-12-11 05:00:00,0.0,475.6,781.53,1701.88,2959.0
2025-12-11 06:00:00,0.0,529.31,754.41,1681.64,2965.36
2025-12-11 07:00:00,238.27,722.73,671.26,1572.61,3204.86
2025-12-11 08:00:00,390.21,593.78,670.49,1429.89,3084.37
2025-12-11 09:00:00,622.74,468.28,633.15,1394.12,3118.29
2025-12-11 10:00:00,794.52,514.02,689.75,1780.31,3778.61
2025-12-11 11:00:00,855.59,794.08,735.82,1668.11,4053.59
2025-12-11 12:00:00,1068.6,407.04,597.25,1584.9,3657.8
2025-12-11 13:00:00,827.73,434.69,737.47,1480.48,3480.37
2025-12-11 14:00:00,837.29,557.08,713.69,1146.31,3254.37
2025-12-11 15:00:00,695.93,528.11,788.5,1848.51,3861.05
2025-12-11 16:00:00,444.59,514.55,546.32,1569.49,3074.95
2025-12-11 17:00:00,220.31,639.85,640.69,1749.38,3250.24
2025-12-11 18:00:00,0.0,486.9,765.14,1434.73,2686.77
2025-12-11 19:00:00,0.0,512.64,756.08,1937.5,3206.22
2025-12-11 20:00:00,0.0,540.79,778.64,1516.27,2835.7
2025-12-11 21:00:00,0.0,473.8,703.31,2238.03,3415.15
2025-12-11 22:00:00,0.0,479.95,680.85,1446.17,2606.96
2025-12-11 23:00:00,0.0,559.7,727.56,1620.14,2907.4
2025-12-12 00:00:00,0.0,481.46,765.19,1598.46,2845.1
2025-12-12 01:00:00,0.0,616.56,673.3,1591.94,2881.79
2025-12-12 02:00:00,0.0,496.2,784.93,1905.06,3186.19
2025-12-12 03:00:00,0.0,557.94,817.79,1790.39,3166.12
2025-12-12 04:00:00,0.0,583.31,776.98,1385.13,2745.42
2025-12-12 05:00:00,0.0,560.03,628.37,1733.42,2921.81
2025-12-12 06:00:00,0.0,439.62,749.14,1997.95,3186.71
2025-12-12 07:00:00,238.21,750.0,796.01,1423.73,3207.95
2025-12-12 08:00:00,372.67,497.16,662.86,1608.17,3140.85
2025-12-12 09:00:00,446.01,314.9,676.1,1736.91,3173.93
2025-12-12 10:00:00,829.13,496.32,818.28,1397.0,3540.73
2025-12-12 11:00:00,867.31,568.34,662.17,2019.79,4117.61
2025-12-12 12:00:00,1091.74,571.96,698.1,1577.07,3938.87
2025-12-12 13:00:00,681.77,687.82,740.88,1362.72,3473.19
2025-12-12 14:00:00,992.61,578.3,741.76,1412.09,3724.77
2025-12-12 15:00:00,576.07,553.75,640.49,1454.71,3225.01
2025-12-12 16:00:00,502.12,358.85,735.32,2041.61,3637.9
2025-12-12 17:00:00,262.12,462.74,637.97,1470.8,2833.63
2025-12-12 18:00:00,0.0,481.93,661.42,1949.65,3093.01
2025-12-12 19:00:00,0.0,595.08,760.7,1587.33,2943.11
2025-12-12 20:00:00,0.0,546.84,665.66,1495.69,2708.19
2025-12-12 21:00:00,0.0,516.15,713.12,1226.95,2456.23
2025-12-12 22:00:00,0.0,534.71,788.13,1609.64,2932.48
2025-12-12 23:00:00,0.0,208.14,801.41,1690.64,2700.19
2025-12-13 00:00:00,0.0,456.61,805.46,1092.9,2354.97
2025-12-13 01:00:00,0.0,464.27,737.56,1848.77,3050.6
2025-12-13 02:00:00,0.0,528.81,800.15,1775.01,3103.97
2025-12-13 03:00:00,0.0,323.3,619.31,1441.54,2384.15
2025-12-13 04:00:00,0.0,439.62,644.84,1880.8,2965.26
2025-12-13 05:00:00,0.0,688.49,733.91,1332.63,2755.03
2025-12-13 06:00:00,0.0,448.96,737.58,1428.43,2614.97
2025-12-13 07:00:00,217.93,421.65,661.65,1634.74,2935.97
2025-12-13 08:00:00,293.72,423.0,703.38,1679.33,3099.44
2025-12-13 09:00:00,444.2,219.66,629.66,1688.25,2981.78
2025-12-13 10:00:00,604.52,530.54,817.96,1542.12,3495.14
2025-12-13 11:00:00,846.97,458.82,701.12,1423.24,3430.14
2025-12-13 12:00:00,733.17,358.81,667.19,2442.07,4201.24
2025-12-13 13:00:00,795.15,383.67,717.15,1849.38,3745.34
2025-12-13 14:00:00,589.36,360.42,698.1,1835.35,3483.23
2025-12-13 15:00:00,660.48,325.18,739.69,1662.17,3387.52
2025-12-13 16:00:00,492.41,392.92,705.47,1141.48,2732.28
2025-12-13 17:00:00,258.26,551.55,719.41,1490.52,3019.73
2025-12-13 18:00:00,0.0,353.0,721.97,1642.06,2717.03
2025-12-13 19:00:00,0.0,582.41,599.97,1543.65,2726.03
2025-12-13 20:00:00,0.0,595.61,649.1,1289.79,2534.5
2025-12-13 21:00:00,0.0,207.04,721.92,1621.22,2550.18
2025-12-13 22:00:00,0.0,471.64,701.94,1361.71,2535.29
2025-12-13 23:00:00,0.0,655.98,732.88,1644.52,3033.38
2025-12-14 00:00:00,0.0,129.15,607.27,1924.05,2660.46
2025-12-14 01:00:00,0.0,289.05,653.59,1581.05,2523.69
2025-12-14 02:00:00,0.0,449.6,691.97,1602.28,2743.85
2025-12-14 03:00:00,0.0,225.5,727.18,1818.71,2771.39
2025-12-14 04:00:00,0.0,451.04,691.22,1444.35,2586.6
2025-12-14 05:00:00,0.0,434.77,656.22,1634.69,2725.68
2025-12-14 06:00:00,0.0,610.13,629.65,1573.4,2813.18
2025-12-14 07:00:00,260.01,471.03,772.83,1179.37,2683.25
2025-12-14 08:00:00,436.84,677.54,596.27,1450.99,3161.65
2025-12-14 09:00:00,613.88,391.42,756.62,1091.93,2853.86
2025-12-14 10:00:00,595.29,668.43,601.87,1472.71,3338.29
2025-12-14 11:00:00,1033.99,455.5,638.33,1781.2,3909.03
2025-12-14 12:00:00,915.9,544.48,653.91,1630.69,3744.98
2025-12-14 13:00:00,662.31,680.17,707.28,2057.42,4107.18
2025-12-14 14:00:00,843.21,552.98,617.76,1541.87,3555.81
2025-12-14 15:00:00,584.41,427.57,763.65,1563.16,3338.79
2025-12-14 16:00:00,418.01,574.79,636.55,1991.08,3620.44
2025-12-14 17:00:00,233.24,415.8,695.63,1962.54,3307.2
2025-12-14 18:00:00,0.0,630.58,756.1,1576.49,2963.17
2025-12-14 19:00:00,0.0,477.16,730.55,1568.77,2776.48
2025-12-14 20:00:00,0.0,291.88,683.14,1920.57,2895.6
2025-12-14 21:00:00,0.0,575.87,748.4,1882.81,3207.08
2025-12-14 22:00:00,0.0,466.16,673.36,1472.45,2611.98
2025-12-14 23:00:00,0.0,275.08,554.48,1655.6,2485.17
2025-12-15 00:00:00,0.0,630.98,750.84,1832.18,3214.01
2025-12-15 01:00:00,0.0,443.1,648.22,1673.1,2764.42
2025-12-15 02:00:00,0.0,216.48,642.91,1764.71,2624.1
2025-12-15 03:00:00,0.0,531.51,714.67,1974.29,3220.47
2025-12-15 04:00:00,0.0,516.02,653.1,1852.01,3021.13
2025-12-15 05:00:00,0.0,528.72,685.54,1657.93,2872.19
2025-12-15 06:00:00,0.0,326.18,695.93,1132.63,2154.74
2025-12-15 07:00:00,227.16,273.02,665.87,1573.89,2739.93
2025-12-15 08:00:00,551.13,424.05,669.92,1860.46,3505.56
2025-12-15 09:00:00,543.15,550.78,767.54,1752.33,3613.79
2025-12-15 10:00:00,659.82,161.87,664.83,1682.05,3168.57
2025-12-15 11:00:00,821.91,541.14,683.74,2038.4,4085.2
2025-12-15 12:00:00,813.97,537.79,710.63,1693.19,3755.58
2025-12-15 13:00:00,724.23,407.69,603.12,1685.88,3420.91
2025-12-15 14:00:00,678.12,625.9,731.12,1774.48,3809.62
2025-12-15 15:00:00,585.35,364.81,680.75,1552.67,3183.59
2025-12-15 16:00:00,325.54,315.75,698.9,1084.31,2424.5
2025-12-15 17:00:00,175.73,375.02,753.27,1722.81,3026.83
2025-12-15 18:00:00,0.0,442.69,547.91,1869.39,2859.99
2025-12-15 19:00:00,0.0,517.28,754.63,1688.77,2960.67
2025-12-15 20:00:00,0.0,450.55,658.36,1776.98,2885.89
2025-12-15 21:00:00,0.0,422.8,668.7,1550.25,2641.75
2025-12-15 22:00:00,0.0,436.99,843.52,1442.73,2723.23
2025-12-15 23:00:00,0.0,555.75,790.66,1994.95,3341.36
2025-12-16 00:00:00,0.0,497.34,739.0,1891.93,3128.28
2025-12-16 01:00:00,0.0,563.98,727.19,1657.52,2948.69
2025-12-16 02:00:00,0.0,519.17,665.55,1696.56,2881.28
2025-12-16 03:00:00,0.0,472.84,658.84,1661.6,2793.29
2025-12-16 04:00:00,0.0,367.49,718.76,1265.46,2351.7
2025-12-16 05:00:00,0.0,507.5,680.08,2110.29,3297.87
2025-12-16 06:00:00,0.0,451.56,707.09,1540.07,2698.72
2025-12-16 07:00:00,242.75,350.1,802.25,1522.61,2917.71
2025-12-16 08:00:00,254.88,532.09,733.44,1693.96,3214.37
2025-12-16 09:00:00,391.59,547.15,643.62,1500.94,3083.3
2025-12-16 10:00:00,583.37,664.61,672.6,1939.3,3859.88
2025-12-16 11:00:00,771.68,723.88,656.25,1622.1,3773.91
2025-12-16 12:00:00,869.5,513.21,798.24,1267.53,3448.47
2025-12-16 13:00:00,801.09,671.97,592.14,1696.37,3761.57
2025-12-16 14:00:00,669.21,581.75,854.28,1663.24,3768.48
2025-12-16 15:00:00,571.75,431.33,747.25,1506.73,3257.06
2025-12-16 16:00:00,391.76,612.09,714.45,1430.04,3148.34
2025-12-16 17:00:00,223.69,667.91,714.97,1257.18,2863.75
2025-12-16 18:00:00,0.0,494.71,720.69,1590.44,2805.84
2025-12-16 19:00:00,0.0,526.37,741.99,1495.44,2763.79
2025-12-16 20:00:00,0.0,224.72,637.97,1104.04,1966.74
2025-12-16 21:00:00,0.0,488.42,730.62,1246.04,2465.09
2025-12-16 22:00:00,0.0,636.34,653.35,1610.07,2899.75
2025-12-16 23:00:00,0.0,471.61,683.77,1534.88,2690.25
2025-12-17 00:00:00,0.0,698.57,732.21,1810.35,3241.13
2025-12-17 01:00:00,0.0,657.26,738.14,1320.93,2716.33
2025-12-17 02:00:00,0.0,456.72,674.95,1619.99,2751.66
2025-12-17 03:00:00,0.0,334.77,674.52,2203.12,3212.4
2025-12-17 04:00:00,0.0,580.05,611.23,1315.16,2506.44
2025-12-17 05:00:00,0.0,420.33,799.35,2103.21,3322.88
2025-12-17 06:00:00,0.0,348.53,775.27,1831.06,2954.87
2025-12-17 07:00:00,219.21,451.85,548.33,1568.97,2788.36
2025-12-17 08:00:00,291.18,722.94,670.61,1297.26,2982.0
2025-12-17 09:00:00,691.16,401.58,661.35,1425.27,3179.36
2025-12-17 10:00:00,676.51,437.7,693.0,1369.12,3176.33
2025-12-17 11:00:00,919.51,511.56,733.1,1500.13,3664.3
2025-12-17 12:00:00,960.93,617.57,781.21,929.91,3289.63
2025-12-17 13:00:00,791.07,499.01,659.4,1227.56,3177.03
2025-12-17 14:00:00,676.34,408.66,622.88,1389.76,3097.64
2025-12-17 15:00:00,600.7,631.11,709.06,1739.43,3680.31
2025-12-17 16:00:00,410.73,625.15,689.77,1477.46,3203.11
2025-12-17 17:00:00,183.68,676.72,748.25,1632.07,3240.72
2025-12-17 18:00:00,0.0,521.53,675.54,1665.62,2862.7
2025-12-17 19:00:00,0.0,535.84,669.69,1301.51,2507.04
2025-12-17 20:00:00,0.0,809.15,704.61,1872.29,3386.06
2025-12-17 21:00:00,0.0,506.52,763.76,1779.92,3050.2
2025-12-17 22:00:00,0.0,498.86,823.82,1789.6,3112.29
2025-12-17 23:00:00,0.0,532.19,658.19,1467.54,2657.92
2025-12-18 00:00:00,0.0,287.94,733.32,1861.47,2882.72
2025-12-18 01:00:00,0.0,455.12,732.41,1850.19,3037.72
2025-12-18 02:00:00,0.0,558.67,676.69,1698.0,2933.37
2025-12-18 03:00:00,0.0,627.75,542.28,1599.13,2769.16
2025-12-18 04:00:00,0.0,366.84,603.74,1409.83,2380.4
2025-12-18 05:00:00,0.0,499.47,632.93,1854.18,2986.58
2025-12-18 06:00:00,0.0,532.37,620.67,1771.94,2924.98
2025-12-18 07:00:00,239.01,376.34,700.85,1574.54,2890.74
2025-12-18 08:00:00,364.69,848.57,705.98,1645.17,3564.4
2025-12-18 09:00:00,619.96,605.1,718.36,1874.27,3817.69
2025-12-18 10:00:00,560.29,549.23,643.42,1431.17,3184.12
2025-12-18 11:00:00,751.89,323.04,699.6,2056.41,3830.94
2025-12-18 12:00:00,906.4,460.33,824.36,1249.11,3440.21
2025-12-18 13:00:00,859.51,485.71,756.61,1607.06,3708.89
2025-12-18 14:00:00,1049.3,489.47,633.18,1475.14,3647.1
2025-12-18 15:00:00,593.29,583.16,616.11,1562.53,3355.08
2025-12-18 16:00:00,305.49,546.36,744.83,1918.78,3515.47
2025-12-18 17:00:00,200.3,537.13,673.8,2188.11,3599.34
2025-12-18 18:00:00,0.0,631.32,718.69,1531.55,2881.56
2025-12-18 19:00:00,0.0,521.79,693.58,1631.81,2847.17
2025-12-18 20:00:00,0.0,511.51,640.22,2188.05,3339.78
2025-12-18 21:00:00,0.0,333.34,817.1,1453.71,2604.15
2025-12-18 22:00:00,0.0,305.41,651.45,1449.33,2406.19
2025-12-18 23:00:00,0.0,378.13,677.01,1397.53,2452.67
2025-12-19 00:00:00,0.0,521.07,779.39,1475.09,2775.55
2025-12-19 01:00:00,0.0,550.61,647.52,1379.94,2578.07
2025-12-19 02:00:00,0.0,734.17,686.81,1448.9,2869.88
2025-12-19 03:00:00,0.0,586.15,767.93,1589.83,2943.92
2025-12-19 04:00:00,0.0,424.98,677.32,1642.01,2744.31
2025-12-19 05:00:00,0.0,581.93,598.62,1537.1,2717.65
2025-12-19 06:00:00,0.0,510.9,717.6,1887.34,3115.84
2025-12-19 07:00:00,146.01,370.1,700.8,1340.89,2557.8
2025-12-19 08:00:00,442.55,504.07,652.78,1814.45,3413.85
2025-12-19 09:00:00,687.28,582.94,758.99,1176.06,3205.26
2025-12-19 10:00:00,665.14,614.88,575.5,2379.7,4235.22
2025-12-19 11:00:00,866.24,629.74,776.14,1688.7,3960.81
2025-12-19 12:00:00,856.49,447.21,704.96,1609.57,3618.23
2025-12-19 13:00:00,784.3,380.25,713.74,1421.1,3299.39
2025-12-19 14:00:00,559.87,438.18,730.44,1275.99,3004.49
2025-12-19 15:00:00,566.56,417.65,686.63,1126.49,2797.33
2025-12-19 16:00:00,519.67,564.91,658.34,1478.27,3221.2
2025-12-19 17:00:00,246.67,599.23,693.47,1809.89,3349.26
2025-12-19 18:00:00,0.0,395.72,790.87,1505.34,2691.94
2025-12-19 19:00:00,0.0,787.81,742.56,1705.32,3235.69
2025-12-19 20:00:00,0.0,429.58,757.42,1880.75,3067.75
2025-12-19 21:00:00,0.0,506.82,662.54,1301.23,2470.59
2025-12-19 22:00:00,0.0,411.28,632.6,1746.28,2790.16
2025-12-19 23:00:00,0.0,359.92,645.13,1225.48,2230.53
2025-12-20 00:00:00,0.0,456.8,758.67,1616.81,2832.27
2025-12-20 01:00:00,0.0,414.37,748.74,1331.8,2494.91
2025-12-20 02:00:00,0.0,583.02,638.19,1264.71,2485.93
2025-12-20 03:00:00,0.0,548.75,694.19,1712.41,2955.35
2025-12-20 04:00:00,0.0,515.73,736.42,1568.85,2821.0
2025-12-20 05:00:00,0.0,414.26,615.2,1431.71,2461.17
2025-12-20 06:00:00,0.0,605.26,759.44,1905.05,3269.75
2025-12-20 07:00:00,225.66,378.23,706.84,1093.23,2403.96
2025-12-20 08:00:00,384.89,563.04,714.98,1865.69,3528.6
2025-12-20 09:00:00,558.13,503.98,638.82,1397.72,3098.65
2025-12-20 10:00:00,787.45,317.07,682.14,1725.74,3512.41
2025-12-20 11:00:00,876.26,395.38,684.88,1909.23,3865.75
2025-12-20 12:00:00,926.88,608.58,751.72,1248.14,3535.32
2025-12-20 13:00:00,924.03,802.34,726.95,1434.42,3887.73
2025-12-20 14:00:00,656.62,435.11,673.48,1552.59,3317.79
2025-12-20 15:00:00,634.12,427.34,623.45,1854.93,3539.84
2025-12-20 16:00:00,321.4,430.46,724.95,1397.05,2873.86
2025-12-20 17:00:00,204.7,410.26,735.68,1029.67,2380.31
2025-12-20 18:00:00,0.0,407.74,755.44,1296.56,2459.75
2025-12-20 19:00:00,0.0,651.35,663.71,1473.14,2788.19
2025-12-20 20:00:00,0.0,535.77,781.12,1405.28,2722.17
2025-12-20 21:00:00,0.0,400.39,694.86,1987.67,3082.93
2025-12-20 22:00:00,0.0,530.17,608.39,1860.58,2999.13
2025-12-20 23:00:00,0.0,302.54,740.65,1680.72,2723.9
2025-12-21 00:00:00,0.0,401.7,762.24,2214.4,3378.34
2025-12-21 01:00:00,0.0,481.98,684.3,1472.07,2638.36
2025-12-21 02:00:00,0.0,621.5,746.55,1118.25,2486.3
2025-12-21 03:00:00,0.0,681.86,591.34,1720.21,2993.4
2025-12-21 04:00:00,0.0,694.52,740.66,1579.89,3015.08
2025-12-21 05:00:00,0.0,453.0,612.67,1758.84,2824.52
2025-12-21 06:00:00,0.0,641.74,770.97,1812.8,3225.51
2025-12-21 07:00:00,239.69,496.38,689.96,1492.43,2918.45
2025-12-21 08:00:00,358.0,538.89,592.32,1791.48,3280.69
2025-12-21 09:00:00,540.23,378.86,756.47,2089.24,3764.8
2025-12-21 10:00:00,814.43,486.78,723.83,1375.51,3400.56
2025-12-21 11:00:00,785.5,638.13,652.77,1927.32,4003.71
2025-12-21 12:00:00,981.89,389.06,707.49,1589.65,3668.1
2025-12-21 13:00:00,613.42,293.62,689.19,1877.19,3473.42
2025-12-21 14:00:00,733.55,682.25,734.52,1336.28,3486.59
2025-12-21 15:00:00,560.25,550.15,603.06,1599.92,3313.39
2025-12-21 16:00:00,514.67,473.96,754.83,1473.05,3216.51
2025-12-21 17:00:00,198.35,405.32,663.35,1851.24,3118.26
2025-12-21 18:00:00,0.0,499.75,804.79,1788.85,3093.39
2025-12-21 19:00:00,0.0,520.01,734.91,1717.68,2972.61
2025-12-21 20:00:00,0.0,704.0,701.1,1908.54,3313.64
2025-12-21 21:00:00,0.0,608.94,711.05,1757.14,3077.13
2025-12-21 22:00:00,0.0,573.84,731.49,1319.9,2625.23
2025-12-21 23:00:00,0.0,407.91,740.0,1327.45,2475.36
2025-12-22 00:00:00,0.0,558.58,762.5,1467.19,2788.26
2025-12-22 01:00:00,0.0,409.06,654.83,1923.07,2986.96
2025-12-22 02:00:00,0.0,385.44,672.96,1518.58,2576.97
2025-12-22 03:00:00,0.0,220.14,752.8,1721.58,2694.52
2025-12-22 04:00:00,0.0,435.05,603.0,1261.6,2299.65
2025-12-22 05:00:00,0.0,378.29,732.61,1576.65,2687.55
2025-12-22 06:00:00,0.0,683.24,695.92,2140.88,3520.04
2025-12-22 07:00:00,180.09,232.38,661.49,1434.6,2508.55
2025-12-22 08:00:00,464.72,258.23,706.88,1863.28,3293.11
2025-12-22 09:00:00,482.43,357.16,699.04,1425.97,2964.59
2025-12-22 10:00:00,697.17,571.49,635.31,1769.8,3673.76
2025-12-22 11:00:00,780.87,405.02,682.03,1732.31,3600.23
2025-12-22 12:00:00,723.89,448.12,729.48,1759.38,3660.88
2025-12-22 13:00:00,767.3,339.87,773.04,1594.11,3474.32
2025-12-22 14:00:00,553.45,606.26,823.81,1774.17,3757.69
2025-12-22 15:00:00,752.64,391.88,676.05,1849.14,3669.71
2025-12-22 16:00:00,458.58,643.29,702.11,1842.31,3646.29
2025-12-22 17:00:00,216.97,637.98,735.21,2136.57,3726.73
2025-12-22 18:00:00,0.0,585.57,674.24,1797.02,3056.83
2025-12-22 19:00:00,0.0,568.24,828.96,1316.45,2713.66
2025-12-22 20:00:00,0.0,530.18,700.8,1691.81,2922.79
2025-12-22 21:00:00,0.0,633.63,746.47,1319.86,2699.95
2025-12-22 22:00:00,0.0,287.5,596.07,1478.47,2362.04
2025-12-22 23:00:00,0.0,410.92,683.58,1380.82,2475.32
2025-12-23 00:00:00,0.0,471.79,824.3,1612.48,2908.57
2025-12-23 01:00:00,0.0,471.19,608.29,1845.73,2925.21
2025-12-23 02:00:00,0.0,811.58,735.11,1607.6,3154.28
2025-12-23 03:00:00,0.0,555.61,708.35,1294.95,2558.9
2025-12-23 04:00:00,0.0,478.64,673.68,1491.68,2643.99
2025-12-23 05:00:00,0.0,589.88,705.69,1366.86,2662.43
2025-12-23 06:00:00,0.0,574.87,673.33,1597.54,2845.74
2025-12-23 07:00:00,209.44,763.65,616.4,1631.78,3221.27
2025-12-23 08:00:00,358.73,397.87,756.66,1440.39,2953.65
2025-12-23 09:00:00,711.48,457.2,595.23,1479.48,3243.4
2025-12-23 10:00:00,641.01,558.13,708.25,1983.76,3891.16
2025-12-23 11:00:00,775.96,526.46,509.71,1774.75,3586.88
2025-12-23 12:00:00,616.49,315.85,740.8,1679.0,3352.13
2025-12-23 13:00:00,756.76,461.3,619.94,1763.11,3601.11
2025-12-23 14:00:00,827.35,555.65,702.37,1153.95,3239.32
2025-12-23 15:00:00,477.87,264.02,695.35,1423.15,2860.39
2025-12-23 16:00:00,496.01,588.71,592.67,1618.22,3295.6
2025-12-23 17:00:00,215.23,453.74,665.76,1960.42,3295.16
2025-12-23 18:00:00,0.0,563.57,712.3,1834.06,3109.93
2025-12-23 19:00:00,0.0,405.07,643.29,1909.4,2957.77
2025-12-23 20:00:00,0.0,596.08,595.74,2329.5,3521.32
2025-12-23 21:00:00,0.0,619.7,689.23,1182.8,2491.72
2025-12-23 22:00:00,0.0,476.1,583.48,1886.32,2945.91
2025-12-23 23:00:00,0.0,349.94,747.89,1283.34,2381.17
2025-12-24 00:00:00,0.0,330.44,643.77,1390.28,2364.48
2025-12-24 01:00:00,0.0,525.94,649.22,1204.01,2379.18
2025-12-24 02:00:00,0.0,582.44,740.59,1669.32,2992.35
2025-12-24 03:00:00,0.0,386.59,702.03,1676.0,2764.62
2025-12-24 04:00:00,0.0,404.01,621.46,1617.64,2643.11
2025-12-24 05:00:00,0.0,395.6,654.29,1424.77,2474.66
2025-12-24 06:00:00,0.0,375.02,628.68,1145.06,2148.76
2025-12-24 07:00:00,176.3,384.15,749.01,1799.69,3109.15
2025-12-24 08:00:00,427.55,461.22,646.03,1989.51,3524.31
2025-12-24 09:00:00,565.42,407.78,654.35,1862.18,3489.73
2025-12-24 10:00:00,746.37,419.82,725.37,1522.06,3413.62
2025-12-24 11:00:00,968.06,210.85,701.33,1431.7,3311.93
2025-12-24 12:00:00,1027.91,512.7,774.73,2130.22,4445.55
2025-12-24 13:00:00,803.13,404.38,739.37,1709.49,3656.37
2025-12-24 14:00:00,868.29,583.79,701.14,1401.62,3554.84
2025-12-24 15:00:00,548.59,328.14,603.67,1792.59,3272.99
2025-12-24 16:00:00,380.18,538.76,745.65,1352.94,3017.53
2025-12-24 17:00:00,182.34,689.18,721.43,1825.25,3418.2
2025-12-24 18:00:00,0.0,397.18,727.85,1289.57,2414.59
2025-12-24 19:00:00,0.0,300.48,730.8,1959.2,2990.48
2025-12-24 20:00:00,0.0,268.82,782.11,1167.14,2218.07
2025-12-24 21:00:00,0.0,474.51,774.85,1756.96,3006.31
2025-12-24 22:00:00,0.0,640.07,563.02,1734.49,2937.59
2025-12-24 23:00:00,0.0,374.28,610.75,1727.91,2712.94
2025-12-25 00:00:00,0.0,287.21,691.6,1486.91,2465.71
2025-12-25 01:00:00,0.0,450.37,730.01,1374.62,2555.0
2025-12-25 02:00:00,0.0,437.18,731.07,1900.05,3068.29
2025-12-25 03:00:00,0.0,568.83,745.51,1243.98,2558.31
2025-12-25 04:00:00,0.0,531.38,667.71,1572.72,2771.81
2025-12-25 05:00:00,0.0,326.74,607.35,1580.62,2514.71
2025-12-25 06:00:00,0.0,552.35,714.3,1480.17,2746.82
2025-12-25 07:00:00,173.66,349.41,682.93,1700.34,2906.33
2025-12-25 08:00:00,299.23,635.45,758.93,1421.42,3115.02
2025-12-25 09:00:00,535.11,644.22,703.25,1489.4,3371.98
2025-12-25 10:00:00,856.32,429.96,660.96,1605.98,3553.22
2025-12-25 11:00:00,719.2,338.65,713.0,2274.81,4045.66
2025-12-25 12:00:00,790.21,527.92,717.68,1952.51,3988.32
2025-12-25 13:00:00,691.25,561.97,670.56,1314.52,3238.3
2025-12-25 14:00:00,721.02,397.41,784.53,1421.02,3323.97
2025-12-25 15:00:00,605.37,555.25,620.0,1105.22,2885.85
2025-12-25 16:00:00,531.48,384.79,618.3,1507.1,3041.67
2025-12-25 17:00:00,201.66,558.4,581.98,1631.71,2973.75
2025-12-25 18:00:00,0.0,532.55,726.45,1492.97,2751.97
2025-12-25 19:00:00,0.0,569.6,753.79,1545.35,2868.74
2025-12-25 20:00:00,0.0,613.58,723.92,1465.5,2802.99
2025-12-25 21:00:00,0.0,501.55,765.81,1998.97,3266.34
2025-12-25 22:00:00,0.0,563.13,675.6,1569.02,2807.74
2025-12-25 23:00:00,0.0,493.75,601.27,1050.94,2145.96
2025-12-26 00:00:00,0.0,428.34,771.07,1242.05,2441.46
2025-12-26 01:00:00,0.0,438.99,754.98,1861.45,3055.41
2025-12-26 02:00:00,0.0,317.6,604.08,1568.27,2489.96
2025-12-26 03:00:00,0.0,394.21,705.63,1627.69,2727.54
2025-12-26 04:00:00,0.0,535.91,705.08,1798.25,3039.23
2025-12-26 05:00:00,0.0,467.76,538.41,1584.24,2590.41
2025-12-26 06:00:00,0.0,473.69,708.79,1439.27,2621.74
2025-12-26 07:00:00,191.36,366.43,743.09,1589.63,2890.51
2025-12-26 08:00:00,401.48,467.18,678.55,1576.34,3123.55
2025-12-26 09:00:00,591.15,543.31,711.25,1722.07,3567.77
2025-12-26 10:00:00,624.69,614.13,753.81,1810.75,3803.39
2025-12-26 11:00:00,924.23,418.84,704.14,1231.37,3278.58
2025-12-26 12:00:00,853.06,711.39,712.65,1448.72,3725.83
2025-12-26 13:00:00,924.55,437.99,754.08,2007.73,4124.35
2025-12-26 14:00:00,644.61,420.46,665.35,1485.87,3216.29
2025-12-26 15:00:00,701.26,489.52,717.95,1774.03,3682.76
2025-12-26 16:00:00,351.68,452.33,756.27,1326.8,2887.09
2025-12-26 17:00:00,198.61,530.4,589.06,1507.33,2825.41
2025-12-26 18:00:00,0.0,574.22,641.42,1744.58,2960.21
2025-12-26 19:00:00,0.0,524.33,683.88,1720.97,2929.19
2025-12-26 20:00:00,0.0,510.22,683.15,1319.01,2512.39
2025-12-26 21:00:00,0.0,374.52,711.39,1851.95,2937.87
2025-12-26 22:00:00,0.0,701.34,688.28,1631.36,3020.98
2025-12-26 23:00:00,0.0,444.76,789.01,1806.01,3039.79
2025-12-27 00:00:00,0.0,430.2,789.04,1465.02,2684.25
2025-12-27 01:00:00,0.0,467.75,684.62,1370.15,2522.51
2025-12-27 02:00:00,0.0,575.71,759.44,1452.92,2788.07
2025-12-27 03:00:00,0.0,519.82,629.25,1553.27,2702.34
2025-12-27 04:00:00,0.0,326.84,732.72,1815.35,2874.91
2025-12-27 05:00:00,0.0,493.45,659.99,1132.92,2286.37
2025-12-27 06:00:00,0.0,560.72,754.79,1486.27,2801.78
2025-12-27 07:00:00,252.53,611.3,674.87,1960.51,3499.21
2025-12-27 08:00:00,407.64,550.84,706.98,2060.14,3725.59
2025-12-27 09:00:00,526.77,668.45,742.44,1701.47,3639.12
2025-12-27 10:00:00,797.3,597.72,829.33,1824.93,4049.28
2025-12-27 11:00:00,738.23,652.96,605.97,2175.48,4172.63
2025-12-27 12:00:00,897.9,246.64,731.39,1695.09,3571.01
2025-12-27 13:00:00,743.48,377.51,674.93,984.27,2780.19
2025-12-27 14:00:00,739.82,311.25,613.9,1418.43,3083.4
2025-12-27 15:00:00,579.24,526.27,767.71,1614.7,3487.92
2025-12-27 16:00:00,410.32,660.79,819.13,1872.96,3763.21
2025-12-27 17:00:00,251.01,693.65,739.76,1808.19,3492.61
2025-12-27 18:00:00,0.0,677.77,681.49,1390.31,2749.57
2025-12-27 19:00:00,0.0,546.35,667.49,1724.44,2938.29
2025-12-27 20:00:00,0.0,551.48,631.26,1655.56,2838.3
2025-12-27 21:00:00,0.0,522.63,740.18,1378.61,2641.42
2025-12-27 22:00:00,0.0,398.12,718.28,1527.65,2644.04
2025-12-27 23:00:00,0.0,543.23,700.08,1498.84,2742.15
2025-12-28 00:00:00,0.0,501.45,653.1,1557.27,2711.83
2025-12-28 01:00:00,0.0,400.28,787.66,1623.99,2811.93
2025-12-28 02:00:00,0.0,630.84,639.84,1804.29,3074.97
2025-12-28 03:00:00,0.0,400.45,697.67,1323.01,2421.12
2025-12-28 04:00:00,0.0,652.12,711.35,1622.43,2985.9
2025-12-28 05:00:00,0.0,498.77,710.55,1273.33,2482.65
2025-12-28 06:00:00,0.0,500.68,755.75,1429.51,2685.95
2025-12-28 07:00:00,249.56,367.63,737.95,1962.87,3318.01
2025-12-28 08:00:00,345.08,435.92,695.33,1676.52,3152.86
2025-12-28 09:00:00,713.8,415.04,704.36,1083.0,2916.2
2025-12-28 10:00:00,626.76,527.86,569.62,1513.3,3237.54
2025-12-28 11:00:00,900.44,546.03,688.11,1315.66,3450.24
2025-12-28 12:00:00,914.11,650.27,651.6,1756.41,3972.38
2025-12-28 13:00:00,745.71,314.9,783.66,1615.82,3460.09
2025-12-28 14:00:00,710.71,334.63,752.58,1400.52,3198.43
2025-12-28 15:00:00,439.94,490.15,629.75,1662.54,3222.38
2025-12-28 16:00:00,330.28,555.96,732.71,1582.92,3201.87
2025-12-28 17:00:00,220.89,685.91,601.62,1573.27,3081.69
2025-12-28 18:00:00,0.0,630.25,615.98,2089.42,3335.66
2025-12-28 19:00:00,0.0,467.58,674.92,1518.92,2661.41
2025-12-28 20:00:00,0.0,409.91,728.9,1557.14,2695.95
2025-12-28 21:00:00,0.0,553.55,834.36,1340.83,2728.74
2025-12-28 22:00:00,0.0,553.09,725.1,2021.24,3299.43
2025-12-28 23:00:00,0.0,575.62,777.45,1565.77,2918.84
2025-12-29 00:00:00,0.0,619.18,781.76,1612.41,3013.34
2025-12-29 01:00:00,0.0,558.36,840.75,1541.16,2940.26
2025-12-29 02:00:00,0.0,384.39,641.66,1830.94,2856.99
2025-12-29 03:00:00,0.0,682.56,722.01,1494.61,2899.18
2025-12-29 04:00:00,0.0,589.03,786.27,1870.29,3245.59
2025-12-29 05:00:00,0.0,388.93,765.27,1501.99,2656.18
2025-12-29 06:00:00,0.0,365.26,702.69,1909.2,2977.15
2025-12-29 07:00:00,235.31,386.94,583.78,2172.09,3378.12
2025-12-29 08:00:00,405.38,695.53,816.79,1491.97,3409.68
2025-12-29 09:00:00,700.51,701.15,647.82,1627.28,3676.76
2025-12-29 10:00:00,753.62,532.16,696.05,1725.3,3707.13
2025-12-29 11:00:00,811.07,776.86,680.37,1817.94,4086.24
2025-12-29 12:00:00,972.03,516.43,716.08,1690.16,3894.71
2025-12-29 13:00:00,859.5,349.09,632.52,1649.12,3490.23
2025-12-29 14:00:00,733.89,476.13,677.12,1330.46,3217.61
2025-12-29 15:00:00,594.37,391.72,638.35,1630.38,3254.82
2025-12-29 16:00:00,411.65,506.99,759.33,1614.49,3292.47
2025-12-29 17:00:00,257.15,496.78,745.26,1483.66,2982.85
2025-12-29 18:00:00,0.0,596.14,661.54,975.54,2233.22
2025-12-29 19:00:00,0.0,594.2,772.84,1662.13,3029.16
2025-12-29 20:00:00,0.0,424.69,696.68,1485.77,2607.13
2025-12-29 21:00:00,0.0,527.15,683.6,2064.91,3275.66
2025-12-29 22:00:00,0.0,400.03,744.1,1672.61,2816.74
2025-12-29 23:00:00,0.0,551.21,773.85,1993.87,3318.93
2025-12-30 00:00:00,0.0,511.96,799.61,1356.24,2667.81
2025-12-30 01:00:00,0.0,561.71,692.82,1329.18,2583.71
2025-12-30 02:00:00,0.0,486.0,630.75,1633.62,2750.36
2025-12-30 03:00:00,0.0,523.1,753.67,1841.29,3118.05
2025-12-30 04:00:00,0.0,297.52,601.21,1536.43,2435.17
2025-12-30 05:00:00,0.0,455.42,744.31,1840.08,3039.81
2025-12-30 06:00:00,0.0,399.08,748.09,1542.52,2689.68
2025-12-30 07:00:00,263.07,614.95,789.79,1611.9,3279.72
2025-12-30 08:00:00,374.05,419.15,656.91,1586.09,3036.2
2025-12-30 09:00:00,641.64,412.06,632.23,1785.08,3471.01
2025-12-30 10:00:00,740.24,582.44,703.64,1891.22,3917.53
2025-12-30 11:00:00,739.63,542.59,751.51,1407.26,3440.99
2025-12-30 12:00:00,726.6,670.01,649.04,1270.01,3315.66
2025-12-30 13:00:00,1055.42,537.18,630.14,1777.79,4000.53
2025-12-30 14:00:00,715.13,544.57,741.05,1886.09,3886.83
2025-12-30 15:00:00,632.44,481.0,685.31,1826.98,3625.73
2025-12-30 16:00:00,470.28,552.44,716.94,1526.33,3265.99
2025-12-30 17:00:00,257.47,647.44,750.99,2136.51,3792.4
2025-12-30 18:00:00,0.0,407.14,661.44,1318.41,2386.99
2025-12-30 19:00:00,0.0,574.25,697.96,1271.42,2543.62
2025-12-30 20:00:00,0.0,164.04,657.98,1529.93,2351.95
2025-12-30 21:00:00,0.0,475.37,721.4,1608.86,2805.63
2025-12-30 22:00:00,0.0,407.74,725.86,1908.04,3041.64
2025-12-30 23:00:00,0.0,626.22,645.64,1787.6,3059.46
2025-12-31 00:00:00,0.0,346.7,727.21,2307.53,3381.44
2025-12-31 01:00:00,0.0,520.6,688.36,1489.1,2698.06
2025-12-31 02:00:00,0.0,312.05,692.26,1477.09,2481.4
2025-12-31 03:00:00,0.0,334.51,660.91,1269.36,2264.78
2025-12-31 04:00:00,0.0,445.19,698.17,1298.75,2442.11
2025-12-31 05:00:00,0.0,407.13,704.76,1849.54,2961.43
2025-12-31 06:00:00,0.0,605.62,756.46,1811.15,3173.23
2025-12-31 07:00:00,237.51,548.29,705.46,1362.85,2854.11
2025-12-31 08:00:00,336.64,730.36,668.46,1680.91,3416.37
2025-12-31 09:00:00,693.9,504.87,649.74,1325.74,3174.25
2025-12-31 10:00:00,822.89,533.14,745.87,1568.78,3670.68
2025-12-31 11:00:00,858.63,630.14,687.76,1139.19,3315.72
2025-12-31 12:00:00,945.15,582.97,712.68,1581.73,3822.53
2025-12-31 13:00:00,866.55,447.35,736.91,1362.05,3412.86
2025-12-31 14:00:00,884.45,660.38,817.03,1455.09,3816.95
2025-12-31 15:00:00,577.79,325.01,650.29,1534.62,3087.71
2025-12-31 16:00:00,406.1,408.35,747.85,1634.75,3197.05
2025-12-31 17:00:00,192.05,456.93,759.64,1642.72,3051.33
2025-12-31 18:00:00,0.0,356.74,612.67,1706.54,2675.94
2025-12-31 19:00:00,0.0,529.41,680.62,1233.11,2443.13
2025-12-31 20:00:00,0.0,485.07,737.8,1778.77,3001.64
2025-12-31 21:00:00,0.0,652.29,745.38,1549.61,2947.28
2025-12-31 22:00:00,0.0,662.92,748.47,1738.36,3149.76
2025-12-31 23:00:00,0.0,546.48,654.71,1104.21,2305.39
