Event_ID,Timestamp,Region,Substation_ID,Event_Type,Severity,Duration_Minutes
EVT-00917,2024-01-01 02:00:00,West,SS-002,Equipment Fault,Medium,370
EVT-02561,2024-01-01 06:00:00,West,SS-010,Normal,Medium,377
EVT-03342,2024-01-01 16:00:00,East,SS-007,Equipment Fault,High,372
EVT-04214,2024-01-01 16:00:00,West,SS-003,Normal,Low,235
EVT-03512,2024-01-01 19:00:00,Central,SS-005,Normal,Low,234
EVT-01980,2024-01-02 02:00:00,North,SS-005,Normal,Low,242
EVT-02083,2024-01-02 03:00:00,East,SS-004,Maintenance,High,466
EVT-04786,2024-01-02 05:00:00,South,SS-005,Normal,Medium,182
EVT-01438,2024-01-02 06:00:00,South,SS-003,Voltage Anomaly,Low,102
EVT-00507,2024-01-02 07:00:00,Central,SS-002,Equipment Fault,Low,198
EVT-03240,2024-01-02 09:00:00,Central,SS-005,Normal,Medium,16
EVT-04543,2024-01-02 12:00:00,East,SS-004,Normal,Low,471
EVT-02765,2024-01-02 15:00:00,Central,SS-001,Normal,Low,297
EVT-03496,2024-01-02 15:00:00,East,SS-005,Voltage Anomaly,Medium,369
EVT-00239,2024-01-02 20:00:00,South,SS-002,Normal,Medium,264
EVT-00805,2024-01-02 23:00:00,South,SS-004,Overload,High,49
EVT-00950,2024-01-03 00:00:00,North,SS-005,Voltage Anomaly,Medium,42
EVT-02634,2024-01-03 03:00:00,North,SS-008,Outage,Medium,37
EVT-03410,2024-01-03 04:00:00,South,SS-007,Normal,High,353
EVT-03542,2024-01-03 17:00:00,South,SS-008,Maintenance,Medium,167
EVT-04892,2024-01-03 21:00:00,North,SS-003,Normal,Low,329
EVT-02058,2024-01-04 11:00:00,East,SS-006,Overload,Low,441
EVT-00497,2024-01-04 11:00:00,Central,SS-003,Normal,Medium,421
EVT-01303,2024-01-04 12:00:00,East,SS-010,Normal,High,133
EVT-00413,2024-01-04 13:00:00,South,SS-003,Normal,Low,98
EVT-04595,2024-01-04 16:00:00,North,SS-003,Normal,Medium,251
EVT-03848,2024-01-04 21:00:00,North,SS-008,Normal,Medium,135
EVT-02483,2024-01-05 01:00:00,South,SS-001,Maintenance,Medium,328
EVT-04015,2024-01-05 03:00:00,East,SS-007,Normal,Medium,364
EVT-01475,2024-01-05 10:00:00,West,SS-003,Normal,Medium,366
EVT-01844,2024-01-05 12:00:00,South,SS-005,Normal,High,86
EVT-03391,2024-01-05 15:00:00,South,SS-010,Normal,Medium,412
EVT-01651,2024-01-05 15:00:00,East,SS-003,Voltage Anomaly,Low,220
EVT-04638,2024-01-05 22:00:00,North,SS-005,Maintenance,Medium,146
EVT-01674,2024-01-06 08:00:00,East,SS-005,Voltage Anomaly,Low,336
EVT-01704,2024-01-06 16:00:00,West,SS-009,Normal,Medium,226
EVT-04100,2024-01-06 18:00:00,East,SS-009,Voltage Anomaly,Medium,263
EVT-04747,2024-01-06 23:00:00,North,SS-005,Normal,High,350
EVT-03250,2024-01-07 02:00:00,East,SS-008,Normal,Low,386
EVT-02562,2024-01-07 03:00:00,East,SS-004,Overload,Low,59
EVT-03205,2024-01-07 16:00:00,North,SS-010,Outage,Critical,419
EVT-00654,2024-01-08 00:00:00,Central,SS-008,Equipment Fault,High,465
EVT-02558,2024-01-08 01:00:00,West,SS-001,Overload,Low,142
EVT-04541,2024-01-08 05:00:00,North,SS-005,Normal,Medium,477
EVT-01735,2024-01-08 05:00:00,South,SS-007,Overload,Low,221
EVT-00940,2024-01-08 10:00:00,West,SS-006,Normal,Medium,200
EVT-01021,2024-01-08 17:00:00,South,SS-009,Normal,Low,44
EVT-03782,2024-01-08 21:00:00,Central,SS-003,Maintenance,Medium,52
EVT-00357,2024-01-09 02:00:00,Central,SS-001,Voltage Anomaly,High,386
EVT-02181,2024-01-09 11:00:00,West,SS-007,Equipment Fault,Low,210
EVT-03578,2024-01-09 15:00:00,West,SS-001,Overload,High,127
EVT-04976,2024-01-09 18:00:00,West,SS-006,Overload,Medium,391
EVT-03194,2024-01-09 19:00:00,South,SS-009,Normal,High,402
EVT-04082,2024-01-09 22:00:00,West,SS-004,Overload,High,425
EVT-00201,2024-01-10 00:00:00,South,SS-007,Normal,Medium,51
EVT-00241,2024-01-10 01:00:00,West,SS-003,Normal,Low,90
EVT-04313,2024-01-10 08:00:00,Central,SS-009,Normal,Medium,90
EVT-04883,2024-01-10 19:00:00,Central,SS-003,Normal,High,170
EVT-04363,2024-01-10 21:00:00,East,SS-004,Normal,Low,215
EVT-03122,2024-01-11 02:00:00,East,SS-003,Overload,Low,340
EVT-03438,2024-01-11 03:00:00,North,SS-006,Overload,Medium,101
EVT-02657,2024-01-11 04:00:00,Central,SS-006,Maintenance,Low,382
EVT-04690,2024-01-11 07:00:00,West,SS-001,Equipment Fault,High,118
EVT-04482,2024-01-11 10:00:00,North,SS-004,Normal,Low,30
EVT-02402,2024-01-11 10:00:00,North,SS-008,Normal,Medium,116
EVT-04783,2024-01-11 12:00:00,East,SS-001,Equipment Fault,Medium,478
EVT-04579,2024-01-11 14:00:00,South,SS-008,Normal,Medium,464
EVT-03077,2024-01-11 16:00:00,West,SS-007,Normal,High,90
EVT-04343,2024-01-11 16:00:00,West,SS-002,Overload,High,265
EVT-04318,2024-01-11 18:00:00,East,SS-003,Maintenance,Medium,338
EVT-04606,2024-01-11 18:00:00,South,SS-010,Normal,Low,130
EVT-01717,2024-01-11 19:00:00,East,SS-004,Normal,High,419
EVT-00018,2024-01-11 20:00:00,East,SS-004,Normal,Critical,397
EVT-04083,2024-01-11 22:00:00,South,SS-006,Normal,Critical,313
EVT-02291,2024-01-12 01:00:00,South,SS-002,Normal,Medium,183
EVT-03729,2024-01-12 03:00:00,West,SS-008,Equipment Fault,High,340
EVT-02454,2024-01-12 06:00:00,Central,SS-008,Normal,Critical,303
EVT-02024,2024-01-12 07:00:00,North,SS-005,Equipment Fault,Low,269
EVT-01581,2024-01-12 08:00:00,North,SS-008,Normal,Medium,214
EVT-03185,2024-01-12 13:00:00,North,SS-001,Normal,High,143
EVT-00551,2024-01-12 14:00:00,West,SS-008,Normal,Medium,155
EVT-03636,2024-01-12 19:00:00,West,SS-002,Normal,Medium,362
EVT-02771,2024-01-12 22:00:00,West,SS-003,Normal,High,369
EVT-00032,2024-01-13 00:00:00,Central,SS-010,Outage,High,404
EVT-03335,2024-01-13 02:00:00,South,SS-004,Outage,High,44
EVT-02042,2024-01-13 05:00:00,West,SS-010,Normal,High,198
EVT-00802,2024-01-13 06:00:00,South,SS-005,Overload,Low,45
EVT-02515,2024-01-13 06:00:00,North,SS-002,Outage,Critical,297
EVT-01272,2024-01-13 08:00:00,East,SS-010,Equipment Fault,Critical,204
EVT-03322,2024-01-13 10:00:00,South,SS-004,Normal,High,397
EVT-03761,2024-01-13 13:00:00,Central,SS-010,Normal,Medium,265
EVT-02186,2024-01-13 13:00:00,Central,SS-002,Equipment Fault,Low,185
EVT-01162,2024-01-13 14:00:00,South,SS-005,Outage,Low,122
EVT-03572,2024-01-13 14:00:00,East,SS-004,Outage,High,195
EVT-04269,2024-01-13 19:00:00,North,SS-005,Overload,Medium,15
EVT-04935,2024-01-13 21:00:00,West,SS-010,Normal,High,6
EVT-04853,2024-01-14 02:00:00,North,SS-002,Normal,Medium,216
EVT-01434,2024-01-14 06:00:00,South,SS-001,Normal,Low,472
EVT-03628,2024-01-14 08:00:00,South,SS-007,Maintenance,Medium,105
EVT-04964,2024-01-14 11:00:00,South,SS-001,Normal,Medium,234
EVT-00609,2024-01-14 12:00:00,West,SS-008,Normal,Low,77
EVT-04466,2024-01-14 20:00:00,North,SS-003,Equipment Fault,Medium,301
EVT-04421,2024-01-15 09:00:00,South,SS-002,Overload,High,241
EVT-02072,2024-01-15 17:00:00,South,SS-001,Outage,Medium,420
EVT-02235,2024-01-15 20:00:00,West,SS-009,Normal,High,35
EVT-02463,2024-01-15 23:00:00,South,SS-003,Outage,Low,204
EVT-00372,2024-01-16 00:00:00,South,SS-006,Outage,Low,45
EVT-00989,2024-01-16 05:00:00,West,SS-003,Normal,Low,365
EVT-04488,2024-01-16 05:00:00,North,SS-005,Maintenance,Medium,401
EVT-03091,2024-01-16 12:00:00,Central,SS-007,Normal,Medium,445
EVT-02134,2024-01-17 01:00:00,East,SS-007,Normal,Medium,223
EVT-04796,2024-01-17 03:00:00,East,SS-007,Equipment Fault,Low,302
EVT-02459,2024-01-17 04:00:00,Central,SS-005,Maintenance,Low,397
EVT-00160,2024-01-17 06:00:00,Central,SS-001,Normal,Low,356
EVT-01573,2024-01-17 09:00:00,North,SS-005,Normal,Low,340
EVT-01909,2024-01-17 10:00:00,West,SS-004,Normal,High,467
EVT-04012,2024-01-17 14:00:00,West,SS-009,Outage,Medium,371
EVT-02223,2024-01-17 15:00:00,Central,SS-005,Normal,Low,132
EVT-03444,2024-01-18 00:00:00,East,SS-006,Normal,Medium,414
EVT-01516,2024-01-18 00:00:00,North,SS-003,Overload,Medium,121
EVT-00356,2024-01-18 01:00:00,South,SS-003,Overload,Low,47
EVT-02951,2024-01-18 01:00:00,South,SS-007,Normal,Low,51
EVT-02968,2024-01-18 05:00:00,North,SS-007,Outage,Low,388
EVT-04315,2024-01-18 06:00:00,East,SS-003,Overload,Medium,173
EVT-00731,2024-01-18 07:00:00,North,SS-001,Outage,Low,122
EVT-04040,2024-01-18 08:00:00,East,SS-003,Overload,High,253
EVT-03436,2024-01-18 10:00:00,Central,SS-003,Outage,High,75
EVT-02593,2024-01-18 11:00:00,Central,SS-009,Normal,Low,71
EVT-04452,2024-01-18 12:00:00,Central,SS-006,Outage,High,88
EVT-01906,2024-01-18 13:00:00,Central,SS-009,Normal,Low,232
EVT-00729,2024-01-18 17:00:00,South,SS-006,Overload,Medium,269
EVT-03198,2024-01-18 22:00:00,South,SS-008,Equipment Fault,Low,396
EVT-00555,2024-01-19 00:00:00,West,SS-004,Outage,Medium,100
EVT-01971,2024-01-19 06:00:00,Central,SS-006,Normal,Medium,454
EVT-01296,2024-01-19 08:00:00,East,SS-007,Normal,High,121
EVT-03662,2024-01-19 18:00:00,Central,SS-001,Normal,Low,461
EVT-03082,2024-01-19 21:00:00,Central,SS-003,Normal,High,85
EVT-02450,2024-01-19 22:00:00,North,SS-008,Maintenance,High,436
EVT-02176,2024-01-20 01:00:00,West,SS-004,Equipment Fault,High,151
EVT-04648,2024-01-20 04:00:00,East,SS-008,Normal,Medium,92
EVT-00118,2024-01-20 06:00:00,North,SS-007,Overload,Low,202
EVT-02639,2024-01-20 08:00:00,West,SS-008,Maintenance,Critical,460
EVT-01537,2024-01-20 08:00:00,North,SS-009,Normal,Medium,242
EVT-02148,2024-01-20 10:00:00,West,SS-005,Normal,High,131
EVT-02489,2024-01-20 22:00:00,East,SS-004,Normal,Low,392
EVT-04620,2024-01-21 01:00:00,East,SS-010,Normal,High,471
EVT-01979,2024-01-21 02:00:00,North,SS-002,Overload,Low,40
EVT-00832,2024-01-21 05:00:00,West,SS-009,Voltage Anomaly,Low,35
EVT-01522,2024-01-21 06:00:00,East,SS-003,Normal,High,179
EVT-01497,2024-01-21 09:00:00,South,SS-010,Normal,Low,184
EVT-02289,2024-01-22 00:00:00,Central,SS-008,Normal,Medium,55
EVT-02997,2024-01-22 08:00:00,West,SS-008,Normal,High,299
EVT-04731,2024-01-22 09:00:00,East,SS-002,Outage,Low,299
EVT-03638,2024-01-22 15:00:00,South,SS-001,Outage,Medium,37
EVT-01393,2024-01-22 16:00:00,South,SS-010,Normal,High,400
EVT-02168,2024-01-22 18:00:00,South,SS-002,Normal,Low,308
EVT-02409,2024-01-23 00:00:00,West,SS-005,Overload,Medium,130
EVT-00046,2024-01-23 01:00:00,North,SS-005,Normal,Low,398
EVT-00522,2024-01-23 06:00:00,North,SS-001,Outage,Low,353
EVT-04134,2024-01-23 09:00:00,South,SS-004,Overload,Medium,330
EVT-03932,2024-01-23 10:00:00,East,SS-009,Overload,Low,415
EVT-03780,2024-01-23 11:00:00,West,SS-003,Overload,Low,6
EVT-03017,2024-01-23 13:00:00,North,SS-008,Normal,Low,315
EVT-03125,2024-01-23 16:00:00,West,SS-001,Normal,Critical,118
EVT-03916,2024-01-23 20:00:00,East,SS-002,Outage,Critical,230
EVT-01826,2024-01-24 01:00:00,South,SS-004,Normal,Low,304
EVT-00968,2024-01-24 09:00:00,Central,SS-002,Maintenance,Medium,165
EVT-00606,2024-01-24 14:00:00,East,SS-003,Voltage Anomaly,Low,83
EVT-04677,2024-01-24 16:00:00,South,SS-002,Voltage Anomaly,High,13
EVT-01732,2024-01-24 20:00:00,West,SS-007,Outage,Critical,414
EVT-04826,2024-01-25 00:00:00,West,SS-003,Normal,Low,327
EVT-01011,2024-01-25 04:00:00,West,SS-010,Normal,Medium,374
EVT-00855,2024-01-25 06:00:00,North,SS-003,Normal,Medium,442
EVT-03644,2024-01-25 06:00:00,Central,SS-005,Overload,Medium,259
EVT-04192,2024-01-25 08:00:00,Central,SS-002,Outage,Medium,201
EVT-04585,2024-01-25 09:00:00,East,SS-006,Voltage Anomaly,Medium,135
EVT-01696,2024-01-25 11:00:00,North,SS-005,Voltage Anomaly,High,11
EVT-02199,2024-01-25 11:00:00,West,SS-003,Maintenance,Low,435
EVT-02427,2024-01-25 13:00:00,South,SS-001,Normal,Low,84
EVT-01214,2024-01-25 16:00:00,West,SS-004,Normal,Medium,184
EVT-01026,2024-01-26 01:00:00,South,SS-002,Equipment Fault,Medium,340
EVT-01410,2024-01-26 07:00:00,West,SS-002,Voltage Anomaly,High,204
EVT-03539,2024-01-26 12:00:00,West,SS-007,Normal,Low,364
EVT-00432,2024-01-26 15:00:00,North,SS-010,Maintenance,Medium,377
EVT-04270,2024-01-26 16:00:00,South,SS-001,Equipment Fault,Low,346
EVT-04499,2024-01-26 16:00:00,South,SS-003,Voltage Anomaly,Low,131
EVT-04072,2024-01-26 19:00:00,Central,SS-007,Outage,High,306
EVT-00465,2024-01-26 23:00:00,North,SS-003,Outage,Medium,437
EVT-00550,2024-01-26 23:00:00,Central,SS-009,Normal,Medium,110
EVT-01452,2024-01-27 11:00:00,South,SS-001,Equipment Fault,Low,402
EVT-01435,2024-01-28 02:00:00,Central,SS-003,Normal,Medium,312
EVT-01709,2024-01-28 03:00:00,North,SS-005,Equipment Fault,Medium,80
EVT-02855,2024-01-28 14:00:00,Central,SS-007,Outage,High,76
EVT-02539,2024-01-28 23:00:00,East,SS-004,Normal,Medium,233
EVT-01335,2024-01-29 01:00:00,Central,SS-007,Normal,Critical,161
EVT-03750,2024-01-29 04:00:00,East,SS-001,Normal,Medium,291
EVT-01757,2024-01-29 09:00:00,East,SS-004,Normal,Low,341
EVT-01807,2024-01-29 10:00:00,South,SS-001,Normal,Low,437
EVT-01973,2024-01-29 10:00:00,East,SS-005,Normal,Low,380
EVT-00516,2024-01-29 23:00:00,East,SS-009,Outage,High,95
EVT-03832,2024-01-30 03:00:00,East,SS-004,Equipment Fault,Medium,194
EVT-00791,2024-01-30 10:00:00,South,SS-008,Normal,High,462
EVT-04468,2024-01-30 10:00:00,North,SS-001,Voltage Anomaly,Low,116
EVT-01721,2024-01-30 12:00:00,West,SS-003,Normal,High,323
EVT-00394,2024-01-30 15:00:00,North,SS-001,Outage,Low,140
EVT-04772,2024-01-30 19:00:00,South,SS-002,Overload,High,286
EVT-02498,2024-01-31 09:00:00,West,SS-004,Overload,Low,255
EVT-02733,2024-01-31 11:00:00,West,SS-009,Normal,Low,105
EVT-04282,2024-01-31 12:00:00,East,SS-003,Maintenance,Medium,191
EVT-02074,2024-01-31 17:00:00,West,SS-010,Outage,Low,474
EVT-04845,2024-01-31 20:00:00,Central,SS-002,Overload,Medium,253
EVT-02649,2024-01-31 21:00:00,South,SS-001,Overload,High,13
EVT-00562,2024-02-01 05:00:00,North,SS-009,Maintenance,Medium,116
EVT-00329,2024-02-01 09:00:00,South,SS-008,Overload,Medium,24
EVT-03634,2024-02-01 14:00:00,North,SS-008,Outage,Low,133
EVT-04348,2024-02-01 16:00:00,South,SS-006,Normal,High,354
EVT-00094,2024-02-01 16:00:00,Central,SS-007,Overload,High,389
EVT-00048,2024-02-01 19:00:00,North,SS-002,Maintenance,Low,25
EVT-02701,2024-02-01 20:00:00,South,SS-008,Voltage Anomaly,Medium,479
EVT-04559,2024-02-01 21:00:00,Central,SS-007,Overload,High,198
EVT-00583,2024-02-02 21:00:00,East,SS-005,Voltage Anomaly,High,24
EVT-02373,2024-02-02 22:00:00,Central,SS-002,Voltage Anomaly,Medium,218
EVT-00772,2024-02-02 22:00:00,South,SS-003,Normal,Medium,290
EVT-03652,2024-02-02 23:00:00,North,SS-007,Normal,Low,199
EVT-04860,2024-02-03 00:00:00,South,SS-001,Voltage Anomaly,High,376
EVT-01881,2024-02-03 02:00:00,Central,SS-003,Outage,Low,343
EVT-03360,2024-02-03 05:00:00,North,SS-005,Normal,Medium,168
EVT-01943,2024-02-03 07:00:00,South,SS-008,Normal,Low,373
EVT-04036,2024-02-03 09:00:00,North,SS-006,Normal,Medium,339
EVT-01713,2024-02-03 10:00:00,North,SS-003,Outage,Medium,304
EVT-03692,2024-02-03 20:00:00,East,SS-001,Overload,Medium,81
EVT-04310,2024-02-03 20:00:00,North,SS-004,Maintenance,Medium,100
EVT-00964,2024-02-03 21:00:00,East,SS-006,Normal,Medium,280
EVT-04088,2024-02-03 21:00:00,Central,SS-003,Normal,Medium,117
EVT-01325,2024-02-04 14:00:00,East,SS-005,Outage,Low,438
EVT-02626,2024-02-04 20:00:00,East,SS-002,Normal,Critical,323
EVT-03500,2024-02-05 02:00:00,South,SS-009,Maintenance,Low,149
EVT-03694,2024-02-05 06:00:00,Central,SS-001,Normal,Medium,436
EVT-03411,2024-02-05 10:00:00,South,SS-006,Normal,Medium,101
EVT-00838,2024-02-05 13:00:00,North,SS-007,Normal,Medium,454
EVT-01758,2024-02-05 22:00:00,North,SS-001,Normal,Low,118
EVT-00199,2024-02-06 02:00:00,West,SS-006,Overload,Low,365
EVT-04846,2024-02-06 07:00:00,Central,SS-003,Normal,Low,218
EVT-01673,2024-02-06 09:00:00,North,SS-006,Voltage Anomaly,High,243
EVT-04982,2024-02-06 09:00:00,South,SS-005,Voltage Anomaly,Medium,221
EVT-01248,2024-02-06 10:00:00,South,SS-005,Overload,Low,365
EVT-04076,2024-02-06 12:00:00,South,SS-007,Overload,Medium,223
EVT-02845,2024-02-07 04:00:00,Central,SS-009,Normal,High,199
EVT-00644,2024-02-07 05:00:00,East,SS-006,Normal,Low,302
EVT-01554,2024-02-07 06:00:00,North,SS-004,Normal,Medium,197
EVT-00765,2024-02-07 09:00:00,West,SS-002,Overload,Medium,361
EVT-03217,2024-02-07 11:00:00,Central,SS-010,Normal,Critical,182
EVT-02078,2024-02-07 15:00:00,North,SS-003,Normal,Medium,7
EVT-03466,2024-02-07 16:00:00,Central,SS-004,Maintenance,Medium,364
EVT-02140,2024-02-07 16:00:00,East,SS-007,Equipment Fault,High,382
EVT-04127,2024-02-08 04:00:00,North,SS-002,Normal,Low,217
EVT-02907,2024-02-08 06:00:00,Central,SS-002,Maintenance,Low,311
EVT-01114,2024-02-08 07:00:00,Central,SS-001,Overload,High,124
EVT-04201,2024-02-08 11:00:00,Central,SS-010,Normal,High,346
EVT-04156,2024-02-08 12:00:00,East,SS-005,Normal,High,466
EVT-00850,2024-02-08 12:00:00,West,SS-006,Normal,High,207
EVT-02206,2024-02-08 17:00:00,West,SS-006,Overload,Low,13
EVT-01647,2024-02-08 17:00:00,Central,SS-004,Overload,Low,457
EVT-01430,2024-02-08 19:00:00,West,SS-004,Maintenance,Medium,384
EVT-03450,2024-02-08 23:00:00,South,SS-002,Overload,Medium,205
EVT-03926,2024-02-08 23:00:00,South,SS-008,Outage,Medium,57
EVT-00708,2024-02-08 23:00:00,South,SS-005,Voltage Anomaly,Medium,405
EVT-03388,2024-02-09 00:00:00,Central,SS-006,Outage,Medium,368
EVT-00363,2024-02-09 05:00:00,West,SS-006,Normal,High,214
EVT-01572,2024-02-09 05:00:00,South,SS-003,Maintenance,Medium,67
EVT-04658,2024-02-09 09:00:00,West,SS-008,Outage,High,382
EVT-04155,2024-02-09 11:00:00,East,SS-006,Equipment Fault,Low,132
EVT-02673,2024-02-09 13:00:00,North,SS-010,Normal,Low,395
EVT-03192,2024-02-10 06:00:00,Central,SS-004,Normal,Low,266
EVT-01234,2024-02-10 10:00:00,South,SS-007,Overload,Medium,133
EVT-01629,2024-02-10 16:00:00,East,SS-004,Equipment Fault,Low,164
EVT-04037,2024-02-10 17:00:00,West,SS-007,Normal,Medium,394
EVT-01786,2024-02-10 18:00:00,East,SS-006,Outage,Critical,100
EVT-01457,2024-02-10 21:00:00,West,SS-010,Voltage Anomaly,Critical,165
EVT-03376,2024-02-11 03:00:00,North,SS-005,Outage,High,369
EVT-04225,2024-02-11 05:00:00,North,SS-009,Equipment Fault,High,146
EVT-00626,2024-02-11 05:00:00,West,SS-004,Voltage Anomaly,High,234
EVT-03632,2024-02-11 05:00:00,East,SS-006,Overload,Medium,237
EVT-04887,2024-02-11 07:00:00,North,SS-008,Outage,Medium,96
EVT-01091,2024-02-11 15:00:00,East,SS-004,Normal,Critical,230
EVT-03403,2024-02-11 18:00:00,Central,SS-001,Overload,Critical,265
EVT-01669,2024-02-12 06:00:00,South,SS-007,Overload,High,423
EVT-00228,2024-02-12 09:00:00,North,SS-005,Voltage Anomaly,Medium,287
EVT-00745,2024-02-12 21:00:00,Central,SS-001,Normal,High,457
EVT-03819,2024-02-12 21:00:00,North,SS-006,Normal,Low,126
EVT-03115,2024-02-13 09:00:00,South,SS-008,Normal,Medium,179
EVT-00200,2024-02-13 09:00:00,West,SS-006,Voltage Anomaly,Medium,381
EVT-01945,2024-02-13 16:00:00,Central,SS-008,Normal,Medium,376
EVT-01398,2024-02-13 17:00:00,West,SS-001,Normal,Low,431
EVT-03223,2024-02-13 19:00:00,North,SS-010,Overload,Medium,187
EVT-03950,2024-02-13 23:00:00,North,SS-002,Normal,Critical,38
EVT-02754,2024-02-14 04:00:00,East,SS-005,Voltage Anomaly,Medium,479
EVT-01142,2024-02-14 06:00:00,North,SS-008,Equipment Fault,Medium,305
EVT-02155,2024-02-14 06:00:00,Central,SS-007,Overload,Low,161
EVT-04896,2024-02-14 13:00:00,West,SS-006,Equipment Fault,Medium,151
EVT-02738,2024-02-14 13:00:00,South,SS-010,Normal,High,119
EVT-03798,2024-02-15 02:00:00,North,SS-001,Normal,Low,359
EVT-03317,2024-02-15 11:00:00,North,SS-009,Normal,Medium,478
EVT-02044,2024-02-15 12:00:00,Central,SS-007,Normal,Low,209
EVT-02877,2024-02-15 14:00:00,East,SS-006,Normal,Medium,74
EVT-04338,2024-02-15 22:00:00,South,SS-001,Equipment Fault,Low,17
EVT-02560,2024-02-16 01:00:00,West,SS-001,Normal,High,408
EVT-03283,2024-02-16 02:00:00,North,SS-002,Overload,Low,338
EVT-04857,2024-02-16 08:00:00,North,SS-009,Outage,High,358
EVT-01468,2024-02-16 08:00:00,West,SS-006,Normal,Low,81
EVT-03092,2024-02-16 09:00:00,Central,SS-002,Normal,Medium,449
EVT-02981,2024-02-16 09:00:00,South,SS-003,Normal,Low,376
EVT-02849,2024-02-16 22:00:00,East,SS-010,Outage,Medium,219
EVT-00455,2024-02-17 02:00:00,South,SS-008,Normal,Low,458
EVT-02556,2024-02-17 03:00:00,Central,SS-009,Normal,High,10
EVT-03389,2024-02-17 04:00:00,South,SS-006,Normal,Low,206
EVT-03962,2024-02-17 05:00:00,West,SS-009,Normal,Low,127
EVT-01336,2024-02-17 10:00:00,West,SS-002,Normal,Low,231
EVT-00088,2024-02-17 11:00:00,Central,SS-008,Equipment Fault,Medium,479
EVT-02916,2024-02-17 13:00:00,Central,SS-004,Normal,High,240
EVT-02387,2024-02-17 15:00:00,East,SS-001,Normal,Low,169
EVT-04364,2024-02-17 17:00:00,West,SS-005,Normal,High,120
EVT-04140,2024-02-17 18:00:00,East,SS-002,Voltage Anomaly,Low,348
EVT-02351,2024-02-18 04:00:00,South,SS-004,Normal,Medium,228
EVT-02161,2024-02-18 04:00:00,Central,SS-008,Equipment Fault,Critical,112
EVT-03488,2024-02-18 04:00:00,South,SS-001,Normal,Low,309
EVT-00872,2024-02-18 05:00:00,South,SS-003,Overload,Critical,291
EVT-00913,2024-02-18 06:00:00,Central,SS-008,Normal,Medium,364
EVT-02369,2024-02-18 06:00:00,Central,SS-010,Normal,Low,441
EVT-00370,2024-02-18 08:00:00,North,SS-008,Normal,Medium,338
EVT-04766,2024-02-18 17:00:00,North,SS-002,Normal,Low,325
EVT-02357,2024-02-18 20:00:00,East,SS-010,Normal,Critical,387
EVT-03236,2024-02-19 01:00:00,North,SS-003,Maintenance,Medium,27
EVT-02275,2024-02-19 02:00:00,West,SS-005,Overload,Low,219
EVT-04862,2024-02-19 04:00:00,South,SS-004,Voltage Anomaly,Low,25
EVT-01492,2024-02-19 05:00:00,North,SS-010,Normal,Medium,85
EVT-03961,2024-02-19 20:00:00,East,SS-001,Normal,Low,112
EVT-03574,2024-02-20 00:00:00,East,SS-006,Voltage Anomaly,Medium,78
EVT-03280,2024-02-20 06:00:00,South,SS-009,Normal,Medium,178
EVT-01381,2024-02-20 10:00:00,East,SS-008,Normal,Low,223
EVT-03341,2024-02-20 12:00:00,West,SS-002,Voltage Anomaly,Medium,191
EVT-04615,2024-02-20 15:00:00,West,SS-009,Normal,Low,343
EVT-04195,2024-02-20 20:00:00,West,SS-001,Maintenance,Critical,346
EVT-01590,2024-02-21 01:00:00,North,SS-010,Voltage Anomaly,Medium,263
EVT-03772,2024-02-21 01:00:00,Central,SS-003,Normal,Low,362
EVT-00673,2024-02-21 13:00:00,South,SS-002,Normal,Medium,268
EVT-04436,2024-02-21 18:00:00,East,SS-007,Equipment Fault,Low,180
EVT-02441,2024-02-21 18:00:00,Central,SS-003,Voltage Anomaly,High,134
EVT-03769,2024-02-21 19:00:00,East,SS-007,Normal,Medium,308
EVT-02992,2024-02-22 03:00:00,East,SS-009,Normal,Medium,268
EVT-04525,2024-02-22 13:00:00,South,SS-006,Normal,Medium,26
EVT-04400,2024-02-22 14:00:00,West,SS-007,Normal,Low,454
EVT-01671,2024-02-22 15:00:00,South,SS-003,Equipment Fault,Low,30
EVT-02414,2024-02-22 17:00:00,East,SS-005,Normal,Low,280
EVT-01873,2024-02-22 20:00:00,South,SS-010,Maintenance,Medium,270
EVT-04760,2024-02-22 21:00:00,South,SS-002,Outage,Low,101
EVT-04773,2024-02-22 22:00:00,East,SS-003,Overload,Low,305
EVT-03826,2024-02-23 00:00:00,East,SS-007,Normal,Low,379
EVT-02829,2024-02-23 05:00:00,North,SS-010,Voltage Anomaly,Low,426
EVT-03123,2024-02-23 11:00:00,East,SS-007,Normal,Low,121
EVT-02476,2024-02-23 11:00:00,East,SS-006,Normal,Medium,363
EVT-02281,2024-02-23 13:00:00,Central,SS-010,Voltage Anomaly,Medium,212
EVT-04175,2024-02-23 15:00:00,North,SS-008,Voltage Anomaly,Medium,51
EVT-00538,2024-02-23 21:00:00,South,SS-005,Maintenance,Medium,183
EVT-02816,2024-02-23 23:00:00,Central,SS-008,Normal,Medium,185
EVT-02056,2024-02-23 23:00:00,West,SS-008,Overload,Medium,206
EVT-00431,2024-02-24 01:00:00,West,SS-003,Normal,Low,160
EVT-00103,2024-02-24 04:00:00,South,SS-010,Overload,Medium,100
EVT-02512,2024-02-24 06:00:00,East,SS-010,Normal,Medium,216
EVT-04302,2024-02-24 12:00:00,West,SS-006,Outage,Critical,266
EVT-00019,2024-02-25 00:00:00,Central,SS-005,Normal,Low,465
EVT-04670,2024-02-25 00:00:00,South,SS-009,Voltage Anomaly,Low,269
EVT-03155,2024-02-25 02:00:00,Central,SS-010,Maintenance,Low,259
EVT-03379,2024-02-25 07:00:00,North,SS-003,Equipment Fault,Critical,62
EVT-00598,2024-02-25 08:00:00,West,SS-006,Maintenance,High,214
EVT-03808,2024-02-25 10:00:00,South,SS-007,Overload,Medium,314
EVT-01655,2024-02-25 12:00:00,North,SS-001,Outage,Critical,122
EVT-04562,2024-02-25 12:00:00,East,SS-001,Outage,Medium,187
EVT-02804,2024-02-25 14:00:00,South,SS-001,Normal,Low,456
EVT-00368,2024-02-25 17:00:00,Central,SS-003,Normal,High,477
EVT-04885,2024-02-25 19:00:00,West,SS-005,Normal,Medium,168
EVT-01118,2024-02-25 19:00:00,North,SS-006,Overload,Medium,267
EVT-04729,2024-02-26 07:00:00,East,SS-002,Overload,High,428
EVT-02218,2024-02-26 13:00:00,East,SS-005,Outage,High,53
EVT-02793,2024-02-26 16:00:00,West,SS-001,Voltage Anomaly,Medium,62
EVT-00999,2024-02-26 18:00:00,Central,SS-010,Overload,Low,115
EVT-02950,2024-02-26 19:00:00,South,SS-005,Normal,High,219
EVT-01461,2024-02-26 19:00:00,Central,SS-006,Voltage Anomaly,High,327
EVT-02117,2024-02-26 20:00:00,East,SS-001,Normal,Low,190
EVT-01083,2024-02-26 21:00:00,East,SS-005,Normal,Medium,402
EVT-01924,2024-02-27 08:00:00,West,SS-008,Normal,Low,444
EVT-02486,2024-02-27 10:00:00,East,SS-009,Normal,Medium,317
EVT-03882,2024-02-27 11:00:00,Central,SS-006,Normal,Low,60
EVT-00292,2024-02-27 13:00:00,South,SS-006,Maintenance,High,182
EVT-01995,2024-02-27 19:00:00,West,SS-003,Normal,Low,478
EVT-03974,2024-02-27 19:00:00,East,SS-010,Normal,High,123
EVT-04079,2024-02-27 21:00:00,East,SS-005,Maintenance,Medium,376
EVT-02376,2024-02-27 23:00:00,North,SS-005,Overload,Medium,336
EVT-04901,2024-02-28 01:00:00,Central,SS-005,Overload,Low,135
EVT-03311,2024-02-28 06:00:00,Central,SS-003,Outage,Medium,102
EVT-02954,2024-02-28 14:00:00,West,SS-006,Normal,Critical,229
EVT-04950,2024-02-28 14:00:00,North,SS-009,Normal,High,445
EVT-04009,2024-02-28 15:00:00,West,SS-006,Normal,Medium,249
EVT-03712,2024-02-28 15:00:00,West,SS-005,Normal,Medium,439
EVT-03579,2024-02-28 21:00:00,West,SS-009,Overload,Medium,74
EVT-00803,2024-02-28 21:00:00,West,SS-008,Outage,Low,317
EVT-02554,2024-02-29 03:00:00,North,SS-006,Normal,Low,97
EVT-03421,2024-02-29 05:00:00,East,SS-003,Maintenance,Low,466
EVT-01997,2024-02-29 06:00:00,North,SS-007,Normal,Low,353
EVT-00870,2024-02-29 06:00:00,North,SS-009,Outage,Medium,84
EVT-04878,2024-02-29 09:00:00,Central,SS-003,Voltage Anomaly,Medium,125
EVT-00151,2024-02-29 10:00:00,East,SS-005,Normal,Medium,321
EVT-02007,2024-02-29 15:00:00,West,SS-006,Normal,Low,61
EVT-01277,2024-02-29 16:00:00,South,SS-008,Overload,Low,5
EVT-03047,2024-02-29 17:00:00,Central,SS-006,Maintenance,Medium,201
EVT-03602,2024-03-01 00:00:00,North,SS-006,Outage,High,416
EVT-02993,2024-03-01 00:00:00,West,SS-005,Normal,Low,167
EVT-01523,2024-03-01 02:00:00,East,SS-006,Voltage Anomaly,Low,387
EVT-04016,2024-03-01 02:00:00,Central,SS-007,Voltage Anomaly,Low,370
EVT-02805,2024-03-01 14:00:00,East,SS-007,Voltage Anomaly,High,101
EVT-00166,2024-03-01 15:00:00,East,SS-002,Normal,Low,295
EVT-02437,2024-03-01 23:00:00,North,SS-009,Normal,Low,478
EVT-02641,2024-03-02 04:00:00,West,SS-008,Normal,Medium,336
EVT-00710,2024-03-02 10:00:00,West,SS-003,Voltage Anomaly,Critical,315
EVT-03043,2024-03-02 12:00:00,South,SS-004,Overload,Medium,47
EVT-03458,2024-03-02 12:00:00,North,SS-007,Normal,Medium,95
EVT-04565,2024-03-02 15:00:00,East,SS-008,Overload,Low,69
EVT-03128,2024-03-03 00:00:00,West,SS-003,Equipment Fault,Medium,8
EVT-03731,2024-03-03 00:00:00,North,SS-010,Voltage Anomaly,Medium,232
EVT-04611,2024-03-03 02:00:00,West,SS-003,Normal,Low,242
EVT-02375,2024-03-03 07:00:00,South,SS-007,Outage,Medium,21
EVT-01056,2024-03-03 10:00:00,South,SS-006,Equipment Fault,Low,205
EVT-01000,2024-03-03 12:00:00,South,SS-007,Overload,Medium,331
EVT-03154,2024-03-04 02:00:00,North,SS-006,Voltage Anomaly,High,11
EVT-03852,2024-03-04 02:00:00,North,SS-005,Equipment Fault,High,438
EVT-04978,2024-03-04 05:00:00,West,SS-007,Normal,Critical,80
EVT-00613,2024-03-04 11:00:00,North,SS-005,Outage,High,44
EVT-01630,2024-03-04 11:00:00,West,SS-001,Maintenance,High,155
EVT-04495,2024-03-04 18:00:00,Central,SS-009,Maintenance,Medium,454
EVT-00253,2024-03-04 18:00:00,North,SS-008,Normal,Low,432
EVT-01959,2024-03-04 19:00:00,East,SS-003,Maintenance,Medium,373
EVT-02833,2024-03-04 19:00:00,Central,SS-007,Normal,Medium,280
EVT-03241,2024-03-04 22:00:00,North,SS-008,Equipment Fault,Medium,417
EVT-03038,2024-03-04 23:00:00,Central,SS-007,Voltage Anomaly,Low,105
EVT-01070,2024-03-05 04:00:00,East,SS-003,Normal,Critical,168
EVT-03824,2024-03-05 05:00:00,West,SS-009,Overload,Critical,195
EVT-03066,2024-03-05 12:00:00,Central,SS-010,Overload,Medium,249
EVT-04570,2024-03-05 14:00:00,North,SS-009,Equipment Fault,Medium,311
EVT-01542,2024-03-05 16:00:00,South,SS-001,Normal,Medium,83
EVT-03766,2024-03-06 05:00:00,North,SS-007,Normal,Medium,230
EVT-03372,2024-03-06 06:00:00,West,SS-001,Normal,Low,109
EVT-02047,2024-03-06 14:00:00,North,SS-009,Normal,Low,354
EVT-01168,2024-03-07 00:00:00,Central,SS-009,Normal,High,220
EVT-03523,2024-03-07 04:00:00,South,SS-004,Outage,Low,153
EVT-04758,2024-03-07 07:00:00,East,SS-005,Overload,Low,37
EVT-00614,2024-03-07 08:00:00,East,SS-002,Normal,Medium,407
EVT-01978,2024-03-07 08:00:00,North,SS-008,Equipment Fault,High,191
EVT-00687,2024-03-07 19:00:00,North,SS-009,Voltage Anomaly,High,314
EVT-00496,2024-03-08 03:00:00,East,SS-007,Normal,High,282
EVT-03511,2024-03-08 03:00:00,Central,SS-006,Voltage Anomaly,Critical,283
EVT-00146,2024-03-08 04:00:00,South,SS-006,Overload,High,43
EVT-01386,2024-03-08 08:00:00,Central,SS-010,Outage,Medium,33
EVT-02097,2024-03-08 13:00:00,West,SS-002,Outage,Critical,149
EVT-02521,2024-03-08 19:00:00,East,SS-004,Normal,Low,175
EVT-03651,2024-03-08 20:00:00,Central,SS-010,Normal,Low,78
EVT-00205,2024-03-08 20:00:00,West,SS-005,Normal,Critical,151
EVT-04822,2024-03-09 00:00:00,West,SS-006,Outage,Medium,334
EVT-04050,2024-03-09 00:00:00,South,SS-009,Overload,Medium,329
EVT-00610,2024-03-09 10:00:00,West,SS-006,Outage,Low,150
EVT-03924,2024-03-09 18:00:00,South,SS-007,Voltage Anomaly,Low,416
EVT-02204,2024-03-09 23:00:00,Central,SS-002,Equipment Fault,Low,354
EVT-00454,2024-03-10 00:00:00,South,SS-004,Voltage Anomaly,High,426
EVT-02326,2024-03-10 15:00:00,West,SS-009,Normal,Medium,242
EVT-03103,2024-03-10 16:00:00,Central,SS-002,Normal,High,201
EVT-04396,2024-03-10 19:00:00,West,SS-002,Voltage Anomaly,Low,198
EVT-00511,2024-03-10 21:00:00,North,SS-009,Outage,Medium,123
EVT-01697,2024-03-11 02:00:00,North,SS-007,Normal,Critical,49
EVT-02615,2024-03-11 11:00:00,North,SS-006,Outage,Critical,150
EVT-02689,2024-03-11 12:00:00,Central,SS-003,Outage,Medium,22
EVT-01679,2024-03-11 13:00:00,Central,SS-003,Outage,Medium,44
EVT-01313,2024-03-12 00:00:00,South,SS-001,Normal,Medium,174
EVT-03412,2024-03-12 07:00:00,North,SS-001,Outage,Low,5
EVT-02196,2024-03-12 08:00:00,South,SS-007,Normal,High,52
EVT-04504,2024-03-12 20:00:00,West,SS-007,Overload,Medium,128
EVT-04028,2024-03-13 04:00:00,East,SS-007,Maintenance,Medium,365
EVT-03321,2024-03-13 07:00:00,North,SS-007,Voltage Anomaly,Medium,478
EVT-00760,2024-03-13 08:00:00,West,SS-005,Voltage Anomaly,Critical,331
EVT-00944,2024-03-13 13:00:00,South,SS-009,Normal,Medium,459
EVT-00347,2024-03-13 13:00:00,South,SS-008,Overload,Medium,208
EVT-03886,2024-03-13 16:00:00,West,SS-005,Equipment Fault,High,13
EVT-03101,2024-03-13 18:00:00,North,SS-003,Overload,Medium,197
EVT-00072,2024-03-14 02:00:00,East,SS-001,Normal,Low,308
EVT-01568,2024-03-14 03:00:00,Central,SS-004,Normal,Medium,56
EVT-03188,2024-03-14 04:00:00,West,SS-006,Outage,Low,92
EVT-01769,2024-03-14 05:00:00,East,SS-002,Voltage Anomaly,Low,454
EVT-04943,2024-03-14 11:00:00,West,SS-002,Outage,Low,215
EVT-02784,2024-03-14 13:00:00,North,SS-001,Maintenance,Medium,158
EVT-04316,2024-03-14 16:00:00,South,SS-002,Overload,Critical,436
EVT-01279,2024-03-14 18:00:00,West,SS-007,Outage,Medium,347
EVT-03430,2024-03-14 19:00:00,West,SS-009,Overload,Low,25
EVT-01451,2024-03-14 23:00:00,East,SS-002,Voltage Anomaly,Medium,351
EVT-00030,2024-03-14 23:00:00,South,SS-006,Overload,Low,217
EVT-00779,2024-03-14 23:00:00,East,SS-002,Maintenance,Low,166
EVT-00483,2024-03-15 00:00:00,Central,SS-001,Outage,Low,468
EVT-03068,2024-03-15 04:00:00,South,SS-004,Outage,High,193
EVT-00084,2024-03-15 11:00:00,Central,SS-002,Overload,Low,80
EVT-03596,2024-03-15 13:00:00,South,SS-008,Outage,Low,66
EVT-01824,2024-03-15 14:00:00,Central,SS-006,Outage,Low,375
EVT-03881,2024-03-16 02:00:00,Central,SS-008,Normal,Medium,397
EVT-01770,2024-03-16 06:00:00,West,SS-001,Overload,Critical,46
EVT-01375,2024-03-16 09:00:00,North,SS-008,Overload,Medium,21
EVT-00728,2024-03-16 14:00:00,West,SS-006,Normal,Medium,327
EVT-00422,2024-03-17 07:00:00,North,SS-010,Overload,Medium,144
EVT-03439,2024-03-17 08:00:00,South,SS-003,Normal,Low,27
EVT-04190,2024-03-17 08:00:00,South,SS-009,Equipment Fault,Medium,340
EVT-03413,2024-03-17 10:00:00,West,SS-002,Maintenance,Medium,150
EVT-02095,2024-03-17 14:00:00,North,SS-002,Normal,High,444
EVT-00868,2024-03-17 18:00:00,North,SS-007,Normal,Low,97
EVT-01181,2024-03-17 22:00:00,West,SS-008,Normal,Critical,250
EVT-04763,2024-03-18 01:00:00,Central,SS-005,Overload,Medium,354
EVT-00822,2024-03-18 07:00:00,West,SS-004,Normal,High,417
EVT-01932,2024-03-18 17:00:00,East,SS-006,Outage,Low,97
EVT-00116,2024-03-19 09:00:00,East,SS-002,Equipment Fault,Low,247
EVT-00154,2024-03-19 10:00:00,South,SS-010,Equipment Fault,Low,71
EVT-02070,2024-03-19 13:00:00,Central,SS-005,Normal,High,158
EVT-02904,2024-03-19 16:00:00,West,SS-003,Normal,High,140
EVT-02054,2024-03-19 17:00:00,West,SS-008,Normal,Medium,473
EVT-01177,2024-03-19 18:00:00,East,SS-008,Normal,Medium,364
EVT-00581,2024-03-20 07:00:00,West,SS-005,Normal,Medium,142
EVT-02736,2024-03-20 10:00:00,South,SS-006,Overload,High,340
EVT-03333,2024-03-20 12:00:00,South,SS-010,Overload,Low,351
EVT-00947,2024-03-20 19:00:00,South,SS-007,Equipment Fault,Medium,153
EVT-02348,2024-03-21 04:00:00,West,SS-005,Normal,Low,424
EVT-02928,2024-03-21 06:00:00,North,SS-010,Maintenance,Medium,10
EVT-01283,2024-03-21 09:00:00,Central,SS-008,Maintenance,Medium,381
EVT-02330,2024-03-21 12:00:00,West,SS-003,Overload,Low,438
EVT-02071,2024-03-21 12:00:00,West,SS-008,Voltage Anomaly,High,294
EVT-00376,2024-03-21 14:00:00,East,SS-009,Equipment Fault,Critical,183
EVT-01968,2024-03-21 21:00:00,East,SS-004,Normal,Medium,468
EVT-00761,2024-03-21 21:00:00,West,SS-007,Equipment Fault,Critical,120
EVT-02650,2024-03-21 22:00:00,South,SS-009,Voltage Anomaly,Low,37
EVT-04757,2024-03-21 23:00:00,South,SS-007,Equipment Fault,Medium,455
EVT-02480,2024-03-22 02:00:00,East,SS-007,Normal,Critical,325
EVT-03873,2024-03-22 08:00:00,Central,SS-006,Voltage Anomaly,Low,172
EVT-04144,2024-03-22 11:00:00,East,SS-006,Normal,Critical,224
EVT-04577,2024-03-22 14:00:00,West,SS-010,Normal,Medium,140
EVT-02819,2024-03-22 14:00:00,Central,SS-003,Voltage Anomaly,Medium,316
EVT-02288,2024-03-22 16:00:00,Central,SS-005,Normal,High,281
EVT-03890,2024-03-22 23:00:00,East,SS-007,Normal,Critical,367
EVT-01255,2024-03-23 01:00:00,Central,SS-010,Voltage Anomaly,Low,91
EVT-00726,2024-03-23 07:00:00,Central,SS-009,Voltage Anomaly,Low,153
EVT-01358,2024-03-23 12:00:00,South,SS-004,Normal,Low,168
EVT-01787,2024-03-23 17:00:00,South,SS-003,Voltage Anomaly,Medium,472
EVT-01136,2024-03-23 17:00:00,South,SS-009,Overload,High,54
EVT-00464,2024-03-23 19:00:00,North,SS-004,Normal,High,150
EVT-00576,2024-03-23 19:00:00,North,SS-002,Normal,High,145
EVT-00441,2024-03-24 00:00:00,West,SS-003,Maintenance,High,206
EVT-00382,2024-03-24 07:00:00,North,SS-008,Overload,Medium,394
EVT-02386,2024-03-24 08:00:00,East,SS-007,Normal,Low,473
EVT-00462,2024-03-24 13:00:00,South,SS-004,Voltage Anomaly,Low,164
EVT-01742,2024-03-24 16:00:00,South,SS-007,Overload,Medium,83
EVT-02687,2024-03-24 21:00:00,East,SS-005,Overload,Medium,346
EVT-01954,2024-03-24 23:00:00,North,SS-003,Equipment Fault,Low,194
EVT-04287,2024-03-25 01:00:00,East,SS-005,Equipment Fault,High,67
EVT-04651,2024-03-25 01:00:00,South,SS-010,Normal,Critical,14
EVT-04381,2024-03-25 01:00:00,North,SS-006,Normal,Low,15
EVT-03548,2024-03-25 04:00:00,Central,SS-004,Normal,Medium,61
EVT-00362,2024-03-25 06:00:00,East,SS-004,Voltage Anomaly,High,134
EVT-01839,2024-03-25 06:00:00,Central,SS-002,Overload,Medium,97
EVT-03193,2024-03-25 10:00:00,South,SS-007,Normal,Medium,157
EVT-03687,2024-03-25 13:00:00,West,SS-008,Overload,Low,257
EVT-03168,2024-03-25 16:00:00,East,SS-010,Outage,High,116
EVT-03988,2024-03-25 17:00:00,Central,SS-006,Overload,Medium,414
EVT-03127,2024-03-26 13:00:00,South,SS-001,Equipment Fault,Medium,95
EVT-00565,2024-03-27 10:00:00,South,SS-002,Normal,Low,31
EVT-04578,2024-03-27 11:00:00,Central,SS-002,Equipment Fault,Medium,134
EVT-00140,2024-03-27 12:00:00,Central,SS-007,Maintenance,Critical,255
EVT-02340,2024-03-27 20:00:00,South,SS-001,Outage,High,53
EVT-02243,2024-03-28 00:00:00,West,SS-002,Maintenance,High,189
EVT-01129,2024-03-28 02:00:00,Central,SS-002,Maintenance,Medium,63
EVT-00023,2024-03-28 05:00:00,North,SS-005,Normal,Medium,434
EVT-04058,2024-03-28 10:00:00,East,SS-004,Normal,Low,308
EVT-01631,2024-03-28 12:00:00,North,SS-004,Normal,Low,200
EVT-01809,2024-03-28 20:00:00,Central,SS-007,Outage,Medium,325
EVT-04794,2024-03-28 22:00:00,West,SS-001,Overload,Medium,229
EVT-04685,2024-03-29 00:00:00,Central,SS-003,Voltage Anomaly,High,194
EVT-00655,2024-03-29 10:00:00,East,SS-009,Equipment Fault,Low,85
EVT-02528,2024-03-29 10:00:00,Central,SS-008,Normal,Low,356
EVT-03095,2024-03-29 14:00:00,South,SS-007,Normal,Medium,301
EVT-01097,2024-03-29 19:00:00,North,SS-002,Normal,Low,213
EVT-03516,2024-03-29 20:00:00,East,SS-001,Voltage Anomaly,Low,479
EVT-03822,2024-03-29 20:00:00,North,SS-007,Overload,Low,164
EVT-02744,2024-03-29 21:00:00,North,SS-003,Normal,High,229
EVT-00309,2024-03-29 23:00:00,Central,SS-003,Equipment Fault,Low,348
EVT-03583,2024-03-30 01:00:00,West,SS-010,Maintenance,High,468
EVT-00898,2024-03-30 05:00:00,East,SS-009,Normal,Critical,40
EVT-01161,2024-03-30 09:00:00,North,SS-010,Normal,Critical,125
EVT-02715,2024-03-30 10:00:00,South,SS-003,Normal,Medium,71
EVT-02404,2024-03-30 10:00:00,West,SS-007,Overload,Low,110
EVT-04018,2024-03-30 13:00:00,West,SS-006,Voltage Anomaly,Low,30
EVT-02788,2024-03-30 15:00:00,East,SS-006,Normal,Medium,170
EVT-01349,2024-03-30 16:00:00,North,SS-010,Equipment Fault,Low,27
EVT-01682,2024-03-30 17:00:00,North,SS-002,Outage,Medium,18
EVT-00723,2024-03-30 22:00:00,North,SS-009,Outage,Medium,422
EVT-04255,2024-03-30 22:00:00,West,SS-004,Outage,High,250
EVT-01594,2024-03-30 22:00:00,South,SS-008,Normal,Low,350
EVT-04068,2024-03-30 23:00:00,Central,SS-010,Overload,Low,98
EVT-00965,2024-03-31 10:00:00,East,SS-003,Normal,High,66
EVT-01803,2024-03-31 14:00:00,South,SS-010,Normal,High,364
EVT-01619,2024-03-31 17:00:00,South,SS-004,Normal,Critical,137
EVT-01617,2024-03-31 22:00:00,Central,SS-010,Voltage Anomaly,High,405
EVT-03615,2024-04-01 00:00:00,West,SS-008,Normal,Medium,296
EVT-00383,2024-04-01 02:00:00,South,SS-008,Normal,Low,196
EVT-01591,2024-04-01 04:00:00,West,SS-006,Equipment Fault,Medium,318
EVT-02001,2024-04-01 05:00:00,North,SS-009,Overload,Low,300
EVT-03023,2024-04-01 13:00:00,Central,SS-005,Overload,Low,232
EVT-04573,2024-04-01 17:00:00,Central,SS-006,Normal,Low,132
EVT-02098,2024-04-01 21:00:00,South,SS-002,Normal,Critical,403
EVT-03565,2024-04-02 00:00:00,West,SS-003,Overload,Low,100
EVT-00672,2024-04-02 03:00:00,East,SS-002,Overload,Low,207
EVT-00874,2024-04-02 03:00:00,West,SS-001,Normal,Critical,103
EVT-04034,2024-04-02 07:00:00,West,SS-008,Normal,Medium,414
EVT-02786,2024-04-02 08:00:00,West,SS-010,Normal,Low,331
EVT-00786,2024-04-02 12:00:00,South,SS-003,Normal,Medium,138
EVT-02113,2024-04-02 13:00:00,West,SS-005,Voltage Anomaly,High,207
EVT-01456,2024-04-02 16:00:00,South,SS-010,Normal,Low,449
EVT-03697,2024-04-02 17:00:00,North,SS-002,Overload,High,426
EVT-00148,2024-04-02 19:00:00,South,SS-003,Outage,Low,331
EVT-04534,2024-04-02 22:00:00,North,SS-005,Normal,Medium,434
EVT-01653,2024-04-02 23:00:00,West,SS-009,Normal,Low,127
EVT-00299,2024-04-03 00:00:00,South,SS-005,Overload,Critical,371
EVT-00178,2024-04-03 05:00:00,West,SS-003,Normal,Low,282
EVT-00659,2024-04-03 07:00:00,North,SS-008,Normal,High,200
EVT-02374,2024-04-03 08:00:00,North,SS-010,Normal,Low,40
EVT-02440,2024-04-03 09:00:00,East,SS-003,Normal,Medium,268
EVT-00163,2024-04-03 11:00:00,Central,SS-004,Normal,Medium,237
EVT-00890,2024-04-03 16:00:00,West,SS-007,Maintenance,Low,256
EVT-02172,2024-04-03 17:00:00,Central,SS-003,Equipment Fault,Low,86
EVT-03024,2024-04-03 18:00:00,South,SS-006,Outage,Low,60
EVT-01096,2024-04-03 21:00:00,South,SS-005,Equipment Fault,Low,397
EVT-01311,2024-04-03 22:00:00,East,SS-006,Maintenance,High,39
EVT-02460,2024-04-04 05:00:00,South,SS-008,Maintenance,Low,48
EVT-03871,2024-04-04 07:00:00,East,SS-005,Overload,Low,144
EVT-00423,2024-04-04 16:00:00,North,SS-003,Normal,Medium,422
EVT-00250,2024-04-04 20:00:00,West,SS-002,Normal,High,353
EVT-00337,2024-04-04 20:00:00,South,SS-009,Overload,Low,183
EVT-01996,2024-04-04 22:00:00,East,SS-009,Voltage Anomaly,High,205
EVT-00459,2024-04-04 22:00:00,North,SS-010,Normal,Medium,367
EVT-04654,2024-04-04 22:00:00,North,SS-005,Equipment Fault,High,83
EVT-03765,2024-04-05 00:00:00,West,SS-009,Maintenance,Medium,363
EVT-01751,2024-04-05 07:00:00,West,SS-004,Outage,High,63
EVT-01510,2024-04-05 18:00:00,North,SS-006,Overload,Low,33
EVT-04002,2024-04-05 21:00:00,North,SS-008,Normal,Medium,59
EVT-04597,2024-04-06 03:00:00,South,SS-005,Normal,Medium,348
EVT-01782,2024-04-06 04:00:00,South,SS-005,Normal,Low,281
EVT-01895,2024-04-06 15:00:00,East,SS-002,Maintenance,High,257
EVT-04834,2024-04-06 16:00:00,Central,SS-006,Normal,Medium,318
EVT-00923,2024-04-06 17:00:00,North,SS-009,Maintenance,Medium,44
EVT-02936,2024-04-06 18:00:00,West,SS-007,Normal,High,262
EVT-02345,2024-04-06 20:00:00,West,SS-007,Overload,High,126
EVT-02389,2024-04-06 23:00:00,East,SS-003,Outage,Medium,340
EVT-02780,2024-04-07 00:00:00,Central,SS-009,Normal,Critical,208
EVT-01760,2024-04-07 06:00:00,North,SS-006,Normal,Low,89
EVT-03938,2024-04-07 09:00:00,North,SS-010,Outage,High,206
EVT-00848,2024-04-07 15:00:00,South,SS-009,Maintenance,Low,22
EVT-03149,2024-04-07 15:00:00,West,SS-002,Normal,Critical,100
EVT-03349,2024-04-07 19:00:00,North,SS-003,Normal,Low,443
EVT-03788,2024-04-07 23:00:00,South,SS-001,Voltage Anomaly,Low,443
EVT-02341,2024-04-08 02:00:00,North,SS-002,Normal,Low,133
EVT-03295,2024-04-08 04:00:00,East,SS-002,Normal,Medium,160
EVT-02931,2024-04-08 08:00:00,Central,SS-010,Voltage Anomaly,Medium,247
EVT-00433,2024-04-08 09:00:00,West,SS-009,Normal,Low,326
EVT-00789,2024-04-08 11:00:00,South,SS-005,Voltage Anomaly,High,58
EVT-00544,2024-04-08 12:00:00,Central,SS-004,Outage,High,443
EVT-01899,2024-04-08 13:00:00,West,SS-002,Normal,Low,183
EVT-01027,2024-04-08 13:00:00,West,SS-003,Normal,High,158
EVT-00229,2024-04-08 15:00:00,South,SS-006,Equipment Fault,Low,389
EVT-00446,2024-04-09 00:00:00,East,SS-002,Normal,Low,209
EVT-01666,2024-04-09 08:00:00,West,SS-004,Outage,Critical,289
EVT-03743,2024-04-09 08:00:00,East,SS-010,Normal,Medium,272
EVT-01125,2024-04-09 12:00:00,West,SS-004,Outage,Medium,425
EVT-02343,2024-04-09 12:00:00,West,SS-003,Outage,Medium,226
EVT-02082,2024-04-09 13:00:00,North,SS-001,Normal,Critical,16
EVT-02867,2024-04-09 17:00:00,South,SS-008,Outage,Medium,227
EVT-03406,2024-04-09 23:00:00,West,SS-004,Outage,Medium,413
EVT-00990,2024-04-10 01:00:00,West,SS-005,Normal,Medium,279
EVT-01929,2024-04-10 07:00:00,East,SS-008,Overload,High,167
EVT-04547,2024-04-10 09:00:00,Central,SS-005,Voltage Anomaly,Medium,180
EVT-03136,2024-04-10 16:00:00,South,SS-002,Normal,Low,277
EVT-04552,2024-04-10 23:00:00,North,SS-003,Equipment Fault,High,138
EVT-03386,2024-04-11 03:00:00,West,SS-007,Normal,High,317
EVT-02612,2024-04-11 06:00:00,West,SS-005,Outage,Low,235
EVT-03394,2024-04-11 10:00:00,East,SS-005,Normal,High,22
EVT-03009,2024-04-11 14:00:00,North,SS-003,Normal,High,7
EVT-04406,2024-04-11 21:00:00,West,SS-006,Voltage Anomaly,High,312
EVT-01202,2024-04-11 22:00:00,Central,SS-007,Normal,Low,204
EVT-00971,2024-04-11 23:00:00,West,SS-010,Equipment Fault,Low,297
EVT-00653,2024-04-12 02:00:00,East,SS-007,Normal,Medium,75
EVT-00569,2024-04-12 10:00:00,East,SS-003,Normal,Low,429
EVT-01947,2024-04-12 13:00:00,South,SS-004,Outage,Medium,167
EVT-01893,2024-04-12 13:00:00,Central,SS-010,Voltage Anomaly,Medium,94
EVT-02023,2024-04-12 15:00:00,East,SS-005,Normal,Critical,200
EVT-01600,2024-04-12 16:00:00,North,SS-005,Equipment Fault,Medium,156
EVT-03053,2024-04-12 17:00:00,West,SS-006,Maintenance,Medium,93
EVT-02121,2024-04-13 06:00:00,South,SS-010,Normal,Medium,23
EVT-04051,2024-04-13 07:00:00,East,SS-008,Voltage Anomaly,Medium,428
EVT-04720,2024-04-13 11:00:00,East,SS-008,Voltage Anomaly,Low,328
EVT-01460,2024-04-13 11:00:00,South,SS-007,Normal,High,298
EVT-01648,2024-04-13 14:00:00,Central,SS-001,Voltage Anomaly,Low,393
EVT-02647,2024-04-13 14:00:00,Central,SS-007,Normal,Medium,324
EVT-01854,2024-04-13 16:00:00,Central,SS-009,Outage,Medium,463
EVT-04459,2024-04-14 00:00:00,Central,SS-002,Voltage Anomaly,Medium,408
EVT-02913,2024-04-14 05:00:00,North,SS-003,Overload,Low,388
EVT-04549,2024-04-14 08:00:00,North,SS-003,Overload,High,48
EVT-03608,2024-04-14 16:00:00,Central,SS-004,Normal,Low,104
EVT-00777,2024-04-14 16:00:00,West,SS-007,Outage,High,43
EVT-03954,2024-04-14 19:00:00,East,SS-007,Normal,Low,230
EVT-00746,2024-04-14 19:00:00,North,SS-003,Normal,Medium,99
EVT-02051,2024-04-15 04:00:00,East,SS-004,Normal,Critical,291
EVT-04714,2024-04-15 05:00:00,North,SS-006,Normal,Critical,267
EVT-01766,2024-04-15 06:00:00,North,SS-008,Voltage Anomaly,Medium,323
EVT-03560,2024-04-15 06:00:00,Central,SS-003,Overload,Low,101
EVT-04639,2024-04-15 10:00:00,East,SS-004,Outage,Low,162
EVT-02191,2024-04-15 11:00:00,East,SS-009,Voltage Anomaly,High,152
EVT-02499,2024-04-15 11:00:00,West,SS-010,Normal,Medium,99
EVT-01404,2024-04-15 14:00:00,East,SS-003,Normal,Low,425
EVT-00879,2024-04-15 14:00:00,South,SS-009,Normal,Medium,381
EVT-00234,2024-04-16 06:00:00,East,SS-005,Voltage Anomaly,Low,102
EVT-00501,2024-04-16 07:00:00,South,SS-007,Outage,High,170
EVT-02536,2024-04-16 10:00:00,East,SS-002,Voltage Anomaly,Low,345
EVT-02101,2024-04-16 11:00:00,South,SS-002,Normal,Low,463
EVT-03353,2024-04-16 13:00:00,South,SS-004,Equipment Fault,Medium,294
EVT-04096,2024-04-16 17:00:00,East,SS-007,Normal,Low,322
EVT-00058,2024-04-16 21:00:00,South,SS-007,Overload,Critical,237
EVT-00358,2024-04-16 22:00:00,West,SS-004,Overload,Low,187
EVT-03643,2024-04-16 23:00:00,West,SS-004,Normal,Low,190
EVT-04532,2024-04-17 01:00:00,East,SS-008,Normal,Low,458
EVT-03089,2024-04-17 02:00:00,North,SS-002,Overload,Low,41
EVT-04424,2024-04-17 02:00:00,South,SS-010,Maintenance,High,382
EVT-04186,2024-04-17 04:00:00,Central,SS-003,Normal,Low,363
EVT-03435,2024-04-17 10:00:00,South,SS-005,Normal,Medium,65
EVT-03709,2024-04-17 11:00:00,East,SS-007,Maintenance,Medium,197
EVT-02195,2024-04-17 15:00:00,Central,SS-001,Overload,Medium,230
EVT-03847,2024-04-17 18:00:00,East,SS-007,Overload,Medium,12
EVT-01051,2024-04-17 23:00:00,West,SS-004,Overload,Critical,267
EVT-03614,2024-04-18 01:00:00,South,SS-004,Outage,Low,121
EVT-00130,2024-04-18 02:00:00,South,SS-010,Voltage Anomaly,Low,273
EVT-03738,2024-04-18 05:00:00,North,SS-004,Normal,Medium,58
EVT-01917,2024-04-18 13:00:00,North,SS-006,Normal,Low,411
EVT-04687,2024-04-18 14:00:00,East,SS-006,Equipment Fault,High,200
EVT-04836,2024-04-18 15:00:00,West,SS-004,Normal,Medium,442
EVT-01219,2024-04-18 22:00:00,West,SS-008,Outage,Low,373
EVT-02636,2024-04-19 00:00:00,South,SS-001,Normal,Low,418
EVT-01783,2024-04-19 01:00:00,East,SS-007,Normal,Low,76
EVT-01540,2024-04-19 09:00:00,Central,SS-004,Outage,Low,440
EVT-00853,2024-04-19 14:00:00,East,SS-004,Maintenance,Medium,464
EVT-00451,2024-04-19 15:00:00,West,SS-009,Normal,High,325
EVT-01808,2024-04-19 20:00:00,Central,SS-002,Voltage Anomaly,Critical,381
EVT-02262,2024-04-19 20:00:00,North,SS-005,Normal,Medium,445
EVT-00725,2024-04-19 23:00:00,West,SS-001,Normal,High,219
EVT-03286,2024-04-20 11:00:00,North,SS-009,Overload,Critical,430
EVT-01773,2024-04-20 11:00:00,North,SS-002,Normal,Low,112
EVT-01862,2024-04-20 13:00:00,East,SS-008,Normal,Low,340
EVT-01814,2024-04-20 15:00:00,Central,SS-009,Voltage Anomaly,High,285
EVT-02233,2024-04-20 21:00:00,East,SS-010,Equipment Fault,Low,159
EVT-00028,2024-04-20 22:00:00,North,SS-006,Overload,Low,204
EVT-01578,2024-04-21 13:00:00,Central,SS-003,Normal,High,240
EVT-01764,2024-04-21 17:00:00,West,SS-005,Overload,Low,256
EVT-02564,2024-04-21 21:00:00,Central,SS-001,Maintenance,Medium,62
EVT-01575,2024-04-22 01:00:00,South,SS-005,Maintenance,Low,13
EVT-02579,2024-04-22 07:00:00,West,SS-004,Normal,High,137
EVT-03802,2024-04-22 10:00:00,East,SS-001,Normal,High,298
EVT-04087,2024-04-22 15:00:00,East,SS-002,Normal,Critical,290
EVT-00814,2024-04-22 18:00:00,North,SS-009,Outage,Low,369
EVT-01442,2024-04-22 21:00:00,West,SS-001,Normal,Critical,335
EVT-03546,2024-04-22 21:00:00,West,SS-002,Voltage Anomaly,High,169
EVT-00185,2024-04-23 01:00:00,West,SS-006,Normal,Medium,344
EVT-01794,2024-04-23 05:00:00,Central,SS-009,Maintenance,Low,50
EVT-04870,2024-04-23 06:00:00,Central,SS-005,Normal,Low,428
EVT-01672,2024-04-23 07:00:00,North,SS-007,Outage,Medium,448
EVT-00258,2024-04-23 14:00:00,Central,SS-008,Overload,High,87
EVT-04276,2024-04-23 21:00:00,West,SS-008,Normal,Medium,85
EVT-03849,2024-04-24 02:00:00,South,SS-010,Equipment Fault,High,453
EVT-03814,2024-04-24 05:00:00,East,SS-002,Voltage Anomaly,Low,254
EVT-03631,2024-04-24 10:00:00,East,SS-008,Overload,Medium,163
EVT-03812,2024-04-24 10:00:00,Central,SS-001,Maintenance,Medium,274
EVT-02467,2024-04-24 11:00:00,South,SS-003,Voltage Anomaly,Low,230
EVT-03543,2024-04-24 21:00:00,Central,SS-005,Normal,High,168
EVT-02714,2024-04-24 21:00:00,North,SS-009,Outage,High,365
EVT-03626,2024-04-25 04:00:00,South,SS-005,Maintenance,High,427
EVT-01739,2024-04-25 08:00:00,Central,SS-007,Voltage Anomaly,Low,368
EVT-01560,2024-04-25 11:00:00,South,SS-009,Maintenance,Low,227
EVT-00388,2024-04-25 13:00:00,South,SS-009,Normal,Low,239
EVT-03297,2024-04-25 19:00:00,East,SS-009,Normal,Medium,220
EVT-01923,2024-04-25 22:00:00,East,SS-010,Equipment Fault,High,450
EVT-02546,2024-04-26 09:00:00,Central,SS-009,Normal,High,258
EVT-03253,2024-04-26 14:00:00,North,SS-005,Voltage Anomaly,High,55
EVT-02252,2024-04-26 23:00:00,Central,SS-010,Normal,Critical,452
EVT-00590,2024-04-27 00:00:00,Central,SS-006,Outage,Low,475
EVT-03173,2024-04-27 02:00:00,Central,SS-008,Normal,High,414
EVT-04196,2024-04-27 02:00:00,North,SS-009,Normal,Low,451
EVT-04613,2024-04-27 04:00:00,North,SS-001,Normal,High,196
EVT-02883,2024-04-27 05:00:00,Central,SS-004,Outage,Medium,193
EVT-02827,2024-04-27 09:00:00,West,SS-006,Outage,Medium,188
EVT-04948,2024-04-27 10:00:00,South,SS-001,Overload,Critical,281
EVT-03121,2024-04-27 13:00:00,West,SS-009,Normal,Medium,197
EVT-01990,2024-04-27 13:00:00,West,SS-007,Outage,Low,126
EVT-02482,2024-04-27 19:00:00,East,SS-007,Normal,Critical,162
EVT-00344,2024-04-27 21:00:00,Central,SS-008,Outage,Medium,284
EVT-01160,2024-04-28 14:00:00,Central,SS-003,Voltage Anomaly,Critical,272
EVT-00867,2024-04-28 14:00:00,South,SS-006,Normal,Critical,354
EVT-00933,2024-04-28 14:00:00,Central,SS-007,Maintenance,Medium,394
EVT-02824,2024-04-28 16:00:00,South,SS-001,Normal,Low,289
EVT-02022,2024-04-28 17:00:00,Central,SS-005,Normal,High,204
EVT-00269,2024-04-28 18:00:00,North,SS-001,Normal,Low,301
EVT-02020,2024-04-28 19:00:00,South,SS-003,Normal,Medium,67
EVT-00914,2024-04-28 23:00:00,West,SS-007,Voltage Anomaly,Low,102
EVT-00304,2024-04-29 00:00:00,West,SS-001,Normal,Medium,291
EVT-04101,2024-04-29 02:00:00,South,SS-006,Voltage Anomaly,Medium,194
EVT-00139,2024-04-29 05:00:00,North,SS-005,Normal,Low,126
EVT-04321,2024-04-29 09:00:00,Central,SS-005,Normal,High,131
EVT-00134,2024-04-29 10:00:00,East,SS-006,Normal,Critical,327
EVT-04634,2024-04-29 11:00:00,North,SS-007,Normal,High,380
EVT-00918,2024-04-29 16:00:00,Central,SS-003,Outage,High,327
EVT-00992,2024-04-30 01:00:00,South,SS-001,Normal,High,476
EVT-03959,2024-04-30 06:00:00,North,SS-002,Equipment Fault,Medium,157
EVT-01308,2024-04-30 16:00:00,Central,SS-005,Voltage Anomaly,Medium,172
EVT-03119,2024-04-30 21:00:00,North,SS-001,Outage,Medium,408
EVT-04075,2024-05-01 04:00:00,East,SS-007,Normal,Critical,346
EVT-00033,2024-05-01 21:00:00,East,SS-005,Voltage Anomaly,High,186
EVT-01724,2024-05-01 22:00:00,East,SS-004,Normal,Medium,384
EVT-00038,2024-05-02 04:00:00,West,SS-002,Normal,Low,8
EVT-04453,2024-05-02 05:00:00,North,SS-008,Equipment Fault,Low,266
EVT-01886,2024-05-02 13:00:00,North,SS-001,Outage,Low,416
EVT-01092,2024-05-02 15:00:00,East,SS-003,Voltage Anomaly,Medium,425
EVT-00182,2024-05-02 16:00:00,North,SS-003,Outage,Low,434
EVT-01827,2024-05-02 19:00:00,East,SS-001,Maintenance,Medium,332
EVT-03755,2024-05-03 05:00:00,North,SS-004,Normal,Low,339
EVT-02542,2024-05-03 07:00:00,East,SS-010,Overload,Medium,5
EVT-02065,2024-05-03 07:00:00,North,SS-005,Overload,Low,366
EVT-03007,2024-05-03 11:00:00,East,SS-002,Equipment Fault,Critical,460
EVT-00425,2024-05-03 12:00:00,Central,SS-004,Normal,Low,216
EVT-00298,2024-05-03 15:00:00,North,SS-003,Outage,Medium,418
EVT-03591,2024-05-03 19:00:00,South,SS-008,Equipment Fault,Critical,29
EVT-04038,2024-05-03 20:00:00,West,SS-009,Normal,Low,208
EVT-02337,2024-05-03 21:00:00,West,SS-006,Normal,Medium,140
EVT-00500,2024-05-03 21:00:00,West,SS-003,Normal,Low,296
EVT-03903,2024-05-04 00:00:00,South,SS-010,Overload,Low,468
EVT-01338,2024-05-04 00:00:00,Central,SS-008,Normal,High,446
EVT-02755,2024-05-04 01:00:00,East,SS-007,Normal,High,395
EVT-00660,2024-05-04 04:00:00,South,SS-010,Maintenance,Low,5
EVT-02167,2024-05-04 18:00:00,North,SS-003,Voltage Anomaly,Medium,285
EVT-04667,2024-05-04 21:00:00,North,SS-001,Overload,Low,316
EVT-04555,2024-05-04 23:00:00,East,SS-008,Voltage Anomaly,High,295
EVT-04286,2024-05-05 03:00:00,East,SS-005,Normal,Low,205
EVT-03659,2024-05-05 06:00:00,North,SS-004,Overload,Medium,20
EVT-00607,2024-05-05 10:00:00,Central,SS-010,Normal,Low,249
EVT-04169,2024-05-05 13:00:00,East,SS-010,Equipment Fault,Medium,121
EVT-04522,2024-05-05 16:00:00,Central,SS-004,Normal,Low,455
EVT-01637,2024-05-06 01:00:00,East,SS-004,Normal,Low,351
EVT-04173,2024-05-06 04:00:00,North,SS-010,Overload,Low,229
EVT-00004,2024-05-06 07:00:00,West,SS-007,Outage,Medium,365
EVT-00657,2024-05-06 09:00:00,North,SS-004,Overload,Medium,7
EVT-00172,2024-05-06 15:00:00,South,SS-005,Overload,High,94
EVT-01120,2024-05-06 16:00:00,East,SS-006,Normal,High,169
EVT-02820,2024-05-06 17:00:00,Central,SS-009,Normal,Low,310
EVT-04489,2024-05-07 03:00:00,South,SS-009,Equipment Fault,Medium,201
EVT-01369,2024-05-07 12:00:00,North,SS-010,Normal,High,298
EVT-02018,2024-05-07 12:00:00,South,SS-007,Overload,Medium,353
EVT-03170,2024-05-07 14:00:00,South,SS-007,Equipment Fault,Low,320
EVT-00220,2024-05-08 04:00:00,East,SS-006,Voltage Anomaly,Medium,73
EVT-04967,2024-05-08 12:00:00,North,SS-007,Maintenance,Low,78
EVT-02469,2024-05-08 19:00:00,East,SS-008,Normal,Medium,296
EVT-01320,2024-05-08 19:00:00,East,SS-004,Maintenance,Critical,295
EVT-00399,2024-05-09 02:00:00,South,SS-003,Normal,Medium,409
EVT-03135,2024-05-09 05:00:00,West,SS-009,Normal,High,296
EVT-01235,2024-05-09 09:00:00,East,SS-001,Normal,Medium,172
EVT-00540,2024-05-09 11:00:00,North,SS-006,Normal,High,357
EVT-03675,2024-05-09 12:00:00,West,SS-005,Normal,High,96
EVT-04884,2024-05-09 13:00:00,North,SS-008,Normal,High,232
EVT-03207,2024-05-10 07:00:00,Central,SS-001,Voltage Anomaly,Medium,475
EVT-01933,2024-05-10 10:00:00,Central,SS-006,Voltage Anomaly,Medium,19
EVT-00170,2024-05-10 13:00:00,Central,SS-006,Equipment Fault,Critical,473
EVT-00141,2024-05-10 16:00:00,South,SS-007,Overload,Medium,104
EVT-03943,2024-05-10 19:00:00,North,SS-004,Normal,Low,217
EVT-01140,2024-05-10 22:00:00,West,SS-005,Maintenance,Low,191
EVT-01405,2024-05-11 07:00:00,West,SS-004,Normal,Critical,85
EVT-04652,2024-05-11 12:00:00,South,SS-007,Maintenance,Medium,110
EVT-04554,2024-05-11 18:00:00,North,SS-003,Normal,Medium,404
EVT-02005,2024-05-11 18:00:00,South,SS-002,Outage,Low,464
EVT-00374,2024-05-12 00:00:00,South,SS-001,Overload,High,167
EVT-02383,2024-05-12 01:00:00,North,SS-006,Equipment Fault,Medium,65
EVT-04104,2024-05-12 03:00:00,Central,SS-005,Normal,Critical,458
EVT-01606,2024-05-12 04:00:00,East,SS-005,Voltage Anomaly,High,263
EVT-02665,2024-05-12 06:00:00,North,SS-009,Equipment Fault,High,264
EVT-00013,2024-05-12 07:00:00,Central,SS-006,Normal,Critical,364
EVT-03504,2024-05-12 17:00:00,East,SS-005,Normal,Medium,126
EVT-04927,2024-05-13 01:00:00,North,SS-009,Overload,Medium,158
EVT-01481,2024-05-13 02:00:00,East,SS-007,Normal,High,477
EVT-04300,2024-05-13 04:00:00,West,SS-001,Normal,Low,122
EVT-01880,2024-05-13 07:00:00,East,SS-007,Normal,Low,375
EVT-03557,2024-05-13 08:00:00,East,SS-009,Normal,Low,394
EVT-04692,2024-05-13 10:00:00,North,SS-009,Normal,Medium,380
EVT-04575,2024-05-13 10:00:00,West,SS-007,Normal,Medium,248
EVT-03344,2024-05-13 17:00:00,Central,SS-001,Outage,High,33
EVT-01691,2024-05-13 18:00:00,East,SS-001,Voltage Anomaly,Medium,475
EVT-04437,2024-05-14 05:00:00,West,SS-007,Normal,Low,28
EVT-03963,2024-05-14 07:00:00,North,SS-009,Equipment Fault,High,171
EVT-03084,2024-05-14 12:00:00,South,SS-003,Normal,Medium,187
EVT-02464,2024-05-14 13:00:00,South,SS-007,Outage,Low,385
EVT-01817,2024-05-14 13:00:00,South,SS-002,Maintenance,Critical,360
EVT-03936,2024-05-14 18:00:00,West,SS-007,Equipment Fault,Medium,171
EVT-00509,2024-05-15 01:00:00,South,SS-003,Normal,Low,6
EVT-03834,2024-05-15 02:00:00,East,SS-008,Normal,High,26
EVT-00424,2024-05-15 21:00:00,South,SS-004,Overload,Low,240
EVT-03085,2024-05-15 22:00:00,South,SS-010,Normal,Low,435
EVT-00198,2024-05-15 23:00:00,South,SS-006,Overload,Low,478
EVT-01403,2024-05-16 07:00:00,East,SS-009,Voltage Anomaly,Medium,293
EVT-01009,2024-05-16 08:00:00,Central,SS-008,Normal,Low,53
EVT-01965,2024-05-16 09:00:00,Central,SS-003,Normal,Low,110
EVT-01156,2024-05-16 12:00:00,North,SS-005,Normal,Critical,402
EVT-03610,2024-05-16 13:00:00,Central,SS-009,Equipment Fault,High,58
EVT-00835,2024-05-16 16:00:00,North,SS-003,Equipment Fault,Medium,82
EVT-01333,2024-05-16 22:00:00,West,SS-003,Overload,Medium,349
EVT-04539,2024-05-16 22:00:00,West,SS-005,Normal,Low,208
EVT-02912,2024-05-17 14:00:00,East,SS-002,Normal,Low,134
EVT-03637,2024-05-17 17:00:00,East,SS-007,Overload,Medium,375
EVT-00405,2024-05-17 17:00:00,Central,SS-008,Overload,Medium,256
EVT-00894,2024-05-17 19:00:00,Central,SS-005,Normal,Medium,65
EVT-02790,2024-05-17 20:00:00,West,SS-001,Normal,Low,427
EVT-00061,2024-05-18 01:00:00,North,SS-008,Voltage Anomaly,Critical,142
EVT-00416,2024-05-18 01:00:00,South,SS-009,Outage,Critical,83
EVT-02606,2024-05-18 05:00:00,East,SS-008,Normal,Low,125
EVT-04229,2024-05-18 09:00:00,Central,SS-005,Outage,Low,340
EVT-01119,2024-05-18 11:00:00,West,SS-003,Voltage Anomaly,Low,358
EVT-03887,2024-05-18 17:00:00,West,SS-004,Normal,Critical,319
EVT-03404,2024-05-18 19:00:00,West,SS-008,Equipment Fault,Low,60
EVT-01029,2024-05-19 03:00:00,Central,SS-010,Normal,Medium,242
EVT-03462,2024-05-19 05:00:00,South,SS-004,Normal,High,174
EVT-01043,2024-05-19 12:00:00,East,SS-003,Normal,High,462
EVT-00219,2024-05-19 19:00:00,North,SS-005,Voltage Anomaly,Medium,98
EVT-04323,2024-05-19 20:00:00,South,SS-005,Maintenance,High,233
EVT-00629,2024-05-20 20:00:00,West,SS-007,Overload,Low,145
EVT-00247,2024-05-20 22:00:00,South,SS-001,Normal,High,351
EVT-02878,2024-05-21 00:00:00,Central,SS-003,Normal,Medium,307
EVT-02828,2024-05-21 00:00:00,North,SS-008,Normal,Medium,136
EVT-04544,2024-05-21 08:00:00,East,SS-004,Voltage Anomaly,Low,258
EVT-04876,2024-05-21 22:00:00,West,SS-005,Normal,Low,360
EVT-01700,2024-05-22 00:00:00,West,SS-006,Normal,Medium,54
EVT-01830,2024-05-22 08:00:00,East,SS-003,Normal,Low,361
EVT-00113,2024-05-22 08:00:00,Central,SS-003,Overload,High,317
EVT-03290,2024-05-22 12:00:00,North,SS-001,Normal,High,67
EVT-01937,2024-05-22 13:00:00,East,SS-006,Normal,Medium,192
EVT-04696,2024-05-22 15:00:00,South,SS-006,Equipment Fault,Low,266
EVT-02160,2024-05-22 17:00:00,West,SS-007,Overload,High,362
EVT-01220,2024-05-22 21:00:00,West,SS-003,Overload,Medium,358
EVT-04385,2024-05-23 09:00:00,South,SS-008,Overload,Medium,218
EVT-03445,2024-05-23 10:00:00,North,SS-002,Overload,Medium,187
EVT-04527,2024-05-23 12:00:00,Central,SS-003,Overload,Medium,26
EVT-02260,2024-05-23 13:00:00,East,SS-008,Normal,Low,352
EVT-01273,2024-05-23 14:00:00,East,SS-008,Normal,High,117
EVT-00074,2024-05-23 15:00:00,Central,SS-007,Overload,Low,152
EVT-02029,2024-05-23 17:00:00,West,SS-005,Normal,Medium,147
EVT-01737,2024-05-23 17:00:00,Central,SS-006,Outage,High,24
EVT-01536,2024-05-23 17:00:00,East,SS-004,Normal,Medium,327
EVT-00089,2024-05-23 19:00:00,East,SS-009,Normal,Low,249
EVT-00526,2024-05-23 23:00:00,Central,SS-005,Voltage Anomaly,High,148
EVT-02508,2024-05-24 03:00:00,East,SS-008,Normal,Critical,18
EVT-01699,2024-05-24 16:00:00,East,SS-005,Normal,Medium,153
EVT-02092,2024-05-24 17:00:00,West,SS-006,Overload,Low,149
EVT-00351,2024-05-25 01:00:00,North,SS-006,Normal,High,409
EVT-04420,2024-05-25 02:00:00,Central,SS-010,Normal,High,85
EVT-03059,2024-05-25 11:00:00,Central,SS-007,Normal,Critical,261
EVT-00880,2024-05-25 13:00:00,South,SS-003,Voltage Anomaly,Medium,294
EVT-02664,2024-05-25 13:00:00,East,SS-010,Normal,Low,434
EVT-01193,2024-05-25 14:00:00,Central,SS-009,Equipment Fault,Medium,428
EVT-00788,2024-05-26 00:00:00,South,SS-001,Normal,Medium,268
EVT-02858,2024-05-26 05:00:00,South,SS-009,Maintenance,High,9
EVT-01106,2024-05-26 06:00:00,South,SS-001,Equipment Fault,High,364
EVT-00491,2024-05-26 08:00:00,West,SS-007,Overload,Medium,467
EVT-00177,2024-05-26 14:00:00,North,SS-003,Normal,Medium,276
EVT-04217,2024-05-26 17:00:00,East,SS-008,Normal,High,7
EVT-01243,2024-05-26 20:00:00,Central,SS-010,Overload,Medium,293
EVT-03699,2024-05-27 02:00:00,North,SS-007,Normal,Low,278
EVT-01914,2024-05-27 03:00:00,West,SS-007,Outage,Low,186
EVT-04999,2024-05-27 04:00:00,North,SS-002,Normal,Medium,403
EVT-00263,2024-05-27 06:00:00,Central,SS-001,Normal,Low,363
EVT-02781,2024-05-27 08:00:00,North,SS-008,Normal,Medium,150
EVT-03071,2024-05-27 09:00:00,Central,SS-002,Normal,Medium,422
EVT-03544,2024-05-27 13:00:00,West,SS-009,Normal,High,217
EVT-04863,2024-05-27 15:00:00,East,SS-008,Normal,Low,383
EVT-01319,2024-05-28 04:00:00,West,SS-007,Outage,Low,53
EVT-02927,2024-05-28 17:00:00,South,SS-003,Outage,Low,300
EVT-03178,2024-05-28 17:00:00,North,SS-007,Normal,Low,283
EVT-00073,2024-05-29 05:00:00,North,SS-007,Normal,Low,192
EVT-04404,2024-05-29 08:00:00,West,SS-009,Normal,Medium,314
EVT-02872,2024-05-29 08:00:00,West,SS-005,Voltage Anomaly,Low,311
EVT-01748,2024-05-29 08:00:00,East,SS-009,Normal,High,326
EVT-04445,2024-05-29 09:00:00,West,SS-004,Overload,High,213
EVT-01744,2024-05-29 13:00:00,East,SS-006,Outage,Critical,43
EVT-00138,2024-05-29 16:00:00,East,SS-001,Outage,Low,185
EVT-00457,2024-05-29 19:00:00,East,SS-005,Voltage Anomaly,Medium,104
EVT-01433,2024-05-29 21:00:00,East,SS-010,Normal,Medium,308
EVT-03880,2024-05-30 01:00:00,Central,SS-008,Normal,Low,45
EVT-02327,2024-05-30 01:00:00,Central,SS-007,Overload,Low,456
EVT-00276,2024-05-30 02:00:00,Central,SS-009,Maintenance,High,46
EVT-00126,2024-05-30 03:00:00,East,SS-002,Normal,Critical,115
EVT-02577,2024-05-30 09:00:00,West,SS-001,Normal,High,426
EVT-00090,2024-05-30 12:00:00,East,SS-004,Normal,Low,59
EVT-01642,2024-05-30 13:00:00,Central,SS-001,Equipment Fault,Medium,268
EVT-04589,2024-05-30 21:00:00,North,SS-001,Normal,Low,471
EVT-04656,2024-05-31 04:00:00,Central,SS-009,Normal,Low,275
EVT-00169,2024-05-31 04:00:00,North,SS-001,Outage,Low,213
EVT-00967,2024-05-31 09:00:00,South,SS-001,Overload,Low,353
EVT-00029,2024-05-31 12:00:00,Central,SS-003,Normal,Medium,440
EVT-03681,2024-05-31 13:00:00,West,SS-007,Equipment Fault,High,473
EVT-02610,2024-05-31 16:00:00,Central,SS-009,Normal,Critical,151
EVT-03248,2024-05-31 18:00:00,North,SS-007,Overload,High,304
EVT-03116,2024-05-31 18:00:00,South,SS-002,Normal,Low,431
EVT-04908,2024-05-31 23:00:00,Central,SS-009,Normal,Low,318
EVT-02165,2024-06-01 01:00:00,West,SS-005,Normal,Low,66
EVT-00910,2024-06-01 02:00:00,Central,SS-001,Outage,Critical,5
EVT-04660,2024-06-01 07:00:00,West,SS-002,Normal,High,299
EVT-01869,2024-06-01 08:00:00,North,SS-003,Equipment Fault,Medium,233
EVT-00793,2024-06-01 10:00:00,East,SS-008,Overload,High,135
EVT-02494,2024-06-01 11:00:00,Central,SS-007,Equipment Fault,Low,409
EVT-02837,2024-06-02 05:00:00,West,SS-003,Normal,High,102
EVT-02638,2024-06-02 06:00:00,West,SS-002,Normal,Low,212
EVT-01675,2024-06-02 23:00:00,South,SS-006,Equipment Fault,Low,60
EVT-03381,2024-06-03 02:00:00,East,SS-008,Voltage Anomaly,Low,473
EVT-00297,2024-06-03 02:00:00,South,SS-009,Normal,Low,205
EVT-00934,2024-06-03 09:00:00,North,SS-001,Normal,High,431
EVT-03191,2024-06-03 10:00:00,Central,SS-008,Normal,High,174
EVT-02246,2024-06-03 14:00:00,West,SS-007,Maintenance,Medium,13
EVT-03161,2024-06-03 17:00:00,West,SS-006,Overload,Low,386
EVT-02102,2024-06-03 19:00:00,East,SS-010,Normal,High,161
EVT-00834,2024-06-03 21:00:00,Central,SS-007,Outage,Medium,457
EVT-03715,2024-06-04 02:00:00,East,SS-010,Overload,High,287
EVT-03005,2024-06-04 06:00:00,South,SS-003,Outage,Medium,149
EVT-04221,2024-06-04 07:00:00,South,SS-002,Normal,Low,385
EVT-04702,2024-06-04 14:00:00,West,SS-004,Normal,High,291
EVT-04125,2024-06-04 16:00:00,Central,SS-009,Normal,High,391
EVT-00981,2024-06-04 17:00:00,South,SS-004,Normal,Medium,209
EVT-01268,2024-06-04 18:00:00,Central,SS-001,Normal,Medium,349
EVT-00027,2024-06-04 18:00:00,South,SS-003,Normal,Low,382
EVT-00813,2024-06-04 21:00:00,South,SS-001,Outage,High,114
EVT-04633,2024-06-05 00:00:00,Central,SS-009,Normal,Medium,307
EVT-00099,2024-06-05 06:00:00,East,SS-008,Overload,Medium,18
EVT-01477,2024-06-05 07:00:00,East,SS-009,Normal,Medium,146
EVT-00143,2024-06-05 11:00:00,North,SS-009,Voltage Anomaly,Medium,254
EVT-01611,2024-06-05 13:00:00,West,SS-009,Maintenance,Low,156
EVT-02695,2024-06-05 15:00:00,South,SS-008,Normal,Medium,85
EVT-01175,2024-06-05 16:00:00,North,SS-007,Outage,Low,220
EVT-01254,2024-06-05 17:00:00,South,SS-010,Overload,High,27
EVT-00756,2024-06-05 17:00:00,East,SS-001,Overload,Low,191
EVT-01656,2024-06-05 19:00:00,South,SS-007,Maintenance,Low,360
EVT-03318,2024-06-05 23:00:00,North,SS-004,Normal,Medium,342
EVT-02444,2024-06-06 00:00:00,Central,SS-009,Outage,Low,177
EVT-02775,2024-06-06 00:00:00,North,SS-008,Equipment Fault,Medium,150
EVT-01366,2024-06-06 11:00:00,West,SS-009,Normal,Low,185
EVT-03833,2024-06-06 12:00:00,West,SS-007,Normal,Low,218
EVT-02516,2024-06-06 12:00:00,South,SS-009,Normal,Low,266
EVT-02035,2024-06-06 15:00:00,South,SS-004,Normal,Critical,171
EVT-03785,2024-06-06 20:00:00,South,SS-007,Outage,Low,207
EVT-02452,2024-06-06 21:00:00,South,SS-003,Normal,Medium,267
EVT-00692,2024-06-06 22:00:00,Central,SS-007,Outage,Medium,402
EVT-00571,2024-06-07 15:00:00,West,SS-005,Overload,Critical,139
EVT-01767,2024-06-07 16:00:00,West,SS-006,Normal,Low,306
EVT-03946,2024-06-07 19:00:00,Central,SS-009,Equipment Fault,Critical,215
EVT-00836,2024-06-07 22:00:00,North,SS-007,Maintenance,Medium,181
EVT-03590,2024-06-08 08:00:00,East,SS-001,Maintenance,High,293
EVT-00011,2024-06-08 21:00:00,East,SS-008,Overload,Medium,107
EVT-00476,2024-06-09 01:00:00,North,SS-009,Voltage Anomaly,High,458
EVT-00485,2024-06-09 03:00:00,Central,SS-002,Equipment Fault,Low,380
EVT-02882,2024-06-09 09:00:00,Central,SS-008,Normal,Critical,116
EVT-04970,2024-06-09 13:00:00,East,SS-002,Maintenance,Medium,265
EVT-02811,2024-06-09 19:00:00,South,SS-007,Outage,Low,250
EVT-00689,2024-06-09 22:00:00,West,SS-001,Outage,Critical,377
EVT-01953,2024-06-09 23:00:00,South,SS-010,Normal,Low,444
EVT-01811,2024-06-10 13:00:00,South,SS-009,Normal,Medium,185
EVT-01645,2024-06-10 16:00:00,West,SS-008,Voltage Anomaly,Low,72
EVT-01833,2024-06-10 17:00:00,South,SS-006,Normal,Low,66
EVT-04118,2024-06-10 22:00:00,West,SS-002,Voltage Anomaly,High,162
EVT-03711,2024-06-11 03:00:00,South,SS-009,Normal,High,193
EVT-00857,2024-06-11 03:00:00,West,SS-002,Normal,Medium,203
EVT-03999,2024-06-11 08:00:00,South,SS-004,Overload,High,264
EVT-03364,2024-06-11 11:00:00,East,SS-006,Maintenance,High,22
EVT-04959,2024-06-11 17:00:00,North,SS-009,Equipment Fault,Low,202
EVT-03889,2024-06-11 18:00:00,North,SS-007,Equipment Fault,Critical,373
EVT-03553,2024-06-11 18:00:00,West,SS-007,Normal,High,272
EVT-03850,2024-06-11 22:00:00,West,SS-009,Outage,Low,137
EVT-02814,2024-06-11 22:00:00,North,SS-008,Normal,Low,184
EVT-02861,2024-06-12 03:00:00,South,SS-006,Overload,Low,473
EVT-04895,2024-06-12 03:00:00,North,SS-008,Normal,High,149
EVT-02559,2024-06-12 06:00:00,West,SS-008,Normal,Low,475
EVT-01746,2024-06-12 10:00:00,East,SS-008,Voltage Anomaly,Low,377
EVT-00650,2024-06-12 12:00:00,West,SS-005,Normal,Medium,243
EVT-01099,2024-06-12 13:00:00,Central,SS-009,Normal,Low,477
EVT-02062,2024-06-12 19:00:00,West,SS-010,Overload,Low,421
EVT-02854,2024-06-13 00:00:00,South,SS-001,Outage,Low,145
EVT-03931,2024-06-13 03:00:00,North,SS-010,Normal,Critical,412
EVT-01071,2024-06-13 12:00:00,Central,SS-008,Normal,Medium,282
EVT-00488,2024-06-13 13:00:00,North,SS-005,Overload,Low,163
EVT-04994,2024-06-13 15:00:00,North,SS-009,Normal,Low,470
EVT-04021,2024-06-13 20:00:00,Central,SS-007,Normal,Medium,359
EVT-03982,2024-06-14 02:00:00,Central,SS-004,Normal,High,307
EVT-00561,2024-06-14 09:00:00,Central,SS-002,Voltage Anomaly,Medium,384
EVT-01327,2024-06-14 20:00:00,West,SS-004,Normal,Medium,385
EVT-03202,2024-06-14 21:00:00,North,SS-002,Normal,Medium,303
EVT-02734,2024-06-14 23:00:00,South,SS-004,Normal,High,476
EVT-01089,2024-06-15 02:00:00,North,SS-009,Normal,Low,307
EVT-01772,2024-06-15 02:00:00,East,SS-005,Overload,Low,33
EVT-02955,2024-06-15 03:00:00,Central,SS-005,Normal,Critical,404
EVT-02202,2024-06-15 03:00:00,North,SS-004,Voltage Anomaly,Low,33
EVT-04415,2024-06-15 05:00:00,South,SS-006,Normal,Low,254
EVT-04129,2024-06-15 07:00:00,West,SS-006,Normal,Medium,136
EVT-03369,2024-06-15 08:00:00,Central,SS-004,Equipment Fault,Low,290
EVT-03039,2024-06-15 08:00:00,South,SS-009,Maintenance,Medium,147
EVT-04006,2024-06-15 08:00:00,North,SS-008,Normal,Critical,5
EVT-02741,2024-06-15 16:00:00,South,SS-002,Normal,Medium,16
EVT-01777,2024-06-15 17:00:00,East,SS-001,Normal,High,86
EVT-03977,2024-06-15 18:00:00,East,SS-004,Normal,Low,279
EVT-01463,2024-06-16 00:00:00,West,SS-005,Normal,Low,122
EVT-02527,2024-06-16 02:00:00,East,SS-003,Normal,Critical,51
EVT-01247,2024-06-16 03:00:00,Central,SS-010,Normal,Medium,169
EVT-03815,2024-06-16 04:00:00,South,SS-002,Outage,High,81
EVT-01100,2024-06-16 04:00:00,West,SS-002,Normal,Medium,238
EVT-04177,2024-06-16 08:00:00,East,SS-005,Normal,Low,469
EVT-04439,2024-06-16 14:00:00,West,SS-001,Maintenance,Critical,293
EVT-03245,2024-06-16 17:00:00,North,SS-009,Normal,Low,461
EVT-03432,2024-06-16 23:00:00,West,SS-001,Normal,Low,346
EVT-01626,2024-06-17 07:00:00,North,SS-006,Voltage Anomaly,High,24
EVT-01357,2024-06-17 08:00:00,North,SS-007,Normal,Low,360
EVT-00071,2024-06-17 10:00:00,North,SS-009,Normal,Low,13
EVT-01725,2024-06-17 11:00:00,West,SS-010,Outage,Critical,19
EVT-03989,2024-06-17 17:00:00,East,SS-005,Normal,Low,408
EVT-04767,2024-06-17 19:00:00,North,SS-008,Overload,Medium,176
EVT-04473,2024-06-17 21:00:00,North,SS-009,Normal,Medium,34
EVT-04056,2024-06-17 23:00:00,West,SS-008,Normal,High,196
EVT-03434,2024-06-18 01:00:00,West,SS-004,Normal,Low,164
EVT-03968,2024-06-18 06:00:00,South,SS-004,Normal,Low,100
EVT-04398,2024-06-18 10:00:00,West,SS-009,Voltage Anomaly,Low,62
EVT-04471,2024-06-18 13:00:00,East,SS-005,Equipment Fault,Medium,198
EVT-03126,2024-06-18 19:00:00,Central,SS-006,Equipment Fault,Low,468
EVT-01698,2024-06-18 23:00:00,West,SS-009,Normal,Medium,447
EVT-01180,2024-06-19 02:00:00,Central,SS-005,Normal,High,397
EVT-00158,2024-06-19 16:00:00,South,SS-002,Voltage Anomaly,Medium,75
EVT-00770,2024-06-19 18:00:00,South,SS-003,Maintenance,Low,362
EVT-01016,2024-06-20 04:00:00,East,SS-010,Normal,Low,83
EVT-01640,2024-06-20 13:00:00,South,SS-001,Maintenance,Low,173
EVT-02740,2024-06-20 20:00:00,East,SS-006,Normal,Low,455
EVT-00049,2024-06-21 01:00:00,Central,SS-009,Normal,Medium,37
EVT-00448,2024-06-21 03:00:00,Central,SS-002,Normal,Low,257
EVT-01574,2024-06-21 07:00:00,South,SS-004,Equipment Fault,Medium,217
EVT-03334,2024-06-21 08:00:00,West,SS-006,Outage,High,147
EVT-04718,2024-06-21 17:00:00,South,SS-004,Normal,Critical,86
EVT-01061,2024-06-21 17:00:00,South,SS-006,Normal,Low,403
EVT-02442,2024-06-21 18:00:00,Central,SS-009,Normal,Critical,465
EVT-00375,2024-06-21 18:00:00,North,SS-002,Maintenance,High,150
EVT-03324,2024-06-21 19:00:00,South,SS-010,Normal,Low,219
EVT-01122,2024-06-22 03:00:00,North,SS-006,Normal,High,327
EVT-02059,2024-06-22 04:00:00,South,SS-008,Normal,Low,225
EVT-00277,2024-06-22 07:00:00,Central,SS-002,Normal,Low,478
EVT-00204,2024-06-22 08:00:00,North,SS-010,Normal,High,210
EVT-03199,2024-06-22 10:00:00,Central,SS-004,Normal,Medium,230
EVT-02870,2024-06-22 12:00:00,Central,SS-009,Maintenance,Medium,431
EVT-02565,2024-06-22 16:00:00,North,SS-004,Normal,Low,230
EVT-02796,2024-06-22 16:00:00,North,SS-007,Outage,Low,286
EVT-02152,2024-06-22 18:00:00,West,SS-009,Normal,Medium,102
EVT-01908,2024-06-22 20:00:00,East,SS-007,Normal,Medium,90
EVT-02453,2024-06-22 22:00:00,Central,SS-002,Normal,Medium,143
EVT-03172,2024-06-22 22:00:00,West,SS-005,Normal,Low,230
EVT-04143,2024-06-22 23:00:00,North,SS-010,Outage,Medium,227
EVT-00480,2024-06-23 08:00:00,Central,SS-010,Normal,High,324
EVT-03266,2024-06-23 11:00:00,South,SS-003,Maintenance,Medium,264
EVT-04733,2024-06-23 12:00:00,East,SS-009,Normal,High,110
EVT-04215,2024-06-23 17:00:00,North,SS-009,Overload,Medium,438
EVT-03783,2024-06-23 23:00:00,West,SS-010,Overload,Low,148
EVT-01049,2024-06-24 03:00:00,East,SS-005,Maintenance,Low,279
EVT-01063,2024-06-24 03:00:00,North,SS-006,Equipment Fault,High,461
EVT-01595,2024-06-24 04:00:00,East,SS-006,Equipment Fault,Medium,230
EVT-01495,2024-06-24 14:00:00,North,SS-001,Normal,Critical,387
EVT-03110,2024-06-24 14:00:00,Central,SS-004,Overload,Critical,172
EVT-04511,2024-06-24 15:00:00,North,SS-001,Normal,Low,252
EVT-01555,2024-06-24 21:00:00,West,SS-003,Voltage Anomaly,Medium,22
EVT-04879,2024-06-25 02:00:00,North,SS-004,Outage,Medium,7
EVT-04810,2024-06-25 09:00:00,South,SS-005,Normal,Low,373
EVT-01360,2024-06-25 15:00:00,East,SS-004,Overload,Low,474
EVT-01577,2024-06-25 17:00:00,West,SS-008,Maintenance,High,313
EVT-04886,2024-06-25 22:00:00,Central,SS-009,Equipment Fault,Low,349
EVT-00082,2024-06-26 05:00:00,Central,SS-001,Normal,Low,236
EVT-01905,2024-06-26 07:00:00,East,SS-008,Voltage Anomaly,Low,373
EVT-01008,2024-06-26 09:00:00,South,SS-010,Overload,Critical,197
EVT-03073,2024-06-26 12:00:00,Central,SS-007,Normal,High,106
EVT-04448,2024-06-26 14:00:00,East,SS-008,Normal,Medium,208
EVT-00323,2024-06-26 15:00:00,Central,SS-003,Overload,High,115
EVT-02164,2024-06-26 18:00:00,Central,SS-007,Outage,Medium,177
EVT-00798,2024-06-26 22:00:00,North,SS-007,Normal,High,413
EVT-01474,2024-06-26 23:00:00,South,SS-010,Voltage Anomaly,Medium,395
EVT-03777,2024-06-27 00:00:00,North,SS-005,Overload,Medium,149
EVT-02036,2024-06-27 02:00:00,Central,SS-010,Maintenance,Medium,331
EVT-04909,2024-06-27 02:00:00,West,SS-001,Normal,Critical,40
EVT-02166,2024-06-27 03:00:00,Central,SS-001,Normal,High,464
EVT-01636,2024-06-27 04:00:00,North,SS-004,Equipment Fault,Low,179
EVT-02277,2024-06-27 08:00:00,Central,SS-006,Equipment Fault,Low,325
EVT-00806,2024-06-27 10:00:00,West,SS-005,Normal,High,34
EVT-00928,2024-06-27 13:00:00,East,SS-003,Overload,Low,150
EVT-03083,2024-06-27 19:00:00,North,SS-010,Overload,High,468
EVT-01548,2024-06-27 21:00:00,Central,SS-005,Equipment Fault,Low,174
EVT-00688,2024-06-28 03:00:00,East,SS-008,Voltage Anomaly,Medium,134
EVT-00665,2024-06-28 05:00:00,North,SS-002,Normal,Low,474
EVT-02171,2024-06-28 10:00:00,South,SS-003,Equipment Fault,Medium,443
EVT-00959,2024-06-28 14:00:00,South,SS-007,Normal,High,340
EVT-01879,2024-06-28 16:00:00,East,SS-009,Voltage Anomaly,Low,197
EVT-00943,2024-06-28 21:00:00,East,SS-005,Maintenance,Medium,368
EVT-03456,2024-06-28 21:00:00,North,SS-003,Voltage Anomaly,Critical,475
EVT-02716,2024-06-29 05:00:00,West,SS-004,Equipment Fault,Low,195
EVT-01133,2024-06-29 12:00:00,South,SS-009,Voltage Anomaly,Low,19
EVT-04382,2024-06-29 12:00:00,North,SS-008,Normal,Medium,201
EVT-02485,2024-06-29 14:00:00,West,SS-005,Maintenance,Medium,309
EVT-03919,2024-06-29 15:00:00,North,SS-007,Overload,Medium,87
EVT-03944,2024-06-29 20:00:00,West,SS-010,Voltage Anomaly,Low,340
EVT-01123,2024-06-29 21:00:00,North,SS-001,Normal,Medium,64
EVT-00164,2024-06-29 22:00:00,Central,SS-008,Outage,High,75
EVT-00359,2024-06-30 05:00:00,South,SS-001,Voltage Anomaly,Medium,117
EVT-02146,2024-06-30 06:00:00,Central,SS-008,Normal,High,228
EVT-04419,2024-06-30 22:00:00,East,SS-003,Maintenance,Low,457
EVT-04296,2024-06-30 23:00:00,Central,SS-002,Overload,Critical,336
EVT-04062,2024-07-01 01:00:00,West,SS-004,Normal,High,219
EVT-02239,2024-07-01 02:00:00,Central,SS-009,Outage,Low,367
EVT-02801,2024-07-01 03:00:00,East,SS-010,Voltage Anomaly,Low,109
EVT-02189,2024-07-01 10:00:00,South,SS-001,Maintenance,Medium,33
EVT-04517,2024-07-01 13:00:00,North,SS-008,Voltage Anomaly,High,405
EVT-03398,2024-07-01 20:00:00,East,SS-001,Equipment Fault,Medium,386
EVT-04472,2024-07-02 02:00:00,West,SS-005,Outage,Medium,364
EVT-04518,2024-07-02 15:00:00,East,SS-010,Normal,High,335
EVT-03301,2024-07-02 22:00:00,East,SS-005,Equipment Fault,Low,258
EVT-02567,2024-07-02 23:00:00,North,SS-006,Normal,Low,88
EVT-03416,2024-07-03 05:00:00,West,SS-003,Normal,Medium,251
EVT-03001,2024-07-03 07:00:00,North,SS-006,Outage,Medium,42
EVT-04159,2024-07-03 09:00:00,West,SS-006,Normal,Medium,7
EVT-04869,2024-07-03 13:00:00,East,SS-010,Voltage Anomaly,Medium,17
EVT-04618,2024-07-03 14:00:00,North,SS-006,Overload,High,394
EVT-02183,2024-07-03 19:00:00,West,SS-008,Overload,Low,377
EVT-03468,2024-07-03 19:00:00,Central,SS-001,Equipment Fault,Low,38
EVT-00608,2024-07-03 22:00:00,Central,SS-009,Maintenance,Critical,212
EVT-04046,2024-07-04 05:00:00,West,SS-009,Voltage Anomaly,Medium,212
EVT-04792,2024-07-04 07:00:00,Central,SS-009,Voltage Anomaly,Low,120
EVT-03442,2024-07-04 13:00:00,East,SS-007,Outage,High,475
EVT-03292,2024-07-04 20:00:00,West,SS-008,Normal,High,223
EVT-04207,2024-07-05 08:00:00,East,SS-001,Normal,Medium,10
EVT-04446,2024-07-05 09:00:00,West,SS-008,Overload,Low,136
EVT-03955,2024-07-05 10:00:00,Central,SS-003,Voltage Anomaly,Low,195
EVT-04740,2024-07-05 10:00:00,East,SS-009,Equipment Fault,High,206
EVT-02151,2024-07-05 10:00:00,West,SS-009,Normal,Medium,307
EVT-00664,2024-07-05 12:00:00,West,SS-002,Normal,Low,13
EVT-00972,2024-07-05 17:00:00,North,SS-002,Normal,Medium,174
EVT-00132,2024-07-05 21:00:00,East,SS-008,Maintenance,Low,440
EVT-04657,2024-07-05 23:00:00,West,SS-002,Normal,Critical,376
EVT-02420,2024-07-05 23:00:00,West,SS-007,Overload,Low,275
EVT-01139,2024-07-06 05:00:00,East,SS-003,Normal,High,348
EVT-00537,2024-07-06 06:00:00,North,SS-008,Outage,Medium,46
EVT-00826,2024-07-06 06:00:00,West,SS-010,Normal,Medium,116
EVT-01733,2024-07-06 06:00:00,South,SS-009,Normal,High,203
EVT-04608,2024-07-06 11:00:00,West,SS-006,Normal,Medium,52
EVT-01493,2024-07-06 12:00:00,North,SS-002,Normal,Low,412
EVT-02266,2024-07-06 12:00:00,North,SS-003,Outage,Low,112
EVT-03327,2024-07-06 13:00:00,East,SS-006,Normal,Critical,58
EVT-04052,2024-07-06 18:00:00,West,SS-002,Normal,Low,80
EVT-01920,2024-07-06 19:00:00,Central,SS-002,Normal,Critical,114
EVT-01033,2024-07-07 08:00:00,South,SS-010,Outage,Low,300
EVT-04148,2024-07-07 10:00:00,Central,SS-005,Maintenance,Medium,115
EVT-04130,2024-07-07 13:00:00,Central,SS-001,Normal,High,312
EVT-02271,2024-07-08 04:00:00,North,SS-010,Voltage Anomaly,Medium,70
EVT-03998,2024-07-08 06:00:00,East,SS-001,Overload,High,456
EVT-03454,2024-07-08 12:00:00,North,SS-005,Outage,High,131
EVT-00825,2024-07-08 15:00:00,North,SS-009,Equipment Fault,High,377
EVT-00975,2024-07-08 16:00:00,North,SS-003,Normal,Low,114
EVT-03262,2024-07-08 17:00:00,North,SS-008,Normal,Low,401
EVT-01352,2024-07-08 21:00:00,West,SS-004,Normal,Medium,128
EVT-01020,2024-07-09 00:00:00,South,SS-003,Overload,Low,282
EVT-00524,2024-07-09 04:00:00,North,SS-002,Maintenance,High,415
EVT-04699,2024-07-09 06:00:00,West,SS-001,Outage,High,12
EVT-02175,2024-07-09 08:00:00,East,SS-007,Maintenance,High,85
EVT-04684,2024-07-09 09:00:00,East,SS-007,Maintenance,Low,231
EVT-00183,2024-07-09 10:00:00,North,SS-004,Outage,Medium,134
EVT-01164,2024-07-09 11:00:00,Central,SS-009,Normal,High,248
EVT-01227,2024-07-09 11:00:00,South,SS-009,Overload,Low,68
EVT-00588,2024-07-09 12:00:00,South,SS-005,Normal,Medium,50
EVT-03350,2024-07-09 16:00:00,Central,SS-008,Normal,Critical,16
EVT-04312,2024-07-09 18:00:00,West,SS-002,Normal,Critical,396
EVT-02313,2024-07-10 04:00:00,South,SS-007,Equipment Fault,Low,309
EVT-04020,2024-07-10 04:00:00,Central,SS-010,Maintenance,Medium,180
EVT-03019,2024-07-10 08:00:00,West,SS-007,Outage,Low,282
EVT-02419,2024-07-10 09:00:00,Central,SS-003,Equipment Fault,High,392
EVT-00749,2024-07-10 10:00:00,South,SS-008,Overload,Medium,222
EVT-02457,2024-07-10 16:00:00,North,SS-003,Normal,Low,99
EVT-03668,2024-07-10 21:00:00,South,SS-003,Normal,High,126
EVT-01714,2024-07-11 03:00:00,Central,SS-008,Voltage Anomaly,High,338
EVT-03672,2024-07-11 04:00:00,Central,SS-010,Normal,Medium,377
EVT-04307,2024-07-11 05:00:00,South,SS-010,Normal,Low,456
EVT-01689,2024-07-11 06:00:00,South,SS-003,Normal,Low,59
EVT-04092,2024-07-11 10:00:00,South,SS-005,Equipment Fault,High,28
EVT-03328,2024-07-11 18:00:00,North,SS-006,Equipment Fault,Low,385
EVT-00941,2024-07-11 20:00:00,West,SS-001,Normal,High,164
EVT-02136,2024-07-12 02:00:00,West,SS-005,Equipment Fault,High,356
EVT-00077,2024-07-12 03:00:00,East,SS-010,Normal,Medium,205
EVT-04755,2024-07-12 05:00:00,West,SS-006,Normal,Medium,132
EVT-00662,2024-07-12 06:00:00,South,SS-006,Voltage Anomaly,Medium,17
EVT-03287,2024-07-12 09:00:00,Central,SS-004,Outage,Medium,215
EVT-04413,2024-07-12 15:00:00,East,SS-009,Overload,High,452
EVT-02578,2024-07-12 19:00:00,East,SS-007,Equipment Fault,Medium,347
EVT-04443,2024-07-13 00:00:00,East,SS-005,Maintenance,Low,29
EVT-00503,2024-07-13 06:00:00,East,SS-007,Normal,Medium,67
EVT-04868,2024-07-13 09:00:00,West,SS-006,Voltage Anomaly,Medium,121
EVT-02853,2024-07-13 10:00:00,Central,SS-005,Voltage Anomaly,Low,23
EVT-01236,2024-07-13 14:00:00,East,SS-002,Overload,Medium,366
EVT-00420,2024-07-13 15:00:00,West,SS-006,Maintenance,Low,164
EVT-02762,2024-07-13 17:00:00,South,SS-008,Normal,Low,239
EVT-03964,2024-07-13 18:00:00,South,SS-008,Maintenance,Medium,391
EVT-02994,2024-07-13 20:00:00,Central,SS-002,Voltage Anomaly,Low,360
EVT-00846,2024-07-14 02:00:00,North,SS-002,Normal,Critical,337
EVT-04550,2024-07-14 03:00:00,West,SS-003,Normal,Medium,329
EVT-01810,2024-07-14 04:00:00,South,SS-008,Voltage Anomaly,High,9
EVT-00426,2024-07-14 07:00:00,West,SS-005,Voltage Anomaly,Critical,71
EVT-01240,2024-07-14 11:00:00,South,SS-010,Maintenance,Low,141
EVT-04065,2024-07-14 14:00:00,Central,SS-010,Overload,Medium,51
EVT-00360,2024-07-14 18:00:00,Central,SS-006,Normal,Medium,379
EVT-01249,2024-07-15 02:00:00,East,SS-008,Normal,Low,358
EVT-01499,2024-07-15 03:00:00,West,SS-007,Normal,High,266
EVT-02264,2024-07-15 09:00:00,Central,SS-005,Outage,Low,61
EVT-00810,2024-07-15 20:00:00,North,SS-003,Normal,Low,354
EVT-01216,2024-07-15 20:00:00,Central,SS-001,Normal,Medium,191
EVT-04320,2024-07-16 00:00:00,South,SS-003,Normal,High,61
EVT-00983,2024-07-16 04:00:00,East,SS-002,Maintenance,Low,426
EVT-01681,2024-07-16 10:00:00,South,SS-002,Voltage Anomaly,Medium,420
EVT-00683,2024-07-16 15:00:00,East,SS-003,Normal,Low,289
EVT-02893,2024-07-16 16:00:00,East,SS-004,Normal,High,451
EVT-01467,2024-07-16 18:00:00,North,SS-001,Equipment Fault,Medium,71
EVT-01593,2024-07-16 21:00:00,East,SS-004,Maintenance,Low,138
EVT-00750,2024-07-17 03:00:00,North,SS-005,Maintenance,High,328
EVT-01902,2024-07-17 08:00:00,South,SS-003,Normal,High,457
EVT-03533,2024-07-17 09:00:00,Central,SS-004,Voltage Anomaly,Medium,30
EVT-01635,2024-07-17 10:00:00,North,SS-009,Equipment Fault,High,76
EVT-00707,2024-07-17 13:00:00,West,SS-001,Normal,Critical,442
EVT-04086,2024-07-17 22:00:00,East,SS-003,Normal,High,407
EVT-03639,2024-07-18 02:00:00,South,SS-002,Overload,High,70
EVT-00124,2024-07-18 03:00:00,East,SS-003,Normal,Low,162
EVT-01533,2024-07-18 09:00:00,North,SS-001,Equipment Fault,Low,146
EVT-02123,2024-07-18 12:00:00,West,SS-009,Normal,Medium,157
EVT-00311,2024-07-18 15:00:00,South,SS-002,Normal,High,213
EVT-03481,2024-07-18 18:00:00,East,SS-001,Equipment Fault,Low,162
EVT-00586,2024-07-18 20:00:00,Central,SS-008,Voltage Anomaly,Medium,192
EVT-00096,2024-07-18 22:00:00,West,SS-009,Normal,Low,375
EVT-01171,2024-07-19 03:00:00,North,SS-004,Outage,Medium,447
EVT-04855,2024-07-19 06:00:00,Central,SS-006,Outage,Low,355
EVT-00514,2024-07-19 07:00:00,South,SS-008,Outage,Low,386
EVT-00863,2024-07-19 14:00:00,South,SS-007,Voltage Anomaly,Low,365
EVT-03203,2024-07-19 15:00:00,East,SS-004,Overload,Medium,274
EVT-04493,2024-07-19 19:00:00,West,SS-004,Normal,High,11
EVT-00367,2024-07-19 20:00:00,Central,SS-007,Overload,Low,278
EVT-01806,2024-07-19 22:00:00,South,SS-009,Overload,Low,447
EVT-00714,2024-07-19 22:00:00,East,SS-007,Normal,Low,317
EVT-03216,2024-07-20 09:00:00,East,SS-010,Equipment Fault,High,393
EVT-04176,2024-07-20 17:00:00,West,SS-007,Equipment Fault,Low,137
EVT-01583,2024-07-20 20:00:00,South,SS-006,Normal,Medium,325
EVT-04641,2024-07-21 02:00:00,North,SS-009,Overload,Low,165
EVT-02975,2024-07-21 03:00:00,North,SS-008,Outage,Low,426
EVT-01702,2024-07-21 03:00:00,East,SS-001,Normal,Low,120
EVT-02286,2024-07-21 09:00:00,North,SS-010,Voltage Anomaly,Medium,307
EVT-01695,2024-07-21 17:00:00,West,SS-002,Overload,High,247
EVT-02767,2024-07-21 18:00:00,West,SS-010,Outage,Low,221
EVT-04688,2024-07-22 00:00:00,Central,SS-002,Equipment Fault,Low,415
EVT-04902,2024-07-22 02:00:00,North,SS-007,Normal,Low,35
EVT-04961,2024-07-22 04:00:00,West,SS-010,Normal,Medium,153
EVT-04726,2024-07-22 06:00:00,Central,SS-004,Normal,Medium,385
EVT-03284,2024-07-22 06:00:00,South,SS-010,Normal,Medium,367
EVT-01900,2024-07-22 08:00:00,South,SS-001,Normal,Medium,311
EVT-02169,2024-07-22 16:00:00,North,SS-008,Maintenance,High,417
EVT-02180,2024-07-22 22:00:00,North,SS-009,Normal,Low,333
EVT-02660,2024-07-23 01:00:00,North,SS-001,Equipment Fault,Medium,410
EVT-01294,2024-07-23 02:00:00,North,SS-006,Overload,Medium,342
EVT-01762,2024-07-23 08:00:00,North,SS-006,Normal,Low,94
EVT-04551,2024-07-23 08:00:00,East,SS-004,Normal,Low,142
EVT-01153,2024-07-23 10:00:00,East,SS-008,Maintenance,Medium,456
EVT-01991,2024-07-23 12:00:00,West,SS-006,Equipment Fault,Low,254
EVT-00401,2024-07-23 15:00:00,South,SS-001,Voltage Anomaly,Medium,324
EVT-02406,2024-07-23 16:00:00,South,SS-008,Normal,Low,215
EVT-01242,2024-07-23 17:00:00,North,SS-004,Equipment Fault,Medium,14
EVT-03449,2024-07-23 18:00:00,East,SS-004,Outage,Low,220
EVT-02356,2024-07-24 11:00:00,Central,SS-002,Overload,Low,372
EVT-01306,2024-07-24 12:00:00,North,SS-008,Voltage Anomaly,Low,257
EVT-02529,2024-07-24 14:00:00,South,SS-010,Equipment Fault,Medium,292
EVT-02301,2024-07-24 18:00:00,North,SS-008,Normal,Medium,151
EVT-03050,2024-07-25 07:00:00,Central,SS-006,Voltage Anomaly,Low,177
EVT-04983,2024-07-25 12:00:00,South,SS-003,Equipment Fault,Critical,373
EVT-00721,2024-07-25 20:00:00,South,SS-002,Normal,Medium,131
EVT-02447,2024-07-26 01:00:00,East,SS-008,Voltage Anomaly,Critical,151
EVT-04925,2024-07-26 01:00:00,East,SS-002,Maintenance,Low,90
EVT-03552,2024-07-26 07:00:00,Central,SS-003,Overload,Medium,374
EVT-04698,2024-07-26 07:00:00,Central,SS-008,Outage,Medium,150
EVT-00352,2024-07-26 09:00:00,North,SS-001,Voltage Anomaly,Medium,302
EVT-01677,2024-07-26 11:00:00,West,SS-006,Equipment Fault,Medium,189
EVT-01859,2024-07-26 14:00:00,West,SS-005,Overload,Low,454
EVT-00175,2024-07-26 18:00:00,North,SS-006,Normal,High,473
EVT-03469,2024-07-26 20:00:00,North,SS-010,Maintenance,Medium,89
EVT-00663,2024-07-26 22:00:00,Central,SS-004,Normal,High,479
EVT-01856,2024-07-27 01:00:00,South,SS-005,Outage,Low,280
EVT-01039,2024-07-27 04:00:00,Central,SS-004,Normal,Critical,37
EVT-04442,2024-07-27 05:00:00,Central,SS-003,Maintenance,Low,452
EVT-00649,2024-07-27 07:00:00,Central,SS-009,Normal,High,195
EVT-04738,2024-07-27 22:00:00,South,SS-003,Outage,Medium,118
EVT-03524,2024-07-27 22:00:00,Central,SS-001,Normal,Low,384
EVT-03131,2024-07-27 23:00:00,North,SS-009,Overload,Low,477
EVT-02216,2024-07-28 04:00:00,West,SS-010,Normal,Low,240
EVT-01278,2024-07-28 08:00:00,South,SS-006,Normal,High,334
EVT-01512,2024-07-28 12:00:00,West,SS-010,Maintenance,Low,124
EVT-02635,2024-07-28 12:00:00,East,SS-008,Normal,Low,329
EVT-04053,2024-07-28 12:00:00,Central,SS-008,Voltage Anomaly,Medium,304
EVT-01940,2024-07-28 17:00:00,East,SS-009,Normal,Medium,41
EVT-00908,2024-07-28 20:00:00,North,SS-001,Normal,Critical,52
EVT-03688,2024-07-28 21:00:00,Central,SS-008,Normal,Low,152
EVT-02698,2024-07-28 23:00:00,Central,SS-001,Equipment Fault,Low,119
EVT-04520,2024-07-28 23:00:00,South,SS-001,Equipment Fault,Low,349
EVT-01036,2024-07-29 04:00:00,North,SS-002,Equipment Fault,Medium,131
EVT-04394,2024-07-29 08:00:00,East,SS-009,Overload,Low,232
EVT-01938,2024-07-29 08:00:00,West,SS-005,Normal,Medium,81
EVT-04778,2024-07-29 22:00:00,South,SS-007,Normal,Low,441
EVT-00861,2024-07-30 05:00:00,West,SS-004,Overload,High,194
EVT-01494,2024-07-30 05:00:00,West,SS-008,Equipment Fault,Medium,173
EVT-00702,2024-07-30 13:00:00,East,SS-003,Maintenance,Medium,221
EVT-04748,2024-07-30 19:00:00,North,SS-006,Normal,Medium,159
EVT-03716,2024-07-30 22:00:00,North,SS-008,Equipment Fault,Medium,225
EVT-01843,2024-07-30 23:00:00,North,SS-003,Outage,Medium,268
EVT-00859,2024-07-31 02:00:00,West,SS-007,Normal,Medium,42
EVT-04563,2024-07-31 09:00:00,Central,SS-004,Normal,Medium,237
EVT-03804,2024-07-31 16:00:00,East,SS-005,Normal,Low,386
EVT-03486,2024-07-31 17:00:00,East,SS-009,Maintenance,Low,440
EVT-02757,2024-07-31 18:00:00,West,SS-006,Normal,Medium,280
EVT-04357,2024-07-31 21:00:00,North,SS-003,Normal,Medium,386
EVT-00349,2024-08-01 02:00:00,East,SS-006,Outage,Critical,439
EVT-02234,2024-08-01 05:00:00,Central,SS-002,Overload,High,240
EVT-04383,2024-08-01 08:00:00,North,SS-003,Normal,Low,313
EVT-01967,2024-08-01 10:00:00,West,SS-001,Normal,Low,133
EVT-03899,2024-08-01 13:00:00,Central,SS-001,Normal,Low,167
EVT-04751,2024-08-01 15:00:00,South,SS-006,Normal,Critical,293
EVT-01840,2024-08-01 15:00:00,South,SS-006,Normal,Low,442
EVT-04066,2024-08-01 16:00:00,West,SS-004,Voltage Anomaly,Medium,338
EVT-02019,2024-08-01 19:00:00,Central,SS-006,Normal,High,85
EVT-02768,2024-08-01 22:00:00,South,SS-006,Normal,Low,471
EVT-01734,2024-08-02 02:00:00,Central,SS-004,Normal,Medium,41
EVT-04171,2024-08-02 04:00:00,North,SS-010,Normal,High,92
EVT-00634,2024-08-02 05:00:00,North,SS-007,Outage,Low,298
EVT-04045,2024-08-02 07:00:00,West,SS-006,Overload,High,297
EVT-02321,2024-08-02 09:00:00,Central,SS-006,Outage,High,50
EVT-01796,2024-08-02 19:00:00,North,SS-006,Normal,High,287
EVT-03305,2024-08-03 05:00:00,North,SS-003,Outage,Medium,54
EVT-01761,2024-08-03 07:00:00,East,SS-009,Overload,High,211
EVT-02770,2024-08-03 08:00:00,West,SS-009,Voltage Anomaly,Medium,86
EVT-02652,2024-08-03 17:00:00,South,SS-010,Normal,Medium,25
EVT-03853,2024-08-04 02:00:00,North,SS-006,Equipment Fault,Medium,112
EVT-02017,2024-08-04 03:00:00,South,SS-007,Outage,Low,403
EVT-01055,2024-08-04 11:00:00,South,SS-005,Voltage Anomaly,Low,241
EVT-01592,2024-08-04 14:00:00,North,SS-003,Equipment Fault,Medium,48
EVT-04228,2024-08-04 21:00:00,South,SS-010,Normal,Medium,478
EVT-03576,2024-08-04 23:00:00,West,SS-006,Maintenance,Low,179
EVT-03737,2024-08-05 13:00:00,East,SS-003,Overload,Medium,183
EVT-03655,2024-08-05 16:00:00,North,SS-005,Overload,Low,460
EVT-03487,2024-08-05 22:00:00,East,SS-003,Voltage Anomaly,Low,467
EVT-02719,2024-08-05 23:00:00,Central,SS-007,Normal,Medium,7
EVT-01065,2024-08-06 03:00:00,West,SS-009,Voltage Anomaly,High,91
EVT-00530,2024-08-06 05:00:00,Central,SS-007,Normal,Low,403
EVT-00925,2024-08-06 11:00:00,South,SS-005,Equipment Fault,High,362
EVT-01571,2024-08-06 13:00:00,Central,SS-010,Normal,High,311
EVT-01480,2024-08-06 16:00:00,Central,SS-003,Normal,Low,162
EVT-00325,2024-08-06 20:00:00,Central,SS-004,Maintenance,Medium,235
EVT-03263,2024-08-06 23:00:00,North,SS-002,Normal,Medium,63
EVT-01150,2024-08-06 23:00:00,West,SS-010,Outage,Low,20
EVT-00243,2024-08-07 01:00:00,North,SS-005,Outage,Medium,250
EVT-01632,2024-08-07 01:00:00,North,SS-001,Normal,Medium,395
EVT-04237,2024-08-07 01:00:00,Central,SS-007,Normal,High,183
EVT-02691,2024-08-07 02:00:00,East,SS-006,Maintenance,Medium,299
EVT-04039,2024-08-07 06:00:00,South,SS-001,Normal,Low,156
EVT-02756,2024-08-07 07:00:00,East,SS-007,Voltage Anomaly,Low,373
EVT-02259,2024-08-07 10:00:00,North,SS-007,Normal,Low,358
EVT-01082,2024-08-07 12:00:00,North,SS-001,Voltage Anomaly,High,116
EVT-04105,2024-08-07 12:00:00,East,SS-003,Normal,Medium,135
EVT-02866,2024-08-07 18:00:00,South,SS-010,Normal,Medium,314
EVT-01112,2024-08-08 01:00:00,Central,SS-009,Normal,Medium,279
EVT-03718,2024-08-08 01:00:00,West,SS-001,Equipment Fault,Medium,225
EVT-04642,2024-08-08 04:00:00,East,SS-007,Overload,Medium,167
EVT-00741,2024-08-08 06:00:00,South,SS-004,Normal,Medium,313
EVT-00270,2024-08-08 08:00:00,West,SS-002,Normal,Low,248
EVT-02797,2024-08-08 16:00:00,North,SS-010,Normal,Medium,136
EVT-03058,2024-08-08 16:00:00,North,SS-002,Normal,Medium,7
EVT-01199,2024-08-08 22:00:00,East,SS-008,Normal,Medium,298
EVT-00235,2024-08-08 23:00:00,West,SS-002,Outage,Medium,56
EVT-03433,2024-08-09 00:00:00,North,SS-005,Voltage Anomaly,High,167
EVT-03762,2024-08-09 00:00:00,Central,SS-008,Equipment Fault,High,149
EVT-01916,2024-08-09 09:00:00,North,SS-010,Normal,High,468
EVT-03424,2024-08-09 12:00:00,North,SS-008,Normal,Low,295
EVT-04689,2024-08-09 22:00:00,Central,SS-003,Maintenance,Critical,333
EVT-02776,2024-08-09 23:00:00,North,SS-004,Normal,Medium,351
EVT-01113,2024-08-10 00:00:00,East,SS-005,Normal,Low,186
EVT-03795,2024-08-10 03:00:00,South,SS-002,Equipment Fault,Medium,417
EVT-02208,2024-08-10 04:00:00,South,SS-005,Normal,Low,299
EVT-02203,2024-08-10 04:00:00,West,SS-008,Outage,Low,251
EVT-04241,2024-08-10 07:00:00,South,SS-005,Equipment Fault,Medium,465
EVT-04061,2024-08-10 11:00:00,Central,SS-006,Maintenance,Low,416
EVT-00732,2024-08-10 15:00:00,Central,SS-004,Normal,Low,419
EVT-04150,2024-08-10 17:00:00,West,SS-002,Normal,Medium,204
EVT-01383,2024-08-10 18:00:00,West,SS-002,Normal,Medium,47
EVT-02989,2024-08-10 18:00:00,Central,SS-010,Outage,High,111
EVT-01802,2024-08-10 23:00:00,West,SS-007,Voltage Anomaly,Medium,329
EVT-03171,2024-08-11 01:00:00,West,SS-010,Normal,Low,236
EVT-02625,2024-08-11 02:00:00,Central,SS-002,Overload,Medium,187
EVT-02538,2024-08-11 06:00:00,East,SS-006,Maintenance,Medium,195
EVT-00202,2024-08-11 06:00:00,Central,SS-008,Overload,Low,161
EVT-03973,2024-08-11 10:00:00,North,SS-007,Normal,Low,47
EVT-00020,2024-08-11 16:00:00,East,SS-006,Normal,Medium,35
EVT-02270,2024-08-11 17:00:00,South,SS-008,Voltage Anomaly,High,209
EVT-00742,2024-08-11 23:00:00,East,SS-001,Voltage Anomaly,Low,311
EVT-03130,2024-08-12 05:00:00,East,SS-003,Normal,Low,146
EVT-01703,2024-08-12 07:00:00,West,SS-005,Voltage Anomaly,Medium,431
EVT-03874,2024-08-12 12:00:00,South,SS-007,Normal,Medium,30
EVT-00223,2024-08-12 21:00:00,North,SS-001,Voltage Anomaly,Medium,56
EVT-03816,2024-08-13 03:00:00,South,SS-009,Normal,Medium,156
EVT-01191,2024-08-13 04:00:00,Central,SS-005,Equipment Fault,Low,142
EVT-02395,2024-08-13 05:00:00,South,SS-007,Outage,Low,367
EVT-00698,2024-08-13 16:00:00,Central,SS-008,Overload,Medium,109
EVT-04485,2024-08-13 17:00:00,North,SS-009,Equipment Fault,High,124
EVT-00852,2024-08-13 20:00:00,South,SS-005,Normal,Medium,286
EVT-02752,2024-08-13 20:00:00,West,SS-004,Normal,Low,179
EVT-01706,2024-08-13 22:00:00,Central,SS-009,Normal,High,401
EVT-01684,2024-08-13 23:00:00,Central,SS-005,Outage,Low,186
EVT-01985,2024-08-14 00:00:00,West,SS-003,Equipment Fault,High,374
EVT-02745,2024-08-14 00:00:00,West,SS-002,Overload,Medium,440
EVT-04916,2024-08-14 02:00:00,East,SS-008,Overload,Low,49
EVT-02598,2024-08-14 02:00:00,Central,SS-010,Normal,Medium,381
EVT-00261,2024-08-14 05:00:00,South,SS-003,Normal,High,116
EVT-02298,2024-08-14 06:00:00,West,SS-002,Normal,Low,454
EVT-04582,2024-08-14 13:00:00,West,SS-006,Overload,Medium,446
EVT-02761,2024-08-14 16:00:00,East,SS-008,Normal,Low,347
EVT-00905,2024-08-15 10:00:00,East,SS-005,Overload,Low,311
EVT-01419,2024-08-15 23:00:00,South,SS-009,Voltage Anomaly,Low,278
EVT-00226,2024-08-16 02:00:00,Central,SS-008,Normal,Low,21
EVT-00628,2024-08-16 03:00:00,East,SS-006,Normal,High,257
EVT-04090,2024-08-16 07:00:00,North,SS-007,Voltage Anomaly,High,253
EVT-03625,2024-08-16 09:00:00,West,SS-001,Normal,Low,308
EVT-01599,2024-08-16 15:00:00,North,SS-002,Outage,Medium,179
EVT-00748,2024-08-16 15:00:00,South,SS-003,Equipment Fault,Medium,428
EVT-02887,2024-08-16 15:00:00,North,SS-004,Equipment Fault,Critical,183
EVT-04938,2024-08-16 19:00:00,South,SS-008,Voltage Anomaly,High,478
EVT-00523,2024-08-16 22:00:00,West,SS-010,Normal,Low,106
EVT-00440,2024-08-17 00:00:00,South,SS-009,Normal,Medium,471
EVT-01894,2024-08-17 01:00:00,West,SS-005,Maintenance,Medium,397
EVT-00248,2024-08-17 05:00:00,North,SS-002,Outage,High,81
EVT-00980,2024-08-17 08:00:00,North,SS-003,Normal,Low,396
EVT-04422,2024-08-17 14:00:00,East,SS-010,Normal,Medium,327
EVT-03395,2024-08-17 17:00:00,East,SS-003,Outage,Medium,313
EVT-03275,2024-08-17 18:00:00,North,SS-002,Maintenance,High,442
EVT-04828,2024-08-17 18:00:00,Central,SS-006,Overload,Critical,370
EVT-02093,2024-08-17 20:00:00,North,SS-007,Maintenance,High,228
EVT-03562,2024-08-17 22:00:00,West,SS-007,Maintenance,High,433
EVT-00188,2024-08-18 01:00:00,Central,SS-010,Overload,Medium,354
EVT-00896,2024-08-18 02:00:00,West,SS-006,Normal,Medium,201
EVT-04236,2024-08-18 03:00:00,West,SS-003,Maintenance,Critical,245
EVT-01588,2024-08-18 05:00:00,North,SS-001,Overload,High,183
EVT-02251,2024-08-18 08:00:00,East,SS-009,Voltage Anomaly,High,231
EVT-02371,2024-08-18 09:00:00,South,SS-002,Normal,Medium,167
EVT-02500,2024-08-18 10:00:00,Central,SS-010,Normal,Medium,371
EVT-04392,2024-08-18 10:00:00,East,SS-002,Voltage Anomaly,High,336
EVT-01270,2024-08-18 12:00:00,West,SS-002,Voltage Anomaly,Low,306
EVT-02998,2024-08-18 14:00:00,North,SS-007,Normal,Critical,140
EVT-01322,2024-08-18 15:00:00,South,SS-003,Normal,Medium,374
EVT-01521,2024-08-19 04:00:00,Central,SS-004,Maintenance,High,147
EVT-01896,2024-08-19 04:00:00,South,SS-008,Overload,High,310
EVT-04272,2024-08-19 05:00:00,North,SS-010,Equipment Fault,Medium,460
EVT-00973,2024-08-19 06:00:00,West,SS-001,Normal,Critical,112
EVT-04257,2024-08-19 15:00:00,West,SS-001,Outage,Medium,453
EVT-04806,2024-08-19 18:00:00,North,SS-002,Normal,High,339
EVT-01486,2024-08-20 01:00:00,South,SS-009,Normal,Low,121
EVT-02443,2024-08-20 03:00:00,Central,SS-007,Normal,Medium,353
EVT-04410,2024-08-20 06:00:00,West,SS-008,Overload,Medium,214
EVT-01155,2024-08-20 11:00:00,South,SS-002,Normal,Medium,447
EVT-03726,2024-08-20 19:00:00,Central,SS-004,Normal,Medium,331
EVT-04402,2024-08-21 04:00:00,South,SS-001,Normal,Medium,91
EVT-04717,2024-08-21 05:00:00,Central,SS-004,Normal,Medium,382
EVT-00704,2024-08-21 05:00:00,East,SS-003,Normal,Low,74
EVT-03811,2024-08-21 10:00:00,North,SS-010,Normal,Low,185
EVT-00768,2024-08-21 13:00:00,East,SS-005,Normal,High,283
EVT-03426,2024-08-21 15:00:00,East,SS-003,Normal,High,216
EVT-00479,2024-08-22 00:00:00,West,SS-008,Equipment Fault,Low,135
EVT-04574,2024-08-22 01:00:00,North,SS-002,Normal,Low,457
EVT-04776,2024-08-22 02:00:00,South,SS-010,Normal,Low,42
EVT-00797,2024-08-22 06:00:00,North,SS-006,Normal,Medium,32
EVT-04185,2024-08-22 08:00:00,Central,SS-010,Normal,Critical,127
EVT-03722,2024-08-22 09:00:00,South,SS-010,Voltage Anomaly,High,378
EVT-03654,2024-08-22 10:00:00,Central,SS-001,Equipment Fault,High,243
EVT-04278,2024-08-22 13:00:00,East,SS-010,Normal,Low,467
EVT-01217,2024-08-22 18:00:00,South,SS-006,Voltage Anomaly,Low,467
EVT-00320,2024-08-22 22:00:00,Central,SS-001,Outage,Critical,431
EVT-01515,2024-08-23 08:00:00,West,SS-001,Maintenance,Medium,311
EVT-03054,2024-08-23 08:00:00,West,SS-001,Equipment Fault,Low,236
EVT-03503,2024-08-23 08:00:00,South,SS-007,Outage,Medium,84
EVT-04095,2024-08-23 14:00:00,West,SS-003,Normal,High,382
EVT-01172,2024-08-23 15:00:00,West,SS-006,Normal,Medium,41
EVT-03979,2024-08-23 23:00:00,West,SS-005,Normal,High,297
EVT-00883,2024-08-24 09:00:00,South,SS-010,Normal,High,451
EVT-03586,2024-08-24 12:00:00,North,SS-008,Equipment Fault,Medium,470
EVT-03763,2024-08-24 17:00:00,East,SS-006,Normal,Low,164
EVT-03400,2024-08-24 18:00:00,West,SS-005,Outage,High,450
EVT-03797,2024-08-25 00:00:00,East,SS-006,Normal,Medium,274
EVT-03348,2024-08-25 01:00:00,East,SS-008,Normal,Medium,253
EVT-04668,2024-08-25 01:00:00,North,SS-002,Voltage Anomaly,High,179
EVT-02448,2024-08-25 02:00:00,East,SS-008,Normal,Medium,302
EVT-02162,2024-08-25 04:00:00,East,SS-005,Normal,Low,5
EVT-04440,2024-08-25 05:00:00,West,SS-001,Voltage Anomaly,Medium,148
EVT-01259,2024-08-25 14:00:00,South,SS-001,Equipment Fault,Medium,130
EVT-03879,2024-08-25 16:00:00,East,SS-003,Normal,Medium,475
EVT-04612,2024-08-25 16:00:00,Central,SS-003,Overload,Medium,33
EVT-04218,2024-08-26 02:00:00,Central,SS-001,Normal,Medium,197
EVT-04135,2024-08-26 03:00:00,East,SS-008,Normal,Critical,242
EVT-03969,2024-08-26 09:00:00,Central,SS-001,Normal,Low,420
EVT-03285,2024-08-26 11:00:00,South,SS-007,Normal,High,439
EVT-00062,2024-08-26 15:00:00,North,SS-005,Voltage Anomaly,High,430
EVT-00016,2024-08-26 16:00:00,North,SS-008,Normal,Medium,41
EVT-03907,2024-08-26 16:00:00,Central,SS-003,Outage,Low,278
EVT-02935,2024-08-26 21:00:00,North,SS-005,Equipment Fault,Low,98
EVT-04243,2024-08-26 21:00:00,North,SS-010,Normal,Medium,407
EVT-04487,2024-08-26 23:00:00,North,SS-004,Equipment Fault,Low,14
EVT-00930,2024-08-27 11:00:00,East,SS-006,Normal,Low,45
EVT-00961,2024-08-27 11:00:00,Central,SS-009,Normal,Medium,370
EVT-00279,2024-08-27 19:00:00,Central,SS-007,Overload,Medium,387
EVT-01780,2024-08-28 03:00:00,North,SS-009,Normal,Low,203
EVT-02362,2024-08-28 04:00:00,Central,SS-005,Overload,Low,104
EVT-04808,2024-08-28 06:00:00,South,SS-004,Voltage Anomaly,Low,52
EVT-00703,2024-08-28 06:00:00,South,SS-009,Voltage Anomaly,Medium,347
EVT-01812,2024-08-28 13:00:00,Central,SS-010,Overload,Medium,388
EVT-01752,2024-08-28 17:00:00,West,SS-001,Normal,Medium,422
EVT-00345,2024-08-28 19:00:00,East,SS-004,Normal,Medium,62
EVT-02921,2024-08-28 20:00:00,North,SS-003,Maintenance,Low,119
EVT-04701,2024-08-28 21:00:00,West,SS-007,Outage,Medium,307
EVT-00744,2024-08-29 02:00:00,East,SS-002,Normal,Low,121
EVT-00109,2024-08-29 04:00:00,North,SS-010,Overload,High,350
EVT-00108,2024-08-29 07:00:00,East,SS-002,Normal,High,32
EVT-03641,2024-08-29 15:00:00,North,SS-005,Normal,High,274
EVT-01012,2024-08-29 20:00:00,North,SS-006,Normal,Medium,54
EVT-01331,2024-08-29 21:00:00,East,SS-007,Overload,High,340
EVT-02900,2024-08-30 00:00:00,West,SS-007,Normal,High,305
EVT-03563,2024-08-30 02:00:00,West,SS-005,Outage,Low,79
EVT-03184,2024-08-30 03:00:00,Central,SS-006,Normal,Low,12
EVT-00587,2024-08-30 09:00:00,East,SS-007,Equipment Fault,Medium,430
EVT-04580,2024-08-30 17:00:00,South,SS-009,Maintenance,Medium,361
EVT-00330,2024-08-30 18:00:00,South,SS-001,Outage,Medium,476
EVT-00818,2024-08-31 03:00:00,North,SS-007,Voltage Anomaly,High,366
EVT-00063,2024-08-31 04:00:00,South,SS-002,Equipment Fault,Medium,117
EVT-03707,2024-08-31 13:00:00,North,SS-006,Voltage Anomaly,Medium,110
EVT-03129,2024-09-01 03:00:00,Central,SS-002,Normal,Low,25
EVT-04456,2024-09-01 03:00:00,South,SS-010,Maintenance,Low,40
EVT-03717,2024-09-01 04:00:00,West,SS-006,Normal,High,117
EVT-01821,2024-09-01 06:00:00,West,SS-009,Normal,Low,373
EVT-00443,2024-09-01 08:00:00,East,SS-007,Normal,Low,108
EVT-04484,2024-09-01 14:00:00,East,SS-004,Normal,Medium,60
EVT-03428,2024-09-01 17:00:00,North,SS-006,Normal,Low,164
EVT-00274,2024-09-01 20:00:00,South,SS-001,Equipment Fault,High,292
EVT-02799,2024-09-01 21:00:00,South,SS-003,Normal,Low,182
EVT-00171,2024-09-02 01:00:00,North,SS-004,Normal,High,70
EVT-03300,2024-09-02 04:00:00,South,SS-005,Equipment Fault,Medium,131
EVT-03029,2024-09-02 06:00:00,North,SS-005,Normal,Medium,319
EVT-00984,2024-09-02 07:00:00,Central,SS-008,Overload,High,5
EVT-04524,2024-09-02 08:00:00,West,SS-003,Normal,Medium,330
EVT-03158,2024-09-02 10:00:00,North,SS-006,Outage,Medium,348
EVT-01454,2024-09-02 15:00:00,East,SS-010,Outage,Low,119
EVT-03238,2024-09-02 23:00:00,West,SS-002,Normal,Medium,449
EVT-03260,2024-09-03 01:00:00,North,SS-007,Normal,Medium,436
EVT-00697,2024-09-03 03:00:00,Central,SS-002,Normal,High,287
EVT-00384,2024-09-03 05:00:00,North,SS-005,Overload,Low,252
EVT-03251,2024-09-03 07:00:00,West,SS-004,Overload,Low,296
EVT-03256,2024-09-03 11:00:00,Central,SS-006,Normal,Medium,371
EVT-03803,2024-09-03 12:00:00,Central,SS-010,Equipment Fault,Critical,359
EVT-02525,2024-09-03 20:00:00,South,SS-002,Normal,Critical,238
EVT-04250,2024-09-03 22:00:00,West,SS-009,Normal,High,154
EVT-01638,2024-09-04 08:00:00,West,SS-001,Normal,Medium,166
EVT-03877,2024-09-04 11:00:00,North,SS-006,Normal,Medium,340
EVT-02412,2024-09-04 14:00:00,North,SS-001,Normal,Critical,18
EVT-04425,2024-09-04 14:00:00,East,SS-010,Normal,Medium,291
EVT-03227,2024-09-04 14:00:00,North,SS-001,Maintenance,Critical,324
EVT-04458,2024-09-04 15:00:00,North,SS-006,Overload,High,397
EVT-03893,2024-09-04 17:00:00,Central,SS-010,Equipment Fault,Medium,163
EVT-00816,2024-09-04 17:00:00,East,SS-008,Equipment Fault,High,228
EVT-00487,2024-09-04 22:00:00,Central,SS-007,Voltage Anomaly,Low,436
EVT-04414,2024-09-05 17:00:00,South,SS-001,Normal,Low,27
EVT-02154,2024-09-05 18:00:00,West,SS-010,Normal,Medium,15
EVT-03176,2024-09-06 07:00:00,South,SS-003,Normal,Medium,275
EVT-01483,2024-09-06 11:00:00,Central,SS-001,Normal,Low,354
EVT-03894,2024-09-06 13:00:00,Central,SS-002,Normal,Medium,474
EVT-01362,2024-09-06 17:00:00,East,SS-004,Maintenance,High,293
EVT-00415,2024-09-06 18:00:00,West,SS-010,Normal,Low,105
EVT-03417,2024-09-06 20:00:00,North,SS-003,Overload,High,175
EVT-04324,2024-09-06 20:00:00,South,SS-005,Overload,Critical,449
EVT-02859,2024-09-07 10:00:00,South,SS-009,Normal,Medium,186
EVT-03218,2024-09-07 12:00:00,Central,SS-008,Normal,Medium,125
EVT-02817,2024-09-07 23:00:00,Central,SS-005,Outage,Medium,188
EVT-04073,2024-09-08 01:00:00,South,SS-006,Overload,High,250
EVT-02215,2024-09-08 03:00:00,North,SS-007,Overload,Medium,43
EVT-03368,2024-09-08 14:00:00,South,SS-004,Overload,Medium,341
EVT-02856,2024-09-09 05:00:00,South,SS-006,Normal,Low,16
EVT-03279,2024-09-09 05:00:00,North,SS-008,Maintenance,Low,151
EVT-02353,2024-09-09 08:00:00,North,SS-004,Voltage Anomaly,High,132
EVT-03325,2024-09-09 10:00:00,North,SS-006,Normal,Low,55
EVT-01589,2024-09-09 14:00:00,South,SS-001,Overload,High,188
EVT-04492,2024-09-09 18:00:00,South,SS-003,Normal,Medium,115
EVT-01371,2024-09-09 20:00:00,Central,SS-003,Overload,Medium,132
EVT-01676,2024-09-10 02:00:00,Central,SS-001,Normal,Low,12
EVT-04628,2024-09-10 11:00:00,West,SS-005,Maintenance,Medium,450
EVT-01245,2024-09-10 14:00:00,North,SS-001,Normal,Low,359
EVT-01069,2024-09-11 05:00:00,South,SS-002,Overload,Critical,186
EVT-03025,2024-09-11 12:00:00,South,SS-003,Normal,Medium,137
EVT-04344,2024-09-11 14:00:00,North,SS-003,Normal,Low,392
EVT-03210,2024-09-11 15:00:00,South,SS-004,Normal,Low,348
EVT-04650,2024-09-11 23:00:00,South,SS-006,Normal,High,184
EVT-02177,2024-09-12 03:00:00,South,SS-003,Normal,Low,115
EVT-02133,2024-09-12 03:00:00,North,SS-007,Normal,Low,336
EVT-02983,2024-09-12 06:00:00,South,SS-002,Voltage Anomaly,High,373
EVT-03592,2024-09-12 08:00:00,Central,SS-003,Maintenance,Low,14
EVT-02028,2024-09-12 09:00:00,East,SS-004,Outage,Medium,302
EVT-01936,2024-09-12 14:00:00,West,SS-007,Normal,Low,281
EVT-02991,2024-09-12 17:00:00,South,SS-002,Normal,Medium,269
EVT-03927,2024-09-12 18:00:00,West,SS-009,Normal,High,159
EVT-00618,2024-09-12 23:00:00,South,SS-003,Outage,Medium,456
EVT-00620,2024-09-13 00:00:00,West,SS-001,Overload,Low,254
EVT-00085,2024-09-13 03:00:00,North,SS-003,Voltage Anomaly,Low,384
EVT-02048,2024-09-13 06:00:00,West,SS-005,Normal,Low,449
EVT-03735,2024-09-13 10:00:00,West,SS-008,Overload,Medium,412
EVT-01292,2024-09-13 13:00:00,East,SS-008,Normal,Medium,335
EVT-00953,2024-09-13 16:00:00,South,SS-009,Normal,Low,88
EVT-01252,2024-09-13 19:00:00,Central,SS-008,Normal,Low,457
EVT-04432,2024-09-13 21:00:00,North,SS-008,Voltage Anomaly,Medium,13
EVT-01198,2024-09-13 22:00:00,West,SS-002,Normal,Low,256
EVT-02800,2024-09-14 02:00:00,East,SS-002,Overload,Medium,408
EVT-02523,2024-09-14 07:00:00,East,SS-001,Overload,Low,90
EVT-01876,2024-09-14 07:00:00,South,SS-001,Voltage Anomaly,Critical,251
EVT-02060,2024-09-14 10:00:00,Central,SS-002,Normal,Low,201
EVT-01939,2024-09-14 13:00:00,South,SS-007,Maintenance,Low,119
EVT-00290,2024-09-14 21:00:00,West,SS-003,Outage,Low,29
EVT-03992,2024-09-15 03:00:00,Central,SS-008,Equipment Fault,High,96
EVT-00009,2024-09-15 14:00:00,East,SS-005,Overload,Medium,468
EVT-04816,2024-09-15 20:00:00,North,SS-009,Equipment Fault,Medium,83
EVT-04372,2024-09-15 21:00:00,Central,SS-005,Normal,Medium,379
EVT-02519,2024-09-15 23:00:00,East,SS-010,Normal,Low,232
EVT-01665,2024-09-16 03:00:00,North,SS-009,Normal,Low,281
EVT-02574,2024-09-16 07:00:00,Central,SS-005,Overload,Medium,283
EVT-00474,2024-09-16 10:00:00,North,SS-009,Normal,Medium,64
EVT-04462,2024-09-16 14:00:00,Central,SS-007,Maintenance,Medium,452
EVT-04768,2024-09-17 04:00:00,Central,SS-009,Equipment Fault,Low,441
EVT-02315,2024-09-17 05:00:00,North,SS-002,Normal,Low,363
EVT-00035,2024-09-17 12:00:00,Central,SS-001,Voltage Anomaly,Medium,55
EVT-02297,2024-09-17 14:00:00,Central,SS-002,Maintenance,High,99
EVT-03387,2024-09-17 22:00:00,Central,SS-003,Normal,Medium,17
EVT-04248,2024-09-18 01:00:00,East,SS-002,Normal,Medium,460
EVT-02381,2024-09-18 03:00:00,East,SS-010,Normal,Low,283
EVT-04655,2024-09-18 03:00:00,East,SS-009,Normal,Low,408
EVT-04141,2024-09-18 07:00:00,East,SS-001,Normal,Medium,128
EVT-04309,2024-09-18 11:00:00,Central,SS-006,Normal,High,70
EVT-04728,2024-09-18 15:00:00,Central,SS-005,Normal,High,254
EVT-00021,2024-09-18 15:00:00,South,SS-001,Normal,Low,182
EVT-03117,2024-09-18 17:00:00,West,SS-004,Voltage Anomaly,Medium,383
EVT-04710,2024-09-18 19:00:00,North,SS-002,Normal,Low,466
EVT-01962,2024-09-18 23:00:00,North,SS-002,Maintenance,High,120
EVT-04624,2024-09-19 06:00:00,South,SS-001,Normal,Medium,186
EVT-02575,2024-09-19 07:00:00,West,SS-001,Equipment Fault,Medium,252
EVT-00036,2024-09-19 07:00:00,North,SS-010,Normal,Low,381
EVT-01911,2024-09-19 09:00:00,South,SS-001,Equipment Fault,Medium,168
EVT-03296,2024-09-19 13:00:00,North,SS-004,Normal,High,114
EVT-03623,2024-09-19 16:00:00,North,SS-006,Equipment Fault,Medium,283
EVT-01399,2024-09-19 20:00:00,South,SS-001,Equipment Fault,High,85
EVT-04070,2024-09-20 00:00:00,East,SS-008,Outage,Low,296
EVT-00377,2024-09-20 04:00:00,South,SS-007,Normal,Medium,112
EVT-02548,2024-09-20 08:00:00,East,SS-008,Normal,Medium,207
EVT-01130,2024-09-20 11:00:00,West,SS-005,Voltage Anomaly,Medium,109
EVT-02522,2024-09-20 15:00:00,West,SS-001,Normal,Low,320
EVT-01166,2024-09-20 16:00:00,East,SS-009,Voltage Anomaly,Medium,167
EVT-03304,2024-09-20 21:00:00,South,SS-001,Overload,Medium,114
EVT-03825,2024-09-20 21:00:00,South,SS-010,Normal,Low,284
EVT-00597,2024-09-21 06:00:00,North,SS-002,Normal,Critical,352
EVT-01060,2024-09-21 11:00:00,West,SS-009,Outage,Medium,184
EVT-00378,2024-09-21 12:00:00,East,SS-009,Normal,Low,434
EVT-01530,2024-09-21 17:00:00,Central,SS-004,Normal,Medium,312
EVT-02566,2024-09-21 17:00:00,Central,SS-005,Maintenance,Low,262
EVT-00251,2024-09-21 18:00:00,North,SS-005,Normal,Low,243
EVT-01250,2024-09-21 23:00:00,East,SS-008,Voltage Anomaly,Critical,73
EVT-02026,2024-09-22 00:00:00,South,SS-002,Voltage Anomaly,High,284
EVT-01301,2024-09-22 08:00:00,North,SS-006,Normal,Medium,25
EVT-00617,2024-09-22 08:00:00,West,SS-009,Normal,Medium,362
EVT-03828,2024-09-22 08:00:00,North,SS-008,Maintenance,Low,444
EVT-04239,2024-09-22 09:00:00,South,SS-009,Normal,Medium,473
EVT-01185,2024-09-22 09:00:00,West,SS-010,Normal,Medium,6
EVT-02707,2024-09-22 11:00:00,Central,SS-010,Normal,Low,388
EVT-00740,2024-09-22 14:00:00,North,SS-006,Normal,High,395
EVT-03293,2024-09-22 17:00:00,Central,SS-001,Normal,Medium,382
EVT-00722,2024-09-22 21:00:00,West,SS-006,Normal,Low,187
EVT-02390,2024-09-23 02:00:00,East,SS-008,Normal,High,440
EVT-01476,2024-09-23 10:00:00,North,SS-006,Normal,Low,242
EVT-01508,2024-09-23 12:00:00,Central,SS-006,Maintenance,Low,20
EVT-01372,2024-09-23 16:00:00,North,SS-004,Normal,Critical,341
EVT-01756,2024-09-23 17:00:00,North,SS-007,Maintenance,Low,420
EVT-00915,2024-09-23 22:00:00,South,SS-009,Normal,Low,227
EVT-01015,2024-09-24 04:00:00,West,SS-007,Equipment Fault,Low,446
EVT-01239,2024-09-24 12:00:00,Central,SS-003,Normal,High,249
EVT-03072,2024-09-25 01:00:00,West,SS-008,Normal,Low,443
EVT-01396,2024-09-25 02:00:00,South,SS-007,Normal,Low,12
EVT-04516,2024-09-25 15:00:00,East,SS-002,Outage,Low,28
EVT-00556,2024-09-26 08:00:00,South,SS-003,Normal,Low,335
EVT-04181,2024-09-26 10:00:00,West,SS-001,Normal,Low,113
EVT-01158,2024-09-26 11:00:00,West,SS-008,Normal,Critical,450
EVT-03422,2024-09-26 15:00:00,North,SS-002,Outage,Medium,166
EVT-00120,2024-09-26 18:00:00,North,SS-010,Equipment Fault,Medium,148
EVT-03611,2024-09-26 19:00:00,North,SS-002,Outage,High,57
EVT-04800,2024-09-26 23:00:00,South,SS-004,Normal,Low,132
EVT-01309,2024-09-27 00:00:00,Central,SS-006,Overload,Critical,135
EVT-01484,2024-09-27 05:00:00,Central,SS-002,Overload,Medium,55
EVT-03609,2024-09-27 06:00:00,North,SS-010,Maintenance,Medium,32
EVT-01874,2024-09-27 10:00:00,East,SS-010,Maintenance,Low,183
EVT-02306,2024-09-27 12:00:00,North,SS-007,Normal,Low,375
EVT-03949,2024-09-27 14:00:00,Central,SS-003,Voltage Anomaly,Low,236
EVT-00893,2024-09-27 18:00:00,South,SS-004,Maintenance,Critical,146
EVT-03036,2024-09-28 02:00:00,West,SS-007,Overload,Medium,308
EVT-00312,2024-09-28 07:00:00,East,SS-003,Overload,Low,248
EVT-03940,2024-09-28 10:00:00,South,SS-002,Normal,High,213
EVT-04600,2024-09-28 13:00:00,Central,SS-008,Outage,Medium,405
EVT-01596,2024-09-28 13:00:00,West,SS-002,Overload,High,22
EVT-02320,2024-09-28 18:00:00,West,SS-001,Normal,Low,82
EVT-00891,2024-09-28 19:00:00,North,SS-010,Voltage Anomaly,Medium,377
EVT-00150,2024-09-28 20:00:00,East,SS-002,Normal,Medium,271
EVT-02363,2024-09-28 21:00:00,East,SS-010,Overload,Low,155
EVT-01513,2024-09-29 01:00:00,South,SS-002,Normal,Low,71
EVT-04153,2024-09-29 06:00:00,East,SS-006,Normal,Medium,415
EVT-00574,2024-09-29 14:00:00,South,SS-004,Voltage Anomaly,Low,355
EVT-02731,2024-09-29 15:00:00,West,SS-003,Overload,Medium,255
EVT-00920,2024-09-30 02:00:00,Central,SS-008,Normal,High,416
EVT-00387,2024-09-30 08:00:00,North,SS-002,Equipment Fault,High,126
EVT-01789,2024-09-30 12:00:00,South,SS-005,Normal,Low,79
EVT-01903,2024-09-30 15:00:00,Central,SS-004,Voltage Anomaly,Low,102
EVT-03810,2024-09-30 18:00:00,Central,SS-002,Normal,High,336
EVT-02924,2024-09-30 18:00:00,West,SS-005,Normal,Medium,469
EVT-04412,2024-09-30 19:00:00,West,SS-010,Normal,Low,388
EVT-00499,2024-10-01 04:00:00,West,SS-004,Voltage Anomaly,High,341
EVT-01108,2024-10-01 05:00:00,East,SS-010,Overload,Low,353
EVT-01064,2024-10-01 05:00:00,North,SS-009,Equipment Fault,Low,206
EVT-04770,2024-10-01 17:00:00,West,SS-009,Overload,High,349
EVT-01520,2024-10-01 18:00:00,South,SS-008,Normal,Medium,314
EVT-04601,2024-10-02 01:00:00,East,SS-002,Normal,Low,65
EVT-02885,2024-10-02 03:00:00,South,SS-004,Outage,Medium,309
EVT-04373,2024-10-02 03:00:00,East,SS-001,Normal,Low,280
EVT-00429,2024-10-02 04:00:00,East,SS-002,Overload,Medium,304
EVT-00346,2024-10-02 14:00:00,South,SS-002,Normal,Medium,242
EVT-01387,2024-10-03 01:00:00,Central,SS-007,Normal,Low,457
EVT-00339,2024-10-03 02:00:00,Central,SS-003,Normal,High,378
EVT-01045,2024-10-03 07:00:00,Central,SS-001,Outage,Low,431
EVT-03281,2024-10-03 13:00:00,South,SS-002,Normal,Medium,183
EVT-04503,2024-10-03 14:00:00,North,SS-007,Normal,Low,103
EVT-03378,2024-10-03 16:00:00,North,SS-007,Equipment Fault,Medium,458
EVT-04345,2024-10-03 23:00:00,West,SS-008,Overload,Low,234
EVT-03635,2024-10-04 06:00:00,West,SS-010,Normal,High,437
EVT-01231,2024-10-04 13:00:00,Central,SS-009,Overload,Low,190
EVT-02611,2024-10-04 22:00:00,South,SS-007,Voltage Anomaly,Medium,178
EVT-01680,2024-10-05 01:00:00,Central,SS-004,Normal,High,364
EVT-02493,2024-10-05 01:00:00,South,SS-004,Voltage Anomaly,Low,202
EVT-03326,2024-10-05 01:00:00,West,SS-002,Normal,Low,124
EVT-01913,2024-10-05 03:00:00,West,SS-005,Voltage Anomaly,Medium,115
EVT-03855,2024-10-05 05:00:00,Central,SS-010,Normal,Critical,150
EVT-02399,2024-10-05 07:00:00,West,SS-007,Normal,Medium,161
EVT-01176,2024-10-05 17:00:00,West,SS-004,Normal,Critical,394
EVT-01163,2024-10-05 20:00:00,West,SS-008,Overload,Low,211
EVT-00003,2024-10-06 15:00:00,South,SS-003,Normal,High,257
EVT-00288,2024-10-06 17:00:00,East,SS-002,Voltage Anomaly,Medium,394
EVT-01799,2024-10-06 20:00:00,East,SS-008,Maintenance,Medium,97
EVT-03719,2024-10-06 22:00:00,East,SS-006,Overload,High,197
EVT-00369,2024-10-06 22:00:00,East,SS-002,Maintenance,Low,170
EVT-03062,2024-10-07 00:00:00,West,SS-006,Normal,Medium,308
EVT-04678,2024-10-07 03:00:00,East,SS-002,Voltage Anomaly,Low,98
EVT-04546,2024-10-07 08:00:00,South,SS-008,Maintenance,High,19
EVT-03143,2024-10-07 08:00:00,South,SS-008,Overload,Low,133
EVT-04397,2024-10-07 09:00:00,West,SS-001,Normal,Low,255
EVT-02999,2024-10-07 10:00:00,East,SS-001,Outage,Low,16
EVT-02543,2024-10-07 12:00:00,East,SS-006,Maintenance,Low,301
EVT-04384,2024-10-07 13:00:00,West,SS-002,Maintenance,Medium,167
EVT-01078,2024-10-07 13:00:00,West,SS-004,Normal,Medium,369
EVT-01718,2024-10-07 21:00:00,Central,SS-008,Equipment Fault,Medium,143
EVT-00763,2024-10-07 22:00:00,North,SS-003,Outage,Medium,32
EVT-03831,2024-10-08 05:00:00,South,SS-004,Overload,High,248
EVT-01610,2024-10-08 08:00:00,East,SS-004,Equipment Fault,High,250
EVT-01134,2024-10-08 16:00:00,North,SS-001,Normal,Medium,474
EVT-02517,2024-10-08 19:00:00,Central,SS-003,Overload,Medium,197
EVT-02307,2024-10-09 23:00:00,North,SS-008,Normal,High,70
EVT-02350,2024-10-10 07:00:00,West,SS-010,Outage,Medium,371
EVT-00335,2024-10-10 09:00:00,West,SS-006,Voltage Anomaly,High,62
EVT-03080,2024-10-10 10:00:00,East,SS-010,Normal,Low,110
EVT-03147,2024-10-10 15:00:00,East,SS-001,Outage,Low,425
EVT-03405,2024-10-10 16:00:00,South,SS-004,Outage,Low,356
EVT-01597,2024-10-10 20:00:00,North,SS-010,Outage,Medium,111
EVT-03150,2024-10-11 00:00:00,West,SS-004,Voltage Anomaly,Medium,314
EVT-01657,2024-10-11 13:00:00,West,SS-007,Normal,Low,77
EVT-02064,2024-10-11 17:00:00,East,SS-008,Overload,Medium,79
EVT-01491,2024-10-11 17:00:00,Central,SS-010,Normal,Medium,473
EVT-04953,2024-10-11 18:00:00,East,SS-008,Outage,Medium,337
EVT-04735,2024-10-11 22:00:00,East,SS-001,Normal,Low,438
EVT-04536,2024-10-11 23:00:00,East,SS-002,Voltage Anomaly,Medium,124
EVT-01860,2024-10-12 01:00:00,South,SS-007,Equipment Fault,High,479
EVT-03569,2024-10-12 14:00:00,North,SS-010,Normal,High,258
EVT-01623,2024-10-12 17:00:00,East,SS-003,Maintenance,Medium,153
EVT-02553,2024-10-12 18:00:00,Central,SS-008,Normal,Medium,77
EVT-02557,2024-10-12 18:00:00,South,SS-009,Normal,Low,21
EVT-01871,2024-10-12 22:00:00,South,SS-005,Overload,Low,225
EVT-00828,2024-10-13 02:00:00,West,SS-001,Normal,Medium,8
EVT-02050,2024-10-13 14:00:00,Central,SS-010,Normal,Low,35
EVT-02352,2024-10-13 16:00:00,East,SS-001,Maintenance,Critical,193
EVT-04429,2024-10-13 19:00:00,Central,SS-006,Normal,Low,117
EVT-01470,2024-10-13 21:00:00,West,SS-002,Outage,Low,421
EVT-03020,2024-10-13 22:00:00,Central,SS-005,Equipment Fault,High,127
EVT-00026,2024-10-14 07:00:00,West,SS-010,Normal,Medium,318
EVT-04376,2024-10-14 08:00:00,North,SS-004,Normal,High,368
EVT-04340,2024-10-14 10:00:00,Central,SS-006,Equipment Fault,High,41
EVT-04405,2024-10-14 11:00:00,North,SS-008,Equipment Fault,Low,326
EVT-04298,2024-10-14 17:00:00,North,SS-003,Normal,Low,318
EVT-00895,2024-10-15 07:00:00,West,SS-007,Overload,Low,149
EVT-02238,2024-10-15 07:00:00,East,SS-002,Normal,High,185
EVT-04220,2024-10-15 12:00:00,West,SS-002,Normal,Medium,409
EVT-03104,2024-10-15 13:00:00,South,SS-007,Voltage Anomaly,High,65
EVT-01958,2024-10-15 20:00:00,West,SS-009,Normal,Low,442
EVT-03937,2024-10-16 08:00:00,Central,SS-001,Maintenance,Critical,396
EVT-04854,2024-10-16 11:00:00,East,SS-005,Normal,Low,451
EVT-04013,2024-10-16 11:00:00,East,SS-004,Normal,Low,306
EVT-01128,2024-10-17 05:00:00,South,SS-002,Normal,Medium,289
EVT-01380,2024-10-17 06:00:00,West,SS-010,Normal,High,129
EVT-03854,2024-10-17 10:00:00,Central,SS-010,Normal,High,383
EVT-04924,2024-10-17 13:00:00,East,SS-005,Overload,Low,290
EVT-02432,2024-10-17 15:00:00,South,SS-010,Voltage Anomaly,High,10
EVT-00743,2024-10-17 16:00:00,South,SS-009,Normal,Medium,54
EVT-01213,2024-10-17 17:00:00,Central,SS-009,Voltage Anomaly,Medium,112
EVT-02753,2024-10-18 09:00:00,East,SS-005,Overload,Low,345
EVT-03733,2024-10-18 11:00:00,North,SS-010,Overload,Low,203
EVT-01159,2024-10-18 21:00:00,South,SS-003,Normal,Low,479
EVT-00987,2024-10-18 23:00:00,North,SS-007,Normal,Low,22
EVT-04604,2024-10-19 04:00:00,Central,SS-001,Normal,Medium,60
EVT-00505,2024-10-19 10:00:00,Central,SS-007,Equipment Fault,Medium,65
EVT-02653,2024-10-19 21:00:00,North,SS-004,Overload,Critical,377
EVT-02314,2024-10-19 21:00:00,Central,SS-009,Maintenance,Low,110
EVT-03224,2024-10-20 00:00:00,Central,SS-008,Normal,High,84
EVT-04182,2024-10-20 09:00:00,South,SS-003,Overload,Medium,213
EVT-02651,2024-10-20 10:00:00,West,SS-007,Normal,Critical,439
EVT-01420,2024-10-20 17:00:00,Central,SS-006,Normal,Critical,54
EVT-00463,2024-10-20 18:00:00,East,SS-008,Equipment Fault,Low,173
EVT-03063,2024-10-20 19:00:00,East,SS-004,Voltage Anomaly,Low,243
EVT-02795,2024-10-20 20:00:00,East,SS-008,Maintenance,High,250
EVT-03669,2024-10-21 01:00:00,East,SS-002,Normal,Medium,34
EVT-03175,2024-10-21 01:00:00,East,SS-004,Normal,Medium,361
EVT-03288,2024-10-21 01:00:00,East,SS-004,Normal,Medium,337
EVT-04245,2024-10-21 02:00:00,Central,SS-004,Normal,High,247
EVT-04115,2024-10-21 04:00:00,Central,SS-008,Normal,Medium,129
EVT-03993,2024-10-21 06:00:00,North,SS-001,Outage,Low,114
EVT-01559,2024-10-21 06:00:00,North,SS-006,Maintenance,Low,238
EVT-01975,2024-10-21 08:00:00,Central,SS-003,Normal,Low,225
EVT-03382,2024-10-21 10:00:00,Central,SS-001,Normal,High,101
EVT-02109,2024-10-22 00:00:00,North,SS-008,Normal,Medium,443
EVT-01750,2024-10-22 00:00:00,East,SS-006,Maintenance,Medium,390
EVT-02249,2024-10-22 14:00:00,South,SS-010,Normal,Low,98
EVT-04706,2024-10-22 19:00:00,East,SS-004,Equipment Fault,Medium,415
EVT-00546,2024-10-23 00:00:00,North,SS-009,Normal,Low,185
EVT-02466,2024-10-23 08:00:00,East,SS-001,Overload,Low,393
EVT-00847,2024-10-23 10:00:00,North,SS-003,Normal,Low,225
EVT-02552,2024-10-23 10:00:00,South,SS-001,Normal,Low,26
EVT-03558,2024-10-23 10:00:00,South,SS-005,Overload,Medium,407
EVT-04841,2024-10-23 10:00:00,South,SS-008,Overload,Medium,473
EVT-01131,2024-10-23 16:00:00,South,SS-008,Normal,Medium,300
EVT-03339,2024-10-23 22:00:00,Central,SS-003,Maintenance,Low,280
EVT-04743,2024-10-24 00:00:00,Central,SS-010,Normal,Medium,209
EVT-01692,2024-10-24 04:00:00,Central,SS-008,Normal,High,47
EVT-01790,2024-10-24 04:00:00,East,SS-009,Normal,Low,387
EVT-00525,2024-10-24 14:00:00,North,SS-007,Normal,Medium,271
EVT-00194,2024-10-24 16:00:00,East,SS-010,Equipment Fault,High,124
EVT-02844,2024-10-24 17:00:00,North,SS-003,Voltage Anomaly,Low,220
EVT-03753,2024-10-24 20:00:00,South,SS-002,Normal,Low,67
EVT-00840,2024-10-24 21:00:00,West,SS-009,Voltage Anomaly,Critical,427
EVT-00784,2024-10-24 22:00:00,East,SS-004,Overload,High,437
EVT-00769,2024-10-24 23:00:00,Central,SS-006,Normal,Medium,187
EVT-04781,2024-10-25 09:00:00,West,SS-007,Normal,Low,22
EVT-04059,2024-10-25 10:00:00,Central,SS-010,Equipment Fault,Critical,300
EVT-00119,2024-10-25 15:00:00,South,SS-001,Normal,Low,330
EVT-03929,2024-10-25 17:00:00,North,SS-001,Overload,High,399
EVT-02644,2024-10-25 18:00:00,East,SS-009,Overload,Critical,475
EVT-02106,2024-10-25 21:00:00,Central,SS-003,Normal,Low,399
EVT-00165,2024-10-25 22:00:00,Central,SS-008,Outage,Low,143
EVT-00567,2024-10-26 05:00:00,Central,SS-003,Equipment Fault,Low,460
EVT-01192,2024-10-26 07:00:00,Central,SS-005,Overload,High,147
EVT-04861,2024-10-26 11:00:00,West,SS-010,Voltage Anomaly,Medium,236
EVT-04977,2024-10-26 11:00:00,North,SS-002,Normal,High,130
EVT-00639,2024-10-26 21:00:00,North,SS-003,Outage,Medium,476
EVT-02510,2024-10-27 05:00:00,North,SS-005,Overload,Medium,52
EVT-02228,2024-10-27 10:00:00,South,SS-003,Maintenance,Medium,101
EVT-01459,2024-10-27 11:00:00,East,SS-001,Voltage Anomaly,High,116
EVT-00353,2024-10-27 11:00:00,South,SS-009,Equipment Fault,Low,380
EVT-00645,2024-10-27 11:00:00,Central,SS-003,Normal,Low,117
EVT-04465,2024-10-27 12:00:00,Central,SS-008,Voltage Anomaly,Critical,73
EVT-01616,2024-10-27 17:00:00,East,SS-007,Normal,Low,147
EVT-03529,2024-10-28 00:00:00,South,SS-008,Equipment Fault,High,6
EVT-01887,2024-10-28 00:00:00,West,SS-003,Normal,Medium,376
EVT-03196,2024-10-28 02:00:00,West,SS-005,Normal,Medium,381
EVT-03030,2024-10-28 03:00:00,East,SS-004,Outage,Critical,153
EVT-02918,2024-10-28 10:00:00,North,SS-006,Overload,Critical,294
EVT-04746,2024-10-28 10:00:00,East,SS-009,Normal,Medium,363
EVT-02879,2024-10-28 14:00:00,East,SS-008,Voltage Anomaly,High,185
EVT-00117,2024-10-28 15:00:00,North,SS-006,Overload,Medium,188
EVT-04691,2024-10-28 15:00:00,North,SS-002,Normal,Medium,393
EVT-02077,2024-10-28 16:00:00,Central,SS-001,Outage,Low,65
EVT-04900,2024-10-29 09:00:00,Central,SS-007,Outage,Low,464
EVT-03345,2024-10-29 11:00:00,West,SS-002,Equipment Fault,High,74
EVT-00553,2024-10-29 14:00:00,East,SS-010,Outage,High,299
EVT-01774,2024-10-29 14:00:00,Central,SS-003,Overload,Medium,382
EVT-01711,2024-10-29 17:00:00,South,SS-004,Normal,High,258
EVT-02787,2024-10-29 20:00:00,South,SS-006,Voltage Anomaly,Medium,366
EVT-04832,2024-10-30 00:00:00,North,SS-003,Overload,High,43
EVT-02217,2024-10-30 03:00:00,West,SS-002,Overload,Medium,431
EVT-04288,2024-10-30 03:00:00,East,SS-004,Normal,Medium,304
EVT-02654,2024-10-30 08:00:00,East,SS-009,Normal,Low,359
EVT-02869,2024-10-30 12:00:00,East,SS-005,Voltage Anomaly,Medium,53
EVT-01763,2024-10-30 20:00:00,North,SS-007,Equipment Fault,Critical,61
EVT-04627,2024-10-31 03:00:00,South,SS-007,Equipment Fault,High,92
EVT-02699,2024-10-31 11:00:00,South,SS-009,Overload,Critical,48
EVT-00186,2024-10-31 13:00:00,South,SS-004,Normal,High,105
EVT-03818,2024-10-31 15:00:00,Central,SS-006,Normal,High,243
EVT-04510,2024-10-31 21:00:00,East,SS-002,Voltage Anomaly,Low,195
EVT-03684,2024-10-31 22:00:00,South,SS-007,Maintenance,Critical,8
EVT-03377,2024-10-31 23:00:00,East,SS-009,Overload,Medium,85
EVT-03491,2024-11-01 02:00:00,Central,SS-001,Outage,High,146
EVT-02630,2024-11-01 11:00:00,Central,SS-009,Overload,Critical,93
EVT-00012,2024-11-01 12:00:00,West,SS-008,Normal,Medium,347
EVT-04126,2024-11-01 15:00:00,South,SS-010,Normal,High,405
EVT-02832,2024-11-01 16:00:00,South,SS-010,Normal,High,10
EVT-00596,2024-11-01 16:00:00,North,SS-004,Normal,Medium,31
EVT-04529,2024-11-01 21:00:00,East,SS-002,Equipment Fault,Medium,312
EVT-01866,2024-11-01 23:00:00,North,SS-009,Normal,Medium,191
EVT-04178,2024-11-02 01:00:00,East,SS-009,Normal,Low,455
EVT-01986,2024-11-02 02:00:00,North,SS-005,Voltage Anomaly,Low,94
EVT-03268,2024-11-02 12:00:00,West,SS-007,Overload,Low,338
EVT-04123,2024-11-02 13:00:00,South,SS-008,Overload,Medium,313
EVT-00877,2024-11-02 17:00:00,South,SS-005,Normal,Low,62
EVT-03004,2024-11-02 19:00:00,Central,SS-002,Overload,Medium,370
EVT-02619,2024-11-02 23:00:00,Central,SS-005,Overload,Low,401
EVT-01038,2024-11-03 02:00:00,West,SS-005,Normal,Medium,105
EVT-01417,2024-11-03 06:00:00,North,SS-010,Voltage Anomaly,Low,91
EVT-03723,2024-11-03 09:00:00,South,SS-003,Normal,High,77
EVT-02807,2024-11-03 16:00:00,West,SS-001,Maintenance,Low,252
EVT-04807,2024-11-04 07:00:00,West,SS-010,Normal,Low,128
EVT-03363,2024-11-04 10:00:00,East,SS-004,Normal,Medium,371
EVT-03153,2024-11-04 10:00:00,Central,SS-009,Normal,High,164
EVT-01305,2024-11-04 22:00:00,South,SS-009,Normal,Critical,135
EVT-04403,2024-11-05 02:00:00,West,SS-008,Normal,Low,9
EVT-03714,2024-11-05 05:00:00,Central,SS-009,Overload,Low,212
EVT-00482,2024-11-05 06:00:00,East,SS-003,Voltage Anomaly,Medium,286
EVT-02550,2024-11-05 14:00:00,East,SS-004,Overload,Low,473
EVT-00897,2024-11-05 14:00:00,North,SS-010,Normal,Medium,308
EVT-03891,2024-11-06 00:00:00,North,SS-001,Overload,Medium,412
EVT-02094,2024-11-06 03:00:00,West,SS-008,Equipment Fault,High,153
EVT-01487,2024-11-06 10:00:00,South,SS-003,Normal,Medium,18
EVT-04557,2024-11-06 11:00:00,Central,SS-003,Equipment Fault,Medium,311
EVT-04434,2024-11-06 14:00:00,West,SS-010,Voltage Anomaly,High,45
EVT-01079,2024-11-06 18:00:00,South,SS-005,Normal,Low,139
EVT-03006,2024-11-06 19:00:00,West,SS-008,Maintenance,Critical,362
EVT-03044,2024-11-06 22:00:00,North,SS-004,Maintenance,Medium,222
EVT-01942,2024-11-07 17:00:00,Central,SS-002,Equipment Fault,Medium,6
EVT-03758,2024-11-07 19:00:00,North,SS-004,Overload,High,157
EVT-02130,2024-11-07 22:00:00,North,SS-008,Normal,Critical,460
EVT-04301,2024-11-08 00:00:00,South,SS-002,Normal,Medium,138
EVT-02032,2024-11-08 09:00:00,West,SS-005,Voltage Anomaly,Critical,448
EVT-00595,2024-11-08 18:00:00,East,SS-010,Voltage Anomaly,High,123
EVT-01087,2024-11-08 19:00:00,West,SS-009,Maintenance,Medium,292
EVT-02972,2024-11-09 00:00:00,Central,SS-010,Overload,Low,366
EVT-00461,2024-11-09 03:00:00,South,SS-003,Normal,Low,451
EVT-00102,2024-11-09 07:00:00,East,SS-007,Equipment Fault,High,305
EVT-01479,2024-11-09 07:00:00,North,SS-008,Outage,High,142
EVT-04837,2024-11-09 08:00:00,South,SS-004,Normal,Low,31
EVT-03526,2024-11-09 13:00:00,West,SS-003,Voltage Anomaly,Low,358
EVT-02115,2024-11-10 00:00:00,South,SS-006,Normal,Medium,201
EVT-03568,2024-11-10 01:00:00,West,SS-009,Maintenance,High,223
EVT-02309,2024-11-10 03:00:00,North,SS-010,Normal,High,301
EVT-01117,2024-11-10 04:00:00,East,SS-001,Normal,Low,59
EVT-00647,2024-11-10 07:00:00,East,SS-001,Equipment Fault,Medium,157
EVT-00055,2024-11-10 08:00:00,East,SS-008,Normal,Low,287
EVT-03593,2024-11-10 09:00:00,West,SS-003,Normal,Medium,352
EVT-04872,2024-11-10 10:00:00,South,SS-008,Outage,Medium,204
EVT-04553,2024-11-10 12:00:00,North,SS-004,Normal,Low,256
EVT-04569,2024-11-10 12:00:00,West,SS-004,Normal,High,109
EVT-04581,2024-11-10 13:00:00,South,SS-008,Voltage Anomaly,Low,256
EVT-00623,2024-11-10 16:00:00,West,SS-001,Overload,Medium,213
EVT-04558,2024-11-10 16:00:00,West,SS-010,Normal,Low,282
EVT-00142,2024-11-11 01:00:00,West,SS-001,Normal,Low,87
EVT-00110,2024-11-11 01:00:00,South,SS-009,Normal,High,435
EVT-02903,2024-11-11 05:00:00,South,SS-005,Outage,Low,77
EVT-00272,2024-11-11 09:00:00,East,SS-001,Normal,High,431
EVT-01084,2024-11-11 12:00:00,North,SS-005,Normal,Low,16
EVT-02359,2024-11-11 16:00:00,East,SS-002,Overload,High,151
EVT-03570,2024-11-12 06:00:00,Central,SS-010,Normal,Low,137
EVT-03698,2024-11-12 12:00:00,East,SS-001,Voltage Anomaly,Low,461
EVT-04815,2024-11-12 13:00:00,Central,SS-001,Normal,Low,274
EVT-04665,2024-11-12 13:00:00,East,SS-003,Normal,Critical,54
EVT-00017,2024-11-12 17:00:00,Central,SS-009,Normal,High,257
EVT-01347,2024-11-12 21:00:00,Central,SS-008,Overload,Medium,256
EVT-01877,2024-11-13 12:00:00,East,SS-005,Normal,Medium,360
EVT-00095,2024-11-13 15:00:00,East,SS-001,Equipment Fault,Medium,103
EVT-02705,2024-11-13 21:00:00,North,SS-006,Normal,Critical,174
EVT-01018,2024-11-13 22:00:00,South,SS-006,Normal,Low,321
EVT-00301,2024-11-14 12:00:00,North,SS-004,Equipment Fault,Medium,77
EVT-00318,2024-11-14 19:00:00,East,SS-010,Normal,High,171
EVT-04640,2024-11-14 22:00:00,Central,SS-004,Maintenance,Medium,383
EVT-02225,2024-11-15 01:00:00,East,SS-002,Maintenance,Low,420
EVT-02750,2024-11-15 03:00:00,North,SS-010,Normal,High,295
EVT-04107,2024-11-15 03:00:00,West,SS-001,Equipment Fault,Low,420
EVT-02946,2024-11-15 04:00:00,South,SS-007,Overload,Critical,416
EVT-03746,2024-11-15 04:00:00,North,SS-005,Maintenance,High,81
EVT-00712,2024-11-15 05:00:00,Central,SS-005,Voltage Anomaly,Medium,41
EVT-02332,2024-11-15 13:00:00,North,SS-005,Equipment Fault,Critical,475
EVT-01565,2024-11-15 14:00:00,East,SS-004,Maintenance,Low,360
EVT-02429,2024-11-15 16:00:00,West,SS-003,Normal,High,321
EVT-03289,2024-11-15 18:00:00,Central,SS-002,Overload,Medium,258
EVT-04790,2024-11-15 20:00:00,North,SS-010,Outage,Critical,131
EVT-02009,2024-11-16 05:00:00,South,SS-003,Normal,Low,327
EVT-04074,2024-11-16 09:00:00,West,SS-009,Normal,High,439
EVT-02247,2024-11-16 13:00:00,North,SS-002,Normal,Low,379
EVT-04226,2024-11-16 18:00:00,Central,SS-008,Overload,High,164
EVT-03057,2024-11-16 21:00:00,Central,SS-010,Normal,Critical,36
EVT-01148,2024-11-17 06:00:00,North,SS-002,Normal,Low,58
EVT-04004,2024-11-17 10:00:00,West,SS-010,Normal,High,225
EVT-04583,2024-11-17 12:00:00,South,SS-008,Outage,Medium,264
EVT-01017,2024-11-17 13:00:00,North,SS-005,Normal,High,337
EVT-03837,2024-11-17 15:00:00,East,SS-010,Normal,Medium,45
EVT-01622,2024-11-17 19:00:00,South,SS-001,Equipment Fault,Medium,111
EVT-04904,2024-11-17 22:00:00,North,SS-010,Normal,Medium,372
EVT-00885,2024-11-18 02:00:00,North,SS-001,Normal,Low,191
EVT-00680,2024-11-18 03:00:00,West,SS-008,Normal,Low,402
EVT-00730,2024-11-18 07:00:00,East,SS-002,Voltage Anomaly,Low,222
EVT-00187,2024-11-18 08:00:00,South,SS-005,Equipment Fault,High,444
EVT-00153,2024-11-18 14:00:00,North,SS-006,Normal,High,44
EVT-04027,2024-11-18 16:00:00,Central,SS-006,Overload,Low,213
EVT-02808,2024-11-18 17:00:00,North,SS-010,Normal,Medium,358
EVT-04880,2024-11-18 17:00:00,South,SS-004,Normal,Low,206
EVT-04662,2024-11-18 21:00:00,West,SS-005,Maintenance,Low,228
EVT-02304,2024-11-18 21:00:00,North,SS-002,Normal,Medium,478
EVT-04992,2024-11-18 23:00:00,North,SS-007,Normal,Critical,296
EVT-00882,2024-11-19 01:00:00,South,SS-005,Maintenance,Low,346
EVT-01800,2024-11-19 09:00:00,West,SS-008,Equipment Fault,Low,365
EVT-02080,2024-11-19 15:00:00,North,SS-002,Overload,Medium,335
EVT-03661,2024-11-19 17:00:00,East,SS-008,Normal,Medium,344
EVT-04479,2024-11-19 18:00:00,North,SS-004,Normal,Medium,31
EVT-03138,2024-11-19 19:00:00,Central,SS-006,Normal,Medium,236
EVT-03021,2024-11-19 20:00:00,South,SS-002,Overload,Low,477
EVT-03860,2024-11-19 22:00:00,Central,SS-007,Normal,Low,77
EVT-03070,2024-11-19 23:00:00,West,SS-006,Normal,Low,30
EVT-02465,2024-11-20 05:00:00,South,SS-005,Normal,Low,426
EVT-03789,2024-11-20 08:00:00,North,SS-002,Normal,Low,165
EVT-04329,2024-11-20 09:00:00,Central,SS-001,Overload,Medium,400
EVT-04227,2024-11-20 10:00:00,East,SS-001,Overload,Critical,271
EVT-03749,2024-11-20 21:00:00,Central,SS-009,Normal,High,120
EVT-02589,2024-11-21 05:00:00,West,SS-007,Normal,Low,395
EVT-02881,2024-11-21 13:00:00,Central,SS-008,Equipment Fault,Medium,58
EVT-04928,2024-11-21 17:00:00,South,SS-005,Equipment Fault,Medium,244
EVT-02616,2024-11-21 20:00:00,South,SS-006,Normal,High,382
EVT-04564,2024-11-22 00:00:00,West,SS-008,Normal,Low,254
EVT-04679,2024-11-22 02:00:00,East,SS-001,Maintenance,Low,242
EVT-04842,2024-11-22 02:00:00,Central,SS-007,Overload,Low,6
EVT-00174,2024-11-22 08:00:00,West,SS-002,Overload,Medium,89
EVT-03357,2024-11-22 10:00:00,Central,SS-009,Voltage Anomaly,Medium,27
EVT-02014,2024-11-22 12:00:00,North,SS-009,Voltage Anomaly,Medium,44
EVT-01517,2024-11-22 16:00:00,East,SS-006,Equipment Fault,Critical,410
EVT-02582,2024-11-22 17:00:00,South,SS-004,Normal,Low,234
EVT-01257,2024-11-22 21:00:00,North,SS-005,Equipment Fault,Medium,71
EVT-03518,2024-11-23 01:00:00,West,SS-001,Equipment Fault,Low,469
EVT-01885,2024-11-23 04:00:00,East,SS-007,Normal,Medium,332
EVT-00690,2024-11-23 07:00:00,East,SS-006,Equipment Fault,Medium,405
EVT-00842,2024-11-23 08:00:00,West,SS-002,Normal,Low,178
EVT-04317,2024-11-23 10:00:00,North,SS-008,Voltage Anomaly,Medium,74
EVT-01831,2024-11-23 13:00:00,South,SS-003,Normal,Medium,253
EVT-00397,2024-11-23 17:00:00,Central,SS-006,Overload,Critical,212
EVT-02513,2024-11-23 20:00:00,Central,SS-005,Normal,Medium,54
EVT-01788,2024-11-24 06:00:00,East,SS-009,Maintenance,Medium,133
EVT-04736,2024-11-24 06:00:00,Central,SS-009,Maintenance,Low,146
EVT-03111,2024-11-24 09:00:00,Central,SS-010,Normal,High,147
EVT-04346,2024-11-24 10:00:00,Central,SS-002,Maintenance,Low,70
EVT-02046,2024-11-24 13:00:00,West,SS-010,Outage,Medium,164
EVT-03520,2024-11-24 14:00:00,East,SS-008,Equipment Fault,Critical,29
EVT-00207,2024-11-24 15:00:00,North,SS-003,Normal,Low,396
EVT-00506,2024-11-24 23:00:00,South,SS-005,Normal,Medium,345
EVT-01970,2024-11-25 00:00:00,North,SS-004,Equipment Fault,Low,478
EVT-02987,2024-11-25 06:00:00,North,SS-009,Outage,Low,21
EVT-00289,2024-11-25 07:00:00,South,SS-003,Overload,Medium,85
EVT-00577,2024-11-25 08:00:00,East,SS-004,Voltage Anomaly,Low,123
EVT-00521,2024-11-25 10:00:00,East,SS-007,Maintenance,Low,316
EVT-02294,2024-11-25 13:00:00,South,SS-002,Normal,Critical,468
EVT-03756,2024-11-25 13:00:00,East,SS-002,Normal,High,158
EVT-02910,2024-11-25 15:00:00,East,SS-001,Normal,Low,130
EVT-04556,2024-11-25 15:00:00,Central,SS-001,Maintenance,Medium,19
EVT-01416,2024-11-25 17:00:00,West,SS-001,Voltage Anomaly,High,121
EVT-03061,2024-11-25 18:00:00,East,SS-003,Normal,High,199
EVT-01977,2024-11-25 19:00:00,North,SS-010,Equipment Fault,Low,147
EVT-02863,2024-11-25 20:00:00,South,SS-005,Overload,Low,347
EVT-03498,2024-11-25 21:00:00,Central,SS-009,Overload,Medium,370
EVT-02581,2024-11-26 00:00:00,South,SS-010,Overload,Low,466
EVT-02368,2024-11-26 02:00:00,Central,SS-004,Outage,Low,293
EVT-02584,2024-11-26 04:00:00,North,SS-005,Equipment Fault,Low,399
EVT-03097,2024-11-26 07:00:00,North,SS-004,Maintenance,High,333
EVT-04330,2024-11-26 10:00:00,West,SS-009,Normal,Low,257
EVT-01368,2024-11-26 14:00:00,North,SS-004,Maintenance,Medium,338
EVT-00310,2024-11-26 14:00:00,West,SS-004,Overload,Critical,124
EVT-02974,2024-11-26 14:00:00,West,SS-005,Normal,High,330
EVT-00259,2024-11-26 14:00:00,North,SS-005,Normal,High,234
EVT-02810,2024-11-27 02:00:00,East,SS-007,Normal,Medium,56
EVT-02090,2024-11-27 07:00:00,North,SS-007,Normal,High,296
EVT-00280,2024-11-27 13:00:00,North,SS-006,Voltage Anomaly,Low,48
EVT-04588,2024-11-27 15:00:00,Central,SS-010,Voltage Anomaly,High,45
EVT-01658,2024-11-27 20:00:00,Central,SS-004,Overload,Medium,386
EVT-02826,2024-11-27 21:00:00,East,SS-010,Outage,Low,104
EVT-04750,2024-11-27 21:00:00,East,SS-008,Normal,Low,120
EVT-04979,2024-11-28 03:00:00,South,SS-001,Normal,Low,259
EVT-00100,2024-11-28 04:00:00,North,SS-002,Equipment Fault,Medium,153
EVT-01237,2024-11-28 05:00:00,Central,SS-010,Equipment Fault,Low,205
EVT-01203,2024-11-28 06:00:00,South,SS-004,Overload,High,464
EVT-00386,2024-11-28 17:00:00,North,SS-003,Voltage Anomaly,Medium,80
EVT-04782,2024-11-28 17:00:00,Central,SS-005,Maintenance,Low,207
EVT-04407,2024-11-28 22:00:00,North,SS-010,Maintenance,High,244
EVT-03986,2024-11-29 06:00:00,North,SS-007,Voltage Anomaly,High,146
EVT-00467,2024-11-29 10:00:00,Central,SS-010,Overload,Low,383
EVT-01627,2024-11-29 10:00:00,South,SS-010,Normal,High,239
EVT-03014,2024-11-29 14:00:00,West,SS-008,Normal,High,234
EVT-03585,2024-11-29 17:00:00,South,SS-009,Normal,Critical,132
EVT-01729,2024-11-30 03:00:00,West,SS-010,Normal,Medium,284
EVT-02299,2024-11-30 05:00:00,West,SS-009,Normal,High,119
EVT-01342,2024-11-30 05:00:00,West,SS-007,Normal,Low,29
EVT-02541,2024-11-30 09:00:00,Central,SS-008,Normal,Low,150
EVT-02848,2024-11-30 09:00:00,North,SS-002,Normal,High,387
EVT-04889,2024-11-30 09:00:00,South,SS-001,Normal,High,414
EVT-01183,2024-11-30 21:00:00,Central,SS-002,Voltage Anomaly,Low,118
EVT-00907,2024-11-30 22:00:00,East,SS-001,Equipment Fault,Medium,211
EVT-04277,2024-11-30 23:00:00,North,SS-001,Overload,High,368
EVT-00214,2024-11-30 23:00:00,Central,SS-003,Equipment Fault,Low,357
EVT-03485,2024-12-01 01:00:00,Central,SS-003,Overload,Medium,402
EVT-01042,2024-12-01 04:00:00,South,SS-009,Normal,High,86
EVT-02703,2024-12-01 04:00:00,South,SS-003,Maintenance,Low,460
EVT-02178,2024-12-01 07:00:00,North,SS-003,Normal,Medium,117
EVT-02712,2024-12-01 09:00:00,West,SS-008,Equipment Fault,Low,315
EVT-02158,2024-12-01 09:00:00,East,SS-002,Voltage Anomaly,High,206
EVT-03702,2024-12-01 11:00:00,Central,SS-003,Voltage Anomaly,Low,473
EVT-01478,2024-12-01 13:00:00,South,SS-007,Normal,Low,369
EVT-02339,2024-12-01 13:00:00,West,SS-006,Equipment Fault,Critical,98
EVT-02806,2024-12-01 19:00:00,North,SS-009,Normal,Low,40
EVT-03146,2024-12-01 21:00:00,West,SS-009,Normal,Low,184
EVT-01334,2024-12-01 23:00:00,South,SS-008,Overload,High,287
EVT-01151,2024-12-02 00:00:00,East,SS-010,Normal,Low,101
EVT-04332,2024-12-02 03:00:00,West,SS-007,Normal,Medium,160
EVT-03228,2024-12-02 07:00:00,Central,SS-003,Overload,Low,283
EVT-03856,2024-12-02 07:00:00,South,SS-001,Equipment Fault,Low,32
EVT-00889,2024-12-02 08:00:00,North,SS-008,Normal,Low,103
EVT-03090,2024-12-02 11:00:00,North,SS-008,Normal,Critical,144
EVT-04593,2024-12-02 11:00:00,East,SS-001,Normal,Medium,394
EVT-02783,2024-12-02 15:00:00,East,SS-002,Voltage Anomaly,Medium,380
EVT-00563,2024-12-02 16:00:00,East,SS-003,Normal,Low,410
EVT-00093,2024-12-02 20:00:00,West,SS-001,Outage,Medium,254
EVT-04619,2024-12-03 00:00:00,South,SS-003,Normal,Low,380
EVT-03139,2024-12-03 02:00:00,East,SS-004,Normal,Medium,354
EVT-03618,2024-12-03 05:00:00,North,SS-007,Equipment Fault,Medium,327
EVT-00605,2024-12-03 06:00:00,East,SS-003,Overload,Low,41
EVT-01801,2024-12-03 17:00:00,South,SS-002,Normal,Medium,207
EVT-01621,2024-12-03 20:00:00,Central,SS-008,Normal,Medium,133
EVT-00173,2024-12-03 21:00:00,East,SS-009,Normal,Critical,274
EVT-02079,2024-12-03 23:00:00,Central,SS-006,Voltage Anomaly,Medium,271
EVT-01218,2024-12-04 01:00:00,East,SS-010,Normal,High,226
EVT-03870,2024-12-04 03:00:00,East,SS-003,Maintenance,High,25
EVT-01264,2024-12-04 05:00:00,Central,SS-004,Normal,Medium,97
EVT-02118,2024-12-04 09:00:00,South,SS-001,Outage,Medium,159
EVT-04951,2024-12-04 09:00:00,South,SS-004,Normal,Low,270
EVT-01754,2024-12-04 11:00:00,South,SS-007,Equipment Fault,Low,182
EVT-04913,2024-12-04 11:00:00,West,SS-003,Normal,Low,334
EVT-03970,2024-12-04 19:00:00,West,SS-001,Normal,Critical,398
EVT-04390,2024-12-04 21:00:00,Central,SS-009,Overload,Medium,287
EVT-04273,2024-12-04 23:00:00,North,SS-008,Outage,High,57
EVT-03346,2024-12-05 07:00:00,North,SS-009,Voltage Anomaly,High,170
EVT-01057,2024-12-05 11:00:00,West,SS-005,Normal,Low,410
EVT-04081,2024-12-05 15:00:00,Central,SS-005,Normal,High,336
EVT-00233,2024-12-05 18:00:00,North,SS-004,Normal,Low,403
EVT-04160,2024-12-05 23:00:00,East,SS-005,Outage,Medium,393
EVT-03747,2024-12-06 04:00:00,North,SS-008,Equipment Fault,High,360
EVT-03663,2024-12-06 06:00:00,North,SS-001,Normal,High,114
EVT-03157,2024-12-06 12:00:00,Central,SS-001,Normal,Critical,477
EVT-02418,2024-12-06 15:00:00,North,SS-006,Voltage Anomaly,Medium,128
EVT-03261,2024-12-06 20:00:00,South,SS-010,Outage,Low,90
EVT-00342,2024-12-06 20:00:00,West,SS-001,Equipment Fault,High,55
EVT-04874,2024-12-06 22:00:00,North,SS-010,Voltage Anomaly,Low,267
EVT-00520,2024-12-07 00:00:00,South,SS-004,Normal,High,456
EVT-02226,2024-12-07 07:00:00,West,SS-007,Overload,Critical,476
EVT-03878,2024-12-07 12:00:00,East,SS-010,Normal,Low,475
EVT-01982,2024-12-07 14:00:00,West,SS-010,Normal,High,255
EVT-03670,2024-12-07 19:00:00,South,SS-005,Equipment Fault,Medium,330
EVT-01339,2024-12-07 20:00:00,East,SS-010,Normal,Low,385
EVT-01952,2024-12-08 02:00:00,West,SS-002,Normal,High,403
EVT-02646,2024-12-08 08:00:00,North,SS-006,Equipment Fault,Low,461
EVT-03052,2024-12-08 08:00:00,North,SS-010,Maintenance,Medium,147
EVT-01423,2024-12-08 15:00:00,North,SS-010,Maintenance,Medium,331
EVT-01074,2024-12-08 15:00:00,South,SS-006,Overload,Critical,342
EVT-01999,2024-12-08 23:00:00,South,SS-005,Voltage Anomaly,Medium,198
EVT-04264,2024-12-08 23:00:00,South,SS-005,Equipment Fault,Critical,368
EVT-03483,2024-12-09 03:00:00,North,SS-009,Normal,Medium,111
EVT-03517,2024-12-09 04:00:00,North,SS-010,Normal,High,433
EVT-04450,2024-12-09 05:00:00,West,SS-004,Normal,High,308
EVT-03906,2024-12-09 05:00:00,South,SS-005,Outage,Low,129
EVT-02119,2024-12-09 07:00:00,Central,SS-007,Normal,Medium,226
EVT-03759,2024-12-09 07:00:00,North,SS-006,Overload,Medium,426
EVT-02157,2024-12-09 13:00:00,North,SS-006,Equipment Fault,Medium,405
EVT-01604,2024-12-09 17:00:00,East,SS-007,Outage,Low,329
EVT-02631,2024-12-09 20:00:00,West,SS-007,Equipment Fault,Medium,15
EVT-04427,2024-12-09 22:00:00,South,SS-008,Normal,Medium,58
EVT-03779,2024-12-10 00:00:00,East,SS-008,Maintenance,Low,402
EVT-02061,2024-12-10 17:00:00,South,SS-005,Normal,Low,469
EVT-03960,2024-12-10 20:00:00,South,SS-003,Maintenance,Medium,267
EVT-02735,2024-12-10 20:00:00,North,SS-003,Normal,Low,316
EVT-01116,2024-12-11 06:00:00,West,SS-002,Normal,Medium,471
EVT-03471,2024-12-11 09:00:00,Central,SS-004,Overload,Low,25
EVT-01006,2024-12-11 10:00:00,East,SS-008,Normal,Medium,215
EVT-03693,2024-12-11 12:00:00,West,SS-010,Voltage Anomaly,Low,164
EVT-00833,2024-12-11 15:00:00,South,SS-005,Outage,Medium,47
EVT-03252,2024-12-11 21:00:00,North,SS-009,Overload,Medium,153
EVT-01441,2024-12-11 22:00:00,West,SS-002,Normal,High,238
EVT-00438,2024-12-11 23:00:00,East,SS-004,Normal,Medium,89
EVT-02778,2024-12-12 02:00:00,North,SS-004,Overload,Critical,236
EVT-04666,2024-12-12 11:00:00,East,SS-003,Overload,Low,442
EVT-04029,2024-12-12 14:00:00,West,SS-006,Overload,Medium,29
EVT-04328,2024-12-12 19:00:00,North,SS-007,Normal,Low,219
EVT-01170,2024-12-12 23:00:00,North,SS-003,Normal,Low,362
EVT-03664,2024-12-13 09:00:00,West,SS-007,Equipment Fault,Medium,89
EVT-00502,2024-12-13 12:00:00,South,SS-006,Overload,High,41
EVT-04433,2024-12-13 14:00:00,East,SS-009,Normal,Medium,476
EVT-01507,2024-12-13 15:00:00,North,SS-006,Normal,Low,320
EVT-00010,2024-12-13 17:00:00,West,SS-001,Voltage Anomaly,Low,236
EVT-01878,2024-12-13 19:00:00,South,SS-004,Voltage Anomaly,Low,179
EVT-01261,2024-12-13 19:00:00,West,SS-006,Overload,Low,422
EVT-01382,2024-12-13 20:00:00,Central,SS-007,Maintenance,High,120
EVT-04985,2024-12-13 22:00:00,East,SS-008,Voltage Anomaly,Medium,201
EVT-01482,2024-12-13 22:00:00,West,SS-006,Normal,High,419
EVT-03347,2024-12-14 02:00:00,North,SS-008,Normal,Medium,76
EVT-04480,2024-12-14 03:00:00,South,SS-008,Normal,High,50
EVT-02914,2024-12-14 09:00:00,East,SS-008,Voltage Anomaly,Critical,375
EVT-04788,2024-12-14 10:00:00,Central,SS-010,Normal,High,244
EVT-01395,2024-12-14 11:00:00,East,SS-009,Normal,Low,392
EVT-00107,2024-12-14 12:00:00,Central,SS-001,Normal,High,445
EVT-02209,2024-12-14 15:00:00,West,SS-001,Normal,Low,324
EVT-02908,2024-12-14 18:00:00,North,SS-004,Overload,Medium,441
EVT-03042,2024-12-15 05:00:00,Central,SS-004,Normal,Medium,165
EVT-04914,2024-12-15 06:00:00,East,SS-004,Maintenance,Low,75
EVT-02182,2024-12-15 07:00:00,South,SS-002,Equipment Fault,High,107
EVT-00974,2024-12-15 11:00:00,Central,SS-004,Normal,High,413
EVT-04700,2024-12-15 20:00:00,North,SS-002,Voltage Anomaly,High,230
EVT-01205,2024-12-15 20:00:00,East,SS-006,Normal,Low,237
EVT-00711,2024-12-15 20:00:00,South,SS-002,Normal,Medium,310
EVT-04435,2024-12-16 00:00:00,West,SS-003,Equipment Fault,High,271
EVT-00573,2024-12-16 05:00:00,North,SS-001,Voltage Anomaly,High,149
EVT-00210,2024-12-16 05:00:00,South,SS-001,Overload,Medium,9
EVT-01601,2024-12-16 08:00:00,Central,SS-001,Normal,Medium,14
EVT-03554,2024-12-16 08:00:00,East,SS-003,Outage,Medium,263
EVT-04693,2024-12-16 15:00:00,North,SS-003,Voltage Anomaly,Medium,116
EVT-02308,2024-12-16 16:00:00,North,SS-001,Voltage Anomaly,Medium,10
EVT-04847,2024-12-16 20:00:00,East,SS-001,Normal,High,384
EVT-00409,2024-12-16 21:00:00,North,SS-004,Normal,High,388
EVT-01931,2024-12-17 00:00:00,West,SS-005,Overload,Low,346
EVT-00192,2024-12-17 00:00:00,Central,SS-009,Normal,Critical,430
EVT-04136,2024-12-17 04:00:00,West,SS-009,Outage,Low,324
EVT-02729,2024-12-17 07:00:00,East,SS-002,Maintenance,High,313
EVT-00412,2024-12-17 11:00:00,South,SS-007,Overload,Low,152
EVT-03564,2024-12-17 12:00:00,North,SS-007,Overload,Medium,370
EVT-04292,2024-12-17 16:00:00,South,SS-009,Overload,High,206
EVT-01343,2024-12-17 19:00:00,West,SS-001,Maintenance,Low,53
EVT-02385,2024-12-18 05:00:00,North,SS-006,Normal,Medium,60
EVT-04636,2024-12-18 08:00:00,East,SS-005,Outage,Low,438
EVT-00193,2024-12-18 10:00:00,West,SS-010,Normal,High,165
EVT-04240,2024-12-18 12:00:00,Central,SS-002,Equipment Fault,High,90
EVT-01646,2024-12-18 14:00:00,Central,SS-003,Equipment Fault,High,445
EVT-04538,2024-12-18 14:00:00,North,SS-007,Normal,Medium,324
EVT-00402,2024-12-18 15:00:00,Central,SS-001,Normal,High,476
EVT-02675,2024-12-18 16:00:00,North,SS-003,Overload,Low,424
EVT-03226,2024-12-18 21:00:00,Central,SS-010,Voltage Anomaly,Low,287
EVT-00612,2024-12-19 03:00:00,South,SS-006,Normal,Medium,457
EVT-01323,2024-12-19 04:00:00,Central,SS-003,Overload,Medium,150
EVT-00069,2024-12-19 07:00:00,South,SS-005,Overload,High,10
EVT-03474,2024-12-19 07:00:00,East,SS-005,Equipment Fault,High,101
EVT-00025,2024-12-19 08:00:00,North,SS-001,Normal,Medium,139
EVT-03258,2024-12-19 09:00:00,West,SS-007,Normal,High,414
EVT-04596,2024-12-19 11:00:00,East,SS-006,Equipment Fault,Medium,361
EVT-01230,2024-12-19 15:00:00,East,SS-009,Outage,Medium,261
EVT-00147,2024-12-19 16:00:00,West,SS-002,Normal,High,146
EVT-03547,2024-12-19 18:00:00,North,SS-001,Outage,Critical,408
EVT-02965,2024-12-19 18:00:00,Central,SS-006,Normal,Low,477
EVT-01883,2024-12-20 03:00:00,Central,SS-002,Outage,Low,282
EVT-01077,2024-12-20 17:00:00,North,SS-008,Normal,Medium,133
EVT-00112,2024-12-21 00:00:00,North,SS-010,Voltage Anomaly,Medium,12
EVT-00091,2024-12-21 02:00:00,Central,SS-007,Voltage Anomaly,Low,66
EVT-01832,2024-12-21 02:00:00,East,SS-001,Normal,Low,315
EVT-03911,2024-12-21 08:00:00,North,SS-008,Normal,Medium,464
EVT-03137,2024-12-21 08:00:00,Central,SS-008,Normal,Low,334
EVT-01281,2024-12-21 13:00:00,East,SS-007,Outage,High,276
EVT-04820,2024-12-21 17:00:00,West,SS-005,Overload,High,474
EVT-01921,2024-12-21 18:00:00,Central,SS-004,Voltage Anomaly,High,474
EVT-02084,2024-12-21 20:00:00,East,SS-001,Normal,Low,108
EVT-04881,2024-12-22 00:00:00,North,SS-004,Maintenance,Medium,166
EVT-02899,2024-12-22 00:00:00,Central,SS-001,Normal,Medium,122
EVT-04617,2024-12-22 04:00:00,West,SS-007,Normal,Medium,303
EVT-04362,2024-12-22 04:00:00,North,SS-006,Normal,High,8
EVT-01663,2024-12-22 08:00:00,Central,SS-010,Overload,Critical,252
EVT-02677,2024-12-22 16:00:00,Central,SS-001,Normal,Critical,86
EVT-02505,2024-12-22 21:00:00,Central,SS-004,Equipment Fault,High,422
EVT-01659,2024-12-22 21:00:00,East,SS-001,Outage,Medium,59
EVT-01361,2024-12-22 21:00:00,Central,SS-010,Overload,High,374
EVT-04137,2024-12-22 22:00:00,East,SS-003,Normal,Medium,141
EVT-03457,2024-12-23 00:00:00,West,SS-001,Normal,Low,104
EVT-00860,2024-12-23 06:00:00,Central,SS-004,Equipment Fault,High,477
EVT-03132,2024-12-23 09:00:00,South,SS-002,Overload,Low,405
EVT-04629,2024-12-23 09:00:00,West,SS-004,Normal,Low,29
EVT-01041,2024-12-23 11:00:00,South,SS-003,Maintenance,Low,204
EVT-00616,2024-12-23 16:00:00,Central,SS-002,Overload,Low,416
EVT-02137,2024-12-24 00:00:00,East,SS-001,Normal,Low,332
EVT-03945,2024-12-24 06:00:00,West,SS-008,Normal,Low,280
EVT-04637,2024-12-24 08:00:00,East,SS-007,Voltage Anomaly,Low,331
EVT-03679,2024-12-24 08:00:00,East,SS-007,Normal,High,350
EVT-02184,2024-12-24 12:00:00,Central,SS-002,Normal,Low,136
EVT-02456,2024-12-24 13:00:00,South,SS-004,Normal,Low,474
EVT-01173,2024-12-24 22:00:00,North,SS-008,Normal,Medium,343
EVT-03415,2024-12-25 02:00:00,Central,SS-009,Outage,Medium,224
EVT-04625,2024-12-25 04:00:00,Central,SS-004,Normal,Low,239
EVT-00157,2024-12-25 04:00:00,West,SS-005,Normal,Low,327
EVT-03065,2024-12-25 06:00:00,South,SS-009,Voltage Anomaly,Low,469
EVT-00808,2024-12-25 08:00:00,South,SS-006,Normal,Low,396
EVT-00414,2024-12-25 08:00:00,South,SS-010,Voltage Anomaly,Medium,252
EVT-04377,2024-12-25 14:00:00,West,SS-008,Outage,High,91
EVT-01498,2024-12-25 16:00:00,West,SS-003,Voltage Anomaly,Low,280
EVT-01687,2024-12-25 22:00:00,East,SS-002,Normal,Low,440
EVT-02830,2024-12-25 23:00:00,West,SS-005,Normal,Medium,473
EVT-01244,2024-12-26 12:00:00,North,SS-010,Maintenance,Medium,160
EVT-03482,2024-12-26 13:00:00,Central,SS-005,Normal,Low,40
EVT-00720,2024-12-26 15:00:00,South,SS-008,Equipment Fault,Low,360
EVT-01093,2024-12-26 15:00:00,Central,SS-008,Overload,Medium,320
EVT-03473,2024-12-26 21:00:00,Central,SS-003,Overload,Critical,365
EVT-02794,2024-12-26 23:00:00,West,SS-010,Voltage Anomaly,Low,384
EVT-02938,2024-12-27 03:00:00,North,SS-004,Overload,Low,258
EVT-02187,2024-12-27 04:00:00,East,SS-003,Overload,Critical,316
EVT-04725,2024-12-27 21:00:00,North,SS-006,Outage,Low,474
EVT-00938,2024-12-27 23:00:00,North,SS-004,Equipment Fault,High,245
EVT-01618,2024-12-28 00:00:00,South,SS-002,Outage,Medium,355
EVT-01561,2024-12-28 07:00:00,North,SS-001,Normal,Medium,74
EVT-04920,2024-12-28 09:00:00,East,SS-004,Overload,Critical,447
EVT-03741,2024-12-28 12:00:00,Central,SS-001,Normal,Low,400
EVT-00366,2024-12-28 22:00:00,Central,SS-006,Overload,Low,226
EVT-03513,2024-12-28 23:00:00,North,SS-002,Equipment Fault,Low,420
EVT-02944,2024-12-29 02:00:00,East,SS-007,Normal,High,57
EVT-00809,2024-12-29 09:00:00,Central,SS-009,Voltage Anomaly,Critical,112
EVT-03352,2024-12-29 09:00:00,East,SS-001,Equipment Fault,High,323
EVT-03489,2024-12-29 10:00:00,Central,SS-008,Outage,Medium,360
EVT-03414,2024-12-29 16:00:00,West,SS-001,Overload,Medium,9
EVT-04933,2024-12-29 21:00:00,West,SS-007,Maintenance,High,262
EVT-01032,2024-12-30 01:00:00,West,SS-005,Normal,High,139
EVT-02232,2024-12-30 07:00:00,South,SS-004,Overload,Low,316
EVT-01981,2024-12-30 07:00:00,East,SS-002,Normal,Medium,187
EVT-01050,2024-12-30 15:00:00,West,SS-001,Maintenance,Low,145
EVT-01545,2024-12-30 21:00:00,Central,SS-003,Normal,Low,252
EVT-03214,2024-12-30 22:00:00,East,SS-003,Normal,Low,32
EVT-02366,2024-12-31 00:00:00,West,SS-004,Normal,High,273
EVT-02937,2024-12-31 01:00:00,Central,SS-009,Overload,Medium,14
EVT-04849,2024-12-31 02:00:00,East,SS-008,Maintenance,Low,179
EVT-03060,2024-12-31 09:00:00,Central,SS-008,Maintenance,Medium,467
EVT-01004,2024-12-31 13:00:00,North,SS-010,Normal,Medium,142
EVT-04017,2024-12-31 17:00:00,Central,SS-001,Normal,Critical,371
EVT-04995,2024-12-31 19:00:00,Central,SS-004,Normal,High,304
EVT-00083,2024-12-31 19:00:00,North,SS-010,Maintenance,Medium,425
EVT-01188,2025-01-01 01:00:00,North,SS-007,Overload,Medium,323
EVT-03799,2025-01-01 08:00:00,North,SS-008,Normal,High,173
EVT-02490,2025-01-01 11:00:00,East,SS-008,Normal,Low,361
EVT-03728,2025-01-01 14:00:00,South,SS-002,Normal,Medium,311
EVT-03338,2025-01-01 19:00:00,North,SS-006,Voltage Anomaly,Medium,458
EVT-02379,2025-01-01 21:00:00,Central,SS-010,Overload,Low,196
EVT-01983,2025-01-01 21:00:00,Central,SS-006,Normal,Low,465
EVT-01511,2025-01-01 22:00:00,Central,SS-005,Maintenance,Medium,406
EVT-00787,2025-01-02 00:00:00,East,SS-008,Normal,Low,187
EVT-00179,2025-01-02 00:00:00,North,SS-004,Equipment Fault,Medium,294
EVT-01307,2025-01-02 01:00:00,Central,SS-008,Normal,Medium,91
EVT-03984,2025-01-02 10:00:00,East,SS-008,Normal,Low,147
EVT-00542,2025-01-02 11:00:00,South,SS-006,Outage,Low,335
EVT-01350,2025-01-02 11:00:00,South,SS-005,Normal,Low,175
EVT-00991,2025-01-02 16:00:00,East,SS-006,Equipment Fault,Medium,354
EVT-03453,2025-01-02 21:00:00,East,SS-007,Normal,Low,361
EVT-01598,2025-01-02 21:00:00,East,SS-004,Outage,Medium,187
EVT-01228,2025-01-03 03:00:00,East,SS-005,Normal,Critical,270
EVT-03174,2025-01-03 05:00:00,North,SS-008,Overload,Critical,151
EVT-03392,2025-01-03 18:00:00,West,SS-003,Normal,Medium,39
EVT-04940,2025-01-03 22:00:00,North,SS-005,Normal,High,115
EVT-03003,2025-01-04 00:00:00,Central,SS-009,Overload,High,471
EVT-03108,2025-01-04 03:00:00,South,SS-007,Outage,Low,138
EVT-02889,2025-01-04 03:00:00,East,SS-004,Maintenance,Low,432
EVT-01949,2025-01-04 07:00:00,Central,SS-001,Normal,Low,233
EVT-03312,2025-01-04 12:00:00,Central,SS-002,Equipment Fault,Low,409
EVT-04306,2025-01-04 13:00:00,East,SS-005,Voltage Anomaly,Low,204
EVT-00005,2025-01-04 18:00:00,Central,SS-006,Outage,High,163
EVT-03939,2025-01-04 23:00:00,South,SS-005,Overload,Low,224
EVT-00739,2025-01-05 01:00:00,West,SS-006,Maintenance,Low,312
EVT-03997,2025-01-05 08:00:00,Central,SS-004,Voltage Anomaly,Medium,113
EVT-03922,2025-01-05 14:00:00,West,SS-009,Equipment Fault,High,382
EVT-04647,2025-01-05 17:00:00,North,SS-008,Maintenance,Medium,59
EVT-04112,2025-01-05 19:00:00,East,SS-002,Equipment Fault,Low,27
EVT-03343,2025-01-05 22:00:00,North,SS-010,Voltage Anomaly,Low,387
EVT-03905,2025-01-05 22:00:00,South,SS-008,Normal,Low,5
EVT-03980,2025-01-06 09:00:00,North,SS-004,Normal,Medium,298
EVT-02073,2025-01-06 09:00:00,East,SS-009,Normal,Medium,398
EVT-04941,2025-01-06 15:00:00,West,SS-004,Voltage Anomaly,Medium,177
EVT-02721,2025-01-06 19:00:00,East,SS-005,Normal,Low,72
EVT-03320,2025-01-07 01:00:00,South,SS-008,Normal,Medium,239
EVT-02229,2025-01-08 02:00:00,South,SS-007,Normal,Medium,64
EVT-02012,2025-01-08 06:00:00,East,SS-007,Outage,Medium,155
EVT-02317,2025-01-08 09:00:00,West,SS-005,Normal,Medium,470
EVT-03573,2025-01-08 13:00:00,West,SS-001,Maintenance,Low,150
EVT-01262,2025-01-08 17:00:00,East,SS-001,Overload,Low,208
EVT-00812,2025-01-08 17:00:00,South,SS-006,Equipment Fault,Medium,334
EVT-02980,2025-01-08 21:00:00,West,SS-001,Outage,Medium,433
EVT-03276,2025-01-09 00:00:00,West,SS-007,Voltage Anomaly,High,234
EVT-04996,2025-01-09 00:00:00,West,SS-006,Normal,High,401
EVT-04449,2025-01-09 05:00:00,North,SS-010,Equipment Fault,Medium,204
EVT-04591,2025-01-09 08:00:00,South,SS-004,Maintenance,High,158
EVT-03829,2025-01-09 09:00:00,North,SS-008,Overload,Low,74
EVT-00684,2025-01-09 11:00:00,West,SS-001,Normal,Medium,284
EVT-04663,2025-01-09 12:00:00,West,SS-005,Maintenance,Medium,104
EVT-03106,2025-01-09 15:00:00,East,SS-002,Normal,Medium,333
EVT-00472,2025-01-09 15:00:00,East,SS-005,Equipment Fault,Low,196
EVT-00137,2025-01-09 22:00:00,Central,SS-004,Maintenance,Low,463
EVT-04686,2025-01-10 05:00:00,North,SS-010,Normal,Low,236
EVT-02131,2025-01-10 09:00:00,Central,SS-006,Normal,Low,351
EVT-04732,2025-01-10 12:00:00,West,SS-006,Normal,Low,367
EVT-03105,2025-01-10 19:00:00,South,SS-002,Normal,Medium,93
EVT-03701,2025-01-10 19:00:00,West,SS-004,Normal,Medium,324
EVT-00585,2025-01-10 19:00:00,South,SS-005,Normal,Low,358
EVT-04882,2025-01-11 00:00:00,Central,SS-003,Normal,Medium,242
EVT-02139,2025-01-11 01:00:00,South,SS-002,Normal,Low,475
EVT-00527,2025-01-11 03:00:00,South,SS-009,Normal,Medium,283
EVT-01602,2025-01-11 07:00:00,West,SS-003,Outage,Medium,434
EVT-03271,2025-01-11 08:00:00,West,SS-005,Voltage Anomaly,High,67
EVT-01046,2025-01-11 11:00:00,North,SS-004,Maintenance,Medium,38
EVT-04386,2025-01-11 18:00:00,South,SS-008,Equipment Fault,Low,70
EVT-00466,2025-01-11 19:00:00,East,SS-003,Voltage Anomaly,Low,360
EVT-04793,2025-01-11 20:00:00,East,SS-004,Normal,Medium,240
EVT-02748,2025-01-12 04:00:00,South,SS-005,Equipment Fault,High,311
EVT-04513,2025-01-12 05:00:00,South,SS-002,Normal,Low,172
EVT-04500,2025-01-12 05:00:00,Central,SS-001,Normal,Medium,165
EVT-03649,2025-01-12 10:00:00,East,SS-005,Outage,Medium,158
EVT-02629,2025-01-12 11:00:00,East,SS-010,Overload,Medium,96
EVT-02144,2025-01-12 13:00:00,Central,SS-006,Normal,Medium,92
EVT-01412,2025-01-12 14:00:00,Central,SS-008,Equipment Fault,Medium,47
EVT-04572,2025-01-12 18:00:00,West,SS-006,Normal,Medium,474
EVT-03313,2025-01-13 03:00:00,Central,SS-005,Normal,Medium,118
EVT-02076,2025-01-13 05:00:00,North,SS-008,Normal,Low,151
EVT-04188,2025-01-13 09:00:00,West,SS-003,Normal,Medium,221
EVT-02777,2025-01-13 14:00:00,North,SS-006,Normal,Medium,326
EVT-02380,2025-01-13 17:00:00,North,SS-009,Voltage Anomaly,Medium,447
EVT-04337,2025-01-14 03:00:00,South,SS-001,Normal,Low,449
EVT-04293,2025-01-14 07:00:00,Central,SS-003,Normal,Critical,347
EVT-04463,2025-01-14 07:00:00,West,SS-001,Overload,High,272
EVT-02623,2025-01-14 17:00:00,East,SS-008,Normal,High,375
EVT-02973,2025-01-15 02:00:00,South,SS-006,Normal,High,115
EVT-02492,2025-01-15 03:00:00,West,SS-007,Voltage Anomaly,Medium,342
EVT-04319,2025-01-15 07:00:00,West,SS-007,Outage,Low,450
EVT-01870,2025-01-15 13:00:00,West,SS-006,Overload,Medium,426
EVT-02621,2025-01-15 20:00:00,Central,SS-005,Normal,Critical,267
EVT-01324,2025-01-15 22:00:00,North,SS-006,Normal,Low,407
EVT-00008,2025-01-15 23:00:00,West,SS-004,Outage,Critical,92
EVT-01490,2025-01-16 08:00:00,Central,SS-001,Maintenance,Medium,405
EVT-03705,2025-01-16 08:00:00,East,SS-003,Equipment Fault,Low,153
EVT-01469,2025-01-16 13:00:00,East,SS-008,Maintenance,Critical,27
EVT-03034,2025-01-16 14:00:00,East,SS-005,Normal,Low,213
EVT-02377,2025-01-16 15:00:00,Central,SS-006,Normal,Medium,37
EVT-01743,2025-01-16 15:00:00,South,SS-008,Equipment Fault,Low,158
EVT-01738,2025-01-16 18:00:00,Central,SS-010,Equipment Fault,Critical,223
EVT-03770,2025-01-16 22:00:00,North,SS-002,Normal,Low,394
EVT-01994,2025-01-17 00:00:00,West,SS-005,Voltage Anomaly,Medium,416
EVT-02618,2025-01-17 00:00:00,North,SS-007,Overload,Low,394
EVT-04475,2025-01-17 05:00:00,South,SS-009,Normal,High,151
EVT-02671,2025-01-17 07:00:00,West,SS-010,Normal,High,7
EVT-03156,2025-01-17 12:00:00,North,SS-007,Outage,Low,215
EVT-01141,2025-01-17 16:00:00,East,SS-008,Outage,Low,328
EVT-01246,2025-01-18 10:00:00,West,SS-008,Outage,Low,171
EVT-03081,2025-01-18 21:00:00,East,SS-009,Overload,Medium,198
EVT-02600,2025-01-19 01:00:00,South,SS-001,Overload,Low,230
EVT-01836,2025-01-19 01:00:00,Central,SS-008,Normal,Low,168
EVT-04003,2025-01-19 01:00:00,South,SS-001,Normal,High,398
EVT-04762,2025-01-19 04:00:00,North,SS-009,Equipment Fault,Medium,148
EVT-04224,2025-01-19 05:00:00,Central,SS-008,Normal,High,357
EVT-02468,2025-01-19 06:00:00,Central,SS-006,Normal,High,81
EVT-03375,2025-01-19 07:00:00,Central,SS-004,Normal,Medium,421
EVT-02772,2025-01-19 14:00:00,Central,SS-006,Normal,High,217
EVT-01538,2025-01-19 16:00:00,South,SS-010,Overload,Low,183
EVT-04124,2025-01-19 21:00:00,East,SS-006,Normal,Critical,433
EVT-01132,2025-01-20 00:00:00,South,SS-006,Equipment Fault,Low,56
EVT-02774,2025-01-20 07:00:00,North,SS-001,Normal,High,126
EVT-04162,2025-01-20 09:00:00,North,SS-003,Overload,Low,324
EVT-04154,2025-01-20 22:00:00,North,SS-001,Normal,Critical,333
EVT-03437,2025-01-20 22:00:00,East,SS-008,Outage,High,71
EVT-01075,2025-01-20 22:00:00,Central,SS-002,Normal,Medium,434
EVT-02222,2025-01-21 00:00:00,East,SS-009,Normal,Low,193
EVT-02105,2025-01-21 01:00:00,East,SS-010,Normal,Medium,181
EVT-03841,2025-01-21 05:00:00,South,SS-006,Normal,Low,182
EVT-02179,2025-01-21 13:00:00,East,SS-009,Maintenance,Medium,381
EVT-01819,2025-01-21 20:00:00,West,SS-006,Maintenance,High,164
EVT-02127,2025-01-21 20:00:00,East,SS-005,Normal,High,224
EVT-01377,2025-01-21 21:00:00,East,SS-008,Overload,Critical,376
EVT-03197,2025-01-22 13:00:00,East,SS-002,Voltage Anomaly,Medium,151
EVT-01370,2025-01-22 15:00:00,Central,SS-002,Voltage Anomaly,High,168
EVT-04833,2025-01-22 17:00:00,South,SS-003,Normal,Medium,13
EVT-03987,2025-01-22 23:00:00,Central,SS-004,Equipment Fault,High,283
EVT-01562,2025-01-23 05:00:00,South,SS-006,Maintenance,Medium,216
EVT-03727,2025-01-23 05:00:00,West,SS-003,Outage,Low,453
EVT-04206,2025-01-23 06:00:00,South,SS-005,Normal,Low,82
EVT-03359,2025-01-23 08:00:00,East,SS-003,Normal,High,98
EVT-03773,2025-01-23 08:00:00,East,SS-008,Normal,Low,214
EVT-01025,2025-01-23 08:00:00,East,SS-005,Voltage Anomaly,Medium,449
EVT-00651,2025-01-23 18:00:00,South,SS-003,Normal,Low,443
EVT-02049,2025-01-23 23:00:00,South,SS-008,Normal,Critical,189
EVT-04864,2025-01-23 23:00:00,East,SS-005,Overload,High,247
EVT-04991,2025-01-24 02:00:00,North,SS-008,Normal,Critical,297
EVT-03270,2025-01-24 04:00:00,Central,SS-005,Maintenance,Critical,367
EVT-00643,2025-01-24 10:00:00,North,SS-009,Overload,Medium,420
EVT-03016,2025-01-24 18:00:00,South,SS-010,Maintenance,Medium,74
EVT-04989,2025-01-24 23:00:00,West,SS-001,Normal,Low,219
EVT-04646,2025-01-25 00:00:00,East,SS-006,Outage,High,176
EVT-04934,2025-01-25 03:00:00,South,SS-006,Maintenance,Medium,118
EVT-03630,2025-01-25 03:00:00,West,SS-001,Voltage Anomaly,Critical,236
EVT-04358,2025-01-25 04:00:00,East,SS-010,Normal,High,406
EVT-03817,2025-01-25 05:00:00,North,SS-003,Normal,High,436
EVT-00820,2025-01-25 07:00:00,North,SS-005,Normal,High,476
EVT-03519,2025-01-25 11:00:00,West,SS-009,Voltage Anomaly,Low,147
EVT-04232,2025-01-25 12:00:00,East,SS-006,Voltage Anomaly,Low,178
EVT-02939,2025-01-25 12:00:00,East,SS-001,Normal,Medium,471
EVT-04247,2025-01-25 12:00:00,East,SS-008,Normal,Medium,392
EVT-04752,2025-01-25 14:00:00,Central,SS-003,Normal,Medium,119
EVT-03620,2025-01-25 14:00:00,North,SS-007,Normal,Low,196
EVT-04341,2025-01-25 20:00:00,South,SS-003,Overload,Low,398
EVT-02481,2025-01-25 23:00:00,West,SS-006,Overload,Low,465
EVT-00699,2025-01-26 02:00:00,East,SS-005,Normal,Low,301
EVT-02943,2025-01-26 02:00:00,North,SS-005,Normal,Medium,331
EVT-00921,2025-01-26 03:00:00,North,SS-004,Normal,Medium,395
EVT-02085,2025-01-26 05:00:00,Central,SS-009,Normal,Medium,179
EVT-01285,2025-01-26 14:00:00,East,SS-004,Normal,High,474
EVT-04533,2025-01-26 17:00:00,North,SS-007,Normal,Low,7
EVT-03361,2025-01-27 01:00:00,South,SS-002,Equipment Fault,Critical,308
EVT-03383,2025-01-27 07:00:00,East,SS-009,Outage,High,259
EVT-02892,2025-01-27 08:00:00,South,SS-010,Overload,Medium,85
EVT-01034,2025-01-27 09:00:00,Central,SS-001,Normal,High,410
EVT-02590,2025-01-27 10:00:00,North,SS-007,Normal,Low,336
EVT-03298,2025-01-27 13:00:00,West,SS-010,Overload,Medium,109
EVT-04234,2025-01-27 15:00:00,North,SS-003,Equipment Fault,High,235
EVT-04378,2025-01-28 09:00:00,Central,SS-004,Maintenance,Low,253
EVT-02156,2025-01-28 16:00:00,Central,SS-004,Normal,Critical,265
EVT-01090,2025-01-28 17:00:00,West,SS-002,Outage,Medium,446
EVT-03604,2025-01-29 01:00:00,South,SS-006,Outage,High,350
EVT-01267,2025-01-29 03:00:00,East,SS-007,Normal,Medium,341
EVT-03475,2025-01-29 03:00:00,West,SS-004,Voltage Anomaly,Low,112
EVT-04712,2025-01-29 08:00:00,East,SS-002,Normal,Medium,217
EVT-00807,2025-01-29 08:00:00,West,SS-006,Normal,Medium,374
EVT-01019,2025-01-29 10:00:00,West,SS-002,Normal,Medium,444
EVT-00615,2025-01-29 11:00:00,Central,SS-008,Normal,Medium,195
EVT-02911,2025-01-29 14:00:00,North,SS-002,Maintenance,Low,199
EVT-00295,2025-01-29 14:00:00,North,SS-007,Normal,Low,74
EVT-01280,2025-01-29 16:00:00,West,SS-003,Overload,High,33
EVT-02751,2025-01-29 16:00:00,South,SS-010,Normal,Medium,250
EVT-03904,2025-01-29 17:00:00,East,SS-008,Normal,Medium,346
EVT-02897,2025-01-29 17:00:00,Central,SS-004,Normal,Medium,244
EVT-02648,2025-01-29 21:00:00,Central,SS-007,Normal,Medium,23
EVT-02847,2025-01-29 22:00:00,East,SS-001,Normal,Low,119
EVT-04461,2025-01-29 23:00:00,East,SS-002,Voltage Anomaly,Medium,330
EVT-00796,2025-01-30 00:00:00,North,SS-006,Outage,High,342
EVT-02170,2025-01-30 12:00:00,South,SS-001,Normal,Medium,479
EVT-01440,2025-01-30 15:00:00,South,SS-006,Overload,Low,380
EVT-04093,2025-01-30 15:00:00,East,SS-009,Normal,Low,361
EVT-00986,2025-01-30 20:00:00,West,SS-002,Normal,Low,19
EVT-01378,2025-01-30 23:00:00,North,SS-008,Overload,Medium,73
EVT-01152,2025-01-31 00:00:00,West,SS-003,Normal,High,69
EVT-00493,2025-01-31 07:00:00,South,SS-008,Normal,Medium,169
EVT-03056,2025-01-31 12:00:00,North,SS-009,Voltage Anomaly,Low,151
EVT-01841,2025-01-31 13:00:00,South,SS-009,Overload,Low,306
EVT-03314,2025-01-31 18:00:00,East,SS-010,Normal,High,16
EVT-00322,2025-01-31 19:00:00,East,SS-010,Equipment Fault,Low,466
EVT-04813,2025-02-01 02:00:00,East,SS-004,Maintenance,Medium,338
EVT-03589,2025-02-01 03:00:00,West,SS-009,Overload,High,434
EVT-03267,2025-02-01 09:00:00,South,SS-010,Voltage Anomaly,Low,201
EVT-00404,2025-02-01 12:00:00,South,SS-002,Normal,High,53
EVT-03912,2025-02-01 13:00:00,Central,SS-005,Normal,Low,439
EVT-00121,2025-02-01 13:00:00,South,SS-008,Normal,High,453
EVT-01948,2025-02-01 18:00:00,Central,SS-006,Overload,Low,303
EVT-04509,2025-02-01 20:00:00,South,SS-010,Normal,High,308
EVT-02282,2025-02-02 02:00:00,Central,SS-006,Voltage Anomaly,Critical,176
EVT-03613,2025-02-02 11:00:00,East,SS-003,Normal,Low,68
EVT-02672,2025-02-02 12:00:00,West,SS-010,Maintenance,Medium,365
EVT-02960,2025-02-02 14:00:00,South,SS-009,Overload,Low,183
EVT-03031,2025-02-03 03:00:00,Central,SS-003,Maintenance,Medium,392
EVT-04682,2025-02-03 03:00:00,South,SS-003,Overload,Low,457
EVT-01960,2025-02-03 04:00:00,East,SS-008,Outage,High,322
EVT-03616,2025-02-03 21:00:00,Central,SS-010,Outage,Critical,192
EVT-00407,2025-02-04 03:00:00,East,SS-001,Overload,Low,113
EVT-03978,2025-02-04 08:00:00,East,SS-005,Normal,High,473
EVT-00931,2025-02-04 09:00:00,East,SS-003,Equipment Fault,High,135
EVT-00105,2025-02-04 14:00:00,North,SS-006,Normal,Medium,367
EVT-03551,2025-02-04 19:00:00,Central,SS-003,Voltage Anomaly,Medium,420
EVT-00865,2025-02-04 23:00:00,South,SS-005,Normal,Medium,463
EVT-03830,2025-02-05 02:00:00,Central,SS-004,Outage,High,323
EVT-02405,2025-02-05 05:00:00,West,SS-007,Maintenance,High,110
EVT-00594,2025-02-05 11:00:00,South,SS-008,Overload,Medium,438
EVT-00504,2025-02-05 11:00:00,South,SS-003,Equipment Fault,Critical,216
EVT-00456,2025-02-05 14:00:00,East,SS-005,Normal,Medium,269
EVT-00771,2025-02-05 20:00:00,North,SS-003,Overload,Medium,21
EVT-02655,2025-02-05 22:00:00,South,SS-006,Equipment Fault,Medium,40
EVT-03678,2025-02-06 05:00:00,South,SS-010,Normal,High,451
EVT-00470,2025-02-06 06:00:00,South,SS-002,Normal,High,260
EVT-00557,2025-02-06 07:00:00,Central,SS-004,Overload,Medium,151
EVT-02717,2025-02-06 07:00:00,West,SS-002,Normal,High,50
EVT-00570,2025-02-06 08:00:00,South,SS-006,Outage,High,256
EVT-00969,2025-02-06 10:00:00,East,SS-009,Voltage Anomaly,Medium,417
EVT-02850,2025-02-06 14:00:00,Central,SS-005,Overload,Medium,172
EVT-01286,2025-02-06 18:00:00,West,SS-008,Normal,High,322
EVT-02526,2025-02-06 23:00:00,South,SS-002,Outage,Low,296
EVT-00960,2025-02-07 01:00:00,West,SS-010,Normal,Low,400
EVT-01941,2025-02-07 06:00:00,West,SS-004,Voltage Anomaly,Low,153
EVT-02959,2025-02-07 07:00:00,North,SS-009,Normal,High,64
EVT-02037,2025-02-07 08:00:00,Central,SS-001,Voltage Anomaly,Medium,169
EVT-01950,2025-02-07 13:00:00,South,SS-001,Overload,Medium,60
EVT-03671,2025-02-07 15:00:00,Central,SS-004,Normal,Medium,428
EVT-03861,2025-02-07 15:00:00,West,SS-007,Maintenance,Medium,126
EVT-04366,2025-02-07 22:00:00,North,SS-008,Overload,Medium,418
EVT-03531,2025-02-07 23:00:00,West,SS-010,Normal,Medium,452
EVT-02962,2025-02-08 01:00:00,South,SS-010,Outage,Low,284
EVT-03571,2025-02-08 01:00:00,Central,SS-003,Equipment Fault,Low,425
EVT-03257,2025-02-08 04:00:00,East,SS-006,Outage,Critical,301
EVT-00453,2025-02-08 10:00:00,Central,SS-005,Normal,High,14
EVT-01023,2025-02-08 10:00:00,North,SS-002,Normal,Critical,269
EVT-04418,2025-02-08 14:00:00,East,SS-007,Normal,Medium,121
EVT-00705,2025-02-08 23:00:00,West,SS-001,Maintenance,Critical,306
EVT-01241,2025-02-09 05:00:00,South,SS-002,Normal,Medium,221
EVT-04069,2025-02-09 08:00:00,East,SS-005,Voltage Anomaly,Critical,454
EVT-04285,2025-02-09 10:00:00,East,SS-003,Equipment Fault,High,361
EVT-02053,2025-02-09 11:00:00,West,SS-010,Normal,Low,475
EVT-02433,2025-02-09 14:00:00,Central,SS-009,Voltage Anomaly,High,128
EVT-01922,2025-02-09 18:00:00,North,SS-005,Overload,Medium,350
EVT-03754,2025-02-09 20:00:00,West,SS-002,Outage,Low,283
EVT-02055,2025-02-10 04:00:00,Central,SS-005,Overload,Critical,203
EVT-03509,2025-02-10 05:00:00,East,SS-008,Voltage Anomaly,Medium,213
EVT-01705,2025-02-10 06:00:00,West,SS-005,Outage,Medium,152
EVT-00002,2025-02-10 10:00:00,East,SS-003,Normal,Low,477
EVT-04911,2025-02-10 11:00:00,South,SS-002,Normal,Low,362
EVT-00668,2025-02-10 12:00:00,East,SS-007,Normal,Medium,326
EVT-01394,2025-02-10 12:00:00,West,SS-008,Normal,Medium,189
EVT-00079,2025-02-10 12:00:00,South,SS-007,Normal,Critical,108
EVT-02923,2025-02-10 13:00:00,East,SS-008,Normal,Medium,12
EVT-02392,2025-02-10 20:00:00,Central,SS-009,Normal,High,440
EVT-00486,2025-02-10 20:00:00,Central,SS-008,Overload,Low,51
EVT-00373,2025-02-10 21:00:00,North,SS-002,Normal,Low,212
EVT-00762,2025-02-10 22:00:00,North,SS-001,Normal,High,383
EVT-00159,2025-02-11 00:00:00,Central,SS-003,Overload,Medium,458
EVT-04097,2025-02-11 01:00:00,Central,SS-003,Equipment Fault,High,48
EVT-02258,2025-02-11 04:00:00,West,SS-004,Normal,Medium,475
EVT-04590,2025-02-11 05:00:00,West,SS-005,Voltage Anomaly,Medium,336
EVT-02821,2025-02-11 06:00:00,East,SS-003,Normal,Medium,383
EVT-00161,2025-02-11 15:00:00,West,SS-006,Voltage Anomaly,Medium,142
EVT-00843,2025-02-11 16:00:00,South,SS-007,Normal,High,100
EVT-02422,2025-02-11 16:00:00,East,SS-004,Normal,High,317
EVT-04721,2025-02-11 18:00:00,East,SS-003,Maintenance,Medium,327
EVT-03306,2025-02-11 19:00:00,South,SS-002,Overload,Medium,228
EVT-02627,2025-02-11 22:00:00,Central,SS-007,Maintenance,High,96
EVT-00129,2025-02-12 02:00:00,North,SS-008,Normal,Medium,85
EVT-03319,2025-02-12 03:00:00,North,SS-010,Equipment Fault,Medium,303
EVT-01749,2025-02-12 06:00:00,South,SS-005,Overload,Low,120
EVT-01855,2025-02-12 10:00:00,Central,SS-005,Maintenance,Medium,212
EVT-03947,2025-02-12 15:00:00,West,SS-009,Normal,Medium,187
EVT-04149,2025-02-12 15:00:00,Central,SS-001,Normal,Low,248
EVT-01664,2025-02-12 16:00:00,West,SS-005,Normal,Medium,227
EVT-01466,2025-02-12 16:00:00,South,SS-007,Equipment Fault,Low,387
EVT-01579,2025-02-13 11:00:00,East,SS-010,Normal,Low,284
EVT-02265,2025-02-13 21:00:00,East,SS-010,Normal,Low,263
EVT-01888,2025-02-13 22:00:00,North,SS-008,Voltage Anomaly,Medium,323
EVT-01138,2025-02-14 04:00:00,Central,SS-009,Voltage Anomaly,Low,78
EVT-00180,2025-02-14 07:00:00,Central,SS-006,Equipment Fault,High,270
EVT-02263,2025-02-14 13:00:00,South,SS-007,Normal,Low,145
EVT-04937,2025-02-14 18:00:00,East,SS-008,Outage,Low,83
EVT-00916,2025-02-14 21:00:00,Central,SS-006,Normal,Medium,29
EVT-03470,2025-02-15 07:00:00,Central,SS-006,Normal,Low,36
EVT-01204,2025-02-15 07:00:00,South,SS-002,Overload,Medium,399
EVT-00734,2025-02-15 10:00:00,East,SS-010,Equipment Fault,High,176
EVT-03713,2025-02-15 12:00:00,East,SS-004,Normal,Medium,450
EVT-03460,2025-02-15 14:00:00,Central,SS-007,Overload,Low,389
EVT-04626,2025-02-15 18:00:00,East,SS-007,Voltage Anomaly,Medium,88
EVT-03237,2025-02-15 22:00:00,South,SS-004,Normal,Critical,39
EVT-02789,2025-02-16 00:00:00,North,SS-001,Overload,Low,164
EVT-00314,2025-02-16 01:00:00,South,SS-009,Overload,High,39
EVT-03537,2025-02-16 02:00:00,East,SS-008,Normal,Low,38
EVT-03229,2025-02-16 09:00:00,Central,SS-010,Normal,Medium,299
EVT-00271,2025-02-16 16:00:00,North,SS-008,Outage,High,411
EVT-00001,2025-02-16 19:00:00,West,SS-009,Equipment Fault,Low,111
EVT-01002,2025-02-16 20:00:00,South,SS-007,Outage,Medium,13
EVT-04360,2025-02-16 20:00:00,East,SS-010,Voltage Anomaly,Medium,361
EVT-01212,2025-02-17 08:00:00,West,SS-008,Voltage Anomaly,Medium,434
EVT-00430,2025-02-17 10:00:00,North,SS-008,Normal,High,167
EVT-01660,2025-02-17 11:00:00,South,SS-001,Normal,Critical,85
EVT-02305,2025-02-17 13:00:00,South,SS-009,Equipment Fault,Medium,450
EVT-01828,2025-02-17 17:00:00,West,SS-001,Normal,High,400
EVT-02501,2025-02-17 17:00:00,Central,SS-006,Outage,Low,202
EVT-02415,2025-02-17 23:00:00,East,SS-009,Equipment Fault,Medium,221
EVT-03180,2025-02-17 23:00:00,West,SS-010,Maintenance,Low,113
EVT-03140,2025-02-18 00:00:00,West,SS-007,Overload,Medium,345
EVT-00667,2025-02-18 01:00:00,East,SS-008,Normal,Low,53
EVT-02194,2025-02-18 15:00:00,North,SS-008,Equipment Fault,High,343
EVT-03472,2025-02-19 01:00:00,South,SS-005,Maintenance,Medium,447
EVT-04865,2025-02-19 03:00:00,North,SS-007,Normal,Low,170
EVT-03018,2025-02-19 03:00:00,East,SS-001,Maintenance,Medium,74
EVT-03840,2025-02-19 06:00:00,East,SS-001,Voltage Anomaly,Low,21
EVT-02825,2025-02-19 09:00:00,Central,SS-006,Outage,High,11
EVT-03274,2025-02-19 13:00:00,South,SS-006,Overload,Medium,388
EVT-02763,2025-02-19 16:00:00,South,SS-008,Normal,Medium,111
EVT-00978,2025-02-19 23:00:00,East,SS-005,Normal,Low,315
EVT-01668,2025-02-20 03:00:00,East,SS-004,Normal,Medium,398
EVT-04814,2025-02-20 06:00:00,Central,SS-001,Overload,Medium,230
EVT-01784,2025-02-20 08:00:00,Central,SS-007,Normal,Medium,207
EVT-04764,2025-02-20 10:00:00,South,SS-002,Equipment Fault,Medium,335
EVT-01348,2025-02-20 10:00:00,Central,SS-003,Voltage Anomaly,High,476
EVT-03232,2025-02-20 22:00:00,East,SS-002,Normal,Medium,108
EVT-02966,2025-02-21 04:00:00,South,SS-008,Overload,High,317
EVT-04035,2025-02-21 05:00:00,South,SS-005,Maintenance,Medium,78
EVT-03351,2025-02-21 10:00:00,East,SS-005,Normal,Low,472
EVT-00671,2025-02-21 17:00:00,South,SS-009,Overload,High,433
EVT-00696,2025-02-21 18:00:00,North,SS-005,Maintenance,Low,221
EVT-04680,2025-02-21 18:00:00,North,SS-009,Voltage Anomaly,Medium,383
EVT-04918,2025-02-22 01:00:00,West,SS-003,Normal,Medium,47
EVT-00677,2025-02-22 20:00:00,North,SS-003,Normal,Low,97
EVT-03740,2025-02-23 02:00:00,South,SS-002,Normal,Low,184
EVT-04022,2025-02-23 05:00:00,East,SS-006,Normal,Medium,462
EVT-03166,2025-02-23 07:00:00,North,SS-008,Overload,High,377
EVT-03603,2025-02-23 13:00:00,North,SS-008,Overload,Medium,129
EVT-04161,2025-02-23 14:00:00,East,SS-002,Overload,Low,162
EVT-03653,2025-02-23 20:00:00,North,SS-006,Equipment Fault,Low,433
EVT-03447,2025-02-23 22:00:00,North,SS-001,Overload,Low,60
EVT-02328,2025-02-23 22:00:00,East,SS-003,Normal,High,357
EVT-01926,2025-02-23 23:00:00,South,SS-001,Normal,High,160
EVT-04649,2025-02-23 23:00:00,South,SS-008,Normal,Low,208
EVT-03461,2025-02-24 03:00:00,East,SS-007,Normal,Medium,252
EVT-01639,2025-02-24 05:00:00,Central,SS-002,Normal,Low,298
EVT-00759,2025-02-24 10:00:00,North,SS-001,Voltage Anomaly,Medium,73
EVT-00636,2025-02-24 12:00:00,North,SS-006,Equipment Fault,Critical,385
EVT-02739,2025-02-24 16:00:00,Central,SS-003,Normal,Low,348
EVT-04798,2025-02-24 17:00:00,East,SS-007,Normal,Critical,82
EVT-01987,2025-02-24 21:00:00,West,SS-001,Normal,Low,382
EVT-04545,2025-02-24 23:00:00,East,SS-005,Overload,Low,449
EVT-04252,2025-02-25 01:00:00,Central,SS-001,Overload,High,201
EVT-01620,2025-02-25 04:00:00,East,SS-001,Normal,High,158
EVT-00468,2025-02-25 06:00:00,South,SS-003,Normal,Medium,93
EVT-01290,2025-02-25 06:00:00,East,SS-002,Overload,Low,15
EVT-00097,2025-02-25 16:00:00,West,SS-003,Voltage Anomaly,Low,31
EVT-03821,2025-02-25 16:00:00,Central,SS-001,Normal,Medium,386
EVT-03427,2025-02-25 16:00:00,North,SS-002,Outage,Medium,215
EVT-01274,2025-02-25 17:00:00,West,SS-005,Normal,Low,215
EVT-03012,2025-02-25 17:00:00,North,SS-002,Voltage Anomaly,Critical,446
EVT-00371,2025-02-26 03:00:00,South,SS-008,Equipment Fault,Critical,134
EVT-04393,2025-02-26 03:00:00,Central,SS-007,Voltage Anomaly,Low,367
EVT-01260,2025-02-26 04:00:00,Central,SS-005,Normal,High,266
EVT-04956,2025-02-26 06:00:00,West,SS-003,Outage,Medium,32
EVT-00949,2025-02-26 06:00:00,West,SS-003,Equipment Fault,Low,371
EVT-04775,2025-02-26 11:00:00,North,SS-009,Normal,High,444
EVT-03225,2025-02-26 13:00:00,East,SS-007,Equipment Fault,Low,385
EVT-04965,2025-02-26 21:00:00,East,SS-008,Equipment Fault,Low,5
EVT-03448,2025-02-26 21:00:00,South,SS-001,Outage,High,419
EVT-02545,2025-02-26 22:00:00,North,SS-002,Voltage Anomaly,Low,444
EVT-00176,2025-02-27 01:00:00,North,SS-002,Normal,Low,96
EVT-02393,2025-02-27 03:00:00,Central,SS-010,Outage,High,175
EVT-00641,2025-02-27 09:00:00,East,SS-005,Normal,Medium,259
EVT-00354,2025-02-27 15:00:00,North,SS-003,Equipment Fault,High,25
EVT-03366,2025-02-27 18:00:00,North,SS-005,Overload,Medium,150
EVT-02594,2025-02-27 19:00:00,Central,SS-007,Outage,Medium,253
EVT-03182,2025-02-27 19:00:00,South,SS-006,Equipment Fault,Critical,180
EVT-01037,2025-02-27 22:00:00,North,SS-010,Normal,Low,219
EVT-00294,2025-02-27 22:00:00,Central,SS-002,Normal,Medium,106
EVT-00912,2025-02-28 09:00:00,East,SS-008,Equipment Fault,High,174
EVT-00593,2025-02-28 09:00:00,West,SS-009,Equipment Fault,Low,107
EVT-00837,2025-02-28 10:00:00,West,SS-006,Voltage Anomaly,Medium,71
EVT-02331,2025-02-28 12:00:00,South,SS-003,Voltage Anomaly,Low,233
EVT-03183,2025-02-28 18:00:00,South,SS-008,Voltage Anomaly,Low,42
EVT-02124,2025-02-28 18:00:00,West,SS-004,Overload,Low,418
EVT-02533,2025-03-01 01:00:00,South,SS-006,Overload,Medium,395
EVT-00922,2025-03-01 02:00:00,East,SS-009,Voltage Anomaly,Medium,259
EVT-03800,2025-03-01 05:00:00,East,SS-008,Normal,Low,35
EVT-04926,2025-03-01 06:00:00,South,SS-008,Equipment Fault,High,264
EVT-03595,2025-03-01 09:00:00,North,SS-006,Normal,Medium,464
EVT-00221,2025-03-01 10:00:00,North,SS-006,Normal,Low,123
EVT-00385,2025-03-01 12:00:00,West,SS-008,Normal,High,454
EVT-01374,2025-03-01 12:00:00,Central,SS-002,Voltage Anomaly,Low,194
EVT-00041,2025-03-01 13:00:00,East,SS-007,Voltage Anomaly,Critical,409
EVT-01388,2025-03-01 13:00:00,North,SS-004,Normal,Low,16
EVT-02760,2025-03-01 19:00:00,North,SS-009,Maintenance,Medium,293
EVT-02458,2025-03-01 23:00:00,West,SS-001,Maintenance,Medium,254
EVT-02424,2025-03-02 07:00:00,Central,SS-004,Normal,Low,330
EVT-02633,2025-03-02 10:00:00,South,SS-009,Outage,Low,372
EVT-04274,2025-03-02 12:00:00,South,SS-002,Normal,Medium,78
EVT-04352,2025-03-02 12:00:00,Central,SS-008,Overload,Medium,438
EVT-01781,2025-03-02 17:00:00,North,SS-001,Voltage Anomaly,Low,252
EVT-02948,2025-03-02 18:00:00,South,SS-007,Maintenance,Medium,443
EVT-03767,2025-03-02 19:00:00,South,SS-001,Overload,High,308
EVT-01820,2025-03-03 03:00:00,East,SS-004,Voltage Anomaly,Critical,17
EVT-00619,2025-03-03 06:00:00,Central,SS-007,Overload,High,358
EVT-01898,2025-03-03 07:00:00,East,SS-002,Normal,Medium,329
EVT-01775,2025-03-03 08:00:00,West,SS-005,Maintenance,Low,262
EVT-00693,2025-03-03 10:00:00,North,SS-005,Normal,Medium,12
EVT-00764,2025-03-03 14:00:00,South,SS-006,Equipment Fault,Low,207
EVT-02798,2025-03-03 18:00:00,North,SS-006,Normal,High,445
EVT-01825,2025-03-03 20:00:00,Central,SS-008,Outage,High,468
EVT-01837,2025-03-04 03:00:00,East,SS-006,Voltage Anomaly,High,73
EVT-04260,2025-03-04 04:00:00,South,SS-009,Voltage Anomaly,Medium,342
EVT-01400,2025-03-04 05:00:00,East,SS-009,Overload,Low,274
EVT-00666,2025-03-04 08:00:00,South,SS-002,Maintenance,Medium,321
EVT-00900,2025-03-04 08:00:00,East,SS-008,Normal,High,389
EVT-01413,2025-03-04 14:00:00,North,SS-004,Voltage Anomaly,Low,135
EVT-03354,2025-03-04 23:00:00,North,SS-002,Outage,Low,351
EVT-02145,2025-03-05 00:00:00,Central,SS-005,Normal,Low,241
EVT-04852,2025-03-05 03:00:00,South,SS-001,Normal,Low,364
EVT-03374,2025-03-05 08:00:00,South,SS-002,Overload,Low,11
EVT-03160,2025-03-05 12:00:00,South,SS-004,Normal,Low,122
EVT-03264,2025-03-05 13:00:00,West,SS-004,Outage,Low,27
EVT-04866,2025-03-05 16:00:00,East,SS-009,Equipment Fault,Low,258
EVT-03233,2025-03-05 19:00:00,South,SS-004,Outage,Low,326
EVT-02925,2025-03-05 20:00:00,South,SS-001,Voltage Anomaly,Critical,210
EVT-00686,2025-03-06 03:00:00,East,SS-002,Voltage Anomaly,Medium,140
EVT-01712,2025-03-06 05:00:00,East,SS-005,Normal,Medium,367
EVT-01850,2025-03-06 08:00:00,South,SS-003,Normal,High,358
EVT-01232,2025-03-06 09:00:00,West,SS-006,Overload,Low,445
EVT-02138,2025-03-06 14:00:00,East,SS-003,Equipment Fault,Medium,179
EVT-03923,2025-03-06 20:00:00,Central,SS-006,Maintenance,Low,313
EVT-01795,2025-03-07 00:00:00,East,SS-004,Normal,High,41
EVT-04367,2025-03-07 06:00:00,East,SS-001,Normal,Low,427
EVT-00284,2025-03-07 11:00:00,West,SS-005,Voltage Anomaly,Medium,473
EVT-01961,2025-03-07 13:00:00,West,SS-003,Normal,High,220
EVT-02704,2025-03-07 23:00:00,North,SS-005,Normal,Medium,344
EVT-04741,2025-03-08 00:00:00,North,SS-004,Voltage Anomaly,Medium,180
EVT-02159,2025-03-08 01:00:00,East,SS-004,Normal,Medium,477
EVT-02361,2025-03-08 02:00:00,East,SS-005,Equipment Fault,High,389
EVT-02129,2025-03-08 04:00:00,East,SS-009,Normal,Low,423
EVT-02488,2025-03-08 07:00:00,Central,SS-010,Outage,Medium,82
EVT-04791,2025-03-08 10:00:00,North,SS-004,Voltage Anomaly,Low,86
EVT-00817,2025-03-08 14:00:00,Central,SS-009,Normal,Medium,389
EVT-04165,2025-03-08 18:00:00,East,SS-010,Outage,High,177
EVT-03606,2025-03-08 20:00:00,Central,SS-003,Normal,High,360
EVT-00319,2025-03-09 00:00:00,South,SS-007,Outage,Medium,272
EVT-02502,2025-03-09 01:00:00,Central,SS-005,Equipment Fault,High,104
EVT-01472,2025-03-09 02:00:00,Central,SS-002,Overload,Critical,138
EVT-01546,2025-03-09 09:00:00,South,SS-009,Normal,High,389
EVT-04838,2025-03-09 12:00:00,North,SS-010,Outage,High,275
EVT-00601,2025-03-09 13:00:00,South,SS-004,Normal,Low,446
EVT-01085,2025-03-09 17:00:00,Central,SS-004,Normal,High,176
EVT-04290,2025-03-10 01:00:00,South,SS-010,Equipment Fault,Low,159
EVT-04905,2025-03-10 01:00:00,Central,SS-005,Maintenance,Medium,345
EVT-04355,2025-03-10 02:00:00,Central,SS-006,Equipment Fault,Low,378
EVT-01345,2025-03-10 02:00:00,North,SS-005,Maintenance,Low,32
EVT-02818,2025-03-10 06:00:00,North,SS-005,Overload,Critical,221
EVT-02280,2025-03-10 21:00:00,West,SS-001,Normal,High,209
EVT-03141,2025-03-10 23:00:00,South,SS-005,Overload,Low,298
EVT-00286,2025-03-11 00:00:00,East,SS-001,Normal,Medium,307
EVT-01209,2025-03-11 09:00:00,North,SS-004,Maintenance,Critical,265
EVT-03231,2025-03-11 09:00:00,East,SS-010,Maintenance,Low,24
EVT-01289,2025-03-11 09:00:00,South,SS-004,Normal,High,284
EVT-02874,2025-03-11 16:00:00,West,SS-009,Normal,Low,71
EVT-04044,2025-03-11 17:00:00,North,SS-009,Maintenance,Medium,128
EVT-02322,2025-03-11 22:00:00,Central,SS-008,Normal,Medium,221
EVT-02978,2025-03-12 01:00:00,North,SS-007,Outage,Medium,168
EVT-04256,2025-03-12 04:00:00,South,SS-008,Voltage Anomaly,Low,66
EVT-00954,2025-03-12 04:00:00,South,SS-007,Normal,Medium,350
EVT-02922,2025-03-12 12:00:00,North,SS-009,Overload,High,370
EVT-00632,2025-03-12 15:00:00,East,SS-002,Normal,Medium,409
EVT-04067,2025-03-12 15:00:00,Central,SS-007,Voltage Anomaly,Medium,132
EVT-01318,2025-03-12 23:00:00,West,SS-006,Equipment Fault,Low,342
EVT-04441,2025-03-13 00:00:00,Central,SS-006,Outage,Low,228
EVT-04742,2025-03-13 01:00:00,West,SS-008,Maintenance,High,13
EVT-00942,2025-03-13 02:00:00,Central,SS-006,Equipment Fault,Medium,228
EVT-04566,2025-03-13 05:00:00,East,SS-002,Outage,Low,437
EVT-01930,2025-03-13 09:00:00,South,SS-008,Normal,Medium,37
EVT-02192,2025-03-13 13:00:00,East,SS-007,Normal,Medium,221
EVT-04339,2025-03-13 16:00:00,Central,SS-005,Maintenance,High,198
EVT-01446,2025-03-13 22:00:00,North,SS-001,Maintenance,Medium,335
EVT-03920,2025-03-14 03:00:00,South,SS-004,Normal,High,247
EVT-02245,2025-03-14 07:00:00,North,SS-002,Equipment Fault,High,140
EVT-03556,2025-03-14 09:00:00,North,SS-009,Outage,High,426
EVT-04032,2025-03-14 11:00:00,North,SS-009,Normal,Critical,68
EVT-04198,2025-03-14 13:00:00,East,SS-010,Normal,Medium,10
EVT-00249,2025-03-15 00:00:00,North,SS-009,Normal,Medium,476
EVT-02008,2025-03-15 03:00:00,South,SS-002,Maintenance,Low,410
EVT-02905,2025-03-15 07:00:00,North,SS-004,Maintenance,Low,375
EVT-01145,2025-03-15 09:00:00,South,SS-002,Normal,Low,93
EVT-03917,2025-03-15 12:00:00,West,SS-009,Overload,Low,390
EVT-01643,2025-03-15 14:00:00,South,SS-009,Normal,Medium,374
EVT-02956,2025-03-15 16:00:00,West,SS-004,Outage,Medium,394
EVT-04294,2025-03-15 17:00:00,South,SS-004,Normal,Medium,181
EVT-03844,2025-03-15 19:00:00,North,SS-002,Normal,Medium,73
EVT-00737,2025-03-15 22:00:00,West,SS-010,Voltage Anomaly,Low,79
EVT-04166,2025-03-15 22:00:00,Central,SS-010,Normal,Critical,176
EVT-01332,2025-03-15 23:00:00,West,SS-006,Voltage Anomaly,Medium,227
EVT-00951,2025-03-16 00:00:00,South,SS-006,Normal,Medium,303
EVT-03074,2025-03-16 01:00:00,Central,SS-005,Normal,Low,363
EVT-00231,2025-03-16 07:00:00,East,SS-008,Normal,Low,124
EVT-02696,2025-03-16 08:00:00,Central,SS-006,Voltage Anomaly,Medium,190
EVT-00403,2025-03-16 18:00:00,South,SS-010,Normal,Low,404
EVT-04091,2025-03-16 18:00:00,West,SS-006,Normal,High,66
EVT-02000,2025-03-16 23:00:00,East,SS-004,Voltage Anomaly,Medium,361
EVT-02949,2025-03-16 23:00:00,West,SS-001,Normal,High,40
EVT-02355,2025-03-17 04:00:00,North,SS-005,Voltage Anomaly,Critical,43
EVT-03120,2025-03-18 09:00:00,West,SS-002,Normal,Medium,165
EVT-00681,2025-03-18 15:00:00,West,SS-009,Normal,Low,207
EVT-03112,2025-03-19 01:00:00,Central,SS-005,Normal,Medium,197
EVT-04238,2025-03-19 02:00:00,East,SS-006,Normal,Low,273
EVT-03796,2025-03-19 08:00:00,East,SS-005,Overload,Medium,57
EVT-01628,2025-03-19 09:00:00,North,SS-008,Normal,High,40
EVT-02681,2025-03-19 12:00:00,East,SS-005,Normal,Medium,17
EVT-04111,2025-03-19 14:00:00,North,SS-007,Normal,Medium,204
EVT-04506,2025-03-19 15:00:00,Central,SS-005,Normal,High,70
EVT-01531,2025-03-19 16:00:00,East,SS-003,Normal,Low,439
EVT-03294,2025-03-19 18:00:00,Central,SS-007,Overload,High,177
EVT-02607,2025-03-20 03:00:00,North,SS-003,Normal,High,67
EVT-00849,2025-03-20 03:00:00,East,SS-007,Overload,Medium,6
EVT-03204,2025-03-20 05:00:00,South,SS-005,Outage,Low,475
EVT-01225,2025-03-20 05:00:00,South,SS-010,Equipment Fault,Critical,121
EVT-04138,2025-03-20 06:00:00,Central,SS-004,Equipment Fault,Critical,234
EVT-00575,2025-03-20 10:00:00,South,SS-004,Overload,Low,472
EVT-00195,2025-03-20 14:00:00,Central,SS-007,Overload,Medium,413
EVT-04523,2025-03-20 16:00:00,West,SS-010,Maintenance,High,420
EVT-03479,2025-03-20 18:00:00,East,SS-003,Normal,Low,359
EVT-00935,2025-03-20 20:00:00,North,SS-007,Maintenance,High,89
EVT-01822,2025-03-20 22:00:00,North,SS-006,Voltage Anomaly,Medium,333
EVT-03972,2025-03-21 01:00:00,East,SS-008,Overload,Low,191
EVT-03247,2025-03-21 09:00:00,West,SS-006,Equipment Fault,Medium,431
EVT-01300,2025-03-21 11:00:00,West,SS-006,Overload,Critical,126
EVT-01344,2025-03-21 17:00:00,Central,SS-001,Normal,Critical,341
EVT-04825,2025-03-21 19:00:00,East,SS-003,Overload,High,429
EVT-00333,2025-03-21 19:00:00,North,SS-004,Outage,Critical,367
EVT-00080,2025-03-21 23:00:00,Central,SS-003,Voltage Anomaly,Low,153
EVT-02408,2025-03-21 23:00:00,South,SS-002,Overload,Low,384
EVT-02394,2025-03-22 00:00:00,West,SS-010,Equipment Fault,Low,443
EVT-02592,2025-03-22 01:00:00,Central,SS-005,Normal,Medium,17
EVT-01379,2025-03-22 07:00:00,North,SS-005,Maintenance,High,353
EVT-03577,2025-03-22 12:00:00,East,SS-008,Overload,Medium,474
EVT-03807,2025-03-22 14:00:00,North,SS-007,Normal,Low,215
EVT-01505,2025-03-22 15:00:00,South,SS-003,Normal,Medium,60
EVT-00582,2025-03-22 15:00:00,Central,SS-008,Outage,High,93
EVT-01670,2025-03-22 16:00:00,West,SS-009,Outage,Medium,312
EVT-00240,2025-03-22 18:00:00,Central,SS-002,Overload,Critical,229
EVT-00389,2025-03-23 00:00:00,Central,SS-010,Equipment Fault,Low,237
EVT-00747,2025-03-23 02:00:00,South,SS-002,Normal,Low,50
EVT-00067,2025-03-23 03:00:00,East,SS-004,Outage,Critical,139
EVT-02725,2025-03-23 06:00:00,West,SS-004,Normal,High,221
EVT-02400,2025-03-23 07:00:00,West,SS-002,Normal,Critical,182
EVT-02401,2025-03-23 08:00:00,West,SS-005,Normal,Medium,304
EVT-02495,2025-03-23 11:00:00,North,SS-003,Outage,High,425
EVT-04571,2025-03-23 15:00:00,North,SS-003,Normal,Medium,338
EVT-04128,2025-03-23 17:00:00,South,SS-003,Voltage Anomaly,Medium,385
EVT-01200,2025-03-23 18:00:00,North,SS-009,Outage,Low,188
EVT-02711,2025-03-23 21:00:00,East,SS-001,Overload,Low,184
EVT-02809,2025-03-23 22:00:00,East,SS-005,Equipment Fault,Medium,474
EVT-02484,2025-03-24 00:00:00,West,SS-010,Normal,Medium,62
EVT-03506,2025-03-24 02:00:00,West,SS-001,Overload,Low,19
EVT-00281,2025-03-24 03:00:00,West,SS-004,Normal,Medium,273
EVT-04251,2025-03-24 12:00:00,West,SS-006,Normal,Low,328
EVT-04598,2025-03-24 15:00:00,South,SS-004,Normal,Critical,159
EVT-03037,2025-03-24 22:00:00,Central,SS-004,Equipment Fault,High,64
EVT-04653,2025-03-25 06:00:00,Central,SS-009,Outage,Medium,214
EVT-02580,2025-03-25 06:00:00,South,SS-007,Equipment Fault,High,249
EVT-01048,2025-03-25 07:00:00,East,SS-003,Overload,High,393
EVT-02358,2025-03-25 07:00:00,North,SS-009,Outage,Low,436
EVT-02563,2025-03-25 22:00:00,South,SS-007,Normal,Low,354
EVT-01299,2025-03-26 04:00:00,Central,SS-008,Normal,Critical,226
EVT-03507,2025-03-26 07:00:00,Central,SS-006,Voltage Anomaly,Medium,435
EVT-01098,2025-03-26 09:00:00,Central,SS-003,Overload,Low,343
EVT-04567,2025-03-26 11:00:00,South,SS-001,Equipment Fault,Low,27
EVT-01550,2025-03-26 13:00:00,East,SS-010,Equipment Fault,High,443
EVT-00998,2025-03-26 14:00:00,North,SS-005,Normal,Medium,199
EVT-01955,2025-03-26 16:00:00,East,SS-008,Voltage Anomaly,Medium,397
EVT-00785,2025-03-26 16:00:00,East,SS-004,Normal,Critical,347
EVT-02544,2025-03-26 19:00:00,South,SS-003,Normal,High,103
EVT-04829,2025-03-26 22:00:00,East,SS-002,Normal,Low,96
EVT-01798,2025-03-26 23:00:00,South,SS-008,Normal,High,66
EVT-04014,2025-03-26 23:00:00,South,SS-003,Overload,Low,225
EVT-00039,2025-03-27 01:00:00,Central,SS-002,Normal,Low,470
EVT-03646,2025-03-27 03:00:00,North,SS-001,Normal,Critical,89
EVT-02293,2025-03-27 08:00:00,North,SS-005,Normal,Medium,339
EVT-00168,2025-03-27 09:00:00,North,SS-002,Overload,Medium,312
EVT-04997,2025-03-27 11:00:00,Central,SS-002,Overload,Critical,471
EVT-01146,2025-03-27 16:00:00,South,SS-005,Overload,Medium,142
EVT-00795,2025-03-27 19:00:00,Central,SS-004,Normal,Low,458
EVT-00939,2025-03-27 22:00:00,West,SS-010,Overload,Low,173
EVT-04568,2025-03-27 23:00:00,West,SS-002,Outage,Medium,145
EVT-02919,2025-03-28 00:00:00,Central,SS-001,Normal,Medium,253
EVT-01003,2025-03-28 08:00:00,West,SS-006,Normal,High,25
EVT-04369,2025-03-28 10:00:00,West,SS-001,Normal,Medium,464
EVT-00966,2025-03-28 12:00:00,West,SS-009,Normal,High,108
EVT-04947,2025-03-28 14:00:00,West,SS-008,Overload,Medium,242
EVT-02851,2025-03-28 14:00:00,North,SS-009,Overload,Medium,137
EVT-04972,2025-03-28 18:00:00,Central,SS-003,Equipment Fault,High,267
EVT-00361,2025-03-28 18:00:00,Central,SS-007,Normal,Low,301
EVT-03282,2025-03-28 22:00:00,West,SS-002,Overload,Medium,163
EVT-03492,2025-03-29 03:00:00,West,SS-004,Normal,Medium,286
EVT-00262,2025-03-29 05:00:00,East,SS-007,Maintenance,Medium,244
EVT-01848,2025-03-29 11:00:00,West,SS-006,Equipment Fault,Medium,400
EVT-02278,2025-03-29 16:00:00,Central,SS-008,Normal,Medium,397
EVT-02583,2025-03-29 21:00:00,West,SS-009,Outage,Medium,209
EVT-01411,2025-03-30 03:00:00,North,SS-009,Maintenance,Low,478
EVT-03776,2025-03-30 12:00:00,Central,SS-003,Normal,High,27
EVT-03329,2025-03-30 13:00:00,North,SS-002,Overload,Medium,457
EVT-02642,2025-03-30 15:00:00,Central,SS-002,Overload,High,207
EVT-03559,2025-03-31 04:00:00,North,SS-003,Normal,Low,164
EVT-03827,2025-03-31 10:00:00,Central,SS-004,Overload,Medium,5
EVT-03510,2025-03-31 12:00:00,West,SS-006,Outage,Low,141
EVT-02718,2025-03-31 13:00:00,South,SS-001,Normal,Low,87
EVT-04411,2025-03-31 15:00:00,Central,SS-004,Normal,Low,385
EVT-01861,2025-03-31 17:00:00,West,SS-006,Normal,Low,237
EVT-04311,2025-03-31 17:00:00,South,SS-009,Normal,High,132
EVT-05000,2025-04-01 00:00:00,Central,SS-009,Normal,High,183
EVT-03536,2025-04-01 00:00:00,West,SS-007,Equipment Fault,Low,71
EVT-00778,2025-04-01 01:00:00,East,SS-006,Equipment Fault,Medium,193
EVT-00804,2025-04-01 01:00:00,East,SS-008,Normal,Low,41
EVT-04133,2025-04-01 02:00:00,South,SS-007,Normal,Critical,247
EVT-04975,2025-04-01 03:00:00,South,SS-010,Outage,High,261
EVT-03633,2025-04-01 11:00:00,North,SS-004,Voltage Anomaly,Medium,76
EVT-01111,2025-04-01 13:00:00,West,SS-010,Normal,High,38
EVT-00937,2025-04-02 00:00:00,East,SS-008,Normal,Medium,312
EVT-00869,2025-04-02 06:00:00,East,SS-010,Overload,Medium,41
EVT-02474,2025-04-02 10:00:00,East,SS-006,Normal,Medium,8
EVT-04709,2025-04-02 11:00:00,East,SS-008,Outage,Medium,159
EVT-00591,2025-04-02 14:00:00,Central,SS-007,Outage,Medium,316
EVT-01793,2025-04-02 14:00:00,West,SS-004,Normal,Medium,316
EVT-04099,2025-04-02 18:00:00,South,SS-004,Normal,Low,5
EVT-01110,2025-04-02 22:00:00,South,SS-005,Normal,Low,104
EVT-04024,2025-04-03 04:00:00,Central,SS-003,Normal,Medium,339
EVT-03370,2025-04-03 07:00:00,West,SS-003,Overload,Low,441
EVT-03598,2025-04-03 13:00:00,Central,SS-009,Normal,Low,109
EVT-02782,2025-04-03 14:00:00,West,SS-001,Maintenance,Low,217
EVT-02329,2025-04-03 14:00:00,South,SS-005,Overload,Low,158
EVT-02016,2025-04-03 16:00:00,Central,SS-009,Normal,Medium,316
EVT-02346,2025-04-03 19:00:00,East,SS-006,Voltage Anomaly,High,404
EVT-03842,2025-04-03 20:00:00,West,SS-004,Voltage Anomaly,Medium,210
EVT-04033,2025-04-03 21:00:00,South,SS-002,Outage,High,304
EVT-03358,2025-04-03 22:00:00,South,SS-002,Overload,High,334
EVT-04170,2025-04-04 02:00:00,West,SS-003,Normal,Critical,222
EVT-03493,2025-04-04 08:00:00,South,SS-010,Outage,Low,140
EVT-01194,2025-04-04 14:00:00,West,SS-008,Normal,Medium,10
EVT-04326,2025-04-04 15:00:00,East,SS-008,Equipment Fault,Critical,82
EVT-04010,2025-04-04 21:00:00,North,SS-009,Normal,Low,188
EVT-03836,2025-04-05 02:00:00,West,SS-003,Overload,Critical,435
EVT-02680,2025-04-05 04:00:00,West,SS-005,Normal,Medium,427
EVT-01013,2025-04-05 11:00:00,South,SS-008,Normal,Low,351
EVT-00589,2025-04-05 11:00:00,South,SS-009,Normal,Critical,383
EVT-02674,2025-04-05 14:00:00,North,SS-009,Outage,Low,416
EVT-03522,2025-04-05 19:00:00,Central,SS-008,Normal,Low,161
EVT-03538,2025-04-05 20:00:00,South,SS-008,Normal,Medium,32
EVT-02555,2025-04-05 21:00:00,South,SS-007,Normal,Medium,256
EVT-00266,2025-04-05 21:00:00,West,SS-002,Overload,Medium,7
EVT-02686,2025-04-06 07:00:00,East,SS-010,Outage,High,52
EVT-02211,2025-04-06 09:00:00,East,SS-008,Overload,Low,300
EVT-03775,2025-04-06 11:00:00,Central,SS-004,Equipment Fault,Critical,229
EVT-00400,2025-04-06 14:00:00,South,SS-006,Normal,Low,112
EVT-01532,2025-04-06 15:00:00,West,SS-004,Maintenance,Medium,362
EVT-02693,2025-04-06 15:00:00,North,SS-005,Normal,Low,477
EVT-03875,2025-04-06 16:00:00,Central,SS-003,Normal,High,175
EVT-01473,2025-04-06 17:00:00,South,SS-007,Outage,Medium,49
EVT-02428,2025-04-07 04:00:00,East,SS-009,Outage,Medium,94
EVT-02746,2025-04-07 04:00:00,Central,SS-007,Equipment Fault,Low,262
EVT-00122,2025-04-07 14:00:00,West,SS-006,Voltage Anomaly,Medium,470
EVT-01504,2025-04-07 18:00:00,Central,SS-010,Voltage Anomaly,Medium,334
EVT-04722,2025-04-07 18:00:00,South,SS-010,Normal,Medium,375
EVT-02537,2025-04-07 23:00:00,North,SS-002,Normal,Critical,26
EVT-01607,2025-04-08 04:00:00,East,SS-010,Normal,Low,185
EVT-03096,2025-04-08 06:00:00,West,SS-006,Normal,High,423
EVT-00490,2025-04-08 06:00:00,East,SS-006,Outage,Medium,150
EVT-04727,2025-04-08 10:00:00,East,SS-003,Equipment Fault,High,459
EVT-00006,2025-04-08 11:00:00,East,SS-005,Normal,Low,454
EVT-03957,2025-04-08 13:00:00,South,SS-010,Normal,Low,91
EVT-01776,2025-04-08 15:00:00,East,SS-002,Overload,Low,386
EVT-01081,2025-04-08 18:00:00,North,SS-010,Maintenance,Low,340
EVT-04098,2025-04-08 19:00:00,Central,SS-001,Normal,High,162
EVT-00066,2025-04-08 22:00:00,North,SS-007,Normal,High,305
EVT-00484,2025-04-08 22:00:00,North,SS-008,Normal,High,300
EVT-02021,2025-04-09 03:00:00,North,SS-010,Normal,Medium,262
EVT-03094,2025-04-09 06:00:00,East,SS-010,Normal,Medium,130
EVT-00050,2025-04-09 09:00:00,South,SS-002,Overload,High,318
EVT-04823,2025-04-09 13:00:00,North,SS-002,Normal,Low,41
EVT-02614,2025-04-09 15:00:00,West,SS-005,Normal,Low,151
EVT-00932,2025-04-09 20:00:00,Central,SS-004,Normal,Medium,451
EVT-01353,2025-04-10 01:00:00,North,SS-010,Overload,High,470
EVT-03601,2025-04-10 06:00:00,South,SS-004,Outage,Low,330
EVT-00735,2025-04-10 08:00:00,East,SS-006,Voltage Anomaly,High,438
EVT-03667,2025-04-10 11:00:00,West,SS-001,Normal,High,26
EVT-04505,2025-04-10 14:00:00,West,SS-006,Outage,Low,382
EVT-01501,2025-04-10 16:00:00,South,SS-009,Overload,Medium,247
EVT-00875,2025-04-10 19:00:00,South,SS-004,Normal,High,347
EVT-01865,2025-04-11 04:00:00,East,SS-009,Outage,Medium,258
EVT-02843,2025-04-11 17:00:00,Central,SS-005,Normal,Low,285
EVT-00640,2025-04-12 13:00:00,West,SS-007,Overload,Medium,398
EVT-03971,2025-04-12 14:00:00,East,SS-008,Normal,Medium,286
EVT-03308,2025-04-12 15:00:00,West,SS-010,Maintenance,Low,455
EVT-04548,2025-04-12 16:00:00,Central,SS-008,Normal,Low,148
EVT-02732,2025-04-12 22:00:00,East,SS-005,Equipment Fault,Medium,140
EVT-02370,2025-04-12 22:00:00,East,SS-005,Outage,Medium,269
EVT-01686,2025-04-13 01:00:00,Central,SS-009,Normal,Medium,454
EVT-00057,2025-04-13 01:00:00,Central,SS-005,Equipment Fault,Medium,202
EVT-02724,2025-04-13 02:00:00,North,SS-010,Normal,Critical,18
EVT-02926,2025-04-13 03:00:00,South,SS-002,Outage,High,460
EVT-03109,2025-04-13 04:00:00,West,SS-010,Overload,High,391
EVT-01422,2025-04-13 12:00:00,East,SS-003,Overload,Medium,358
EVT-00278,2025-04-13 13:00:00,West,SS-006,Normal,Medium,90
EVT-04208,2025-04-13 15:00:00,East,SS-001,Equipment Fault,Low,459
EVT-04361,2025-04-13 20:00:00,Central,SS-003,Normal,Low,303
EVT-04322,2025-04-13 21:00:00,East,SS-006,Normal,Low,197
EVT-04932,2025-04-13 21:00:00,South,SS-006,Voltage Anomaly,High,26
EVT-04151,2025-04-14 07:00:00,Central,SS-008,Maintenance,High,251
EVT-00622,2025-04-14 08:00:00,Central,SS-004,Voltage Anomaly,Low,437
EVT-01224,2025-04-14 08:00:00,Central,SS-010,Normal,Low,268
EVT-02628,2025-04-14 09:00:00,South,SS-005,Equipment Fault,Medium,84
EVT-04467,2025-04-14 10:00:00,East,SS-005,Overload,Low,313
EVT-02290,2025-04-14 13:00:00,North,SS-009,Overload,Low,315
EVT-04744,2025-04-14 17:00:00,Central,SS-003,Maintenance,Low,177
EVT-03113,2025-04-14 18:00:00,North,SS-001,Normal,Medium,366
EVT-01503,2025-04-14 19:00:00,Central,SS-001,Overload,Low,410
EVT-02986,2025-04-15 15:00:00,East,SS-005,Outage,High,58
EVT-03527,2025-04-15 22:00:00,North,SS-004,Maintenance,High,471
EVT-03243,2025-04-16 01:00:00,Central,SS-004,Equipment Fault,Medium,408
EVT-04921,2025-04-16 02:00:00,Central,SS-003,Overload,Critical,223
EVT-02041,2025-04-16 05:00:00,South,SS-010,Equipment Fault,Medium,245
EVT-02273,2025-04-16 08:00:00,East,SS-005,Outage,Medium,195
EVT-02099,2025-04-16 12:00:00,Central,SS-008,Equipment Fault,Medium,314
EVT-03254,2025-04-16 19:00:00,Central,SS-007,Normal,Medium,18
EVT-04724,2025-04-16 22:00:00,South,SS-009,Voltage Anomaly,Medium,206
EVT-00531,2025-04-17 01:00:00,South,SS-008,Normal,Low,223
EVT-03561,2025-04-17 07:00:00,South,SS-007,Normal,Low,69
EVT-04683,2025-04-17 10:00:00,West,SS-003,Outage,Low,263
EVT-00936,2025-04-17 12:00:00,Central,SS-010,Outage,Medium,180
EVT-01805,2025-04-17 13:00:00,Central,SS-002,Normal,Medium,432
EVT-00512,2025-04-17 21:00:00,West,SS-007,Overload,High,357
EVT-02930,2025-04-17 22:00:00,East,SS-004,Normal,Medium,245
EVT-04304,2025-04-17 23:00:00,West,SS-006,Overload,Medium,175
EVT-04605,2025-04-18 09:00:00,South,SS-009,Maintenance,Medium,423
EVT-02455,2025-04-18 10:00:00,North,SS-007,Equipment Fault,High,196
EVT-04388,2025-04-18 11:00:00,South,SS-002,Normal,High,22
EVT-00906,2025-04-18 13:00:00,North,SS-008,Normal,Medium,144
EVT-04917,2025-04-18 21:00:00,North,SS-004,Normal,Low,236
EVT-00560,2025-04-18 21:00:00,South,SS-003,Voltage Anomaly,Low,273
EVT-00543,2025-04-19 00:00:00,Central,SS-005,Normal,Medium,278
EVT-00260,2025-04-19 01:00:00,East,SS-005,Normal,High,210
EVT-00529,2025-04-19 08:00:00,West,SS-003,Overload,Medium,354
EVT-04391,2025-04-19 15:00:00,North,SS-007,Maintenance,Medium,343
EVT-04331,2025-04-19 17:00:00,Central,SS-002,Outage,Critical,293
EVT-01634,2025-04-19 21:00:00,South,SS-010,Normal,Critical,80
EVT-02114,2025-04-19 21:00:00,Central,SS-009,Normal,Medium,345
EVT-03935,2025-04-19 22:00:00,Central,SS-005,Normal,Medium,333
EVT-00902,2025-04-20 16:00:00,North,SS-002,Normal,Medium,220
EVT-04049,2025-04-20 22:00:00,Central,SS-009,Normal,Low,164
EVT-02697,2025-04-21 04:00:00,West,SS-006,Equipment Fault,Low,229
EVT-01747,2025-04-21 09:00:00,West,SS-008,Overload,Low,308
EVT-01707,2025-04-21 12:00:00,South,SS-002,Normal,Low,153
EVT-00014,2025-04-21 18:00:00,South,SS-007,Maintenance,Medium,270
EVT-01282,2025-04-21 19:00:00,East,SS-003,Voltage Anomaly,Low,120
EVT-00599,2025-04-21 20:00:00,North,SS-009,Normal,Low,76
EVT-04713,2025-04-21 21:00:00,West,SS-006,Normal,High,165
EVT-02742,2025-04-22 00:00:00,East,SS-003,Normal,Medium,212
EVT-04644,2025-04-22 05:00:00,North,SS-006,Equipment Fault,Medium,283
EVT-02640,2025-04-22 12:00:00,West,SS-006,Voltage Anomaly,Medium,475
EVT-04501,2025-04-22 12:00:00,Central,SS-006,Outage,Low,318
EVT-00547,2025-04-22 18:00:00,East,SS-008,Voltage Anomaly,Low,242
EVT-02995,2025-04-22 19:00:00,Central,SS-007,Normal,High,444
EVT-01341,2025-04-23 02:00:00,North,SS-003,Equipment Fault,Low,69
EVT-00155,2025-04-23 03:00:00,South,SS-004,Equipment Fault,Low,136
EVT-01976,2025-04-23 16:00:00,Central,SS-010,Normal,Medium,103
EVT-00678,2025-04-23 18:00:00,West,SS-007,Overload,High,149
EVT-02915,2025-04-23 19:00:00,South,SS-010,Normal,Low,151
EVT-00053,2025-04-23 21:00:00,North,SS-006,Normal,Medium,244
EVT-03888,2025-04-23 22:00:00,East,SS-006,Outage,Low,198
EVT-01731,2025-04-24 05:00:00,North,SS-003,Normal,High,100
EVT-00674,2025-04-24 06:00:00,North,SS-006,Normal,Medium,259
EVT-03872,2025-04-24 06:00:00,West,SS-001,Outage,High,73
EVT-04903,2025-04-24 06:00:00,Central,SS-005,Normal,High,236
EVT-00658,2025-04-24 07:00:00,Central,SS-002,Overload,High,347
EVT-03550,2025-04-24 17:00:00,South,SS-006,Outage,Low,455
EVT-02104,2025-04-24 17:00:00,South,SS-006,Normal,Low,419
EVT-02004,2025-04-24 21:00:00,South,SS-005,Normal,High,147
EVT-01904,2025-04-24 22:00:00,East,SS-005,Normal,Low,190
EVT-02436,2025-04-24 23:00:00,East,SS-008,Normal,High,113
EVT-01791,2025-04-25 06:00:00,Central,SS-003,Normal,Low,133
EVT-01694,2025-04-25 11:00:00,West,SS-004,Outage,Medium,202
EVT-00603,2025-04-25 13:00:00,Central,SS-003,Normal,Medium,21
EVT-00296,2025-04-25 14:00:00,West,SS-005,Outage,High,314
EVT-04200,2025-04-25 15:00:00,North,SS-006,Normal,High,228
EVT-02710,2025-04-25 19:00:00,West,SS-008,Maintenance,Low,393
EVT-03181,2025-04-25 19:00:00,Central,SS-005,Normal,Low,256
EVT-00548,2025-04-26 02:00:00,South,SS-006,Overload,Medium,372
EVT-03768,2025-04-26 05:00:00,West,SS-002,Equipment Fault,Low,79
EVT-01276,2025-04-26 07:00:00,West,SS-010,Normal,Low,374
EVT-01549,2025-04-26 09:00:00,East,SS-010,Normal,Low,146
EVT-02034,2025-04-26 10:00:00,North,SS-003,Voltage Anomaly,Medium,212
EVT-01072,2025-04-26 10:00:00,West,SS-006,Normal,Low,323
EVT-02659,2025-04-26 12:00:00,Central,SS-005,Normal,Medium,212
EVT-02039,2025-04-26 13:00:00,South,SS-009,Normal,High,60
EVT-02200,2025-04-26 13:00:00,East,SS-003,Normal,Low,15
EVT-04734,2025-04-26 16:00:00,West,SS-008,Voltage Anomaly,Critical,450
EVT-02920,2025-04-26 17:00:00,South,SS-004,Maintenance,Low,228
EVT-00829,2025-04-26 19:00:00,North,SS-001,Normal,Low,135
EVT-01612,2025-04-26 22:00:00,North,SS-006,Maintenance,Critical,356
EVT-00222,2025-04-27 08:00:00,East,SS-003,Outage,Low,294
EVT-03958,2025-04-27 18:00:00,West,SS-006,Normal,Low,68
EVT-04347,2025-04-28 02:00:00,East,SS-002,Voltage Anomaly,Critical,50
EVT-04416,2025-04-28 06:00:00,Central,SS-004,Normal,Low,435
EVT-02378,2025-04-28 06:00:00,South,SS-004,Normal,Medium,331
EVT-02662,2025-04-28 10:00:00,West,SS-006,Overload,Low,173
EVT-04314,2025-04-28 13:00:00,East,SS-004,Normal,Low,339
EVT-01969,2025-04-28 14:00:00,West,SS-006,Normal,Low,384
EVT-02391,2025-04-28 18:00:00,North,SS-009,Normal,High,350
EVT-01534,2025-04-28 20:00:00,East,SS-006,Outage,Critical,161
EVT-04426,2025-04-28 23:00:00,North,SS-007,Normal,High,197
EVT-04401,2025-04-28 23:00:00,West,SS-003,Normal,Critical,334
EVT-01364,2025-04-29 05:00:00,North,SS-008,Overload,Medium,81
EVT-01690,2025-04-29 06:00:00,North,SS-002,Normal,Medium,24
EVT-02292,2025-04-29 10:00:00,South,SS-009,Overload,High,472
EVT-03371,2025-04-29 10:00:00,West,SS-008,Overload,High,306
EVT-00888,2025-04-29 12:00:00,South,SS-010,Normal,Medium,54
EVT-02576,2025-04-29 12:00:00,West,SS-004,Normal,High,335
EVT-04216,2025-04-29 16:00:00,East,SS-010,Normal,Medium,89
EVT-01719,2025-04-29 18:00:00,South,SS-008,Overload,Low,367
EVT-03134,2025-04-29 23:00:00,Central,SS-004,Normal,High,81
EVT-02624,2025-04-29 23:00:00,South,SS-005,Normal,Low,412
EVT-04526,2025-04-30 03:00:00,North,SS-004,Normal,High,129
EVT-03778,2025-04-30 06:00:00,West,SS-010,Normal,Low,51
EVT-01135,2025-04-30 14:00:00,East,SS-006,Outage,Medium,418
EVT-02620,2025-04-30 17:00:00,Central,SS-008,Normal,Low,414
EVT-04672,2025-05-01 01:00:00,East,SS-005,Normal,Low,365
EVT-04120,2025-05-01 08:00:00,Central,SS-003,Normal,Low,49
EVT-03385,2025-05-02 08:00:00,West,SS-003,Normal,High,103
EVT-00421,2025-05-02 19:00:00,West,SS-001,Normal,Low,274
EVT-00392,2025-05-02 23:00:00,North,SS-006,Equipment Fault,Medium,329
EVT-02595,2025-05-03 06:00:00,South,SS-009,Normal,Critical,223
EVT-04230,2025-05-03 06:00:00,Central,SS-010,Normal,Medium,126
EVT-04184,2025-05-03 10:00:00,Central,SS-004,Normal,Medium,143
EVT-02473,2025-05-03 12:00:00,South,SS-002,Normal,High,444
EVT-03235,2025-05-03 15:00:00,East,SS-006,Normal,Medium,317
EVT-03983,2025-05-03 18:00:00,South,SS-008,Overload,High,123
EVT-04949,2025-05-03 20:00:00,West,SS-008,Outage,Low,381
EVT-04893,2025-05-04 07:00:00,North,SS-007,Voltage Anomaly,Low,428
EVT-04305,2025-05-04 08:00:00,West,SS-010,Normal,Medium,337
EVT-00135,2025-05-04 11:00:00,North,SS-010,Normal,Critical,240
EVT-01094,2025-05-04 13:00:00,West,SS-004,Outage,Medium,369
EVT-04561,2025-05-04 16:00:00,Central,SS-002,Normal,Low,297
EVT-04521,2025-05-04 20:00:00,West,SS-008,Overload,Critical,268
EVT-02318,2025-05-04 21:00:00,West,SS-010,Overload,Low,247
EVT-01448,2025-05-05 05:00:00,East,SS-002,Equipment Fault,Low,190
EVT-04379,2025-05-05 06:00:00,North,SS-001,Equipment Fault,Low,375
EVT-03497,2025-05-05 08:00:00,North,SS-004,Normal,Low,251
EVT-02601,2025-05-05 15:00:00,Central,SS-007,Normal,Low,433
EVT-04204,2025-05-05 16:00:00,West,SS-010,Overload,Medium,17
EVT-02153,2025-05-05 22:00:00,Central,SS-003,Normal,Critical,372
EVT-03165,2025-05-06 06:00:00,Central,SS-003,Normal,Medium,95
EVT-03189,2025-05-06 08:00:00,Central,SS-007,Voltage Anomaly,Low,349
EVT-03695,2025-05-06 12:00:00,West,SS-005,Voltage Anomaly,Medium,227
EVT-03594,2025-05-06 18:00:00,North,SS-001,Normal,Medium,291
EVT-02311,2025-05-06 23:00:00,North,SS-004,Normal,Low,193
EVT-00208,2025-05-06 23:00:00,West,SS-002,Normal,High,375
EVT-00519,2025-05-07 01:00:00,South,SS-001,Outage,Medium,124
EVT-00492,2025-05-07 04:00:00,South,SS-010,Normal,Medium,372
EVT-03177,2025-05-07 06:00:00,South,SS-005,Maintenance,Medium,201
EVT-02242,2025-05-07 11:00:00,North,SS-010,Outage,Low,78
EVT-01406,2025-05-07 13:00:00,East,SS-005,Normal,Low,309
EVT-02296,2025-05-07 19:00:00,North,SS-008,Normal,Low,73
EVT-00145,2025-05-08 02:00:00,North,SS-010,Equipment Fault,Medium,69
EVT-01165,2025-05-08 05:00:00,North,SS-006,Normal,Medium,386
EVT-04707,2025-05-08 09:00:00,West,SS-007,Normal,High,234
EVT-02421,2025-05-08 12:00:00,East,SS-007,Normal,High,98
EVT-02407,2025-05-08 13:00:00,North,SS-001,Normal,Low,165
EVT-00827,2025-05-08 14:00:00,East,SS-006,Voltage Anomaly,Medium,337
EVT-02241,2025-05-08 17:00:00,Central,SS-008,Outage,High,48
EVT-02730,2025-05-09 06:00:00,Central,SS-003,Normal,Medium,420
EVT-04616,2025-05-09 09:00:00,Central,SS-002,Voltage Anomaly,Critical,45
EVT-02477,2025-05-09 10:00:00,North,SS-010,Voltage Anomaly,Low,386
EVT-00881,2025-05-09 12:00:00,West,SS-010,Normal,Low,175
EVT-02116,2025-05-09 13:00:00,Central,SS-002,Equipment Fault,High,476
EVT-00676,2025-05-09 13:00:00,West,SS-005,Overload,Critical,407
EVT-04984,2025-05-09 15:00:00,West,SS-008,Voltage Anomaly,Critical,455
EVT-04047,2025-05-09 16:00:00,East,SS-002,Voltage Anomaly,Low,430
EVT-04351,2025-05-10 00:00:00,East,SS-002,Normal,Low,370
EVT-00264,2025-05-10 01:00:00,West,SS-009,Normal,High,473
EVT-02894,2025-05-10 07:00:00,Central,SS-007,Normal,High,79
EVT-02269,2025-05-10 13:00:00,East,SS-002,Normal,Low,279
EVT-01447,2025-05-10 22:00:00,East,SS-006,Normal,High,25
EVT-04417,2025-05-10 23:00:00,East,SS-003,Overload,Low,118
EVT-01966,2025-05-11 05:00:00,South,SS-004,Normal,Medium,324
EVT-03532,2025-05-11 13:00:00,South,SS-009,Outage,Medium,475
EVT-00774,2025-05-11 18:00:00,West,SS-004,Normal,High,219
EVT-01506,2025-05-11 23:00:00,Central,SS-006,Voltage Anomaly,Low,60
EVT-02684,2025-05-12 07:00:00,Central,SS-006,Normal,Low,412
EVT-00977,2025-05-12 08:00:00,Central,SS-003,Overload,Medium,274
EVT-04187,2025-05-12 16:00:00,North,SS-001,Normal,Medium,64
EVT-02086,2025-05-12 18:00:00,Central,SS-005,Maintenance,High,479
EVT-01418,2025-05-12 19:00:00,Central,SS-004,Normal,Low,292
EVT-03316,2025-05-12 20:00:00,West,SS-004,Normal,High,377
EVT-00579,2025-05-12 22:00:00,West,SS-007,Maintenance,Low,176
EVT-01569,2025-05-13 04:00:00,South,SS-007,Overload,High,368
EVT-02303,2025-05-13 07:00:00,West,SS-001,Normal,Critical,181
EVT-01215,2025-05-13 10:00:00,Central,SS-008,Normal,High,393
EVT-04607,2025-05-13 17:00:00,West,SS-005,Normal,Critical,364
EVT-01858,2025-05-13 18:00:00,East,SS-006,Overload,Medium,86
EVT-00733,2025-05-13 23:00:00,East,SS-010,Maintenance,Medium,174
EVT-04498,2025-05-14 01:00:00,East,SS-009,Normal,Medium,161
EVT-02319,2025-05-14 01:00:00,South,SS-004,Normal,High,28
EVT-01489,2025-05-14 02:00:00,West,SS-002,Outage,Low,408
EVT-04987,2025-05-14 04:00:00,East,SS-010,Normal,Medium,364
EVT-01402,2025-05-14 07:00:00,North,SS-001,Normal,Low,302
EVT-02963,2025-05-14 13:00:00,West,SS-010,Outage,High,382
EVT-04769,2025-05-14 15:00:00,East,SS-004,Maintenance,High,179
EVT-03049,2025-05-14 20:00:00,West,SS-006,Outage,Low,450
EVT-00340,2025-05-15 01:00:00,South,SS-007,Maintenance,Low,279
EVT-01121,2025-05-15 03:00:00,South,SS-004,Normal,Low,21
EVT-02347,2025-05-15 07:00:00,West,SS-008,Overload,Low,450
EVT-02504,2025-05-15 11:00:00,West,SS-006,Maintenance,Medium,243
EVT-04560,2025-05-15 11:00:00,East,SS-004,Voltage Anomaly,Medium,329
EVT-02895,2025-05-15 14:00:00,South,SS-007,Overload,Critical,122
EVT-02957,2025-05-15 19:00:00,Central,SS-005,Voltage Anomaly,High,76
EVT-01951,2025-05-15 21:00:00,Central,SS-010,Outage,High,8
EVT-01269,2025-05-15 22:00:00,North,SS-002,Overload,Medium,390
EVT-02451,2025-05-16 02:00:00,East,SS-003,Equipment Fault,Low,278
EVT-02692,2025-05-16 04:00:00,West,SS-006,Overload,Low,114
EVT-01392,2025-05-16 09:00:00,East,SS-003,Normal,High,23
EVT-04799,2025-05-16 12:00:00,West,SS-006,Outage,Low,42
EVT-00755,2025-05-17 00:00:00,North,SS-001,Voltage Anomaly,High,110
EVT-04784,2025-05-17 03:00:00,North,SS-003,Normal,Critical,87
EVT-03897,2025-05-17 09:00:00,East,SS-005,Overload,Critical,39
EVT-04675,2025-05-17 14:00:00,South,SS-009,Voltage Anomaly,High,282
EVT-02033,2025-05-17 14:00:00,East,SS-006,Normal,High,183
EVT-02417,2025-05-17 17:00:00,East,SS-005,Normal,Medium,476
EVT-01907,2025-05-17 19:00:00,East,SS-008,Normal,Medium,6
EVT-02890,2025-05-18 02:00:00,Central,SS-010,Voltage Anomaly,High,362
EVT-00051,2025-05-18 02:00:00,West,SS-004,Overload,Low,354
EVT-01295,2025-05-18 06:00:00,North,SS-009,Overload,High,256
EVT-01838,2025-05-18 08:00:00,Central,SS-007,Normal,Medium,77
EVT-02535,2025-05-19 04:00:00,East,SS-010,Overload,Medium,192
EVT-04490,2025-05-19 06:00:00,Central,SS-003,Normal,Low,421
EVT-00439,2025-05-19 06:00:00,South,SS-005,Voltage Anomaly,High,466
EVT-03107,2025-05-19 11:00:00,South,SS-007,Outage,Low,110
EVT-01925,2025-05-19 12:00:00,Central,SS-003,Normal,High,274
EVT-01797,2025-05-19 13:00:00,North,SS-003,Overload,Medium,213
EVT-04055,2025-05-19 13:00:00,North,SS-005,Overload,Medium,251
EVT-01316,2025-05-19 14:00:00,North,SS-003,Normal,High,12
EVT-02737,2025-05-19 21:00:00,West,SS-006,Normal,Low,223
EVT-01169,2025-05-19 22:00:00,South,SS-005,Voltage Anomaly,Medium,9
EVT-04502,2025-05-19 23:00:00,Central,SS-006,Outage,High,390
EVT-01001,2025-05-19 23:00:00,South,SS-003,Equipment Fault,Low,363
EVT-02602,2025-05-20 04:00:00,North,SS-003,Outage,Medium,39
EVT-01529,2025-05-20 06:00:00,East,SS-002,Outage,Low,303
EVT-04470,2025-05-20 08:00:00,North,SS-007,Overload,Medium,287
EVT-02929,2025-05-20 11:00:00,North,SS-009,Normal,Low,204
EVT-00308,2025-05-20 11:00:00,West,SS-001,Outage,Low,35
EVT-01101,2025-05-20 19:00:00,North,SS-010,Equipment Fault,Low,40
EVT-01547,2025-05-21 02:00:00,Central,SS-006,Maintenance,Medium,230
EVT-00631,2025-05-21 09:00:00,North,SS-004,Normal,Medium,48
EVT-01426,2025-05-21 09:00:00,West,SS-006,Normal,High,475
EVT-03774,2025-05-21 10:00:00,East,SS-008,Normal,High,299
EVT-00630,2025-05-21 12:00:00,North,SS-010,Outage,Medium,462
EVT-02010,2025-05-21 17:00:00,Central,SS-001,Outage,Medium,275
EVT-04109,2025-05-22 07:00:00,Central,SS-003,Overload,Medium,217
EVT-03164,2025-05-22 08:00:00,South,SS-010,Normal,Medium,299
EVT-02475,2025-05-22 11:00:00,North,SS-006,Normal,Medium,230
EVT-03046,2025-05-22 14:00:00,Central,SS-002,Overload,Medium,82
EVT-02112,2025-05-22 14:00:00,East,SS-003,Normal,Medium,107
EVT-00282,2025-05-22 15:00:00,West,SS-001,Overload,High,450
EVT-02193,2025-05-23 08:00:00,South,SS-003,Voltage Anomaly,Low,34
EVT-02491,2025-05-23 11:00:00,West,SS-006,Normal,Low,335
EVT-01524,2025-05-23 12:00:00,Central,SS-002,Normal,Medium,214
EVT-03514,2025-05-23 15:00:00,South,SS-005,Outage,Low,80
EVT-03736,2025-05-23 17:00:00,East,SS-010,Outage,High,164
EVT-03913,2025-05-23 19:00:00,West,SS-010,Normal,High,151
EVT-00209,2025-05-24 02:00:00,Central,SS-002,Overload,Low,443
EVT-04454,2025-05-24 03:00:00,South,SS-001,Normal,Medium,407
EVT-02088,2025-05-24 06:00:00,Central,SS-006,Normal,High,87
EVT-04821,2025-05-24 13:00:00,East,SS-009,Normal,Medium,142
EVT-04261,2025-05-24 14:00:00,Central,SS-009,Normal,Low,320
EVT-01544,2025-05-24 15:00:00,Central,SS-004,Outage,Medium,222
EVT-02802,2025-05-24 16:00:00,South,SS-005,Normal,Low,200
EVT-01351,2025-05-25 00:00:00,Central,SS-003,Voltage Anomaly,Low,109
EVT-03186,2025-05-25 02:00:00,South,SS-005,Normal,Low,423
EVT-00022,2025-05-25 13:00:00,North,SS-009,Overload,Medium,174
EVT-04280,2025-05-26 08:00:00,Central,SS-001,Voltage Anomaly,High,24
EVT-04189,2025-05-26 12:00:00,East,SS-002,Maintenance,Low,257
EVT-00056,2025-05-26 16:00:00,West,SS-007,Normal,Medium,405
EVT-03431,2025-05-26 19:00:00,North,SS-005,Outage,High,402
EVT-01432,2025-05-26 19:00:00,South,SS-009,Outage,Medium,278
EVT-03648,2025-05-26 21:00:00,Central,SS-006,Voltage Anomaly,High,248
EVT-04867,2025-05-26 22:00:00,East,SS-003,Overload,High,254
EVT-01207,2025-05-27 02:00:00,Central,SS-007,Overload,Low,318
EVT-04011,2025-05-27 17:00:00,East,SS-009,Voltage Anomaly,Low,364
EVT-02901,2025-05-27 18:00:00,South,SS-007,Overload,High,469
EVT-00162,2025-05-27 19:00:00,West,SS-006,Overload,Medium,207
EVT-04335,2025-05-28 01:00:00,West,SS-003,Overload,Critical,91
EVT-01710,2025-05-28 03:00:00,Central,SS-006,Equipment Fault,High,249
EVT-03002,2025-05-28 05:00:00,North,SS-010,Voltage Anomaly,Low,336
EVT-03337,2025-05-28 05:00:00,Central,SS-006,Voltage Anomaly,High,329
EVT-02599,2025-05-28 06:00:00,East,SS-007,Normal,High,306
EVT-00031,2025-05-28 18:00:00,West,SS-010,Equipment Fault,Medium,78
EVT-02149,2025-05-28 18:00:00,East,SS-007,Normal,Medium,346
EVT-03666,2025-05-29 11:00:00,South,SS-004,Outage,High,439
EVT-02316,2025-05-29 22:00:00,South,SS-001,Normal,Low,466
EVT-04281,2025-05-30 00:00:00,West,SS-006,Normal,Medium,147
EVT-00355,2025-05-30 04:00:00,West,SS-009,Overload,Medium,337
EVT-04957,2025-05-30 05:00:00,South,SS-010,Normal,Medium,38
EVT-02979,2025-05-30 07:00:00,North,SS-010,Equipment Fault,Medium,240
EVT-02040,2025-05-30 08:00:00,South,SS-009,Overload,Medium,302
EVT-00460,2025-05-30 09:00:00,Central,SS-006,Equipment Fault,Medium,452
EVT-03869,2025-05-30 09:00:00,West,SS-006,Equipment Fault,Low,192
EVT-02324,2025-05-30 10:00:00,West,SS-007,Normal,Low,208
EVT-01488,2025-05-30 18:00:00,North,SS-009,Voltage Anomaly,Critical,334
EVT-03706,2025-05-30 20:00:00,Central,SS-005,Normal,Medium,386
EVT-01964,2025-05-31 03:00:00,East,SS-004,Normal,Low,144
EVT-01401,2025-05-31 04:00:00,Central,SS-001,Normal,Critical,441
EVT-01053,2025-05-31 05:00:00,North,SS-004,Maintenance,High,470
EVT-00452,2025-05-31 10:00:00,Central,SS-004,Equipment Fault,High,421
EVT-03201,2025-06-01 01:00:00,West,SS-008,Normal,Critical,475
EVT-01915,2025-06-01 15:00:00,North,SS-004,Normal,High,322
EVT-03151,2025-06-01 18:00:00,East,SS-002,Normal,Low,286
EVT-04231,2025-06-01 18:00:00,Central,SS-004,Normal,High,356
EVT-04789,2025-06-01 20:00:00,Central,SS-010,Equipment Fault,Low,120
EVT-04342,2025-06-01 23:00:00,East,SS-008,Normal,Medium,334
EVT-02310,2025-06-02 01:00:00,North,SS-008,Voltage Anomaly,Critical,417
EVT-03051,2025-06-02 06:00:00,North,SS-007,Overload,Medium,475
EVT-04117,2025-06-02 11:00:00,South,SS-002,Normal,Low,462
EVT-03419,2025-06-02 11:00:00,East,SS-003,Normal,High,268
EVT-00054,2025-06-02 13:00:00,North,SS-005,Normal,Low,273
EVT-02613,2025-06-02 18:00:00,North,SS-008,Normal,Low,279
EVT-00156,2025-06-02 19:00:00,North,SS-004,Normal,Low,283
EVT-04308,2025-06-03 00:00:00,West,SS-005,Voltage Anomaly,Low,35
EVT-01558,2025-06-03 03:00:00,North,SS-004,Maintenance,High,369
EVT-01685,2025-06-03 05:00:00,North,SS-006,Normal,Low,358
EVT-00534,2025-06-03 09:00:00,South,SS-005,Normal,High,278
EVT-02803,2025-06-03 09:00:00,South,SS-002,Voltage Anomaly,Medium,303
EVT-00224,2025-06-03 16:00:00,West,SS-001,Overload,Low,372
EVT-03464,2025-06-03 18:00:00,South,SS-005,Normal,Low,243
EVT-01337,2025-06-04 00:00:00,South,SS-007,Outage,Low,152
EVT-01389,2025-06-04 01:00:00,Central,SS-003,Normal,High,321
EVT-04430,2025-06-04 08:00:00,East,SS-007,Normal,High,214
EVT-02274,2025-06-04 12:00:00,North,SS-010,Normal,Low,213
EVT-04325,2025-06-04 13:00:00,Central,SS-001,Maintenance,Medium,319
EVT-02248,2025-06-04 18:00:00,East,SS-002,Normal,Low,410
EVT-04199,2025-06-05 01:00:00,East,SS-006,Equipment Fault,Critical,143
EVT-03494,2025-06-05 04:00:00,South,SS-004,Normal,Low,412
EVT-02520,2025-06-05 06:00:00,Central,SS-002,Equipment Fault,High,447
EVT-00773,2025-06-05 10:00:00,North,SS-005,Normal,Low,213
EVT-01031,2025-06-05 11:00:00,East,SS-001,Maintenance,Medium,99
EVT-00794,2025-06-05 18:00:00,East,SS-004,Maintenance,High,466
EVT-02015,2025-06-05 19:00:00,West,SS-003,Equipment Fault,Low,122
EVT-01229,2025-06-05 20:00:00,Central,SS-008,Normal,Low,316
EVT-01514,2025-06-05 22:00:00,West,SS-009,Normal,Low,385
EVT-04610,2025-06-06 02:00:00,East,SS-002,Normal,Medium,396
EVT-00754,2025-06-06 04:00:00,South,SS-001,Outage,Medium,110
EVT-04121,2025-06-06 05:00:00,Central,SS-007,Maintenance,Medium,141
EVT-03584,2025-06-06 06:00:00,South,SS-010,Outage,Medium,70
EVT-04759,2025-06-06 09:00:00,Central,SS-005,Normal,Medium,136
EVT-03452,2025-06-06 10:00:00,East,SS-008,Equipment Fault,High,262
EVT-03499,2025-06-06 10:00:00,South,SS-005,Voltage Anomaly,Low,373
EVT-03221,2025-06-06 22:00:00,Central,SS-002,Normal,Medium,80
EVT-02747,2025-06-06 22:00:00,Central,SS-005,Maintenance,Medium,179
EVT-00283,2025-06-07 07:00:00,West,SS-002,Overload,Medium,468
EVT-04745,2025-06-07 11:00:00,South,SS-010,Maintenance,Low,109
EVT-04389,2025-06-07 16:00:00,South,SS-002,Normal,Medium,313
EVT-02934,2025-06-07 20:00:00,Central,SS-009,Normal,Low,232
EVT-00059,2025-06-07 20:00:00,South,SS-007,Normal,Medium,139
EVT-03545,2025-06-07 23:00:00,West,SS-009,Equipment Fault,Low,232
EVT-04622,2025-06-08 00:00:00,South,SS-002,Overload,Low,321
EVT-03393,2025-06-08 01:00:00,Central,SS-001,Voltage Anomaly,High,386
EVT-04477,2025-06-08 03:00:00,West,SS-003,Equipment Fault,Low,195
EVT-00418,2025-06-08 07:00:00,North,SS-005,Maintenance,Low,213
EVT-00469,2025-06-08 13:00:00,West,SS-006,Normal,Low,249
EVT-04643,2025-06-08 13:00:00,North,SS-003,Normal,Medium,22
EVT-01815,2025-06-09 02:00:00,North,SS-009,Normal,High,220
EVT-02185,2025-06-09 04:00:00,South,SS-008,Normal,Medium,389
EVT-01755,2025-06-09 04:00:00,South,SS-007,Overload,Low,29
EVT-03309,2025-06-09 07:00:00,East,SS-006,Normal,Medium,87
EVT-04594,2025-06-09 13:00:00,South,SS-002,Voltage Anomaly,Low,93
EVT-00379,2025-06-09 14:00:00,East,SS-008,Overload,Low,47
EVT-02267,2025-06-09 23:00:00,South,SS-007,Equipment Fault,Low,427
EVT-01105,2025-06-10 00:00:00,North,SS-002,Normal,High,110
EVT-03792,2025-06-10 01:00:00,East,SS-005,Outage,High,231
EVT-00691,2025-06-10 02:00:00,North,SS-005,Maintenance,Low,212
EVT-03540,2025-06-10 03:00:00,West,SS-007,Overload,Critical,449
EVT-03265,2025-06-10 13:00:00,West,SS-003,Outage,High,355
EVT-00675,2025-06-10 13:00:00,East,SS-008,Normal,Medium,80
EVT-03791,2025-06-10 15:00:00,South,SS-009,Normal,Critical,180
EVT-01678,2025-06-10 15:00:00,West,SS-007,Normal,Medium,140
EVT-02446,2025-06-10 17:00:00,South,SS-001,Normal,High,477
EVT-04723,2025-06-10 18:00:00,North,SS-007,Voltage Anomaly,Medium,461
EVT-02838,2025-06-10 19:00:00,South,SS-005,Normal,High,110
EVT-03948,2025-06-10 19:00:00,West,SS-010,Maintenance,Medium,275
EVT-02279,2025-06-10 22:00:00,West,SS-010,Normal,Low,80
EVT-03028,2025-06-10 23:00:00,South,SS-009,Normal,Medium,106
EVT-03691,2025-06-11 03:00:00,South,SS-008,Overload,Low,68
EVT-04719,2025-06-11 06:00:00,West,SS-010,Normal,Medium,201
EVT-00395,2025-06-11 06:00:00,South,SS-005,Normal,Low,398
EVT-01297,2025-06-11 08:00:00,West,SS-001,Normal,Medium,33
EVT-02749,2025-06-11 10:00:00,Central,SS-005,Normal,High,160
EVT-02862,2025-06-11 11:00:00,East,SS-005,Voltage Anomaly,Medium,66
EVT-01291,2025-06-11 12:00:00,East,SS-008,Normal,Medium,391
EVT-03402,2025-06-11 23:00:00,North,SS-010,Outage,Low,459
EVT-04531,2025-06-12 03:00:00,South,SS-006,Maintenance,High,315
EVT-04891,2025-06-12 09:00:00,Central,SS-007,Normal,Medium,243
EVT-01765,2025-06-12 16:00:00,South,SS-007,Maintenance,Low,282
EVT-04478,2025-06-12 18:00:00,South,SS-004,Outage,Low,29
EVT-03883,2025-06-12 22:00:00,East,SS-002,Normal,Critical,274
EVT-00839,2025-06-12 23:00:00,East,SS-007,Equipment Fault,Medium,47
EVT-01007,2025-06-13 03:00:00,Central,SS-001,Equipment Fault,Critical,433
EVT-01044,2025-06-13 03:00:00,West,SS-001,Normal,Low,412
EVT-04253,2025-06-13 09:00:00,Central,SS-008,Normal,Low,214
EVT-00648,2025-06-13 10:00:00,West,SS-002,Equipment Fault,Medium,22
EVT-03582,2025-06-13 13:00:00,West,SS-004,Outage,Low,121
EVT-04380,2025-06-13 14:00:00,Central,SS-010,Overload,Low,104
EVT-04515,2025-06-13 22:00:00,Central,SS-009,Normal,Medium,330
EVT-04246,2025-06-14 02:00:00,North,SS-007,Normal,High,397
EVT-01927,2025-06-14 02:00:00,Central,SS-002,Equipment Fault,Medium,167
EVT-04966,2025-06-14 07:00:00,Central,SS-003,Maintenance,Medium,397
EVT-04848,2025-06-14 07:00:00,North,SS-007,Outage,Critical,119
EVT-01263,2025-06-14 07:00:00,South,SS-010,Outage,Medium,350
EVT-04958,2025-06-14 12:00:00,South,SS-008,Normal,Medium,432
EVT-01462,2025-06-14 20:00:00,East,SS-007,Voltage Anomaly,Low,284
EVT-02964,2025-06-15 00:00:00,East,SS-002,Normal,Medium,33
EVT-01287,2025-06-15 05:00:00,South,SS-009,Outage,Low,122
EVT-02462,2025-06-15 09:00:00,East,SS-009,Outage,Medium,148
EVT-03209,2025-06-15 18:00:00,Central,SS-008,Maintenance,Medium,66
EVT-02841,2025-06-15 20:00:00,Central,SS-008,Overload,Low,34
EVT-00528,2025-06-15 20:00:00,West,SS-005,Equipment Fault,Medium,199
EVT-01528,2025-06-15 21:00:00,South,SS-004,Normal,Medium,292
EVT-03133,2025-06-16 14:00:00,North,SS-004,Normal,Medium,61
EVT-01539,2025-06-16 16:00:00,East,SS-005,Normal,Low,381
EVT-00196,2025-06-16 20:00:00,East,SS-005,Overload,Medium,24
EVT-00638,2025-06-16 21:00:00,North,SS-002,Normal,High,312
EVT-04408,2025-06-17 03:00:00,East,SS-004,Normal,Low,371
EVT-04584,2025-06-17 03:00:00,South,SS-009,Voltage Anomaly,Low,69
EVT-02142,2025-06-17 04:00:00,Central,SS-001,Normal,High,235
EVT-02174,2025-06-17 09:00:00,North,SS-003,Maintenance,High,191
EVT-00341,2025-06-17 13:00:00,West,SS-008,Normal,Medium,214
EVT-02045,2025-06-17 14:00:00,Central,SS-004,Outage,Low,283
EVT-01496,2025-06-17 15:00:00,Central,SS-002,Normal,Critical,75
EVT-04085,2025-06-17 15:00:00,West,SS-004,Overload,Low,468
EVT-03952,2025-06-17 18:00:00,East,SS-005,Voltage Anomaly,High,471
EVT-00307,2025-06-17 18:00:00,South,SS-006,Maintenance,Low,106
EVT-03022,2025-06-17 20:00:00,South,SS-003,Normal,Medium,132
EVT-02426,2025-06-18 00:00:00,West,SS-003,Normal,High,251
EVT-02518,2025-06-18 03:00:00,South,SS-008,Normal,Low,76
EVT-01197,2025-06-18 06:00:00,North,SS-008,Overload,Low,36
EVT-01421,2025-06-18 07:00:00,Central,SS-008,Overload,Low,88
EVT-03629,2025-06-18 14:00:00,South,SS-005,Normal,Low,234
EVT-03244,2025-06-19 04:00:00,West,SS-001,Normal,Low,290
EVT-01730,2025-06-19 06:00:00,North,SS-001,Normal,Low,430
EVT-04711,2025-06-19 09:00:00,West,SS-002,Overload,High,170
EVT-00081,2025-06-19 09:00:00,Central,SS-002,Voltage Anomaly,Critical,212
EVT-00125,2025-06-19 11:00:00,North,SS-010,Voltage Anomaly,Medium,192
EVT-04945,2025-06-19 13:00:00,South,SS-010,Equipment Fault,Medium,304
EVT-00751,2025-06-19 19:00:00,North,SS-005,Normal,Critical,218
EVT-04512,2025-06-19 23:00:00,East,SS-008,Outage,High,138
EVT-03478,2025-06-20 02:00:00,West,SS-002,Normal,High,144
EVT-01103,2025-06-20 08:00:00,North,SS-006,Normal,Low,164
EVT-01284,2025-06-20 11:00:00,West,SS-005,Overload,Low,77
EVT-03786,2025-06-20 12:00:00,East,SS-004,Outage,Low,270
EVT-02676,2025-06-20 12:00:00,South,SS-002,Equipment Fault,Medium,210
EVT-04043,2025-06-20 19:00:00,South,SS-007,Normal,Critical,305
EVT-03008,2025-06-20 19:00:00,East,SS-003,Normal,Medium,443
EVT-04809,2025-06-21 02:00:00,Central,SS-003,Outage,Low,90
EVT-03689,2025-06-21 04:00:00,South,SS-006,Normal,Medium,429
EVT-01407,2025-06-21 04:00:00,North,SS-003,Normal,Critical,439
EVT-00327,2025-06-21 06:00:00,South,SS-001,Normal,Low,110
EVT-03015,2025-06-21 16:00:00,West,SS-001,Equipment Fault,Critical,409
EVT-04540,2025-06-21 17:00:00,Central,SS-007,Voltage Anomaly,Medium,145
EVT-03399,2025-06-21 18:00:00,South,SS-010,Overload,High,355
EVT-02141,2025-06-22 04:00:00,Central,SS-002,Overload,Low,450
EVT-02338,2025-06-22 07:00:00,East,SS-002,Normal,Low,384
EVT-03099,2025-06-22 09:00:00,East,SS-004,Normal,Low,242
EVT-01265,2025-06-22 10:00:00,North,SS-010,Maintenance,Low,209
EVT-00568,2025-06-22 10:00:00,Central,SS-010,Overload,Low,413
EVT-02932,2025-06-22 12:00:00,Central,SS-003,Voltage Anomaly,Medium,224
EVT-01849,2025-06-22 20:00:00,South,SS-004,Overload,Low,23
EVT-04106,2025-06-22 23:00:00,Central,SS-003,Outage,Low,214
EVT-03555,2025-06-23 07:00:00,North,SS-010,Overload,Low,212
EVT-00790,2025-06-23 07:00:00,North,SS-009,Equipment Fault,Medium,276
EVT-04428,2025-06-23 17:00:00,West,SS-006,Normal,Medium,183
EVT-03162,2025-06-23 20:00:00,West,SS-005,Outage,Low,324
EVT-03429,2025-06-23 23:00:00,East,SS-008,Outage,Medium,324
EVT-04444,2025-06-24 02:00:00,East,SS-002,Normal,Medium,211
EVT-01556,2025-06-24 08:00:00,East,SS-007,Overload,Medium,71
EVT-02969,2025-06-24 08:00:00,North,SS-002,Equipment Fault,Low,7
EVT-03868,2025-06-24 19:00:00,Central,SS-003,Equipment Fault,High,167
EVT-04674,2025-06-24 20:00:00,West,SS-008,Equipment Fault,Critical,269
EVT-03805,2025-06-25 04:00:00,South,SS-008,Normal,Medium,252
EVT-00625,2025-06-25 10:00:00,South,SS-001,Normal,Low,187
EVT-02335,2025-06-25 12:00:00,Central,SS-007,Equipment Fault,High,377
EVT-02720,2025-06-26 01:00:00,North,SS-008,Overload,Critical,257
EVT-02038,2025-06-26 07:00:00,South,SS-003,Normal,Low,279
EVT-00709,2025-06-26 07:00:00,West,SS-004,Normal,Medium,127
EVT-04840,2025-06-26 13:00:00,Central,SS-008,Outage,Medium,116
EVT-02439,2025-06-26 18:00:00,West,SS-005,Overload,Low,401
EVT-03086,2025-06-26 23:00:00,East,SS-005,Normal,High,224
EVT-03656,2025-06-27 01:00:00,South,SS-004,Outage,Critical,81
EVT-03013,2025-06-27 03:00:00,Central,SS-004,Outage,Low,89
EVT-04931,2025-06-27 04:00:00,Central,SS-005,Voltage Anomaly,Low,345
EVT-01321,2025-06-27 07:00:00,North,SS-006,Normal,Medium,405
EVT-04057,2025-06-27 09:00:00,West,SS-010,Maintenance,Medium,332
EVT-03408,2025-06-27 21:00:00,East,SS-008,Normal,Low,404
EVT-00694,2025-06-27 22:00:00,South,SS-002,Normal,Medium,8
EVT-00324,2025-06-27 23:00:00,East,SS-006,Voltage Anomaly,Low,406
EVT-04824,2025-06-28 02:00:00,East,SS-008,Outage,Low,468
EVT-00245,2025-06-28 08:00:00,East,SS-008,Normal,Low,422
EVT-00123,2025-06-28 14:00:00,West,SS-010,Normal,Medium,85
EVT-01271,2025-06-28 20:00:00,North,SS-006,Normal,Low,418
EVT-03677,2025-06-28 21:00:00,Central,SS-009,Maintenance,High,310
EVT-00437,2025-06-28 21:00:00,East,SS-007,Overload,Low,237
EVT-04139,2025-06-28 23:00:00,East,SS-008,Normal,Low,123
EVT-00661,2025-06-29 04:00:00,North,SS-001,Normal,Medium,73
EVT-00092,2025-06-29 04:00:00,Central,SS-007,Outage,Low,377
EVT-00899,2025-06-29 21:00:00,East,SS-005,Normal,Medium,464
EVT-02349,2025-06-29 22:00:00,West,SS-003,Normal,Medium,104
EVT-04211,2025-06-30 01:00:00,Central,SS-005,Overload,Medium,135
EVT-01851,2025-06-30 02:00:00,West,SS-002,Normal,Medium,81
EVT-02996,2025-06-30 04:00:00,West,SS-001,Normal,Low,305
EVT-01258,2025-06-30 14:00:00,Central,SS-002,Normal,Low,8
EVT-01553,2025-06-30 17:00:00,Central,SS-007,Outage,Low,242
EVT-00242,2025-06-30 17:00:00,North,SS-001,Maintenance,Critical,456
EVT-00727,2025-06-30 18:00:00,West,SS-004,Overload,High,160
EVT-03087,2025-07-01 15:00:00,South,SS-009,Overload,High,155
EVT-00646,2025-07-01 19:00:00,West,SS-001,Voltage Anomaly,Medium,408
EVT-04279,2025-07-01 20:00:00,North,SS-005,Normal,Medium,22
EVT-03467,2025-07-01 22:00:00,North,SS-002,Voltage Anomaly,Low,475
EVT-01557,2025-07-02 05:00:00,East,SS-004,Overload,Medium,126
EVT-04451,2025-07-02 06:00:00,East,SS-003,Overload,Medium,474
EVT-01329,2025-07-02 06:00:00,East,SS-005,Overload,Medium,187
EVT-03490,2025-07-02 10:00:00,Central,SS-003,Outage,Low,23
EVT-02709,2025-07-02 12:00:00,West,SS-006,Normal,Medium,62
EVT-03401,2025-07-02 22:00:00,North,SS-007,Equipment Fault,Medium,263
EVT-04676,2025-07-02 23:00:00,North,SS-010,Overload,Low,66
EVT-02743,2025-07-03 03:00:00,East,SS-004,Maintenance,Low,206
EVT-01178,2025-07-03 09:00:00,Central,SS-002,Overload,Medium,464
EVT-03495,2025-07-03 09:00:00,North,SS-006,Maintenance,Low,168
EVT-03760,2025-07-03 14:00:00,North,SS-010,Maintenance,High,347
EVT-02551,2025-07-03 17:00:00,Central,SS-005,Normal,Low,363
EVT-04497,2025-07-03 23:00:00,Central,SS-004,Maintenance,Low,282
EVT-02896,2025-07-04 01:00:00,West,SS-009,Normal,Low,247
EVT-04491,2025-07-04 03:00:00,South,SS-005,Normal,Low,12
EVT-00246,2025-07-04 07:00:00,South,SS-002,Maintenance,Low,291
EVT-03124,2025-07-04 08:00:00,East,SS-004,Normal,Medium,50
EVT-01144,2025-07-04 09:00:00,Central,SS-006,Normal,Low,462
EVT-03142,2025-07-04 10:00:00,East,SS-006,Outage,Medium,475
EVT-03928,2025-07-04 13:00:00,East,SS-007,Maintenance,Low,102
EVT-02573,2025-07-04 13:00:00,North,SS-005,Maintenance,Medium,280
EVT-02312,2025-07-04 15:00:00,East,SS-010,Overload,Medium,226
EVT-02713,2025-07-04 15:00:00,East,SS-002,Normal,High,391
EVT-01716,2025-07-04 16:00:00,East,SS-004,Voltage Anomaly,High,435
EVT-02214,2025-07-04 21:00:00,East,SS-001,Normal,Low,403
EVT-00564,2025-07-04 23:00:00,North,SS-009,Normal,High,150
EVT-00792,2025-07-04 23:00:00,Central,SS-007,Outage,Medium,181
EVT-02120,2025-07-05 04:00:00,Central,SS-003,Overload,Medium,16
EVT-01818,2025-07-05 06:00:00,Central,SS-007,Outage,Medium,337
EVT-03895,2025-07-05 06:00:00,South,SS-009,Normal,Low,225
EVT-00545,2025-07-05 06:00:00,West,SS-006,Normal,High,399
EVT-00024,2025-07-05 06:00:00,Central,SS-010,Normal,Medium,386
EVT-03441,2025-07-05 10:00:00,North,SS-007,Normal,Medium,101
EVT-02367,2025-07-05 20:00:00,East,SS-010,Normal,Critical,311
EVT-02285,2025-07-05 23:00:00,Central,SS-002,Voltage Anomaly,Low,229
EVT-01445,2025-07-06 03:00:00,South,SS-004,Outage,Medium,250
EVT-01988,2025-07-06 03:00:00,North,SS-008,Normal,Medium,312
EVT-00217,2025-07-06 03:00:00,West,SS-003,Overload,High,38
EVT-02831,2025-07-06 07:00:00,North,SS-010,Normal,High,235
EVT-03720,2025-07-06 08:00:00,North,SS-007,Normal,Low,309
EVT-00611,2025-07-06 16:00:00,East,SS-005,Voltage Anomaly,High,396
EVT-04291,2025-07-06 16:00:00,North,SS-002,Normal,Low,347
EVT-00844,2025-07-06 18:00:00,Central,SS-009,Outage,Low,72
EVT-03933,2025-07-06 20:00:00,Central,SS-007,Normal,Medium,420
EVT-03902,2025-07-07 00:00:00,East,SS-005,Normal,Medium,181
EVT-04694,2025-07-07 01:00:00,North,SS-002,Normal,Medium,136
EVT-02190,2025-07-07 02:00:00,South,SS-007,Normal,High,23
EVT-02658,2025-07-07 03:00:00,Central,SS-001,Normal,Medium,245
EVT-02637,2025-07-07 05:00:00,West,SS-009,Overload,High,320
EVT-02230,2025-07-07 06:00:00,East,SS-004,Normal,High,137
EVT-04350,2025-07-07 07:00:00,South,SS-002,Overload,Medium,355
EVT-03505,2025-07-07 10:00:00,South,SS-009,Overload,Critical,455
EVT-02336,2025-07-07 13:00:00,West,SS-007,Outage,Low,22
EVT-03748,2025-07-07 20:00:00,South,SS-006,Maintenance,Low,222
EVT-00040,2025-07-08 04:00:00,West,SS-010,Normal,Medium,211
EVT-01586,2025-07-08 06:00:00,East,SS-009,Normal,Critical,201
EVT-02002,2025-07-08 06:00:00,North,SS-010,Equipment Fault,Low,256
EVT-01455,2025-07-08 07:00:00,North,SS-004,Normal,Medium,311
EVT-01047,2025-07-08 07:00:00,South,SS-005,Overload,Low,95
EVT-03621,2025-07-08 16:00:00,South,SS-003,Normal,Medium,92
EVT-03995,2025-07-08 17:00:00,North,SS-005,Outage,Low,8
EVT-03696,2025-07-09 00:00:00,East,SS-003,Normal,Medium,59
EVT-03708,2025-07-09 02:00:00,East,SS-008,Maintenance,High,330
EVT-03010,2025-07-09 03:00:00,Central,SS-010,Normal,Low,84
EVT-01587,2025-07-09 07:00:00,West,SS-007,Overload,Low,292
EVT-02240,2025-07-09 11:00:00,West,SS-007,Overload,Medium,297
EVT-04508,2025-07-09 13:00:00,West,SS-001,Equipment Fault,High,82
EVT-03502,2025-07-09 21:00:00,Central,SS-007,Normal,Low,433
EVT-03451,2025-07-09 21:00:00,North,SS-010,Maintenance,High,420
EVT-02509,2025-07-09 22:00:00,North,SS-005,Normal,Low,459
EVT-03682,2025-07-09 23:00:00,West,SS-010,Normal,Medium,336
EVT-02669,2025-07-10 00:00:00,West,SS-004,Overload,High,218
EVT-02372,2025-07-10 01:00:00,North,SS-002,Normal,Medium,185
EVT-00862,2025-07-10 04:00:00,West,SS-001,Voltage Anomaly,Low,437
EVT-01427,2025-07-10 06:00:00,North,SS-005,Normal,Low,39
EVT-04203,2025-07-10 06:00:00,West,SS-003,Maintenance,Low,49
EVT-00979,2025-07-10 08:00:00,South,SS-006,Equipment Fault,High,458
EVT-00086,2025-07-10 08:00:00,West,SS-003,Outage,Medium,82
EVT-04681,2025-07-10 11:00:00,Central,SS-007,Overload,Low,191
EVT-03781,2025-07-10 14:00:00,West,SS-004,Outage,Low,286
EVT-02666,2025-07-10 18:00:00,North,SS-007,Normal,High,374
EVT-03867,2025-07-10 18:00:00,West,SS-010,Equipment Fault,Medium,342
EVT-00406,2025-07-10 21:00:00,East,SS-010,Normal,Medium,405
EVT-03991,2025-07-11 03:00:00,East,SS-003,Normal,Low,151
EVT-02834,2025-07-11 08:00:00,North,SS-002,Normal,Critical,152
EVT-04235,2025-07-11 08:00:00,North,SS-005,Equipment Fault,High,178
EVT-00411,2025-07-11 10:00:00,North,SS-004,Equipment Fault,High,348
EVT-01835,2025-07-11 13:00:00,South,SS-007,Maintenance,Medium,412
EVT-01444,2025-07-11 15:00:00,South,SS-005,Normal,Medium,251
EVT-00815,2025-07-11 16:00:00,West,SS-004,Normal,Low,462
EVT-04275,2025-07-11 20:00:00,West,SS-009,Overload,High,460
EVT-01367,2025-07-11 20:00:00,East,SS-009,Overload,Medium,252
EVT-01315,2025-07-12 00:00:00,North,SS-010,Normal,Low,395
EVT-04395,2025-07-12 03:00:00,North,SS-007,Overload,Medium,13
EVT-04297,2025-07-12 04:00:00,South,SS-009,Overload,Low,170
EVT-04262,2025-07-12 09:00:00,West,SS-008,Equipment Fault,Medium,274
EVT-04327,2025-07-12 10:00:00,South,SS-009,Voltage Anomaly,High,314
EVT-00927,2025-07-12 12:00:00,South,SS-009,Normal,Critical,356
EVT-02990,2025-07-12 16:00:00,North,SS-004,Normal,Low,35
EVT-04438,2025-07-12 21:00:00,South,SS-009,Voltage Anomaly,Critical,196
EVT-03515,2025-07-12 23:00:00,Central,SS-003,Maintenance,Medium,145
EVT-03862,2025-07-13 00:00:00,Central,SS-002,Overload,Low,17
EVT-01728,2025-07-13 02:00:00,Central,SS-006,Maintenance,Medium,306
EVT-00758,2025-07-13 07:00:00,West,SS-010,Overload,Medium,163
EVT-02205,2025-07-13 13:00:00,East,SS-005,Normal,Critical,336
EVT-00736,2025-07-13 15:00:00,North,SS-007,Equipment Fault,High,440
EVT-02785,2025-07-13 16:00:00,South,SS-008,Outage,Medium,157
EVT-00602,2025-07-13 23:00:00,North,SS-005,Overload,Medium,340
EVT-04774,2025-07-14 01:00:00,West,SS-001,Voltage Anomaly,High,232
EVT-01346,2025-07-14 09:00:00,North,SS-003,Voltage Anomaly,High,98
EVT-03721,2025-07-14 15:00:00,North,SS-004,Normal,Medium,135
EVT-02397,2025-07-14 15:00:00,East,SS-006,Equipment Fault,Medium,126
EVT-00136,2025-07-14 18:00:00,South,SS-006,Normal,Low,262
EVT-04795,2025-07-14 20:00:00,East,SS-004,Normal,Low,370
EVT-02884,2025-07-14 20:00:00,North,SS-003,Normal,Medium,330
EVT-01465,2025-07-14 23:00:00,East,SS-007,Overload,Low,452
EVT-03580,2025-07-14 23:00:00,East,SS-009,Normal,Medium,383
EVT-03843,2025-07-15 04:00:00,West,SS-003,Maintenance,High,348
EVT-02207,2025-07-15 06:00:00,West,SS-007,Normal,Low,454
EVT-04827,2025-07-15 07:00:00,Central,SS-007,Voltage Anomaly,Low,134
EVT-02868,2025-07-15 10:00:00,West,SS-002,Normal,Medium,46
EVT-04163,2025-07-15 10:00:00,Central,SS-003,Normal,Medium,107
EVT-03617,2025-07-15 13:00:00,South,SS-003,Voltage Anomaly,Critical,121
EVT-02128,2025-07-15 14:00:00,East,SS-001,Equipment Fault,Low,327
EVT-04704,2025-07-16 00:00:00,Central,SS-005,Normal,Medium,23
EVT-04988,2025-07-17 01:00:00,West,SS-010,Voltage Anomaly,Low,478
EVT-02075,2025-07-17 02:00:00,South,SS-003,Normal,High,300
EVT-01989,2025-07-17 03:00:00,West,SS-008,Outage,Low,254
EVT-00682,2025-07-17 07:00:00,Central,SS-006,Normal,Critical,133
EVT-00393,2025-07-17 08:00:00,Central,SS-003,Normal,Low,130
EVT-04152,2025-07-17 15:00:00,West,SS-006,Normal,Low,66
EVT-04399,2025-07-17 18:00:00,East,SS-003,Maintenance,High,91
EVT-02213,2025-07-17 19:00:00,North,SS-005,Normal,Critical,294
EVT-03700,2025-07-18 06:00:00,South,SS-004,Overload,Medium,160
EVT-03220,2025-07-18 09:00:00,West,SS-006,Overload,Critical,107
EVT-01910,2025-07-18 14:00:00,West,SS-006,Overload,High,11
EVT-00821,2025-07-18 15:00:00,Central,SS-001,Normal,Low,287
EVT-04265,2025-07-19 23:00:00,South,SS-002,Normal,Low,230
EVT-03734,2025-07-20 06:00:00,South,SS-001,Normal,Low,419
EVT-00007,2025-07-20 12:00:00,East,SS-006,Maintenance,Medium,455
EVT-04108,2025-07-20 12:00:00,South,SS-002,Normal,High,240
EVT-03230,2025-07-20 13:00:00,Central,SS-004,Voltage Anomaly,High,61
EVT-02011,2025-07-20 13:00:00,West,SS-007,Normal,High,206
EVT-00845,2025-07-20 19:00:00,North,SS-005,Maintenance,High,400
EVT-03384,2025-07-21 01:00:00,Central,SS-001,Voltage Anomaly,High,311
EVT-00541,2025-07-21 02:00:00,South,SS-004,Overload,Critical,42
EVT-04871,2025-07-21 04:00:00,North,SS-010,Maintenance,Medium,265
EVT-04146,2025-07-21 05:00:00,South,SS-006,Equipment Fault,Low,260
EVT-03423,2025-07-21 08:00:00,East,SS-005,Voltage Anomaly,High,21
EVT-01875,2025-07-21 14:00:00,East,SS-003,Normal,Medium,331
EVT-04669,2025-07-21 16:00:00,East,SS-009,Equipment Fault,Low,251
EVT-04915,2025-07-21 16:00:00,North,SS-006,Normal,Low,425
EVT-00087,2025-07-22 16:00:00,East,SS-007,Normal,High,439
EVT-01641,2025-07-22 17:00:00,West,SS-010,Overload,Critical,438
EVT-02360,2025-07-22 18:00:00,North,SS-004,Normal,Low,271
EVT-01095,2025-07-22 18:00:00,South,SS-007,Normal,High,222
EVT-01567,2025-07-22 23:00:00,Central,SS-005,Normal,Low,215
EVT-02413,2025-07-23 07:00:00,South,SS-006,Normal,High,339
EVT-03443,2025-07-23 16:00:00,South,SS-006,Normal,High,261
EVT-02587,2025-07-23 19:00:00,South,SS-004,Normal,Low,394
EVT-02025,2025-07-24 07:00:00,North,SS-002,Normal,Critical,243
EVT-04873,2025-07-24 15:00:00,South,SS-002,Equipment Fault,Low,372
EVT-02667,2025-07-24 16:00:00,Central,SS-008,Overload,Medium,286
EVT-03581,2025-07-24 17:00:00,West,SS-003,Maintenance,Low,361
EVT-01779,2025-07-24 21:00:00,South,SS-010,Maintenance,Medium,190
EVT-04614,2025-07-25 03:00:00,South,SS-010,Equipment Fault,Medium,208
EVT-02461,2025-07-25 04:00:00,West,SS-004,Normal,Medium,412
EVT-04001,2025-07-25 07:00:00,North,SS-002,Normal,Low,325
EVT-02013,2025-07-25 10:00:00,Central,SS-008,Normal,Low,451
EVT-00213,2025-07-25 15:00:00,West,SS-008,Equipment Fault,Critical,271
EVT-04805,2025-07-25 18:00:00,South,SS-001,Normal,High,372
EVT-01852,2025-07-25 20:00:00,West,SS-007,Equipment Fault,High,204
EVT-00988,2025-07-25 21:00:00,North,SS-005,Equipment Fault,High,465
EVT-00427,2025-07-26 01:00:00,Central,SS-009,Normal,High,104
EVT-00052,2025-07-26 07:00:00,West,SS-010,Overload,Medium,471
EVT-01963,2025-07-26 08:00:00,Central,SS-006,Voltage Anomaly,Low,423
EVT-02067,2025-07-26 16:00:00,North,SS-001,Normal,Medium,231
EVT-00716,2025-07-27 00:00:00,East,SS-010,Normal,High,145
EVT-04030,2025-07-27 03:00:00,North,SS-004,Voltage Anomaly,Low,405
EVT-00993,2025-07-27 05:00:00,West,SS-009,Equipment Fault,Critical,311
EVT-00515,2025-07-27 07:00:00,East,SS-009,Normal,Low,282
EVT-00104,2025-07-27 09:00:00,East,SS-001,Voltage Anomaly,Low,122
EVT-03838,2025-07-27 13:00:00,North,SS-007,Maintenance,High,381
EVT-01157,2025-07-27 17:00:00,Central,SS-001,Normal,High,159
EVT-03587,2025-07-27 19:00:00,Central,SS-004,Equipment Fault,Low,111
EVT-03751,2025-07-27 21:00:00,South,SS-008,Normal,Low,81
EVT-04387,2025-07-28 02:00:00,West,SS-002,Voltage Anomaly,Low,76
EVT-02941,2025-07-28 05:00:00,Central,SS-001,Normal,Low,29
EVT-02125,2025-07-28 06:00:00,Central,SS-009,Normal,Medium,37
EVT-01010,2025-07-28 09:00:00,South,SS-003,Overload,Medium,185
EVT-04890,2025-07-28 12:00:00,North,SS-004,Normal,Low,258
EVT-02549,2025-07-28 13:00:00,East,SS-003,Overload,High,99
EVT-04592,2025-07-28 22:00:00,South,SS-010,Voltage Anomaly,Low,420
EVT-03079,2025-07-28 23:00:00,North,SS-007,Normal,Low,49
EVT-04042,2025-07-29 01:00:00,East,SS-001,Overload,High,374
EVT-02411,2025-07-29 02:00:00,Central,SS-010,Voltage Anomaly,Low,386
EVT-03330,2025-07-29 07:00:00,East,SS-009,Equipment Fault,Low,231
EVT-04797,2025-07-29 18:00:00,West,SS-007,Normal,Critical,378
EVT-00306,2025-07-29 20:00:00,North,SS-008,Outage,Medium,454
EVT-01409,2025-07-30 01:00:00,West,SS-003,Maintenance,High,470
EVT-03118,2025-07-30 10:00:00,West,SS-007,Normal,Low,8
EVT-00997,2025-07-30 13:00:00,Central,SS-006,Normal,Low,372
EVT-03315,2025-07-30 14:00:00,South,SS-004,Voltage Anomaly,High,373
EVT-00952,2025-07-30 16:00:00,West,SS-006,Voltage Anomaly,Low,70
EVT-00450,2025-07-30 20:00:00,West,SS-005,Normal,Critical,223
EVT-02840,2025-07-31 02:00:00,West,SS-010,Normal,Low,124
EVT-01625,2025-07-31 10:00:00,East,SS-010,Normal,Critical,362
EVT-02792,2025-07-31 18:00:00,West,SS-004,Normal,Medium,314
EVT-00410,2025-07-31 23:00:00,Central,SS-003,Outage,Low,125
EVT-03975,2025-08-01 10:00:00,North,SS-007,Overload,Medium,187
EVT-01741,2025-08-01 15:00:00,West,SS-003,Outage,Low,243
EVT-00957,2025-08-01 18:00:00,Central,SS-009,Normal,Low,19
EVT-04077,2025-08-02 00:00:00,North,SS-009,Overload,Medium,402
EVT-01778,2025-08-02 00:00:00,West,SS-003,Overload,Medium,209
EVT-04936,2025-08-02 04:00:00,East,SS-004,Voltage Anomaly,High,314
EVT-02257,2025-08-02 04:00:00,East,SS-004,Overload,Low,160
EVT-01683,2025-08-02 05:00:00,West,SS-005,Normal,Medium,209
EVT-01853,2025-08-02 11:00:00,North,SS-010,Normal,Low,96
EVT-02511,2025-08-02 11:00:00,West,SS-005,Normal,Low,394
EVT-04756,2025-08-02 15:00:00,North,SS-001,Normal,Critical,425
EVT-03914,2025-08-03 05:00:00,South,SS-001,Normal,Low,106
EVT-03508,2025-08-03 06:00:00,West,SS-005,Voltage Anomaly,Medium,53
EVT-04771,2025-08-03 09:00:00,Central,SS-002,Normal,High,358
EVT-00600,2025-08-03 10:00:00,North,SS-004,Normal,Medium,399
EVT-02147,2025-08-03 14:00:00,South,SS-010,Maintenance,Low,51
EVT-00336,2025-08-03 17:00:00,West,SS-003,Maintenance,High,145
EVT-01355,2025-08-03 17:00:00,East,SS-010,Voltage Anomaly,High,465
EVT-00549,2025-08-03 19:00:00,East,SS-007,Normal,High,247
EVT-00775,2025-08-03 20:00:00,Central,SS-010,Normal,Low,179
EVT-03373,2025-08-03 21:00:00,East,SS-005,Outage,Low,109
EVT-00144,2025-08-04 00:00:00,South,SS-005,Maintenance,Critical,387
EVT-01124,2025-08-04 04:00:00,East,SS-004,Overload,Low,451
EVT-02256,2025-08-04 12:00:00,West,SS-003,Outage,Medium,174
EVT-01439,2025-08-04 14:00:00,West,SS-004,Equipment Fault,Low,475
EVT-04899,2025-08-04 15:00:00,North,SS-006,Overload,Medium,209
EVT-00252,2025-08-04 17:00:00,North,SS-002,Normal,Low,16
EVT-00578,2025-08-04 18:00:00,North,SS-010,Normal,High,129
EVT-01715,2025-08-04 19:00:00,East,SS-002,Voltage Anomaly,Medium,171
EVT-02961,2025-08-05 00:00:00,Central,SS-003,Normal,Low,64
EVT-01391,2025-08-05 22:00:00,Central,SS-001,Outage,Low,173
EVT-04483,2025-08-06 01:00:00,North,SS-007,Normal,Low,87
EVT-00824,2025-08-06 10:00:00,North,SS-007,Outage,Low,398
EVT-02219,2025-08-06 10:00:00,West,SS-008,Maintenance,High,308
EVT-02942,2025-08-07 00:00:00,Central,SS-010,Maintenance,Medium,31
EVT-00695,2025-08-07 04:00:00,South,SS-002,Maintenance,Medium,457
EVT-03418,2025-08-07 08:00:00,West,SS-007,Normal,Medium,346
EVT-00884,2025-08-07 20:00:00,North,SS-008,Normal,Critical,476
EVT-00962,2025-08-07 23:00:00,North,SS-002,Normal,Medium,209
EVT-00076,2025-08-08 02:00:00,East,SS-002,Outage,Low,358
EVT-04952,2025-08-08 05:00:00,West,SS-005,Normal,Low,105
EVT-00332,2025-08-08 06:00:00,Central,SS-007,Normal,High,209
EVT-01222,2025-08-08 10:00:00,East,SS-006,Normal,Low,462
EVT-04519,2025-08-08 15:00:00,East,SS-003,Normal,Medium,261
EVT-04875,2025-08-08 16:00:00,North,SS-010,Maintenance,High,213
EVT-01552,2025-08-08 22:00:00,West,SS-007,Equipment Fault,High,83
EVT-04469,2025-08-09 01:00:00,East,SS-002,Normal,Low,279
EVT-00635,2025-08-09 03:00:00,South,SS-002,Maintenance,Low,289
EVT-03027,2025-08-09 08:00:00,South,SS-009,Normal,Medium,395
EVT-03612,2025-08-09 09:00:00,Central,SS-001,Equipment Fault,Medium,395
EVT-04114,2025-08-09 09:00:00,North,SS-004,Normal,Medium,327
EVT-01436,2025-08-09 10:00:00,East,SS-006,Normal,Medium,430
EVT-01576,2025-08-09 12:00:00,North,SS-009,Equipment Fault,Low,68
EVT-00558,2025-08-09 14:00:00,West,SS-003,Normal,Low,417
EVT-01823,2025-08-09 14:00:00,East,SS-009,Normal,Low,382
EVT-01211,2025-08-09 15:00:00,West,SS-001,Overload,High,8
EVT-00580,2025-08-09 17:00:00,North,SS-006,Normal,Low,223
EVT-01566,2025-08-09 21:00:00,North,SS-007,Maintenance,Medium,107
EVT-03809,2025-08-09 21:00:00,Central,SS-004,Equipment Fault,High,74
EVT-03035,2025-08-10 02:00:00,West,SS-005,Normal,Low,199
EVT-03787,2025-08-10 07:00:00,Central,SS-005,Voltage Anomaly,Medium,399
EVT-03600,2025-08-10 10:00:00,North,SS-010,Maintenance,Medium,374
EVT-01884,2025-08-10 12:00:00,North,SS-009,Outage,Low,352
EVT-00328,2025-08-10 13:00:00,West,SS-004,Overload,Medium,300
EVT-04946,2025-08-10 18:00:00,West,SS-003,Outage,Medium,384
EVT-04271,2025-08-10 18:00:00,South,SS-006,Maintenance,High,372
EVT-00718,2025-08-10 19:00:00,Central,SS-002,Normal,Critical,120
EVT-03794,2025-08-10 19:00:00,Central,SS-003,Normal,Medium,110
EVT-04787,2025-08-10 21:00:00,Central,SS-010,Overload,Medium,368
EVT-01450,2025-08-10 23:00:00,West,SS-001,Maintenance,Medium,292
EVT-03396,2025-08-11 03:00:00,West,SS-003,Maintenance,Critical,51
EVT-03686,2025-08-11 09:00:00,North,SS-006,Normal,High,194
EVT-04202,2025-08-11 14:00:00,South,SS-007,Normal,High,406
EVT-00215,2025-08-11 16:00:00,South,SS-004,Equipment Fault,High,426
EVT-02068,2025-08-11 21:00:00,Central,SS-002,Normal,Low,321
EVT-02091,2025-08-11 22:00:00,North,SS-007,Equipment Fault,Medium,183
EVT-00206,2025-08-11 23:00:00,East,SS-001,Voltage Anomaly,High,339
EVT-04060,2025-08-12 04:00:00,Central,SS-006,Overload,Medium,134
EVT-04716,2025-08-12 05:00:00,North,SS-005,Normal,High,174
EVT-01256,2025-08-12 07:00:00,South,SS-006,Equipment Fault,Low,79
EVT-01293,2025-08-12 14:00:00,North,SS-001,Outage,Medium,45
EVT-04542,2025-08-12 15:00:00,South,SS-003,Equipment Fault,Low,208
EVT-04266,2025-08-12 15:00:00,Central,SS-001,Normal,Medium,168
EVT-02779,2025-08-12 20:00:00,South,SS-007,Normal,Low,173
EVT-03169,2025-08-12 20:00:00,East,SS-007,Normal,High,5
EVT-03685,2025-08-12 22:00:00,South,SS-005,Equipment Fault,Critical,455
EVT-00331,2025-08-13 01:00:00,North,SS-006,Normal,Medium,17
EVT-01785,2025-08-13 01:00:00,North,SS-007,Normal,High,393
EVT-04172,2025-08-13 07:00:00,South,SS-002,Normal,Low,40
EVT-01005,2025-08-13 08:00:00,West,SS-004,Normal,Low,400
EVT-00317,2025-08-13 15:00:00,South,SS-001,Voltage Anomaly,High,200
EVT-03045,2025-08-13 20:00:00,South,SS-007,Normal,Critical,325
EVT-01563,2025-08-13 23:00:00,East,SS-007,Normal,Low,356
EVT-00517,2025-08-14 00:00:00,North,SS-003,Normal,Medium,254
EVT-03420,2025-08-14 02:00:00,North,SS-001,Normal,Medium,156
EVT-01992,2025-08-14 08:00:00,East,SS-005,Outage,High,70
EVT-04283,2025-08-14 11:00:00,West,SS-008,Normal,Medium,445
EVT-03647,2025-08-14 14:00:00,West,SS-008,Equipment Fault,Low,116
EVT-01221,2025-08-14 20:00:00,South,SS-003,Normal,Medium,408
EVT-03732,2025-08-14 21:00:00,East,SS-009,Normal,Medium,21
EVT-02891,2025-08-14 22:00:00,North,SS-005,Overload,High,267
EVT-00633,2025-08-14 23:00:00,Central,SS-008,Voltage Anomaly,High,70
EVT-00656,2025-08-15 00:00:00,South,SS-001,Overload,Low,215
EVT-02836,2025-08-15 02:00:00,Central,SS-004,Normal,Medium,360
EVT-00111,2025-08-15 14:00:00,North,SS-004,Normal,Medium,474
EVT-01864,2025-08-15 16:00:00,South,SS-003,Overload,Medium,375
EVT-01182,2025-08-15 18:00:00,South,SS-009,Outage,Medium,454
EVT-01570,2025-08-15 20:00:00,East,SS-007,Maintenance,Medium,241
EVT-03909,2025-08-15 22:00:00,West,SS-006,Outage,Low,478
EVT-00098,2025-08-15 23:00:00,West,SS-006,Normal,Low,146
EVT-03144,2025-08-16 02:00:00,East,SS-009,Normal,Medium,168
EVT-00996,2025-08-16 10:00:00,West,SS-006,Equipment Fault,Critical,395
EVT-01373,2025-08-16 12:00:00,South,SS-001,Voltage Anomaly,High,260
EVT-01944,2025-08-16 13:00:00,South,SS-004,Maintenance,Low,127
EVT-04295,2025-08-16 14:00:00,North,SS-001,Normal,Medium,429
EVT-01054,2025-08-16 22:00:00,West,SS-007,Normal,Low,46
EVT-00075,2025-08-17 04:00:00,West,SS-010,Normal,Medium,251
EVT-02569,2025-08-17 08:00:00,East,SS-001,Overload,High,17
EVT-03145,2025-08-17 11:00:00,South,SS-010,Normal,Low,189
EVT-04131,2025-08-17 17:00:00,East,SS-002,Normal,Low,447
EVT-03605,2025-08-17 17:00:00,East,SS-010,Outage,Medium,30
EVT-01935,2025-08-17 21:00:00,East,SS-008,Overload,Low,435
EVT-03813,2025-08-18 07:00:00,North,SS-002,Voltage Anomaly,Critical,181
EVT-00181,2025-08-18 09:00:00,South,SS-009,Maintenance,Low,79
EVT-01179,2025-08-19 01:00:00,West,SS-001,Overload,Medium,361
EVT-02586,2025-08-19 03:00:00,West,SS-001,Normal,Medium,88
EVT-00627,2025-08-19 07:00:00,Central,SS-001,Normal,Low,256
EVT-02700,2025-08-19 20:00:00,Central,SS-005,Normal,Critical,172
EVT-00101,2025-08-19 21:00:00,North,SS-005,Normal,Medium,370
EVT-00819,2025-08-20 09:00:00,South,SS-010,Normal,Low,214
EVT-02295,2025-08-20 09:00:00,East,SS-006,Normal,Low,122
EVT-02221,2025-08-20 20:00:00,South,SS-007,Normal,Medium,299
EVT-01326,2025-08-21 00:00:00,South,SS-010,Outage,Low,243
EVT-01661,2025-08-21 10:00:00,West,SS-002,Equipment Fault,Low,105
EVT-00831,2025-08-21 14:00:00,North,SS-007,Voltage Anomaly,Critical,80
EVT-04703,2025-08-21 17:00:00,Central,SS-004,Overload,Medium,88
EVT-00878,2025-08-22 03:00:00,East,SS-010,Equipment Fault,High,207
EVT-04233,2025-08-22 04:00:00,North,SS-004,Equipment Fault,High,19
EVT-03588,2025-08-22 04:00:00,Central,SS-003,Normal,High,354
EVT-03477,2025-08-22 06:00:00,South,SS-008,Overload,High,99
EVT-02143,2025-08-22 11:00:00,South,SS-005,Normal,High,51
EVT-03549,2025-08-22 16:00:00,West,SS-005,Normal,Low,126
EVT-02769,2025-08-22 21:00:00,Central,SS-003,Overload,High,318
EVT-02384,2025-08-23 00:00:00,North,SS-002,Overload,Low,230
EVT-00956,2025-08-23 04:00:00,East,SS-008,Normal,Medium,144
EVT-00970,2025-08-23 10:00:00,South,SS-006,Maintenance,High,178
EVT-03234,2025-08-23 10:00:00,South,SS-005,Outage,Low,432
EVT-02764,2025-08-23 11:00:00,East,SS-008,Overload,Medium,77
EVT-00924,2025-08-23 19:00:00,Central,SS-001,Voltage Anomaly,Critical,314
EVT-02323,2025-08-23 22:00:00,Central,SS-006,Voltage Anomaly,High,448
EVT-02302,2025-08-24 00:00:00,Central,SS-005,Normal,Medium,103
EVT-04715,2025-08-24 01:00:00,Central,SS-009,Voltage Anomaly,High,350
EVT-01727,2025-08-24 01:00:00,Central,SS-008,Normal,High,172
EVT-00652,2025-08-24 06:00:00,East,SS-003,Outage,High,343
EVT-04930,2025-08-24 09:00:00,Central,SS-006,Normal,Low,91
EVT-04259,2025-08-24 13:00:00,West,SS-010,Normal,High,290
EVT-03331,2025-08-24 14:00:00,North,SS-006,Overload,Medium,164
EVT-00230,2025-08-24 14:00:00,East,SS-006,Overload,Low,350
EVT-02479,2025-08-24 15:00:00,South,SS-007,Normal,Medium,57
EVT-00149,2025-08-24 22:00:00,North,SS-001,Normal,Critical,47
EVT-04673,2025-08-25 01:00:00,East,SS-008,Equipment Fault,High,171
EVT-00495,2025-08-25 04:00:00,East,SS-004,Outage,Low,198
EVT-02940,2025-08-25 08:00:00,West,SS-009,Voltage Anomaly,Critical,120
EVT-01526,2025-08-25 09:00:00,West,SS-010,Voltage Anomaly,High,101
EVT-00300,2025-08-25 11:00:00,South,SS-009,Normal,Low,413
EVT-02188,2025-08-25 12:00:00,East,SS-010,Normal,High,139
EVT-04486,2025-08-25 12:00:00,East,SS-005,Overload,Medium,468
EVT-01330,2025-08-25 14:00:00,South,SS-006,Voltage Anomaly,Medium,161
EVT-00396,2025-08-25 22:00:00,Central,SS-002,Maintenance,Medium,398
EVT-02702,2025-08-26 02:00:00,North,SS-002,Outage,Medium,312
EVT-00685,2025-08-26 05:00:00,North,SS-006,Normal,Critical,286
EVT-00127,2025-08-26 06:00:00,Central,SS-005,Outage,Critical,83
EVT-02388,2025-08-26 08:00:00,Central,SS-009,Outage,Medium,295
EVT-02985,2025-08-26 12:00:00,Central,SS-009,Normal,Medium,416
EVT-04158,2025-08-26 13:00:00,North,SS-009,Maintenance,Medium,333
EVT-01107,2025-08-26 15:00:00,South,SS-004,Equipment Fault,High,62
EVT-02876,2025-08-26 19:00:00,South,SS-003,Normal,Low,232
EVT-04802,2025-08-27 00:00:00,South,SS-008,Outage,Medium,399
EVT-02967,2025-08-27 09:00:00,West,SS-010,Outage,Low,14
EVT-03273,2025-08-27 11:00:00,West,SS-007,Normal,Medium,372
EVT-01585,2025-08-27 13:00:00,South,SS-002,Voltage Anomaly,High,475
EVT-04336,2025-08-27 18:00:00,South,SS-001,Normal,Medium,278
EVT-02107,2025-08-27 19:00:00,East,SS-008,Overload,Low,381
EVT-00321,2025-08-27 20:00:00,North,SS-001,Voltage Anomaly,High,364
EVT-03098,2025-08-28 00:00:00,West,SS-007,Normal,Low,324
EVT-04122,2025-08-28 06:00:00,West,SS-010,Normal,Low,9
EVT-02503,2025-08-28 06:00:00,Central,SS-003,Equipment Fault,Low,403
EVT-00212,2025-08-28 09:00:00,Central,SS-008,Overload,High,454
EVT-03725,2025-08-28 13:00:00,South,SS-005,Overload,High,348
EVT-00584,2025-08-28 13:00:00,West,SS-007,Voltage Anomaly,Medium,92
EVT-02880,2025-08-29 10:00:00,West,SS-010,Normal,Medium,261
EVT-02253,2025-08-29 11:00:00,South,SS-001,Equipment Fault,Medium,14
EVT-01912,2025-08-29 13:00:00,North,SS-004,Normal,High,182
EVT-03259,2025-08-29 15:00:00,South,SS-008,Normal,Medium,286
EVT-00236,2025-08-29 18:00:00,Central,SS-001,Normal,Low,91
EVT-03269,2025-08-29 20:00:00,Central,SS-009,Outage,High,201
EVT-00489,2025-08-30 04:00:00,East,SS-004,Voltage Anomaly,High,358
EVT-04223,2025-08-30 12:00:00,West,SS-009,Overload,Low,191
EVT-04071,2025-08-31 02:00:00,South,SS-006,Normal,Low,378
EVT-00114,2025-08-31 07:00:00,South,SS-004,Equipment Fault,Medium,396
EVT-03575,2025-08-31 09:00:00,East,SS-002,Equipment Fault,Low,376
EVT-02344,2025-08-31 10:00:00,South,SS-007,Equipment Fault,Medium,354
EVT-04375,2025-08-31 12:00:00,North,SS-009,Overload,Medium,225
EVT-01251,2025-08-31 15:00:00,South,SS-003,Overload,Critical,173
EVT-04179,2025-08-31 21:00:00,West,SS-003,Maintenance,Low,13
EVT-01867,2025-09-01 05:00:00,North,SS-008,Overload,Low,12
EVT-01062,2025-09-01 08:00:00,South,SS-002,Overload,High,221
EVT-03291,2025-09-01 08:00:00,North,SS-007,Overload,Low,182
EVT-00152,2025-09-01 19:00:00,North,SS-006,Normal,High,289
EVT-01720,2025-09-01 19:00:00,North,SS-001,Overload,Critical,237
EVT-03567,2025-09-01 19:00:00,North,SS-004,Maintenance,Low,218
EVT-04371,2025-09-01 23:00:00,North,SS-001,Voltage Anomaly,Low,186
EVT-03965,2025-09-02 06:00:00,East,SS-008,Normal,Low,220
EVT-04025,2025-09-02 07:00:00,South,SS-002,Equipment Fault,Medium,176
EVT-01633,2025-09-02 12:00:00,South,SS-010,Normal,Critical,222
EVT-00216,2025-09-02 17:00:00,East,SS-010,Overload,High,92
EVT-03307,2025-09-02 22:00:00,West,SS-004,Overload,Low,409
EVT-04194,2025-09-03 04:00:00,South,SS-003,Voltage Anomaly,Medium,163
EVT-03956,2025-09-03 05:00:00,West,SS-009,Normal,Low,392
EVT-02111,2025-09-03 09:00:00,Central,SS-006,Normal,Medium,130
EVT-02706,2025-09-03 10:00:00,North,SS-007,Normal,Medium,61
EVT-01535,2025-09-03 16:00:00,North,SS-009,Normal,Medium,108
EVT-01649,2025-09-03 17:00:00,North,SS-009,Overload,Low,59
EVT-01302,2025-09-04 00:00:00,East,SS-006,Equipment Fault,Medium,164
EVT-02244,2025-09-04 04:00:00,South,SS-006,Normal,Medium,473
EVT-03990,2025-09-04 06:00:00,Central,SS-004,Outage,Low,451
EVT-03710,2025-09-04 17:00:00,West,SS-001,Normal,Low,401
EVT-04284,2025-09-04 20:00:00,East,SS-006,Overload,Low,8
EVT-00191,2025-09-04 20:00:00,Central,SS-004,Normal,Low,254
EVT-00364,2025-09-04 22:00:00,South,SS-001,Overload,Low,172
EVT-04923,2025-09-05 05:00:00,East,SS-010,Overload,Medium,376
EVT-00390,2025-09-05 05:00:00,North,SS-005,Normal,Low,342
EVT-01104,2025-09-05 10:00:00,East,SS-008,Outage,Low,369
EVT-04990,2025-09-05 13:00:00,Central,SS-009,Equipment Fault,High,431
EVT-02103,2025-09-05 13:00:00,North,SS-004,Overload,Low,36
EVT-02694,2025-09-05 18:00:00,North,SS-008,Equipment Fault,Low,252
EVT-02852,2025-09-05 21:00:00,East,SS-005,Normal,Low,297
EVT-04749,2025-09-06 00:00:00,South,SS-008,Overload,High,315
EVT-01190,2025-09-06 04:00:00,North,SS-008,Normal,High,273
EVT-00434,2025-09-06 05:00:00,North,SS-002,Equipment Fault,Medium,140
EVT-03222,2025-09-06 10:00:00,North,SS-001,Overload,Critical,104
EVT-03930,2025-09-06 13:00:00,West,SS-001,Normal,High,94
EVT-02822,2025-09-06 13:00:00,West,SS-001,Normal,High,361
EVT-04912,2025-09-06 14:00:00,North,SS-001,Normal,Low,232
EVT-03048,2025-09-06 19:00:00,South,SS-005,Equipment Fault,Medium,270
EVT-04705,2025-09-06 20:00:00,North,SS-009,Equipment Fault,Medium,147
EVT-01759,2025-09-08 02:00:00,South,SS-008,Normal,Critical,389
EVT-03724,2025-09-08 03:00:00,North,SS-009,Voltage Anomaly,Low,453
EVT-02524,2025-09-08 10:00:00,East,SS-005,Normal,Medium,294
EVT-00904,2025-09-08 22:00:00,North,SS-002,Voltage Anomaly,High,332
EVT-00955,2025-09-09 00:00:00,Central,SS-002,Voltage Anomaly,Low,20
EVT-04587,2025-09-09 00:00:00,South,SS-006,Equipment Fault,High,36
EVT-03011,2025-09-09 04:00:00,West,SS-010,Overload,Critical,459
EVT-02212,2025-09-09 09:00:00,South,SS-010,Maintenance,Medium,15
EVT-01464,2025-09-09 10:00:00,West,SS-001,Normal,Low,467
EVT-02057,2025-09-09 14:00:00,West,SS-003,Normal,Low,379
EVT-02227,2025-09-09 21:00:00,North,SS-004,Overload,High,67
EVT-01644,2025-09-10 04:00:00,North,SS-006,Normal,Low,404
EVT-01541,2025-09-10 10:00:00,West,SS-005,Normal,High,246
EVT-04929,2025-09-10 10:00:00,Central,SS-007,Normal,Low,438
EVT-02917,2025-09-10 13:00:00,South,SS-005,Normal,Medium,29
EVT-00781,2025-09-10 16:00:00,East,SS-006,Maintenance,High,394
EVT-03088,2025-09-10 19:00:00,East,SS-007,Voltage Anomaly,High,64
EVT-03064,2025-09-10 21:00:00,South,SS-001,Normal,Low,122
EVT-00911,2025-09-11 00:00:00,North,SS-008,Voltage Anomaly,Low,429
EVT-04801,2025-09-11 02:00:00,South,SS-007,Normal,Medium,471
EVT-02198,2025-09-11 03:00:00,South,SS-006,Outage,Low,340
EVT-01115,2025-09-11 09:00:00,West,SS-006,Overload,Low,120
EVT-04132,2025-09-11 11:00:00,East,SS-004,Overload,Low,281
EVT-04839,2025-09-11 20:00:00,South,SS-008,Outage,Low,443
EVT-03102,2025-09-11 20:00:00,South,SS-009,Voltage Anomaly,Low,9
EVT-03521,2025-09-11 21:00:00,West,SS-008,Overload,Medium,175
EVT-00518,2025-09-11 23:00:00,South,SS-008,Voltage Anomaly,High,288
EVT-02604,2025-09-12 01:00:00,Central,SS-003,Voltage Anomaly,Medium,192
EVT-02096,2025-09-12 01:00:00,West,SS-003,Overload,Medium,258
EVT-00244,2025-09-12 13:00:00,Central,SS-008,Normal,Medium,421
EVT-01771,2025-09-12 16:00:00,Central,SS-003,Outage,Medium,278
EVT-01059,2025-09-12 17:00:00,North,SS-009,Voltage Anomaly,High,103
EVT-01088,2025-09-12 20:00:00,Central,SS-001,Normal,Medium,359
EVT-01080,2025-09-12 21:00:00,South,SS-003,Equipment Fault,High,360
EVT-04998,2025-09-13 02:00:00,South,SS-007,Normal,High,101
EVT-04031,2025-09-13 06:00:00,South,SS-003,Normal,Medium,403
EVT-02572,2025-09-13 06:00:00,South,SS-010,Equipment Fault,Low,11
EVT-00365,2025-09-13 11:00:00,East,SS-001,Maintenance,Critical,406
EVT-04535,2025-09-13 15:00:00,North,SS-006,Maintenance,Low,31
EVT-02410,2025-09-13 15:00:00,South,SS-004,Normal,High,357
EVT-01226,2025-09-13 17:00:00,East,SS-008,Normal,Low,80
EVT-02815,2025-09-13 19:00:00,East,SS-007,Normal,High,457
EVT-03200,2025-09-14 01:00:00,South,SS-009,Normal,Medium,366
EVT-01365,2025-09-14 11:00:00,South,SS-010,Normal,Low,265
EVT-02568,2025-09-14 13:00:00,South,SS-003,Normal,Low,143
EVT-04955,2025-09-14 21:00:00,West,SS-006,Voltage Anomaly,Medium,265
EVT-02812,2025-09-15 00:00:00,West,SS-008,Normal,Medium,401
EVT-04969,2025-09-15 02:00:00,West,SS-008,Overload,Medium,418
EVT-01928,2025-09-15 07:00:00,West,SS-010,Outage,Low,14
EVT-01024,2025-09-15 15:00:00,West,SS-004,Normal,Low,306
EVT-01208,2025-09-15 18:00:00,Central,SS-001,Equipment Fault,Low,66
EVT-03996,2025-09-15 19:00:00,North,SS-005,Normal,Low,48
EVT-00477,2025-09-15 19:00:00,West,SS-007,Outage,Low,180
EVT-04116,2025-09-16 06:00:00,North,SS-008,Overload,High,334
EVT-02605,2025-09-16 08:00:00,West,SS-001,Overload,Low,271
EVT-02272,2025-09-16 08:00:00,North,SS-009,Outage,High,17
EVT-00064,2025-09-16 11:00:00,Central,SS-004,Equipment Fault,High,355
EVT-01067,2025-09-16 14:00:00,West,SS-005,Voltage Anomaly,High,242
EVT-04423,2025-09-16 15:00:00,Central,SS-005,Normal,Medium,89
EVT-04898,2025-09-16 16:00:00,North,SS-004,Normal,Medium,366
EVT-04157,2025-09-16 18:00:00,East,SS-008,Equipment Fault,Medium,66
EVT-01745,2025-09-16 18:00:00,East,SS-009,Overload,Low,103
EVT-04859,2025-09-17 00:00:00,Central,SS-004,Normal,High,181
EVT-04174,2025-09-17 05:00:00,North,SS-006,Outage,High,338
EVT-00670,2025-09-17 10:00:00,North,SS-008,Normal,Low,100
EVT-04496,2025-09-17 11:00:00,North,SS-004,Voltage Anomaly,Low,235
EVT-00513,2025-09-17 13:00:00,Central,SS-008,Normal,High,155
EVT-04212,2025-09-17 15:00:00,North,SS-003,Normal,Low,88
EVT-01376,2025-09-17 17:00:00,North,SS-002,Outage,Low,401
EVT-03657,2025-09-17 19:00:00,South,SS-008,Normal,Medium,152
EVT-02632,2025-09-17 21:00:00,South,SS-001,Equipment Fault,Critical,131
EVT-03310,2025-09-18 01:00:00,South,SS-003,Normal,Low,7
EVT-04063,2025-09-18 01:00:00,North,SS-010,Normal,Medium,185
EVT-02603,2025-09-18 01:00:00,North,SS-009,Equipment Fault,Medium,315
EVT-01052,2025-09-18 15:00:00,North,SS-002,Normal,Medium,23
EVT-03690,2025-09-19 05:00:00,South,SS-008,Overload,Low,86
EVT-01863,2025-09-19 07:00:00,East,SS-005,Normal,High,474
EVT-02617,2025-09-19 08:00:00,South,SS-009,Maintenance,Low,374
EVT-04602,2025-09-19 14:00:00,Central,SS-008,Normal,High,415
EVT-04779,2025-09-19 16:00:00,East,SS-005,Normal,High,171
EVT-01385,2025-09-19 17:00:00,Central,SS-001,Normal,Medium,464
EVT-03801,2025-09-19 17:00:00,East,SS-007,Normal,High,470
EVT-04632,2025-09-19 19:00:00,East,SS-004,Normal,Medium,473
EVT-03440,2025-09-19 20:00:00,South,SS-006,Normal,High,93
EVT-00713,2025-09-19 23:00:00,East,SS-003,Voltage Anomaly,Medium,133
EVT-03365,2025-09-19 23:00:00,East,SS-003,Equipment Fault,Low,249
EVT-03934,2025-09-20 14:00:00,North,SS-004,Voltage Anomaly,Critical,249
EVT-02728,2025-09-20 14:00:00,Central,SS-010,Normal,Low,204
EVT-02571,2025-09-20 16:00:00,North,SS-002,Normal,Low,228
EVT-00572,2025-09-21 02:00:00,West,SS-004,Maintenance,Medium,410
EVT-01363,2025-09-21 11:00:00,Central,SS-004,Normal,Low,91
EVT-03918,2025-09-21 12:00:00,North,SS-006,Normal,High,172
EVT-03212,2025-09-21 12:00:00,North,SS-009,Normal,Medium,393
EVT-00494,2025-09-21 16:00:00,North,SS-004,Normal,Low,100
EVT-01443,2025-09-21 16:00:00,North,SS-010,Normal,Critical,454
EVT-02688,2025-09-21 16:00:00,South,SS-002,Normal,Low,228
EVT-01708,2025-09-21 22:00:00,East,SS-008,Equipment Fault,Low,461
EVT-01154,2025-09-21 22:00:00,East,SS-007,Outage,Low,441
EVT-00326,2025-09-22 11:00:00,North,SS-008,Normal,High,399
EVT-00858,2025-09-22 16:00:00,East,SS-003,Normal,Critical,414
EVT-02030,2025-09-22 17:00:00,Central,SS-009,Normal,Low,366
EVT-01449,2025-09-22 17:00:00,West,SS-006,Normal,High,65
EVT-00267,2025-09-22 23:00:00,East,SS-003,Normal,Medium,283
EVT-03673,2025-09-23 00:00:00,South,SS-005,Overload,High,67
EVT-01317,2025-09-23 00:00:00,West,SS-008,Maintenance,Low,249
EVT-02727,2025-09-23 04:00:00,West,SS-007,Voltage Anomaly,Medium,29
EVT-03650,2025-09-23 06:00:00,South,SS-004,Normal,Low,289
EVT-01519,2025-09-23 06:00:00,South,SS-003,Normal,Medium,271
EVT-03206,2025-09-23 16:00:00,South,SS-006,Maintenance,High,59
EVT-04168,2025-09-23 18:00:00,Central,SS-009,Normal,Low,123
EVT-02163,2025-09-23 18:00:00,East,SS-004,Normal,Medium,7
EVT-01813,2025-09-24 01:00:00,South,SS-006,Normal,Low,465
EVT-01580,2025-09-24 02:00:00,North,SS-005,Maintenance,High,135
EVT-04147,2025-09-24 06:00:00,North,SS-004,Normal,Medium,427
EVT-04844,2025-09-24 12:00:00,South,SS-004,Normal,Medium,210
EVT-04906,2025-09-24 13:00:00,South,SS-003,Maintenance,Low,21
EVT-04888,2025-09-24 15:00:00,West,SS-007,Overload,Low,193
EVT-01149,2025-09-24 15:00:00,East,SS-002,Normal,High,375
EVT-03041,2025-09-24 15:00:00,South,SS-010,Normal,Medium,167
EVT-03076,2025-09-24 18:00:00,North,SS-008,Normal,Medium,76
EVT-02678,2025-09-24 18:00:00,East,SS-001,Maintenance,Critical,115
EVT-02435,2025-09-24 19:00:00,North,SS-008,Maintenance,Low,457
EVT-04803,2025-09-25 04:00:00,South,SS-003,Normal,Low,156
EVT-02875,2025-09-25 05:00:00,South,SS-010,Normal,Medium,126
EVT-03055,2025-09-25 09:00:00,North,SS-005,Equipment Fault,Medium,404
EVT-03901,2025-09-25 20:00:00,South,SS-007,Voltage Anomaly,Low,439
EVT-00669,2025-09-26 00:00:00,Central,SS-001,Equipment Fault,Critical,437
EVT-03752,2025-09-26 02:00:00,Central,SS-001,Normal,Critical,448
EVT-01688,2025-09-26 02:00:00,North,SS-005,Normal,Medium,152
EVT-01428,2025-09-26 07:00:00,North,SS-004,Normal,Medium,133
EVT-01726,2025-09-26 10:00:00,Central,SS-006,Normal,High,252
EVT-01582,2025-09-26 13:00:00,North,SS-010,Outage,Medium,144
EVT-02722,2025-09-26 17:00:00,East,SS-008,Normal,Medium,68
EVT-00637,2025-09-26 22:00:00,South,SS-006,Overload,Critical,206
EVT-04289,2025-09-27 01:00:00,Central,SS-008,Normal,Low,332
EVT-04359,2025-09-27 03:00:00,West,SS-010,Overload,Low,169
EVT-03645,2025-09-27 03:00:00,Central,SS-005,Overload,Medium,153
EVT-04084,2025-09-27 04:00:00,North,SS-001,Normal,High,261
EVT-00776,2025-09-27 10:00:00,East,SS-003,Normal,Low,359
EVT-03658,2025-09-27 13:00:00,Central,SS-005,Normal,Low,418
EVT-02766,2025-09-27 19:00:00,North,SS-010,Equipment Fault,Medium,456
EVT-02224,2025-09-27 21:00:00,Central,SS-003,Equipment Fault,Low,402
EVT-01354,2025-09-28 02:00:00,West,SS-004,Normal,Low,125
EVT-03390,2025-09-28 03:00:00,North,SS-008,Normal,High,288
EVT-03249,2025-09-28 04:00:00,East,SS-006,Normal,Low,211
EVT-02425,2025-09-28 07:00:00,South,SS-004,Normal,Medium,114
EVT-02472,2025-09-28 11:00:00,Central,SS-005,Normal,Low,372
EVT-04005,2025-09-28 19:00:00,Central,SS-005,Normal,High,56
EVT-00508,2025-09-28 19:00:00,West,SS-002,Overload,Low,212
EVT-00783,2025-09-29 01:00:00,Central,SS-003,Normal,High,430
EVT-03277,2025-09-29 05:00:00,Central,SS-007,Normal,Low,331
EVT-01615,2025-09-29 06:00:00,West,SS-009,Normal,Medium,45
EVT-03966,2025-09-29 06:00:00,West,SS-008,Normal,High,269
EVT-00963,2025-09-29 12:00:00,West,SS-003,Maintenance,High,367
EVT-04894,2025-09-29 14:00:00,North,SS-006,Maintenance,Medium,471
EVT-01551,2025-09-30 04:00:00,South,SS-005,Normal,Critical,137
EVT-00801,2025-09-30 11:00:00,West,SS-003,Maintenance,Low,192
EVT-01901,2025-09-30 13:00:00,South,SS-002,Maintenance,High,311
EVT-01829,2025-09-30 15:00:00,West,SS-001,Overload,Critical,183
EVT-02325,2025-09-30 16:00:00,East,SS-010,Voltage Anomaly,High,196
EVT-01189,2025-09-30 22:00:00,West,SS-008,Normal,Low,245
EVT-01654,2025-10-01 07:00:00,South,SS-005,Normal,Low,287
EVT-03676,2025-10-01 08:00:00,Central,SS-003,Overload,Medium,300
EVT-04054,2025-10-01 12:00:00,East,SS-006,Normal,High,78
EVT-04119,2025-10-01 20:00:00,Central,SS-006,Equipment Fault,Medium,76
EVT-00539,2025-10-01 21:00:00,West,SS-003,Normal,Low,415
EVT-00851,2025-10-02 01:00:00,Central,SS-002,Equipment Fault,Medium,186
EVT-01174,2025-10-02 01:00:00,South,SS-005,Outage,Medium,392
EVT-03480,2025-10-02 01:00:00,Central,SS-008,Normal,Low,439
EVT-04761,2025-10-02 06:00:00,East,SS-006,Equipment Fault,Low,363
EVT-00478,2025-10-02 09:00:00,East,SS-010,Equipment Fault,Medium,198
EVT-03190,2025-10-02 11:00:00,East,SS-002,Normal,Medium,149
EVT-02846,2025-10-02 12:00:00,East,SS-010,Voltage Anomaly,Low,96
EVT-02813,2025-10-02 14:00:00,East,SS-007,Outage,Low,292
EVT-01288,2025-10-02 14:00:00,East,SS-006,Equipment Fault,Low,309
EVT-03864,2025-10-02 16:00:00,Central,SS-007,Voltage Anomaly,High,54
EVT-00982,2025-10-02 16:00:00,South,SS-001,Overload,Medium,26
EVT-04708,2025-10-02 23:00:00,Central,SS-003,Normal,High,329
EVT-00679,2025-10-03 00:00:00,North,SS-010,Outage,Low,372
EVT-04993,2025-10-03 03:00:00,North,SS-006,Normal,High,465
EVT-02898,2025-10-03 06:00:00,West,SS-007,Outage,Low,395
EVT-02682,2025-10-03 11:00:00,South,SS-009,Equipment Fault,Low,188
EVT-04299,2025-10-03 11:00:00,West,SS-003,Equipment Fault,Medium,12
EVT-01564,2025-10-03 14:00:00,East,SS-008,Maintenance,Critical,331
EVT-01022,2025-10-03 15:00:00,North,SS-001,Overload,Low,64
EVT-03892,2025-10-03 16:00:00,Central,SS-003,Overload,Low,42
EVT-00926,2025-10-03 20:00:00,South,SS-002,Outage,High,133
EVT-02534,2025-10-04 05:00:00,Central,SS-005,Maintenance,Low,108
EVT-04753,2025-10-04 06:00:00,West,SS-001,Outage,High,134
EVT-02268,2025-10-04 06:00:00,Central,SS-007,Normal,Medium,96
EVT-04777,2025-10-04 10:00:00,Central,SS-006,Normal,Low,198
EVT-03771,2025-10-04 15:00:00,West,SS-004,Normal,Critical,348
EVT-00444,2025-10-04 16:00:00,Central,SS-006,Normal,Medium,278
EVT-02532,2025-10-04 19:00:00,East,SS-002,Maintenance,Medium,132
EVT-01035,2025-10-04 20:00:00,South,SS-001,Equipment Fault,Critical,351
EVT-01868,2025-10-05 01:00:00,East,SS-004,Normal,Low,367
EVT-03407,2025-10-05 02:00:00,West,SS-010,Normal,Medium,293
EVT-00190,2025-10-05 04:00:00,South,SS-008,Normal,Medium,313
EVT-00706,2025-10-05 04:00:00,Central,SS-005,Voltage Anomaly,Low,6
EVT-04254,2025-10-05 05:00:00,South,SS-004,Voltage Anomaly,Medium,458
EVT-02276,2025-10-05 05:00:00,West,SS-005,Normal,Low,287
EVT-02434,2025-10-05 08:00:00,North,SS-003,Maintenance,Medium,244
EVT-04671,2025-10-05 10:00:00,South,SS-002,Normal,Medium,215
EVT-04370,2025-10-05 14:00:00,South,SS-001,Normal,Critical,105
EVT-03642,2025-10-05 16:00:00,North,SS-006,Voltage Anomaly,Low,264
EVT-02645,2025-10-06 00:00:00,South,SS-005,Overload,Critical,449
EVT-00724,2025-10-06 01:00:00,East,SS-006,Normal,Critical,451
EVT-03380,2025-10-06 02:00:00,Central,SS-004,Normal,Medium,413
EVT-03806,2025-10-06 11:00:00,North,SS-005,Maintenance,Medium,64
EVT-04986,2025-10-06 15:00:00,Central,SS-001,Equipment Fault,Low,45
EVT-04818,2025-10-06 15:00:00,West,SS-008,Normal,Critical,137
EVT-02839,2025-10-06 20:00:00,West,SS-010,Normal,Medium,204
EVT-02110,2025-10-07 00:00:00,North,SS-009,Normal,Low,269
EVT-04897,2025-10-07 06:00:00,West,SS-006,Normal,High,196
EVT-02690,2025-10-07 13:00:00,West,SS-010,Normal,High,405
EVT-00238,2025-10-07 15:00:00,East,SS-004,Normal,Low,95
EVT-04268,2025-10-08 01:00:00,East,SS-005,Normal,Medium,275
EVT-03255,2025-10-08 11:00:00,West,SS-010,Normal,Low,17
EVT-00338,2025-10-08 11:00:00,West,SS-007,Maintenance,Low,98
EVT-04219,2025-10-08 11:00:00,West,SS-010,Normal,High,183
EVT-01471,2025-10-09 00:00:00,Central,SS-009,Normal,Medium,97
EVT-03323,2025-10-09 05:00:00,South,SS-007,Equipment Fault,Low,55
EVT-04249,2025-10-09 09:00:00,Central,SS-009,Maintenance,Low,289
EVT-03660,2025-10-09 13:00:00,West,SS-001,Overload,Critical,17
EVT-03032,2025-10-09 15:00:00,Central,SS-009,Normal,Low,279
EVT-01934,2025-10-09 15:00:00,North,SS-005,Overload,High,141
EVT-02902,2025-10-09 19:00:00,East,SS-002,Normal,Medium,388
EVT-01890,2025-10-09 21:00:00,West,SS-006,Maintenance,Low,347
EVT-00070,2025-10-09 22:00:00,South,SS-007,Overload,Low,247
EVT-00700,2025-10-10 00:00:00,Central,SS-005,Overload,High,107
EVT-01624,2025-10-10 02:00:00,West,SS-002,Overload,High,475
EVT-02886,2025-10-10 02:00:00,North,SS-005,Voltage Anomaly,Low,410
EVT-04831,2025-10-10 04:00:00,South,SS-007,Voltage Anomaly,High,427
EVT-04659,2025-10-10 05:00:00,West,SS-004,Normal,High,74
EVT-04850,2025-10-10 19:00:00,North,SS-010,Normal,Medium,366
EVT-01184,2025-10-10 19:00:00,South,SS-009,Normal,High,138
EVT-01891,2025-10-10 22:00:00,East,SS-008,Outage,High,464
EVT-03981,2025-10-10 23:00:00,Central,SS-006,Normal,Low,135
EVT-04851,2025-10-11 05:00:00,South,SS-009,Overload,Low,293
EVT-02708,2025-10-11 06:00:00,South,SS-007,Maintenance,Medium,286
EVT-04599,2025-10-11 10:00:00,West,SS-003,Maintenance,Low,152
EVT-01076,2025-10-11 11:00:00,North,SS-002,Maintenance,Low,334
EVT-03075,2025-10-11 13:00:00,Central,SS-004,Normal,Low,452
EVT-03967,2025-10-11 15:00:00,South,SS-002,Overload,Low,436
EVT-02864,2025-10-11 17:00:00,Central,SS-008,Normal,Medium,416
EVT-01453,2025-10-11 19:00:00,North,SS-005,Overload,Critical,201
EVT-02661,2025-10-12 04:00:00,South,SS-003,Maintenance,Low,131
EVT-01086,2025-10-12 05:00:00,South,SS-007,Overload,High,456
EVT-00203,2025-10-12 07:00:00,South,SS-010,Outage,Medium,245
EVT-00471,2025-10-12 07:00:00,South,SS-005,Normal,Low,18
EVT-00766,2025-10-12 10:00:00,North,SS-006,Voltage Anomaly,Medium,304
EVT-03863,2025-10-12 16:00:00,North,SS-005,Voltage Anomaly,Low,11
EVT-04968,2025-10-12 18:00:00,South,SS-004,Outage,Medium,6
EVT-04609,2025-10-12 19:00:00,West,SS-002,Equipment Fault,Low,72
EVT-03463,2025-10-12 22:00:00,West,SS-009,Normal,Low,362
EVT-01525,2025-10-12 23:00:00,South,SS-005,Normal,Low,327
EVT-04507,2025-10-12 23:00:00,Central,SS-005,Maintenance,Medium,73
EVT-04910,2025-10-13 02:00:00,West,SS-005,Normal,Medium,244
EVT-00886,2025-10-13 04:00:00,Central,SS-001,Equipment Fault,Low,352
EVT-04474,2025-10-13 07:00:00,North,SS-009,Outage,Low,378
EVT-04856,2025-10-13 08:00:00,Central,SS-006,Voltage Anomaly,Low,402
EVT-00047,2025-10-13 08:00:00,East,SS-001,Normal,Medium,321
EVT-03976,2025-10-13 08:00:00,North,SS-001,Voltage Anomaly,Low,340
EVT-04804,2025-10-13 10:00:00,East,SS-003,Overload,Low,252
EVT-00232,2025-10-13 16:00:00,South,SS-002,Normal,Medium,286
EVT-02261,2025-10-14 02:00:00,North,SS-010,Maintenance,Low,12
EVT-00752,2025-10-14 08:00:00,East,SS-005,Overload,Low,292
EVT-03680,2025-10-14 08:00:00,South,SS-010,Equipment Fault,High,200
EVT-03665,2025-10-14 10:00:00,West,SS-007,Voltage Anomaly,Low,401
EVT-01431,2025-10-14 10:00:00,East,SS-003,Normal,Low,349
EVT-00257,2025-10-14 10:00:00,West,SS-009,Voltage Anomaly,Critical,412
EVT-02514,2025-10-14 13:00:00,West,SS-003,Equipment Fault,Medium,9
EVT-01397,2025-10-14 14:00:00,Central,SS-006,Maintenance,Low,133
EVT-02081,2025-10-14 14:00:00,North,SS-009,Equipment Fault,Medium,30
EVT-01957,2025-10-14 16:00:00,North,SS-007,Outage,Critical,241
EVT-02284,2025-10-14 21:00:00,East,SS-004,Maintenance,High,361
EVT-04528,2025-10-15 03:00:00,Central,SS-005,Equipment Fault,High,298
EVT-01543,2025-10-15 10:00:00,South,SS-001,Normal,Low,14
EVT-04476,2025-10-15 12:00:00,West,SS-002,Normal,Low,408
EVT-03303,2025-10-15 15:00:00,West,SS-009,Overload,High,97
EVT-00065,2025-10-15 18:00:00,Central,SS-006,Outage,High,112
EVT-00552,2025-10-15 18:00:00,South,SS-010,Normal,Medium,152
EVT-04464,2025-10-15 22:00:00,Central,SS-007,Normal,Medium,180
EVT-00167,2025-10-16 00:00:00,North,SS-001,Equipment Fault,High,443
EVT-03851,2025-10-16 01:00:00,Central,SS-007,Normal,Low,388
EVT-02953,2025-10-16 07:00:00,East,SS-004,Normal,Critical,235
EVT-03362,2025-10-16 08:00:00,East,SS-003,Normal,High,131
EVT-00106,2025-10-16 09:00:00,South,SS-005,Voltage Anomaly,Medium,75
EVT-01196,2025-10-16 10:00:00,East,SS-002,Normal,Low,104
EVT-02470,2025-10-16 20:00:00,South,SS-001,Normal,Low,158
EVT-03784,2025-10-16 23:00:00,South,SS-008,Normal,Low,290
EVT-02471,2025-10-16 23:00:00,South,SS-008,Outage,High,101
EVT-01167,2025-10-17 13:00:00,South,SS-002,Maintenance,Critical,26
EVT-00946,2025-10-17 19:00:00,Central,SS-008,Voltage Anomaly,Medium,39
EVT-01058,2025-10-17 21:00:00,Central,SS-001,Normal,Low,393
EVT-01359,2025-10-18 01:00:00,Central,SS-004,Voltage Anomaly,Low,305
EVT-02087,2025-10-18 03:00:00,North,SS-003,Voltage Anomaly,Critical,39
EVT-00211,2025-10-18 06:00:00,North,SS-004,Normal,High,228
EVT-01425,2025-10-18 07:00:00,South,SS-009,Outage,Low,44
EVT-04209,2025-10-18 12:00:00,North,SS-003,Normal,Low,304
EVT-03299,2025-10-18 13:00:00,West,SS-009,Equipment Fault,Low,88
EVT-01415,2025-10-18 18:00:00,Central,SS-005,Normal,Low,366
EVT-00293,2025-10-19 00:00:00,North,SS-006,Normal,Medium,361
EVT-00854,2025-10-19 08:00:00,West,SS-002,Overload,Critical,41
EVT-04048,2025-10-19 10:00:00,South,SS-008,Normal,Low,405
EVT-04954,2025-10-19 16:00:00,North,SS-007,Equipment Fault,Critical,154
EVT-03534,2025-10-19 18:00:00,North,SS-009,Normal,High,243
EVT-02382,2025-10-19 19:00:00,South,SS-010,Normal,Medium,251
EVT-01195,2025-10-19 22:00:00,North,SS-001,Normal,Low,265
EVT-01584,2025-10-19 23:00:00,North,SS-007,Maintenance,Low,17
EVT-00767,2025-10-20 12:00:00,West,SS-005,Normal,Low,251
EVT-04000,2025-10-20 15:00:00,East,SS-007,Outage,Medium,57
EVT-02506,2025-10-20 15:00:00,North,SS-008,Normal,Medium,215
EVT-02971,2025-10-20 15:00:00,North,SS-006,Normal,Low,336
EVT-03208,2025-10-20 21:00:00,Central,SS-008,Outage,Medium,114
EVT-03910,2025-10-21 00:00:00,Central,SS-007,Maintenance,Medium,287
EVT-01527,2025-10-21 01:00:00,Central,SS-008,Maintenance,Low,30
EVT-03865,2025-10-21 02:00:00,South,SS-005,Normal,Low,390
EVT-04431,2025-10-21 03:00:00,North,SS-003,Normal,Low,93
EVT-02723,2025-10-21 08:00:00,East,SS-007,Outage,High,375
EVT-01186,2025-10-21 08:00:00,Central,SS-005,Normal,Critical,17
EVT-01614,2025-10-21 13:00:00,West,SS-008,Normal,Low,433
EVT-02342,2025-10-21 16:00:00,North,SS-006,Voltage Anomaly,Medium,93
EVT-04812,2025-10-21 23:00:00,Central,SS-005,Equipment Fault,Low,106
EVT-04730,2025-10-21 23:00:00,East,SS-004,Equipment Fault,High,82
EVT-01390,2025-10-22 05:00:00,South,SS-002,Normal,Medium,412
EVT-00447,2025-10-22 08:00:00,East,SS-005,Outage,Low,59
EVT-00189,2025-10-22 18:00:00,South,SS-004,Outage,Medium,338
EVT-02865,2025-10-22 21:00:00,East,SS-004,Normal,Low,175
EVT-02860,2025-10-22 22:00:00,South,SS-007,Voltage Anomaly,Medium,381
EVT-04145,2025-10-22 22:00:00,East,SS-008,Normal,Low,124
EVT-00291,2025-10-23 00:00:00,South,SS-001,Voltage Anomaly,Medium,281
EVT-04514,2025-10-23 01:00:00,West,SS-009,Voltage Anomaly,Low,181
EVT-00903,2025-10-23 05:00:00,East,SS-009,Overload,High,213
EVT-00533,2025-10-23 14:00:00,South,SS-005,Normal,Low,456
EVT-02906,2025-10-23 16:00:00,East,SS-002,Equipment Fault,Medium,296
EVT-04765,2025-10-23 21:00:00,East,SS-005,Equipment Fault,Medium,142
EVT-02043,2025-10-23 22:00:00,East,SS-003,Maintenance,High,32
EVT-03195,2025-10-24 01:00:00,East,SS-001,Normal,Low,191
EVT-01608,2025-10-24 11:00:00,North,SS-005,Normal,Low,333
EVT-00265,2025-10-24 11:00:00,North,SS-003,Normal,Medium,54
EVT-03764,2025-10-24 17:00:00,Central,SS-008,Normal,High,361
EVT-03541,2025-10-24 19:00:00,South,SS-010,Normal,Medium,222
EVT-00929,2025-10-24 20:00:00,East,SS-007,Overload,Low,367
EVT-03704,2025-10-25 03:00:00,East,SS-003,Outage,Low,305
EVT-03067,2025-10-25 09:00:00,Central,SS-004,Voltage Anomaly,Medium,267
EVT-02438,2025-10-25 15:00:00,East,SS-008,Normal,Low,216
EVT-03908,2025-10-25 16:00:00,Central,SS-002,Overload,High,318
EVT-00287,2025-10-25 17:00:00,South,SS-009,Normal,Low,423
EVT-04631,2025-10-25 18:00:00,Central,SS-007,Normal,Medium,66
EVT-01518,2025-10-25 21:00:00,Central,SS-008,Overload,Low,424
EVT-04645,2025-10-26 00:00:00,East,SS-004,Overload,Medium,134
EVT-02609,2025-10-26 01:00:00,West,SS-007,Maintenance,Medium,116
EVT-03820,2025-10-26 06:00:00,North,SS-008,Maintenance,Low,258
EVT-00823,2025-10-26 16:00:00,West,SS-007,Maintenance,Medium,401
EVT-01429,2025-10-26 17:00:00,Central,SS-004,Equipment Fault,Medium,382
EVT-03069,2025-10-27 02:00:00,East,SS-003,Overload,High,258
EVT-04180,2025-10-27 03:00:00,North,SS-001,Overload,High,122
EVT-03355,2025-10-27 03:00:00,Central,SS-006,Outage,Critical,58
EVT-04944,2025-10-27 05:00:00,West,SS-008,Equipment Fault,Low,31
EVT-03921,2025-10-27 13:00:00,North,SS-001,Voltage Anomaly,Low,441
EVT-01275,2025-10-27 17:00:00,North,SS-004,Outage,Low,403
EVT-04817,2025-10-28 05:00:00,North,SS-002,Normal,High,305
EVT-00348,2025-10-28 06:00:00,South,SS-010,Equipment Fault,Low,370
EVT-03356,2025-10-28 08:00:00,North,SS-006,Outage,Medium,459
EVT-00757,2025-10-28 11:00:00,East,SS-008,Outage,Low,431
EVT-00428,2025-10-28 14:00:00,East,SS-009,Normal,High,71
EVT-04621,2025-10-28 15:00:00,East,SS-008,Voltage Anomaly,Critical,374
EVT-01298,2025-10-28 20:00:00,East,SS-002,Overload,High,120
EVT-01956,2025-10-28 21:00:00,Central,SS-005,Overload,Medium,471
EVT-00841,2025-10-29 01:00:00,Central,SS-006,Maintenance,Low,346
EVT-00380,2025-10-29 03:00:00,Central,SS-010,Equipment Fault,Medium,167
EVT-00719,2025-10-29 03:00:00,North,SS-007,Normal,Medium,181
EVT-03332,2025-10-29 04:00:00,South,SS-002,Voltage Anomaly,Low,70
EVT-01652,2025-10-29 08:00:00,North,SS-010,Normal,Low,319
EVT-04455,2025-10-29 13:00:00,South,SS-007,Voltage Anomaly,Low,230
EVT-00227,2025-10-29 17:00:00,South,SS-005,Maintenance,Medium,325
EVT-03239,2025-10-29 18:00:00,Central,SS-010,Voltage Anomaly,Medium,137
EVT-00068,2025-10-29 21:00:00,Central,SS-009,Equipment Fault,High,66
EVT-03597,2025-10-30 01:00:00,West,SS-009,Overload,High,164
EVT-03985,2025-10-30 01:00:00,North,SS-010,Overload,Low,384
EVT-00948,2025-10-30 10:00:00,North,SS-002,Outage,Low,57
EVT-00985,2025-10-30 12:00:00,East,SS-003,Normal,Low,258
EVT-04103,2025-10-30 19:00:00,Central,SS-007,Normal,Medium,426
EVT-04835,2025-10-31 01:00:00,West,SS-002,Normal,High,116
EVT-02255,2025-10-31 04:00:00,Central,SS-009,Equipment Fault,High,174
EVT-02591,2025-10-31 05:00:00,Central,SS-004,Normal,Low,252
EVT-01816,2025-10-31 06:00:00,North,SS-003,Maintenance,Medium,428
EVT-01889,2025-10-31 10:00:00,North,SS-003,Equipment Fault,Low,106
EVT-01723,2025-10-31 11:00:00,West,SS-002,Normal,Medium,253
EVT-01984,2025-10-31 15:00:00,North,SS-007,Overload,Medium,387
EVT-01946,2025-10-31 16:00:00,North,SS-002,Normal,Medium,46
EVT-02835,2025-10-31 19:00:00,West,SS-004,Equipment Fault,Low,7
EVT-03242,2025-10-31 20:00:00,East,SS-006,Normal,Medium,253
EVT-02842,2025-10-31 21:00:00,West,SS-004,Normal,High,260
EVT-00225,2025-10-31 21:00:00,South,SS-006,Normal,Low,447
EVT-01328,2025-11-01 02:00:00,West,SS-003,Voltage Anomaly,Low,212
EVT-00498,2025-11-01 07:00:00,Central,SS-006,Normal,High,448
EVT-00458,2025-11-01 13:00:00,East,SS-010,Outage,Low,389
EVT-04737,2025-11-01 22:00:00,Central,SS-010,Normal,High,99
EVT-02773,2025-11-02 04:00:00,North,SS-003,Equipment Fault,Low,8
EVT-02988,2025-11-02 05:00:00,Central,SS-009,Voltage Anomaly,Low,209
EVT-01424,2025-11-02 11:00:00,Central,SS-002,Normal,Medium,429
EVT-00436,2025-11-02 12:00:00,South,SS-001,Normal,Medium,461
EVT-02643,2025-11-02 22:00:00,East,SS-006,Equipment Fault,Low,413
EVT-00554,2025-11-03 01:00:00,Central,SS-010,Normal,High,163
EVT-03566,2025-11-03 03:00:00,South,SS-005,Normal,Low,34
EVT-01846,2025-11-03 03:00:00,Central,SS-005,Voltage Anomaly,High,270
EVT-02478,2025-11-03 10:00:00,East,SS-004,Outage,Medium,48
EVT-00995,2025-11-03 12:00:00,Central,SS-009,Normal,Low,194
EVT-04353,2025-11-03 18:00:00,South,SS-010,Normal,Medium,107
EVT-00475,2025-11-03 19:00:00,East,SS-001,Normal,Low,203
EVT-02497,2025-11-04 10:00:00,South,SS-001,Normal,Medium,21
EVT-03599,2025-11-04 12:00:00,South,SS-008,Voltage Anomaly,High,116
EVT-00717,2025-11-04 17:00:00,East,SS-007,Equipment Fault,Medium,359
EVT-03953,2025-11-04 18:00:00,Central,SS-003,Normal,Medium,322
EVT-02250,2025-11-05 12:00:00,West,SS-006,Normal,High,467
EVT-04213,2025-11-05 12:00:00,North,SS-006,Normal,Medium,22
EVT-02909,2025-11-05 16:00:00,East,SS-005,Normal,Medium,432
EVT-03674,2025-11-05 17:00:00,East,SS-006,Voltage Anomaly,Low,385
EVT-02231,2025-11-05 23:00:00,East,SS-003,Normal,Low,352
EVT-01919,2025-11-06 02:00:00,West,SS-006,Normal,Low,471
EVT-01437,2025-11-06 02:00:00,West,SS-009,Normal,High,306
EVT-02726,2025-11-06 11:00:00,South,SS-008,Maintenance,Low,129
EVT-00873,2025-11-06 13:00:00,West,SS-009,Maintenance,Medium,149
EVT-04193,2025-11-06 16:00:00,Central,SS-006,Normal,Medium,473
EVT-01310,2025-11-06 17:00:00,South,SS-003,Maintenance,Medium,307
EVT-01253,2025-11-06 19:00:00,South,SS-002,Maintenance,Low,423
EVT-02596,2025-11-06 22:00:00,North,SS-007,Overload,Medium,181
EVT-04368,2025-11-07 03:00:00,North,SS-002,Equipment Fault,Low,317
EVT-04113,2025-11-07 07:00:00,South,SS-008,Normal,High,330
EVT-01066,2025-11-07 12:00:00,Central,SS-007,Normal,Low,15
EVT-00871,2025-11-07 14:00:00,East,SS-009,Normal,Medium,202
EVT-00830,2025-11-07 16:00:00,South,SS-001,Equipment Fault,Low,153
EVT-00864,2025-11-07 17:00:00,Central,SS-002,Normal,Critical,343
EVT-01223,2025-11-08 02:00:00,Central,SS-001,Outage,Critical,452
EVT-00435,2025-11-08 03:00:00,West,SS-004,Outage,Medium,377
EVT-01147,2025-11-08 04:00:00,Central,SS-003,Normal,Critical,116
EVT-02540,2025-11-08 07:00:00,North,SS-006,Equipment Fault,High,179
EVT-04811,2025-11-08 10:00:00,South,SS-009,Normal,Critical,448
EVT-00892,2025-11-08 11:00:00,East,SS-010,Voltage Anomaly,High,473
EVT-00131,2025-11-08 11:00:00,Central,SS-004,Voltage Anomaly,Low,461
EVT-04974,2025-11-08 19:00:00,West,SS-006,Equipment Fault,Low,280
EVT-04374,2025-11-09 03:00:00,East,SS-007,Normal,Medium,31
EVT-03742,2025-11-09 06:00:00,South,SS-002,Overload,Medium,335
EVT-04843,2025-11-09 07:00:00,Central,SS-009,Normal,Low,276
EVT-04409,2025-11-09 10:00:00,South,SS-001,Normal,Medium,176
EVT-00856,2025-11-09 14:00:00,Central,SS-003,Outage,Medium,76
EVT-01842,2025-11-09 15:00:00,North,SS-006,Equipment Fault,Medium,348
EVT-00624,2025-11-09 16:00:00,South,SS-008,Normal,Critical,56
EVT-03757,2025-11-09 17:00:00,East,SS-001,Normal,Medium,217
EVT-02108,2025-11-09 20:00:00,North,SS-008,Normal,Low,183
EVT-04819,2025-11-09 21:00:00,North,SS-003,Voltage Anomaly,Low,354
EVT-02758,2025-11-10 01:00:00,West,SS-003,Outage,Low,28
EVT-02791,2025-11-10 05:00:00,South,SS-004,Equipment Fault,Medium,65
EVT-00302,2025-11-10 07:00:00,South,SS-004,Normal,Medium,398
EVT-04365,2025-11-10 08:00:00,South,SS-010,Normal,Medium,444
EVT-00919,2025-11-10 17:00:00,North,SS-007,Overload,Medium,241
EVT-03446,2025-11-10 18:00:00,West,SS-009,Normal,Low,124
EVT-00034,2025-11-10 18:00:00,Central,SS-005,Equipment Fault,Medium,89
EVT-03619,2025-11-10 18:00:00,North,SS-004,Voltage Anomaly,Low,324
EVT-02507,2025-11-10 19:00:00,South,SS-006,Normal,Medium,451
EVT-00417,2025-11-10 23:00:00,West,SS-002,Overload,Low,135
EVT-00780,2025-11-11 07:00:00,East,SS-003,Voltage Anomaly,High,408
EVT-00256,2025-11-11 16:00:00,West,SS-003,Outage,Low,313
EVT-04661,2025-11-11 19:00:00,South,SS-001,Overload,Medium,291
EVT-02531,2025-11-11 19:00:00,North,SS-008,Outage,Low,401
EVT-04635,2025-11-11 23:00:00,Central,SS-004,Maintenance,Medium,165
EVT-03476,2025-11-12 00:00:00,East,SS-004,Voltage Anomaly,High,185
EVT-02970,2025-11-12 01:00:00,South,SS-003,Normal,High,219
EVT-02122,2025-11-12 05:00:00,South,SS-004,Maintenance,Medium,266
EVT-02063,2025-11-12 05:00:00,West,SS-003,Outage,Low,438
EVT-01605,2025-11-12 07:00:00,East,SS-001,Overload,Medium,66
EVT-04197,2025-11-12 10:00:00,South,SS-001,Outage,Medium,109
EVT-02201,2025-11-12 15:00:00,East,SS-006,Overload,Medium,428
EVT-00592,2025-11-12 17:00:00,East,SS-006,Normal,Medium,236
EVT-00285,2025-11-12 18:00:00,South,SS-003,Outage,Low,208
EVT-04942,2025-11-13 01:00:00,Central,SS-006,Voltage Anomaly,High,373
EVT-01210,2025-11-13 08:00:00,North,SS-002,Normal,High,275
EVT-03535,2025-11-13 11:00:00,West,SS-010,Normal,Low,255
EVT-01201,2025-11-13 16:00:00,East,SS-010,Overload,Critical,173
EVT-00044,2025-11-13 17:00:00,East,SS-004,Voltage Anomaly,Medium,327
EVT-03179,2025-11-13 23:00:00,North,SS-009,Normal,High,244
EVT-00445,2025-11-14 00:00:00,South,SS-006,Normal,Medium,419
EVT-00976,2025-11-14 02:00:00,South,SS-006,Outage,Medium,172
EVT-04191,2025-11-14 05:00:00,East,SS-007,Overload,Medium,70
EVT-02857,2025-11-14 10:00:00,South,SS-005,Normal,Medium,247
EVT-01667,2025-11-14 14:00:00,East,SS-001,Outage,Low,78
EVT-02069,2025-11-14 18:00:00,East,SS-003,Maintenance,Medium,454
EVT-01304,2025-11-14 18:00:00,Central,SS-005,Overload,Low,234
EVT-03624,2025-11-14 19:00:00,North,SS-003,Voltage Anomaly,High,383
EVT-01233,2025-11-15 00:00:00,North,SS-009,Outage,Low,104
EVT-04963,2025-11-15 03:00:00,South,SS-006,Normal,High,12
EVT-00738,2025-11-15 06:00:00,South,SS-010,Normal,Low,63
EVT-03640,2025-11-15 07:00:00,East,SS-004,Normal,Low,384
EVT-01126,2025-11-15 15:00:00,Central,SS-004,Overload,Low,294
EVT-03896,2025-11-15 19:00:00,Central,SS-007,Overload,Low,36
EVT-00449,2025-11-15 22:00:00,North,SS-003,Overload,Critical,66
EVT-03730,2025-11-15 22:00:00,Central,SS-007,Overload,Low,131
EVT-04064,2025-11-16 01:00:00,East,SS-006,Normal,Low,142
EVT-03078,2025-11-16 06:00:00,East,SS-004,Equipment Fault,High,379
EVT-00909,2025-11-16 06:00:00,Central,SS-008,Normal,Critical,153
EVT-00037,2025-11-16 13:00:00,East,SS-002,Maintenance,Critical,464
EVT-01845,2025-11-16 14:00:00,North,SS-006,Normal,Low,370
EVT-01872,2025-11-16 15:00:00,South,SS-007,Overload,Low,452
EVT-04830,2025-11-16 18:00:00,North,SS-002,Normal,Medium,284
EVT-01314,2025-11-16 21:00:00,West,SS-007,Overload,Medium,229
EVT-01502,2025-11-17 03:00:00,North,SS-006,Normal,Low,108
EVT-02431,2025-11-17 10:00:00,North,SS-005,Normal,High,225
EVT-03884,2025-11-17 11:00:00,North,SS-007,Equipment Fault,High,353
EVT-03739,2025-11-17 16:00:00,West,SS-005,Overload,Low,136
EVT-00128,2025-11-17 17:00:00,North,SS-004,Normal,Medium,260
EVT-00350,2025-11-18 00:00:00,North,SS-006,Voltage Anomaly,Low,365
EVT-00753,2025-11-18 02:00:00,East,SS-003,Normal,High,464
EVT-01458,2025-11-18 14:00:00,Central,SS-003,Normal,Low,232
EVT-01509,2025-11-18 16:00:00,North,SS-010,Normal,High,472
EVT-00043,2025-11-19 00:00:00,Central,SS-003,Normal,Medium,271
EVT-04858,2025-11-19 02:00:00,South,SS-010,Normal,Medium,176
EVT-00799,2025-11-19 06:00:00,North,SS-006,Normal,High,173
EVT-04877,2025-11-19 13:00:00,Central,SS-009,Normal,Medium,303
EVT-01613,2025-11-19 17:00:00,North,SS-006,Maintenance,Medium,9
EVT-04603,2025-11-19 22:00:00,West,SS-010,Normal,Medium,70
EVT-04267,2025-11-20 00:00:00,North,SS-010,Normal,Low,21
EVT-03683,2025-11-20 01:00:00,Central,SS-005,Voltage Anomaly,High,106
EVT-03501,2025-11-20 03:00:00,East,SS-001,Outage,Low,100
EVT-03530,2025-11-20 04:00:00,North,SS-004,Normal,Low,367
EVT-00510,2025-11-20 06:00:00,West,SS-003,Normal,Medium,262
EVT-00316,2025-11-20 22:00:00,Central,SS-004,Maintenance,High,235
EVT-04007,2025-11-21 06:00:00,Central,SS-004,Voltage Anomaly,Medium,148
EVT-02210,2025-11-21 07:00:00,Central,SS-010,Maintenance,Low,232
EVT-02958,2025-11-21 08:00:00,East,SS-006,Normal,Medium,300
EVT-01701,2025-11-21 15:00:00,South,SS-009,Normal,High,161
EVT-00115,2025-11-22 03:00:00,East,SS-010,Overload,Low,292
EVT-03835,2025-11-22 06:00:00,South,SS-003,Normal,Medium,416
EVT-02333,2025-11-22 07:00:00,Central,SS-001,Normal,Medium,386
EVT-01014,2025-11-22 13:00:00,South,SS-010,Equipment Fault,High,191
EVT-00566,2025-11-22 14:00:00,North,SS-002,Overload,Low,155
EVT-03340,2025-11-22 14:00:00,South,SS-001,Outage,Critical,418
EVT-04460,2025-11-22 16:00:00,Central,SS-006,Overload,High,446
EVT-00473,2025-11-22 17:00:00,Central,SS-002,Overload,Low,335
EVT-02150,2025-11-22 23:00:00,North,SS-004,Outage,Low,355
EVT-02031,2025-11-22 23:00:00,East,SS-002,Normal,Medium,420
EVT-01882,2025-11-23 02:00:00,East,SS-006,Overload,Low,209
EVT-01109,2025-11-23 14:00:00,South,SS-007,Normal,High,18
EVT-03857,2025-11-23 20:00:00,West,SS-004,Overload,High,173
EVT-00303,2025-11-23 21:00:00,South,SS-001,Overload,Low,421
EVT-00535,2025-11-24 05:00:00,West,SS-004,Outage,Medium,157
EVT-02977,2025-11-24 10:00:00,West,SS-007,Overload,Medium,250
EVT-01068,2025-11-24 13:00:00,North,SS-006,Normal,Low,415
EVT-03465,2025-11-24 15:00:00,Central,SS-002,Normal,Medium,139
EVT-04183,2025-11-24 23:00:00,South,SS-009,Normal,Low,412
EVT-02871,2025-11-25 00:00:00,North,SS-006,Outage,Low,86
EVT-00958,2025-11-25 02:00:00,West,SS-005,Overload,Medium,115
EVT-03846,2025-11-25 08:00:00,West,SS-002,Normal,High,446
EVT-04494,2025-11-25 10:00:00,West,SS-010,Normal,High,24
EVT-01857,2025-11-25 10:00:00,East,SS-008,Overload,Low,459
EVT-04697,2025-11-25 12:00:00,West,SS-006,Voltage Anomaly,Low,357
EVT-02952,2025-11-25 14:00:00,South,SS-001,Normal,Low,239
EVT-03951,2025-11-25 15:00:00,East,SS-010,Overload,Low,203
EVT-04019,2025-11-25 17:00:00,North,SS-007,Normal,Low,303
EVT-00313,2025-11-25 18:00:00,East,SS-008,Voltage Anomaly,Critical,25
EVT-02933,2025-11-26 01:00:00,North,SS-010,Normal,High,145
EVT-00782,2025-11-26 02:00:00,North,SS-007,Overload,Low,66
EVT-03425,2025-11-26 05:00:00,North,SS-004,Maintenance,Medium,51
EVT-02236,2025-11-26 21:00:00,East,SS-002,Maintenance,Medium,165
EVT-03167,2025-11-26 22:00:00,South,SS-010,Voltage Anomaly,Low,450
EVT-03246,2025-11-27 10:00:00,North,SS-001,Normal,Medium,148
EVT-04210,2025-11-27 11:00:00,West,SS-005,Voltage Anomaly,High,337
EVT-01187,2025-11-27 15:00:00,Central,SS-009,Outage,High,187
EVT-04244,2025-11-27 16:00:00,Central,SS-003,Equipment Fault,Low,187
EVT-04530,2025-11-27 19:00:00,South,SS-002,Voltage Anomaly,Low,126
EVT-04960,2025-11-27 20:00:00,North,SS-005,Normal,Medium,92
EVT-04922,2025-11-27 22:00:00,East,SS-002,Voltage Anomaly,Low,177
EVT-04094,2025-11-28 02:00:00,North,SS-010,Normal,High,109
EVT-04258,2025-11-28 06:00:00,North,SS-004,Maintenance,Medium,256
EVT-02334,2025-11-28 06:00:00,South,SS-002,Outage,High,160
EVT-04623,2025-11-28 07:00:00,South,SS-001,Voltage Anomaly,Low,139
EVT-03100,2025-11-28 10:00:00,South,SS-003,Normal,Medium,204
EVT-00133,2025-11-28 14:00:00,North,SS-003,Outage,Low,5
EVT-01693,2025-11-28 16:00:00,South,SS-005,Overload,Medium,425
EVT-03845,2025-11-28 18:00:00,East,SS-010,Outage,Low,175
EVT-03858,2025-11-29 03:00:00,West,SS-001,Normal,Low,142
EVT-00811,2025-11-29 04:00:00,East,SS-003,Normal,Medium,458
EVT-00381,2025-11-29 04:00:00,East,SS-002,Normal,Low,194
EVT-03793,2025-11-29 08:00:00,Central,SS-006,Normal,Low,413
EVT-04242,2025-11-29 12:00:00,East,SS-001,Overload,High,23
EVT-02132,2025-11-29 14:00:00,Central,SS-008,Outage,High,214
EVT-04780,2025-11-29 21:00:00,Central,SS-001,Overload,High,250
EVT-02283,2025-11-29 23:00:00,West,SS-001,Normal,Medium,416
EVT-02052,2025-11-30 03:00:00,West,SS-005,Outage,Critical,279
EVT-01312,2025-11-30 13:00:00,Central,SS-006,Normal,Medium,264
EVT-01137,2025-11-30 14:00:00,North,SS-007,Equipment Fault,Low,281
EVT-02416,2025-11-30 18:00:00,North,SS-008,Equipment Fault,Low,5
EVT-04586,2025-11-30 21:00:00,Central,SS-004,Normal,High,457
EVT-02597,2025-12-01 09:00:00,East,SS-008,Overload,High,45
EVT-02608,2025-12-01 18:00:00,North,SS-003,Normal,Medium,455
EVT-00408,2025-12-02 04:00:00,Central,SS-004,Outage,Medium,229
EVT-00866,2025-12-02 05:00:00,North,SS-004,Equipment Fault,Low,426
EVT-02570,2025-12-02 06:00:00,South,SS-007,Maintenance,Critical,457
EVT-01736,2025-12-02 09:00:00,North,SS-002,Normal,Low,356
EVT-04447,2025-12-02 13:00:00,West,SS-002,Normal,Low,98
EVT-03839,2025-12-02 17:00:00,West,SS-004,Normal,Medium,321
EVT-02679,2025-12-02 18:00:00,East,SS-010,Normal,High,55
EVT-04008,2025-12-02 18:00:00,South,SS-005,Outage,Medium,262
EVT-04167,2025-12-02 20:00:00,West,SS-010,Maintenance,Medium,9
EVT-03528,2025-12-02 21:00:00,Central,SS-004,Overload,Medium,456
EVT-03000,2025-12-03 00:00:00,West,SS-003,Equipment Fault,Medium,118
EVT-00391,2025-12-03 05:00:00,Central,SS-003,Normal,Low,345
EVT-03152,2025-12-03 06:00:00,West,SS-007,Normal,Critical,94
EVT-04739,2025-12-03 06:00:00,East,SS-001,Voltage Anomaly,Low,75
EVT-03114,2025-12-03 06:00:00,South,SS-007,Normal,Low,158
EVT-03876,2025-12-03 08:00:00,East,SS-008,Normal,Medium,200
EVT-01722,2025-12-03 10:00:00,Central,SS-007,Maintenance,Low,151
EVT-00604,2025-12-03 16:00:00,South,SS-001,Voltage Anomaly,Low,304
EVT-02670,2025-12-03 17:00:00,South,SS-001,Normal,Low,349
EVT-00887,2025-12-03 19:00:00,South,SS-010,Normal,Low,73
EVT-00042,2025-12-04 13:00:00,South,SS-003,Overload,Low,230
EVT-04334,2025-12-04 13:00:00,Central,SS-002,Normal,Low,6
EVT-02066,2025-12-04 16:00:00,West,SS-001,Normal,Low,404
EVT-03790,2025-12-05 02:00:00,South,SS-007,Normal,Medium,242
EVT-00078,2025-12-05 05:00:00,Central,SS-007,Normal,Low,189
EVT-03744,2025-12-05 11:00:00,South,SS-001,Voltage Anomaly,Medium,226
EVT-00715,2025-12-05 17:00:00,North,SS-009,Normal,Medium,167
EVT-01609,2025-12-05 21:00:00,North,SS-006,Overload,Medium,277
EVT-00994,2025-12-06 01:00:00,West,SS-002,Normal,Critical,171
EVT-02398,2025-12-06 05:00:00,West,SS-010,Normal,Low,336
EVT-00621,2025-12-06 06:00:00,South,SS-001,Normal,Low,97
EVT-04481,2025-12-06 11:00:00,North,SS-009,Outage,Medium,356
EVT-03900,2025-12-06 16:00:00,Central,SS-006,Normal,High,208
EVT-01804,2025-12-06 19:00:00,West,SS-002,Overload,Low,64
EVT-01974,2025-12-06 20:00:00,Central,SS-009,Normal,Low,110
EVT-00532,2025-12-07 02:00:00,North,SS-003,Outage,Medium,153
EVT-03745,2025-12-07 10:00:00,North,SS-002,Normal,Medium,194
EVT-02423,2025-12-07 13:00:00,West,SS-004,Normal,High,74
EVT-04785,2025-12-07 17:00:00,South,SS-002,Overload,High,296
EVT-04980,2025-12-07 18:00:00,South,SS-009,Normal,Low,127
EVT-02984,2025-12-07 18:00:00,East,SS-007,Overload,High,95
EVT-01127,2025-12-07 19:00:00,South,SS-003,Outage,Medium,391
EVT-04333,2025-12-07 19:00:00,Central,SS-006,Equipment Fault,Low,436
EVT-03215,2025-12-07 20:00:00,South,SS-009,Normal,Low,435
EVT-02585,2025-12-08 01:00:00,East,SS-003,Normal,Low,82
EVT-02947,2025-12-08 09:00:00,West,SS-008,Overload,Medium,337
EVT-02823,2025-12-08 14:00:00,North,SS-003,Equipment Fault,Medium,118
EVT-02126,2025-12-08 19:00:00,South,SS-008,Normal,High,301
EVT-00642,2025-12-09 04:00:00,South,SS-010,Maintenance,Medium,37
EVT-03455,2025-12-09 09:00:00,East,SS-007,Normal,Low,238
EVT-04205,2025-12-09 09:00:00,South,SS-010,Voltage Anomaly,Low,326
EVT-00268,2025-12-09 10:00:00,East,SS-001,Normal,Low,106
EVT-02220,2025-12-09 20:00:00,East,SS-006,Normal,High,374
EVT-01918,2025-12-09 21:00:00,West,SS-003,Outage,Medium,73
EVT-02530,2025-12-10 02:00:00,North,SS-001,Overload,High,380
EVT-04973,2025-12-10 09:00:00,East,SS-008,Normal,Medium,271
EVT-00901,2025-12-10 11:00:00,Central,SS-005,Normal,Low,406
EVT-04102,2025-12-10 11:00:00,West,SS-006,Maintenance,Medium,29
EVT-01143,2025-12-10 13:00:00,West,SS-004,Voltage Anomaly,Low,176
EVT-03219,2025-12-10 13:00:00,East,SS-005,Overload,Medium,358
EVT-00559,2025-12-10 19:00:00,North,SS-010,Outage,Low,196
EVT-03866,2025-12-10 23:00:00,West,SS-005,Normal,Medium,118
EVT-03163,2025-12-11 01:00:00,North,SS-010,Normal,Low,388
EVT-02945,2025-12-11 03:00:00,West,SS-003,Outage,Medium,317
EVT-00045,2025-12-11 04:00:00,West,SS-001,Normal,High,439
EVT-03627,2025-12-11 14:00:00,South,SS-006,Voltage Anomaly,Critical,327
EVT-03213,2025-12-11 14:00:00,Central,SS-010,Normal,High,267
EVT-02873,2025-12-11 19:00:00,West,SS-003,Maintenance,Low,439
EVT-03607,2025-12-11 23:00:00,Central,SS-008,Normal,Medium,105
EVT-02656,2025-12-11 23:00:00,North,SS-008,Normal,High,183
EVT-03033,2025-12-12 02:00:00,West,SS-003,Voltage Anomaly,Low,285
EVT-04356,2025-12-12 02:00:00,Central,SS-007,Normal,Low,63
EVT-04026,2025-12-12 03:00:00,East,SS-006,Normal,Medium,64
EVT-00481,2025-12-12 04:00:00,East,SS-002,Overload,High,30
EVT-01650,2025-12-12 11:00:00,North,SS-001,Overload,High,230
EVT-02287,2025-12-12 12:00:00,South,SS-008,Maintenance,Medium,239
EVT-02100,2025-12-12 19:00:00,Central,SS-005,Overload,Medium,158
EVT-02027,2025-12-12 20:00:00,South,SS-004,Normal,Low,228
EVT-02364,2025-12-12 23:00:00,South,SS-009,Overload,Critical,472
EVT-02449,2025-12-13 05:00:00,West,SS-009,Overload,High,259
EVT-00800,2025-12-13 05:00:00,East,SS-008,Overload,Medium,18
EVT-02197,2025-12-13 10:00:00,North,SS-001,Normal,High,138
EVT-04089,2025-12-13 18:00:00,North,SS-002,Maintenance,High,86
EVT-01384,2025-12-13 18:00:00,South,SS-001,Maintenance,Medium,247
EVT-04981,2025-12-13 21:00:00,West,SS-004,Equipment Fault,Medium,119
EVT-00945,2025-12-14 02:00:00,Central,SS-006,Normal,Low,202
EVT-04164,2025-12-14 04:00:00,North,SS-005,Outage,Medium,103
EVT-01414,2025-12-14 08:00:00,South,SS-009,Equipment Fault,High,406
EVT-04630,2025-12-14 09:00:00,North,SS-009,Normal,High,461
EVT-02135,2025-12-14 18:00:00,Central,SS-004,Normal,Low,162
EVT-03525,2025-12-14 20:00:00,West,SS-001,Equipment Fault,Critical,96
EVT-03093,2025-12-15 02:00:00,South,SS-008,Normal,Medium,177
EVT-02759,2025-12-15 06:00:00,East,SS-009,Overload,Low,398
EVT-01897,2025-12-15 07:00:00,Central,SS-009,Normal,Medium,463
EVT-03409,2025-12-15 07:00:00,West,SS-006,Normal,High,371
EVT-03994,2025-12-15 08:00:00,East,SS-009,Overload,Medium,467
EVT-00255,2025-12-15 12:00:00,South,SS-001,Maintenance,Medium,139
EVT-03622,2025-12-15 14:00:00,North,SS-006,Overload,Low,318
EVT-03941,2025-12-15 14:00:00,North,SS-006,Overload,Medium,290
EVT-02683,2025-12-15 16:00:00,North,SS-001,Maintenance,Medium,308
EVT-04023,2025-12-15 19:00:00,South,SS-003,Normal,Low,257
EVT-03925,2025-12-15 19:00:00,East,SS-006,Outage,Medium,159
EVT-01500,2025-12-15 20:00:00,West,SS-002,Normal,High,96
EVT-02496,2025-12-16 03:00:00,North,SS-004,Voltage Anomaly,Medium,221
EVT-00254,2025-12-16 08:00:00,Central,SS-008,Maintenance,High,282
EVT-00315,2025-12-16 11:00:00,Central,SS-006,Overload,Low,216
EVT-01030,2025-12-16 13:00:00,West,SS-002,Equipment Fault,High,254
EVT-03211,2025-12-16 14:00:00,East,SS-004,Normal,Medium,218
EVT-00184,2025-12-16 17:00:00,Central,SS-005,Overload,High,274
EVT-04349,2025-12-16 19:00:00,East,SS-008,Voltage Anomaly,High,119
EVT-02300,2025-12-17 00:00:00,West,SS-006,Equipment Fault,Low,446
EVT-00197,2025-12-17 02:00:00,Central,SS-008,Overload,Medium,203
EVT-01206,2025-12-17 05:00:00,West,SS-004,Voltage Anomaly,High,160
EVT-00305,2025-12-17 08:00:00,Central,SS-008,Equipment Fault,Medium,472
EVT-04537,2025-12-17 12:00:00,East,SS-005,Overload,Medium,234
EVT-03272,2025-12-17 12:00:00,South,SS-003,Normal,Medium,198
EVT-02668,2025-12-17 17:00:00,North,SS-007,Equipment Fault,Low,129
EVT-01792,2025-12-17 19:00:00,West,SS-003,Normal,Low,116
EVT-01485,2025-12-18 12:00:00,Central,SS-008,Voltage Anomaly,Medium,465
EVT-02254,2025-12-18 18:00:00,East,SS-003,Overload,Low,433
EVT-04263,2025-12-18 20:00:00,Central,SS-008,Maintenance,High,272
EVT-02365,2025-12-19 00:00:00,East,SS-009,Voltage Anomaly,Medium,92
EVT-02976,2025-12-19 02:00:00,Central,SS-002,Normal,High,174
EVT-01238,2025-12-19 02:00:00,East,SS-007,Equipment Fault,Medium,188
EVT-03026,2025-12-19 03:00:00,South,SS-006,Outage,High,13
EVT-04142,2025-12-19 07:00:00,North,SS-005,Normal,High,29
EVT-04754,2025-12-19 13:00:00,West,SS-004,Overload,Medium,169
EVT-00343,2025-12-19 15:00:00,South,SS-006,Normal,Medium,264
EVT-00876,2025-12-20 00:00:00,South,SS-006,Normal,Medium,430
EVT-01040,2025-12-20 10:00:00,North,SS-001,Outage,Critical,307
EVT-04576,2025-12-20 12:00:00,Central,SS-005,Voltage Anomaly,Low,36
EVT-02089,2025-12-20 15:00:00,North,SS-006,Normal,Medium,202
EVT-00398,2025-12-20 20:00:00,East,SS-001,Normal,Medium,354
EVT-01972,2025-12-20 21:00:00,West,SS-010,Maintenance,Medium,127
EVT-04078,2025-12-21 04:00:00,West,SS-008,Voltage Anomaly,Medium,465
EVT-03278,2025-12-21 16:00:00,Central,SS-004,Voltage Anomaly,Medium,183
EVT-04939,2025-12-21 18:00:00,North,SS-002,Normal,Low,478
EVT-03159,2025-12-21 20:00:00,West,SS-007,Outage,Low,223
EVT-03040,2025-12-21 21:00:00,East,SS-003,Maintenance,Medium,442
EVT-01998,2025-12-22 03:00:00,South,SS-009,Voltage Anomaly,Medium,349
EVT-04041,2025-12-22 04:00:00,South,SS-002,Equipment Fault,High,81
EVT-01266,2025-12-22 05:00:00,South,SS-006,Normal,Low,302
EVT-02588,2025-12-22 05:00:00,South,SS-005,Overload,Low,34
EVT-01892,2025-12-22 06:00:00,East,SS-003,Normal,High,456
EVT-02403,2025-12-22 08:00:00,North,SS-005,Voltage Anomaly,Medium,121
EVT-03367,2025-12-22 10:00:00,East,SS-001,Normal,Medium,259
EVT-03898,2025-12-22 21:00:00,South,SS-004,Voltage Anomaly,Low,107
EVT-02396,2025-12-23 01:00:00,North,SS-005,Equipment Fault,High,221
EVT-03859,2025-12-23 04:00:00,North,SS-005,Normal,Medium,327
EVT-04303,2025-12-23 05:00:00,Central,SS-010,Voltage Anomaly,Medium,177
EVT-03823,2025-12-23 08:00:00,North,SS-008,Overload,Medium,464
EVT-04080,2025-12-23 11:00:00,Central,SS-009,Outage,High,157
EVT-01740,2025-12-23 17:00:00,West,SS-009,Equipment Fault,Low,300
EVT-03148,2025-12-24 03:00:00,Central,SS-008,Normal,Low,160
EVT-02445,2025-12-24 09:00:00,South,SS-001,Voltage Anomaly,Critical,223
EVT-01028,2025-12-24 13:00:00,North,SS-007,Equipment Fault,Critical,117
EVT-01993,2025-12-24 18:00:00,West,SS-010,Equipment Fault,Low,436
EVT-00237,2025-12-24 19:00:00,East,SS-006,Normal,Low,222
EVT-02663,2025-12-24 23:00:00,South,SS-003,Equipment Fault,Medium,309
EVT-02982,2025-12-25 23:00:00,East,SS-006,Overload,Low,463
EVT-03459,2025-12-25 23:00:00,South,SS-007,Normal,Low,374
EVT-04354,2025-12-26 00:00:00,Central,SS-006,Outage,Low,205
EVT-00275,2025-12-26 01:00:00,South,SS-006,Normal,High,252
EVT-03397,2025-12-26 05:00:00,Central,SS-001,Normal,Medium,442
EVT-03915,2025-12-26 16:00:00,Central,SS-005,Normal,Medium,357
EVT-02237,2025-12-26 21:00:00,East,SS-005,Normal,High,391
EVT-01102,2025-12-26 22:00:00,West,SS-005,Normal,High,390
EVT-03484,2025-12-27 01:00:00,South,SS-010,Voltage Anomaly,Low,108
EVT-02173,2025-12-27 05:00:00,South,SS-002,Normal,Medium,466
EVT-04222,2025-12-27 09:00:00,West,SS-004,Normal,High,48
EVT-04664,2025-12-27 14:00:00,West,SS-007,Outage,Medium,18
EVT-02354,2025-12-27 15:00:00,South,SS-009,Normal,Medium,259
EVT-04919,2025-12-27 19:00:00,Central,SS-009,Maintenance,Medium,224
EVT-01340,2025-12-27 19:00:00,Central,SS-009,Equipment Fault,Medium,79
EVT-00060,2025-12-27 21:00:00,East,SS-007,Equipment Fault,Medium,91
EVT-02003,2025-12-28 01:00:00,Central,SS-009,Normal,Low,118
EVT-03942,2025-12-28 02:00:00,Central,SS-004,Normal,Medium,459
EVT-02888,2025-12-28 03:00:00,South,SS-010,Normal,Medium,336
EVT-01753,2025-12-28 06:00:00,South,SS-009,Normal,Low,103
EVT-03703,2025-12-28 08:00:00,Central,SS-001,Normal,High,318
EVT-01603,2025-12-28 13:00:00,South,SS-004,Normal,Low,43
EVT-02547,2025-12-28 13:00:00,East,SS-010,Voltage Anomaly,High,386
EVT-01847,2025-12-28 17:00:00,Central,SS-003,Voltage Anomaly,High,99
EVT-01768,2025-12-28 17:00:00,East,SS-003,Normal,High,330
EVT-02487,2025-12-28 20:00:00,East,SS-004,Normal,Medium,334
EVT-00218,2025-12-29 02:00:00,South,SS-008,Normal,Low,124
EVT-00442,2025-12-29 03:00:00,South,SS-007,Overload,Medium,26
EVT-01408,2025-12-29 04:00:00,Central,SS-009,Normal,Medium,201
EVT-03336,2025-12-29 06:00:00,East,SS-002,Normal,High,134
EVT-00273,2025-12-29 06:00:00,South,SS-006,Normal,Medium,235
EVT-03302,2025-12-29 06:00:00,South,SS-002,Normal,Low,159
EVT-00015,2025-12-29 09:00:00,South,SS-002,Voltage Anomaly,Low,268
EVT-04971,2025-12-29 13:00:00,East,SS-009,Normal,High,185
EVT-00419,2025-12-29 14:00:00,West,SS-001,Normal,Low,389
EVT-00701,2025-12-29 16:00:00,Central,SS-004,Outage,Low,339
EVT-04962,2025-12-29 17:00:00,Central,SS-001,Normal,Low,342
EVT-02622,2025-12-29 20:00:00,East,SS-008,Normal,Low,463
EVT-03885,2025-12-29 23:00:00,East,SS-005,Normal,High,137
EVT-04695,2025-12-30 01:00:00,West,SS-006,Normal,Low,54
EVT-02685,2025-12-30 02:00:00,South,SS-006,Normal,Medium,478
EVT-04457,2025-12-30 08:00:00,Central,SS-009,Normal,Low,249
EVT-04907,2025-12-30 09:00:00,West,SS-007,Overload,Low,252
EVT-04110,2025-12-30 11:00:00,East,SS-003,Normal,Medium,477
EVT-01662,2025-12-30 13:00:00,East,SS-001,Maintenance,Medium,290
EVT-03187,2025-12-31 00:00:00,North,SS-009,Normal,Low,181
EVT-00536,2025-12-31 02:00:00,North,SS-008,Maintenance,Low,380
EVT-01073,2025-12-31 03:00:00,South,SS-005,Outage,Critical,334
EVT-00334,2025-12-31 06:00:00,Central,SS-003,Maintenance,Medium,460
EVT-02430,2025-12-31 08:00:00,East,SS-009,Normal,Medium,424
EVT-01834,2025-12-31 08:00:00,South,SS-003,Equipment Fault,High,430
EVT-01356,2025-12-31 13:00:00,West,SS-006,Normal,Low,435
EVT-02006,2025-12-31 21:00:00,East,SS-006,Overload,High,412
